name,index,year,D,S
Edirne,SPI12,1966,1,0.026
Edirne,SPI12,1966,2,0.0
Edirne,SPI12,1966,3,0.0
Edirne,SPI12,1966,4,0.0
Edirne,SPI12,1966,5,0.0
Edirne,SPI12,1966,6,0.0
Edirne,SPI12,1966,7,0.0
Edirne,SPI12,1966,8,0.0
Edirne,SPI12,1966,9,0.0
Edirne,SPI12,1966,10,0.0
Edirne,SPI12,1966,11,0.0
Edirne,SPI12,1966,12,0.0
Edirne,SPI12,1967,1,0.385
Edirne,SPI12,1967,2,0.0
Edirne,SPI12,1967,3,0.0
Edirne,SPI12,1967,4,0.0
Edirne,SPI12,1967,5,0.0
Edirne,SPI12,1967,6,0.0
Edirne,SPI12,1967,7,0.0
Edirne,SPI12,1967,8,0.0
Edirne,SPI12,1967,9,0.0
Edirne,SPI12,1967,10,0.0
Edirne,SPI12,1967,11,0.0
Edirne,SPI12,1967,12,0.0
Edirne,SPI12,1968,1,1.382
Edirne,SPI12,1968,2,2.418
Edirne,SPI12,1968,3,3.251
Edirne,SPI12,1968,4,4.007
Edirne,SPI12,1968,5,5.02
Edirne,SPI12,1968,6,5.798
Edirne,SPI12,1968,7,6.52
Edirne,SPI12,1968,8,7.011
Edirne,SPI12,1968,9,7.345
Edirne,SPI12,1968,10,7.374
Edirne,SPI12,1968,11,0.0
Edirne,SPI12,1968,12,0.0
Edirne,SPI12,1969,1,0.997
Edirne,SPI12,1969,2,1.488
Edirne,SPI12,1969,3,2.266
Edirne,SPI12,1969,4,3.279
Edirne,SPI12,1969,5,4.035
Edirne,SPI12,1969,6,4.868
Edirne,SPI12,1969,7,6.25
Edirne,SPI12,1969,8,7.286
Edirne,SPI12,1969,9,8.008
Edirne,SPI12,1969,10,8.412
Edirne,SPI12,1969,11,8.746
Edirne,SPI12,1969,12,8.898
Edirne,SPI12,1970,1,0.398
Edirne,SPI12,1970,2,0.603
Edirne,SPI12,1970,3,0.758
Edirne,SPI12,1970,4,0.0
Edirne,SPI12,1970,5,0.0
Edirne,SPI12,1970,6,0.0
Edirne,SPI12,1970,7,0.0
Edirne,SPI12,1970,8,0.0
Edirne,SPI12,1970,9,0.0
Edirne,SPI12,1970,10,0.0
Edirne,SPI12,1970,11,0.0
Edirne,SPI12,1970,12,0.0
Edirne,SPI12,1971,1,0.123
Edirne,SPI12,1971,2,0.0
Edirne,SPI12,1971,3,0.0
Edirne,SPI12,1971,4,0.0
Edirne,SPI12,1971,5,0.0
Edirne,SPI12,1971,6,0.0
Edirne,SPI12,1971,7,0.0
Edirne,SPI12,1971,8,0.0
Edirne,SPI12,1971,9,0.0
Edirne,SPI12,1971,10,0.0
Edirne,SPI12,1971,11,0.0
Edirne,SPI12,1971,12,0.0
Edirne,SPI12,1972,1,1.181
Edirne,SPI12,1972,2,2.027
Edirne,SPI12,1972,3,2.614
Edirne,SPI12,1972,4,3.333
Edirne,SPI12,1972,5,3.38
Edirne,SPI12,1972,6,3.63
Edirne,SPI12,1972,7,3.677
Edirne,SPI12,1972,8,0.0
Edirne,SPI12,1972,9,0.0
Edirne,SPI12,1972,10,0.0
Edirne,SPI12,1972,11,0.0
Edirne,SPI12,1972,12,0.0
Edirne,SPI12,1973,1,0.71
Edirne,SPI12,1973,2,1.409
Edirne,SPI12,1973,3,1.699
Edirne,SPI12,1973,4,0.0
Edirne,SPI12,1973,5,0.0
Edirne,SPI12,1973,6,0.0
Edirne,SPI12,1973,7,0.0
Edirne,SPI12,1973,8,0.0
Edirne,SPI12,1973,9,0.0
Edirne,SPI12,1973,10,0.0
Edirne,SPI12,1973,11,0.0
Edirne,SPI12,1973,12,0.0
Edirne,SPI12,1974,1,1.762
Edirne,SPI12,1974,2,3.227
Edirne,SPI12,1974,3,4.472
Edirne,SPI12,1974,4,5.623
Edirne,SPI12,1974,5,6.783
Edirne,SPI12,1974,6,7.967
Edirne,SPI12,1974,7,9.082
Edirne,SPI12,1974,8,10.12
Edirne,SPI12,1974,9,11.195
Edirne,SPI12,1974,10,12.136
Edirne,SPI12,1974,11,12.526
Edirne,SPI12,1974,12,13.152
Edirne,SPI12,1975,1,0.73
Edirne,SPI12,1975,2,1.333
Edirne,SPI12,1975,3,1.674
Edirne,SPI12,1975,4,2.432
Edirne,SPI12,1975,5,3.47
Edirne,SPI12,1975,6,4.585
Edirne,SPI12,1975,7,5.769
Edirne,SPI12,1975,8,6.929
Edirne,SPI12,1975,9,8.08
Edirne,SPI12,1975,10,9.842
Edirne,SPI12,1975,11,11.307
Edirne,SPI12,1975,12,12.552
Edirne,SPI12,1976,1,1.521
Edirne,SPI12,1976,2,2.994
Edirne,SPI12,1976,3,4.331
Edirne,SPI12,1976,4,5.281
Edirne,SPI12,1976,5,6.273
Edirne,SPI12,1976,6,6.648
Edirne,SPI12,1976,7,7.139
Edirne,SPI12,1976,8,0.0
Edirne,SPI12,1976,9,0.0
Edirne,SPI12,1976,10,0.0
Edirne,SPI12,1976,11,0.0
Edirne,SPI12,1976,12,0.0
Edirne,SPI12,1977,1,1.136
Edirne,SPI12,1977,2,2.473
Edirne,SPI12,1977,3,3.994
Edirne,SPI12,1977,4,5.467
Edirne,SPI12,1977,5,6.417
Edirne,SPI12,1977,6,7.409
Edirne,SPI12,1977,7,7.937
Edirne,SPI12,1977,8,8.312
Edirne,SPI12,1977,9,8.803
Edirne,SPI12,1977,10,9.151
Edirne,SPI12,1977,11,9.266
Edirne,SPI12,1977,12,9.403
Edirne,SPI12,1978,1,0.48
Edirne,SPI12,1978,2,0.909
Edirne,SPI12,1978,3,1.14
Edirne,SPI12,1978,4,1.279
Edirne,SPI12,1978,5,1.527
Edirne,SPI12,1978,6,1.886
Edirne,SPI12,1978,7,2.025
Edirne,SPI12,1978,8,0.0
Edirne,SPI12,1978,9,0.0
Edirne,SPI12,1978,10,0.0
Edirne,SPI12,1978,11,0.0
Edirne,SPI12,1978,12,0.0
Edirne,SPI12,1979,1,1.059
Edirne,SPI12,1979,2,1.633
Edirne,SPI12,1979,3,1.84
Edirne,SPI12,1979,4,2.121
Edirne,SPI12,1979,5,2.699
Edirne,SPI12,1979,6,3.273
Edirne,SPI12,1979,7,3.703
Edirne,SPI12,1979,8,3.858
Edirne,SPI12,1979,9,0.0
Edirne,SPI12,1979,10,0.0
Edirne,SPI12,1979,11,0.0
Edirne,SPI12,1979,12,0.0
Edirne,SPI12,1980,1,0.082
Edirne,SPI12,1980,2,0.0
Edirne,SPI12,1980,3,0.0
Edirne,SPI12,1980,4,0.0
Edirne,SPI12,1980,5,0.0
Edirne,SPI12,1980,6,0.0
Edirne,SPI12,1980,7,0.0
Edirne,SPI12,1980,8,0.0
Edirne,SPI12,1980,9,0.0
Edirne,SPI12,1980,10,0.0
Edirne,SPI12,1980,11,0.0
Edirne,SPI12,1980,12,0.0
Edirne,SPI12,1981,1,0.0
Edirne,SPI12,1981,2,0.0
Edirne,SPI12,1981,3,0.0
Edirne,SPI12,1981,4,0.0
Edirne,SPI12,1981,5,0.0
Edirne,SPI12,1981,6,0.0
Edirne,SPI12,1981,7,0.0
Edirne,SPI12,1981,8,0.0
Edirne,SPI12,1981,9,0.0
Edirne,SPI12,1981,10,0.0
Edirne,SPI12,1981,11,0.0
Edirne,SPI12,1981,12,0.0
Edirne,SPI12,1982,1,0.801
Edirne,SPI12,1982,2,1.451
Edirne,SPI12,1982,3,2.107
Edirne,SPI12,1982,4,2.137
Edirne,SPI12,1982,5,2.281
Edirne,SPI12,1982,6,2.31
Edirne,SPI12,1982,7,2.42
Edirne,SPI12,1982,8,2.521
Edirne,SPI12,1982,9,2.681
Edirne,SPI12,1982,10,2.907
Edirne,SPI12,1982,11,3.436
Edirne,SPI12,1982,12,3.925
Edirne,SPI12,1983,1,2.091
Edirne,SPI12,1983,2,4.065
Edirne,SPI12,1983,3,5.357
Edirne,SPI12,1983,4,6.406
Edirne,SPI12,1983,5,7.34
Edirne,SPI12,1983,6,8.24
Edirne,SPI12,1983,7,9.074
Edirne,SPI12,1983,8,9.76
Edirne,SPI12,1983,9,10.249
Edirne,SPI12,1983,10,10.778
Edirne,SPI12,1983,11,11.004
Edirne,SPI12,1983,12,11.213
Edirne,SPI12,1984,1,0.253
Edirne,SPI12,1984,2,1.098
Edirne,SPI12,1984,3,1.435
Edirne,SPI12,1984,4,1.652
Edirne,SPI12,1984,5,1.706
Edirne,SPI12,1984,6,2.606
Edirne,SPI12,1984,7,3.54
Edirne,SPI12,1984,8,4.589
Edirne,SPI12,1984,9,6.68
Edirne,SPI12,1984,10,8.654
Edirne,SPI12,1984,11,9.946
Edirne,SPI12,1984,12,10.78
Edirne,SPI12,1985,1,1.125
Edirne,SPI12,1985,2,2.093
Edirne,SPI12,1985,3,2.807
Edirne,SPI12,1985,4,3.642
Edirne,SPI12,1985,5,4.498
Edirne,SPI12,1985,6,5.323
Edirne,SPI12,1985,7,5.828
Edirne,SPI12,1985,8,6.628
Edirne,SPI12,1985,9,7.008
Edirne,SPI12,1985,10,7.328
Edirne,SPI12,1985,11,0.0
Edirne,SPI12,1985,12,0.0
Edirne,SPI12,1986,1,1.365
Edirne,SPI12,1986,2,2.636
Edirne,SPI12,1986,3,3.769
Edirne,SPI12,1986,4,4.997
Edirne,SPI12,1986,5,6.007
Edirne,SPI12,1986,6,7.234
Edirne,SPI12,1986,7,8.368
Edirne,SPI12,1986,8,9.316
Edirne,SPI12,1986,9,10.355
Edirne,SPI12,1986,10,11.086
Edirne,SPI12,1986,11,11.799
Edirne,SPI12,1986,12,12.796
Edirne,SPI12,1987,1,2.13
Edirne,SPI12,1987,2,3.992
Edirne,SPI12,1987,3,5.319
Edirne,SPI12,1987,4,6.453
Edirne,SPI12,1987,5,7.777
Edirne,SPI12,1987,6,8.895
Edirne,SPI12,1987,7,10.071
Edirne,SPI12,1987,8,11.326
Edirne,SPI12,1987,9,12.459
Edirne,SPI12,1987,10,13.687
Edirne,SPI12,1987,11,14.805
Edirne,SPI12,1987,12,15.981
Edirne,SPI12,1988,1,0.893
Edirne,SPI12,1988,2,1.18
Edirne,SPI12,1988,3,1.679
Edirne,SPI12,1988,4,1.875
Edirne,SPI12,1988,5,2.292
Edirne,SPI12,1988,6,2.488
Edirne,SPI12,1988,7,2.659
Edirne,SPI12,1988,8,2.676
Edirne,SPI12,1988,9,2.709
Edirne,SPI12,1988,10,0.0
Edirne,SPI12,1988,11,0.0
Edirne,SPI12,1988,12,0.0
Edirne,SPI12,1989,1,1.235
Edirne,SPI12,1989,2,2.306
Edirne,SPI12,1989,3,3.508
Edirne,SPI12,1989,4,4.542
Edirne,SPI12,1989,5,5.435
Edirne,SPI12,1989,6,6.284
Edirne,SPI12,1989,7,6.75
Edirne,SPI12,1989,8,7.209
Edirne,SPI12,1989,9,7.536
Edirne,SPI12,1989,10,7.995
Edirne,SPI12,1989,11,8.256
Edirne,SPI12,1989,12,8.667
Edirne,SPI12,1990,1,1.511
Edirne,SPI12,1990,2,2.883
Edirne,SPI12,1990,3,4.392
Edirne,SPI12,1990,4,5.626
Edirne,SPI12,1990,5,6.707
Edirne,SPI12,1990,6,7.897
Edirne,SPI12,1990,7,9.131
Edirne,SPI12,1990,8,9.927
Edirne,SPI12,1990,9,10.909
Edirne,SPI12,1990,10,11.6
Edirne,SPI12,1990,11,12.006
Edirne,SPI12,1990,12,12.489
Edirne,SPI12,1991,1,0.712
Edirne,SPI12,1991,2,1.352
Edirne,SPI12,1991,3,2.334
Edirne,SPI12,1991,4,3.13
Edirne,SPI12,1991,5,4.364
Edirne,SPI12,1991,6,5.875
Edirne,SPI12,1991,7,7.247
Edirne,SPI12,1991,8,8.756
Edirne,SPI12,1991,9,9.837
Edirne,SPI12,1991,10,10.871
Edirne,SPI12,1991,11,12.261
Edirne,SPI12,1991,12,12.667
Edirne,SPI12,1992,1,1.085
Edirne,SPI12,1992,2,1.856
Edirne,SPI12,1992,3,2.61
Edirne,SPI12,1992,4,3.455
Edirne,SPI12,1992,5,4.289
Edirne,SPI12,1992,6,5.001
Edirne,SPI12,1992,7,5.261
Edirne,SPI12,1992,8,5.493
Edirne,SPI12,1992,9,5.845
Edirne,SPI12,1992,10,6.51
Edirne,SPI12,1992,11,7.305
Edirne,SPI12,1992,12,8.139
Edirne,SPI12,1993,1,0.933
Edirne,SPI12,1993,2,1.734
Edirne,SPI12,1993,3,2.48
Edirne,SPI12,1993,4,3.414
Edirne,SPI12,1993,5,4.137
Edirne,SPI12,1993,6,4.87
Edirne,SPI12,1993,7,5.758
Edirne,SPI12,1993,8,6.218
Edirne,SPI12,1993,9,6.905
Edirne,SPI12,1993,10,7.691
Edirne,SPI12,1993,11,8.277
Edirne,SPI12,1993,12,8.94
Edirne,SPI12,1994,1,1.605
Edirne,SPI12,1994,2,3.141
Edirne,SPI12,1994,3,4.488
Edirne,SPI12,1994,4,6.06
Edirne,SPI12,1994,5,7.211
Edirne,SPI12,1994,6,8.135
Edirne,SPI12,1994,7,9.089
Edirne,SPI12,1994,8,9.693
Edirne,SPI12,1994,9,10.377
Edirne,SPI12,1994,10,11.069
Edirne,SPI12,1994,11,11.72
Edirne,SPI12,1994,12,12.428
Edirne,SPI12,1995,1,0.0
Edirne,SPI12,1995,2,0.0
Edirne,SPI12,1995,3,0.0
Edirne,SPI12,1995,4,0.0
Edirne,SPI12,1995,5,0.0
Edirne,SPI12,1995,6,0.0
Edirne,SPI12,1995,7,0.0
Edirne,SPI12,1995,8,0.0
Edirne,SPI12,1995,9,0.0
Edirne,SPI12,1995,10,0.0
Edirne,SPI12,1995,11,0.0
Edirne,SPI12,1995,12,0.0
Edirne,SPI12,1996,1,0.308
Edirne,SPI12,1996,2,0.385
Edirne,SPI12,1996,3,0.0
Edirne,SPI12,1996,4,0.0
Edirne,SPI12,1996,5,0.0
Edirne,SPI12,1996,6,0.0
Edirne,SPI12,1996,7,0.0
Edirne,SPI12,1996,8,0.0
Edirne,SPI12,1996,9,0.0
Edirne,SPI12,1996,10,0.0
Edirne,SPI12,1996,11,0.0
Edirne,SPI12,1996,12,0.0
Edirne,SPI12,1997,1,0.412
Edirne,SPI12,1997,2,0.804
Edirne,SPI12,1997,3,1.131
Edirne,SPI12,1997,4,1.453
Edirne,SPI12,1997,5,1.655
Edirne,SPI12,1997,6,0.0
Edirne,SPI12,1997,7,0.0
Edirne,SPI12,1997,8,0.0
Edirne,SPI12,1997,9,0.0
Edirne,SPI12,1997,10,0.0
Edirne,SPI12,1997,11,0.0
Edirne,SPI12,1997,12,0.0
Edirne,SPI12,1998,1,0.0
Edirne,SPI12,1998,2,0.0
Edirne,SPI12,1998,3,0.0
Edirne,SPI12,1998,4,0.0
Edirne,SPI12,1998,5,0.0
Edirne,SPI12,1998,6,0.0
Edirne,SPI12,1998,7,0.0
Edirne,SPI12,1998,8,0.0
Edirne,SPI12,1998,9,0.0
Edirne,SPI12,1998,10,0.0
Edirne,SPI12,1998,11,0.0
Edirne,SPI12,1998,12,0.0
Edirne,SPI12,1999,1,0.0
Edirne,SPI12,1999,2,0.0
Edirne,SPI12,1999,3,0.0
Edirne,SPI12,1999,4,0.0
Edirne,SPI12,1999,5,0.0
Edirne,SPI12,1999,6,0.0
Edirne,SPI12,1999,7,0.0
Edirne,SPI12,1999,8,0.0
Edirne,SPI12,1999,9,0.0
Edirne,SPI12,1999,10,0.0
Edirne,SPI12,1999,11,0.0
Edirne,SPI12,1999,12,0.0
Edirne,SPI12,2000,1,1.811
Edirne,SPI12,2000,2,3.366
Edirne,SPI12,2000,3,4.861
Edirne,SPI12,2000,4,6.107
Edirne,SPI12,2000,5,7.093
Edirne,SPI12,2000,6,8.544
Edirne,SPI12,2000,7,9.148
Edirne,SPI12,2000,8,9.572
Edirne,SPI12,2000,9,9.79
Edirne,SPI12,2000,10,10.25
Edirne,SPI12,2000,11,10.418
Edirne,SPI12,2000,12,0.0
Edirne,SPI12,2001,1,1.803
Edirne,SPI12,2001,2,3.439
Edirne,SPI12,2001,3,4.892
Edirne,SPI12,2001,4,6.508
Edirne,SPI12,2001,5,8.079
Edirne,SPI12,2001,6,9.763
Edirne,SPI12,2001,7,11.396
Edirne,SPI12,2001,8,12.796
Edirne,SPI12,2001,9,14.163
Edirne,SPI12,2001,10,15.445
Edirne,SPI12,2001,11,16.825
Edirne,SPI12,2001,12,18.276
Edirne,SPI12,2002,1,1.247
Edirne,SPI12,2002,2,2.425
Edirne,SPI12,2002,3,3.873
Edirne,SPI12,2002,4,5.676
Edirne,SPI12,2002,5,7.132
Edirne,SPI12,2002,6,8.748
Edirne,SPI12,2002,7,10.197
Edirne,SPI12,2002,8,11.952
Edirne,SPI12,2002,9,13.636
Edirne,SPI12,2002,10,15.036
Edirne,SPI12,2002,11,16.403
Edirne,SPI12,2002,12,17.685
Edirne,SPI12,2003,1,0.132
Edirne,SPI12,2003,2,0.226
Edirne,SPI12,2003,3,0.0
Edirne,SPI12,2003,4,0.0
Edirne,SPI12,2003,5,0.0
Edirne,SPI12,2003,6,0.0
Edirne,SPI12,2003,7,0.0
Edirne,SPI12,2003,8,0.0
Edirne,SPI12,2003,9,0.0
Edirne,SPI12,2003,10,0.0
Edirne,SPI12,2003,11,0.0
Edirne,SPI12,2003,12,0.0
Edirne,SPI12,2004,1,1.683
Edirne,SPI12,2004,2,3.033
Edirne,SPI12,2004,3,3.965
Edirne,SPI12,2004,4,4.678
Edirne,SPI12,2004,5,5.169
Edirne,SPI12,2004,6,5.776
Edirne,SPI12,2004,7,6.654
Edirne,SPI12,2004,8,7.738
Edirne,SPI12,2004,9,8.67
Edirne,SPI12,2004,10,9.402
Edirne,SPI12,2004,11,10.313
Edirne,SPI12,2004,12,11.034
Edirne,SPI12,2005,1,0.771
Edirne,SPI12,2005,2,1.703
Edirne,SPI12,2005,3,3.053
Edirne,SPI12,2005,4,4.736
Edirne,SPI12,2005,5,5.449
Edirne,SPI12,2005,6,5.94
Edirne,SPI12,2005,7,6.547
Edirne,SPI12,2005,8,7.071
Edirne,SPI12,2005,9,8.357
Edirne,SPI12,2005,10,9.441
Edirne,SPI12,2005,11,10.173
Edirne,SPI12,2005,12,11.084
Edirne,SPI12,2006,1,0.0
Edirne,SPI12,2006,2,0.0
Edirne,SPI12,2006,3,0.0
Edirne,SPI12,2006,4,0.0
Edirne,SPI12,2006,5,0.0
Edirne,SPI12,2006,6,0.0
Edirne,SPI12,2006,7,0.0
Edirne,SPI12,2006,8,0.0
Edirne,SPI12,2006,9,0.0
Edirne,SPI12,2006,10,0.0
Edirne,SPI12,2006,11,0.0
Edirne,SPI12,2006,12,0.0
Edirne,SPI12,2007,1,0.954
Edirne,SPI12,2007,2,1.759
Edirne,SPI12,2007,3,2.203
Edirne,SPI12,2007,4,2.405
Edirne,SPI12,2007,5,0.0
Edirne,SPI12,2007,6,0.0
Edirne,SPI12,2007,7,0.0
Edirne,SPI12,2007,8,0.0
Edirne,SPI12,2007,9,0.0
Edirne,SPI12,2007,10,0.0
Edirne,SPI12,2007,11,0.0
Edirne,SPI12,2007,12,0.0
Edirne,SPI12,2008,1,1.776
Edirne,SPI12,2008,2,2.945
Edirne,SPI12,2008,3,3.195
Edirne,SPI12,2008,4,3.252
Edirne,SPI12,2008,5,3.499
Edirne,SPI12,2008,6,3.751
Edirne,SPI12,2008,7,4.283
Edirne,SPI12,2008,8,5.106
Edirne,SPI12,2008,9,5.205
Edirne,SPI12,2008,10,5.527
Edirne,SPI12,2008,11,5.771
Edirne,SPI12,2008,12,5.782
Edirne,SPI12,2009,1,1.34
Edirne,SPI12,2009,2,3.116
Edirne,SPI12,2009,3,4.285
Edirne,SPI12,2009,4,4.815
Edirne,SPI12,2009,5,5.194
Edirne,SPI12,2009,6,5.816
Edirne,SPI12,2009,7,6.408
Edirne,SPI12,2009,8,7.223
Edirne,SPI12,2009,9,7.557
Edirne,SPI12,2009,10,7.807
Edirne,SPI12,2009,11,8.057
Edirne,SPI12,2009,12,8.301
Edirne,SPI12,2010,1,0.0
Edirne,SPI12,2010,2,0.0
Edirne,SPI12,2010,3,0.0
Edirne,SPI12,2010,4,0.0
Edirne,SPI12,2010,5,0.0
Edirne,SPI12,2010,6,0.0
Edirne,SPI12,2010,7,0.0
Edirne,SPI12,2010,8,0.0
Edirne,SPI12,2010,9,0.0
Edirne,SPI12,2010,10,0.0
Edirne,SPI12,2010,11,0.0
Edirne,SPI12,2010,12,0.0
Edirne,SPI12,2011,1,0.881
Edirne,SPI12,2011,2,1.663
Edirne,SPI12,2011,3,2.477
Edirne,SPI12,2011,4,2.871
Edirne,SPI12,2011,5,3.539
Edirne,SPI12,2011,6,4.085
Edirne,SPI12,2011,7,4.391
Edirne,SPI12,2011,8,4.657
Edirne,SPI12,2011,9,4.971
Edirne,SPI12,2011,10,5.425
Edirne,SPI12,2011,11,0.0
Edirne,SPI12,2011,12,0.0
Edirne,SPI12,2012,1,0.974
Edirne,SPI12,2012,2,1.733
Edirne,SPI12,2012,3,1.918
Edirne,SPI12,2012,4,1.991
Edirne,SPI12,2012,5,2.624
Edirne,SPI12,2012,6,3.406
Edirne,SPI12,2012,7,4.22
Edirne,SPI12,2012,8,4.526
Edirne,SPI12,2012,9,4.792
Edirne,SPI12,2012,10,5.106
Edirne,SPI12,2012,11,5.56
Edirne,SPI12,2012,12,0.0
Edirne,SPI12,2013,1,0.0
Edirne,SPI12,2013,2,0.0
Edirne,SPI12,2013,3,0.0
Edirne,SPI12,2013,4,0.0
Edirne,SPI12,2013,5,0.0
Edirne,SPI12,2013,6,0.0
Edirne,SPI12,2013,7,0.0
Edirne,SPI12,2013,8,0.0
Edirne,SPI12,2013,9,0.0
Edirne,SPI12,2013,10,0.0
Edirne,SPI12,2013,11,0.0
Edirne,SPI12,2013,12,0.0
Edirne,SPI12,2014,1,0.827
Edirne,SPI12,2014,2,1.168
Edirne,SPI12,2014,3,1.399
Edirne,SPI12,2014,4,1.453
Edirne,SPI12,2014,5,0.0
Edirne,SPI12,2014,6,0.0
Edirne,SPI12,2014,7,0.0
Edirne,SPI12,2014,8,0.0
Edirne,SPI12,2014,9,0.0
Edirne,SPI12,2014,10,0.0
Edirne,SPI12,2014,11,0.0
Edirne,SPI12,2014,12,0.0
Edirne,SPI12,2015,1,0.0
Edirne,SPI12,2015,2,0.0
Edirne,SPI12,2015,3,0.0
Edirne,SPI12,2015,4,0.0
Edirne,SPI12,2015,5,0.0
Edirne,SPI12,2015,6,0.0
Edirne,SPI12,2015,7,0.0
Edirne,SPI12,2015,8,0.0
Edirne,SPI12,2015,9,0.0
Edirne,SPI12,2015,10,0.0
Edirne,SPI12,2015,11,0.0
Edirne,SPI12,2015,12,0.0
Edirne,SPI12,2016,1,0.311
Edirne,SPI12,2016,2,0.604
Edirne,SPI12,2016,3,0.901
Edirne,SPI12,2016,4,0.0
Edirne,SPI12,2016,5,0.0
Edirne,SPI12,2016,6,0.0
Edirne,SPI12,2016,7,0.0
Edirne,SPI12,2016,8,0.0
Edirne,SPI12,2016,9,0.0
Edirne,SPI12,2016,10,0.0
Edirne,SPI12,2016,11,0.0
Edirne,SPI12,2016,12,0.0
Edirne,SPI12,2017,1,1.772
Edirne,SPI12,2017,2,3.491
Edirne,SPI12,2017,3,4.71
Edirne,SPI12,2017,4,5.991
Edirne,SPI12,2017,5,7.06
Edirne,SPI12,2017,6,7.977
Edirne,SPI12,2017,7,8.55
Edirne,SPI12,2017,8,9.02
Edirne,SPI12,2017,9,9.448
Edirne,SPI12,2017,10,9.759
Edirne,SPI12,2017,11,10.052
Edirne,SPI12,2017,12,10.349
Edirne,SPI12,2018,1,0.0
Edirne,SPI12,2018,2,0.0
Edirne,SPI12,2018,3,0.0
Edirne,SPI12,2018,4,0.0
Edirne,SPI12,2018,5,0.0
Edirne,SPI12,2018,6,0.0
Edirne,SPI12,2018,7,0.0
Edirne,SPI12,2018,8,0.0
Edirne,SPI12,2018,9,0.0
Edirne,SPI12,2018,10,0.0
Edirne,SPI12,2018,11,0.0
Edirne,SPI12,2018,12,0.0
Edirne,SPI12,2019,1,1.501
Edirne,SPI12,2019,2,2.744
Edirne,SPI12,2019,3,3.003
Edirne,SPI12,2019,4,3.129
Edirne,SPI12,2019,5,3.238
Edirne,SPI12,2019,6,3.644
Edirne,SPI12,2019,7,3.831
Edirne,SPI12,2019,8,0.0
Edirne,SPI12,2019,9,0.0
Edirne,SPI12,2019,10,0.0
Edirne,SPI12,2019,11,0.0
Edirne,SPI12,2019,12,0.0
Edirne,SPI12,2020,1,2.178
Edirne,SPI12,2020,2,4.093
Edirne,SPI12,2020,3,5.646
Edirne,SPI12,2020,4,7.147
Edirne,SPI12,2020,5,8.39
Edirne,SPI12,2020,6,9.578
Edirne,SPI12,2020,7,10.486
Edirne,SPI12,2020,8,11.328
Edirne,SPI12,2020,9,12.933
Edirne,SPI12,2020,10,14.434
Edirne,SPI12,2020,11,15.742
Edirne,SPI12,2020,12,17.243
Edirne,SPI12,2021,1,0.0
Edirne,SPI12,2021,2,0.0
Edirne,SPI12,2021,3,0.0
Edirne,SPI12,2021,4,0.0
Edirne,SPI12,2021,5,0.0
Edirne,SPI12,2021,6,0.0
Edirne,SPI12,2021,7,0.0
Edirne,SPI12,2021,8,0.0
Edirne,SPI12,2021,9,0.0
Edirne,SPI12,2021,10,0.0
Edirne,SPI12,2021,11,0.0
Edirne,SPI12,2021,12,0.0
Edirne,SPI12,2022,1,1.164
Edirne,SPI12,2022,2,1.324
Edirne,SPI12,2022,3,1.794
Edirne,SPI12,2022,4,1.489
Edirne,SPI12,2022,5,1.612
Edirne,SPI12,2022,6,1.634
Edirne,SPI12,2022,7,0.0
Edirne,SPI12,2022,8,0.0
Edirne,SPI12,2022,9,0.0
Edirne,SPI12,2022,10,0.0
Edirne,SPI12,2022,11,0.0
Edirne,SPI12,2022,12,0.0
Edirne,SPI12,2023,1,1.581
Edirne,SPI12,2023,2,2.764
Edirne,SPI12,2023,3,3.685
Edirne,SPI12,2023,4,4.849
Edirne,SPI12,2023,5,5.522
Edirne,SPI12,2023,6,5.898
Edirne,SPI12,2023,7,6.328
Edirne,SPI12,2023,8,6.648
Edirne,SPI12,2023,9,7.469
Edirne,SPI12,2023,10,8.471
Edirne,SPI12,2023,11,9.554
Edirne,SPI12,2023,12,10.14
Edirne,SPI12,2024,1,1.757
Edirne,SPI12,2024,2,3.212
Edirne,SPI12,2024,3,4.3
Edirne,SPI12,2024,4,5.341
Edirne,SPI12,2024,5,6.736
Edirne,SPI12,2024,6,8.008
Edirne,SPI12,2024,7,9.463
Edirne,SPI12,2024,8,10.629
Edirne,SPI12,2024,9,11.601
Edirne,SPI12,2024,10,12.025
Edirne,SPI12,2024,11,12.486
Edirne,SPI12,2024,12,13.12
Edirne,SPEI12,1966,1,0.0
Edirne,SPEI12,1966,2,0.0
Edirne,SPEI12,1966,3,0.0
Edirne,SPEI12,1966,4,0.0
Edirne,SPEI12,1966,5,0.0
Edirne,SPEI12,1966,6,0.0
Edirne,SPEI12,1966,7,0.0
Edirne,SPEI12,1966,8,0.0
Edirne,SPEI12,1966,9,0.0
Edirne,SPEI12,1966,10,0.0
Edirne,SPEI12,1966,11,0.0
Edirne,SPEI12,1966,12,0.0
Edirne,SPEI12,1967,1,0.075
Edirne,SPEI12,1967,2,0.0
Edirne,SPEI12,1967,3,0.0
Edirne,SPEI12,1967,4,0.0
Edirne,SPEI12,1967,5,0.0
Edirne,SPEI12,1967,6,0.0
Edirne,SPEI12,1967,7,0.0
Edirne,SPEI12,1967,8,0.0
Edirne,SPEI12,1967,9,0.0
Edirne,SPEI12,1967,10,0.0
Edirne,SPEI12,1967,11,0.0
Edirne,SPEI12,1967,12,0.0
Edirne,SPEI12,1968,1,1.536
Edirne,SPEI12,1968,2,2.753
Edirne,SPEI12,1968,3,3.675
Edirne,SPEI12,1968,4,4.484
Edirne,SPEI12,1968,5,5.442
Edirne,SPEI12,1968,6,6.241
Edirne,SPEI12,1968,7,7.022
Edirne,SPEI12,1968,8,7.488
Edirne,SPEI12,1968,9,7.647
Edirne,SPEI12,1968,10,0.0
Edirne,SPEI12,1968,11,0.0
Edirne,SPEI12,1968,12,0.0
Edirne,SPEI12,1969,1,1.025
Edirne,SPEI12,1969,2,1.491
Edirne,SPEI12,1969,3,2.29
Edirne,SPEI12,1969,4,3.248
Edirne,SPEI12,1969,5,4.057
Edirne,SPEI12,1969,6,4.979
Edirne,SPEI12,1969,7,6.515
Edirne,SPEI12,1969,8,7.732
Edirne,SPEI12,1969,9,8.513
Edirne,SPEI12,1969,10,8.894
Edirne,SPEI12,1969,11,9.053
Edirne,SPEI12,1969,12,9.06
Edirne,SPEI12,1970,1,0.301
Edirne,SPEI12,1970,2,0.376
Edirne,SPEI12,1970,3,0.44
Edirne,SPEI12,1970,4,0.492
Edirne,SPEI12,1970,5,0.0
Edirne,SPEI12,1970,6,0.0
Edirne,SPEI12,1970,7,0.0
Edirne,SPEI12,1970,8,0.0
Edirne,SPEI12,1970,9,0.0
Edirne,SPEI12,1970,10,0.0
Edirne,SPEI12,1970,11,0.0
Edirne,SPEI12,1970,12,0.0
Edirne,SPEI12,1971,1,0.0
Edirne,SPEI12,1971,2,0.0
Edirne,SPEI12,1971,3,0.0
Edirne,SPEI12,1971,4,0.0
Edirne,SPEI12,1971,5,0.0
Edirne,SPEI12,1971,6,0.0
Edirne,SPEI12,1971,7,0.0
Edirne,SPEI12,1971,8,0.0
Edirne,SPEI12,1971,9,0.0
Edirne,SPEI12,1971,10,0.0
Edirne,SPEI12,1971,11,0.0
Edirne,SPEI12,1971,12,0.0
Edirne,SPEI12,1972,1,1.08
Edirne,SPEI12,1972,2,1.704
Edirne,SPEI12,1972,3,2.231
Edirne,SPEI12,1972,4,2.855
Edirne,SPEI12,1972,5,0.0
Edirne,SPEI12,1972,6,0.0
Edirne,SPEI12,1972,7,0.0
Edirne,SPEI12,1972,8,0.0
Edirne,SPEI12,1972,9,0.0
Edirne,SPEI12,1972,10,0.0
Edirne,SPEI12,1972,11,0.0
Edirne,SPEI12,1972,12,0.0
Edirne,SPEI12,1973,1,0.437
Edirne,SPEI12,1973,2,0.842
Edirne,SPEI12,1973,3,0.0
Edirne,SPEI12,1973,4,0.0
Edirne,SPEI12,1973,5,0.0
Edirne,SPEI12,1973,6,0.0
Edirne,SPEI12,1973,7,0.0
Edirne,SPEI12,1973,8,0.0
Edirne,SPEI12,1973,9,0.0
Edirne,SPEI12,1973,10,0.0
Edirne,SPEI12,1973,11,0.0
Edirne,SPEI12,1973,12,0.0
Edirne,SPEI12,1974,1,1.312
Edirne,SPEI12,1974,2,2.438
Edirne,SPEI12,1974,3,3.319
Edirne,SPEI12,1974,4,3.901
Edirne,SPEI12,1974,5,4.466
Edirne,SPEI12,1974,6,5.037
Edirne,SPEI12,1974,7,5.561
Edirne,SPEI12,1974,8,6.137
Edirne,SPEI12,1974,9,6.693
Edirne,SPEI12,1974,10,7.275
Edirne,SPEI12,1974,11,7.386
Edirne,SPEI12,1974,12,7.645
Edirne,SPEI12,1975,1,0.406
Edirne,SPEI12,1975,2,0.625
Edirne,SPEI12,1975,3,0.632
Edirne,SPEI12,1975,4,0.0
Edirne,SPEI12,1975,5,0.0
Edirne,SPEI12,1975,6,0.0
Edirne,SPEI12,1975,7,0.0
Edirne,SPEI12,1975,8,0.0
Edirne,SPEI12,1975,9,0.0
Edirne,SPEI12,1975,10,0.0
Edirne,SPEI12,1975,11,0.0
Edirne,SPEI12,1975,12,0.0
Edirne,SPEI12,1976,1,0.889
Edirne,SPEI12,1976,2,1.594
Edirne,SPEI12,1976,3,2.28
Edirne,SPEI12,1976,4,2.477
Edirne,SPEI12,1976,5,2.85
Edirne,SPEI12,1976,6,0.0
Edirne,SPEI12,1976,7,0.0
Edirne,SPEI12,1976,8,0.0
Edirne,SPEI12,1976,9,0.0
Edirne,SPEI12,1976,10,0.0
Edirne,SPEI12,1976,11,0.0
Edirne,SPEI12,1976,12,0.0
Edirne,SPEI12,1977,1,0.53
Edirne,SPEI12,1977,2,1.235
Edirne,SPEI12,1977,3,2.124
Edirne,SPEI12,1977,4,2.81
Edirne,SPEI12,1977,5,3.007
Edirne,SPEI12,1977,6,3.38
Edirne,SPEI12,1977,7,3.518
Edirne,SPEI12,1977,8,0.0
Edirne,SPEI12,1977,9,0.0
Edirne,SPEI12,1977,10,0.0
Edirne,SPEI12,1977,11,0.0
Edirne,SPEI12,1977,12,0.0
Edirne,SPEI12,1978,1,0.124
Edirne,SPEI12,1978,2,0.138
Edirne,SPEI12,1978,3,0.0
Edirne,SPEI12,1978,4,0.0
Edirne,SPEI12,1978,5,0.0
Edirne,SPEI12,1978,6,0.0
Edirne,SPEI12,1978,7,0.0
Edirne,SPEI12,1978,8,0.0
Edirne,SPEI12,1978,9,0.0
Edirne,SPEI12,1978,10,0.0
Edirne,SPEI12,1978,11,0.0
Edirne,SPEI12,1978,12,0.0
Edirne,SPEI12,1979,1,0.843
Edirne,SPEI12,1979,2,1.177
Edirne,SPEI12,1979,3,0.0
Edirne,SPEI12,1979,4,0.0
Edirne,SPEI12,1979,5,0.0
Edirne,SPEI12,1979,6,0.0
Edirne,SPEI12,1979,7,0.0
Edirne,SPEI12,1979,8,0.0
Edirne,SPEI12,1979,9,0.0
Edirne,SPEI12,1979,10,0.0
Edirne,SPEI12,1979,11,0.0
Edirne,SPEI12,1979,12,0.0
Edirne,SPEI12,1980,1,0.0
Edirne,SPEI12,1980,2,0.0
Edirne,SPEI12,1980,3,0.0
Edirne,SPEI12,1980,4,0.0
Edirne,SPEI12,1980,5,0.0
Edirne,SPEI12,1980,6,0.0
Edirne,SPEI12,1980,7,0.0
Edirne,SPEI12,1980,8,0.0
Edirne,SPEI12,1980,9,0.0
Edirne,SPEI12,1980,10,0.0
Edirne,SPEI12,1980,11,0.0
Edirne,SPEI12,1980,12,0.0
Edirne,SPEI12,1981,1,0.0
Edirne,SPEI12,1981,2,0.0
Edirne,SPEI12,1981,3,0.0
Edirne,SPEI12,1981,4,0.0
Edirne,SPEI12,1981,5,0.0
Edirne,SPEI12,1981,6,0.0
Edirne,SPEI12,1981,7,0.0
Edirne,SPEI12,1981,8,0.0
Edirne,SPEI12,1981,9,0.0
Edirne,SPEI12,1981,10,0.0
Edirne,SPEI12,1981,11,0.0
Edirne,SPEI12,1981,12,0.0
Edirne,SPEI12,1982,1,0.621
Edirne,SPEI12,1982,2,1.069
Edirne,SPEI12,1982,3,1.374
Edirne,SPEI12,1982,4,0.0
Edirne,SPEI12,1982,5,0.0
Edirne,SPEI12,1982,6,0.0
Edirne,SPEI12,1982,7,0.0
Edirne,SPEI12,1982,8,0.0
Edirne,SPEI12,1982,9,0.0
Edirne,SPEI12,1982,10,0.0
Edirne,SPEI12,1982,11,0.0
Edirne,SPEI12,1982,12,0.0
Edirne,SPEI12,1983,1,1.954
Edirne,SPEI12,1983,2,3.847
Edirne,SPEI12,1983,3,4.927
Edirne,SPEI12,1983,4,5.877
Edirne,SPEI12,1983,5,6.778
Edirne,SPEI12,1983,6,7.57
Edirne,SPEI12,1983,7,8.135
Edirne,SPEI12,1983,8,8.486
Edirne,SPEI12,1983,9,8.598
Edirne,SPEI12,1983,10,8.828
Edirne,SPEI12,1983,11,0.0
Edirne,SPEI12,1983,12,0.0
Edirne,SPEI12,1984,1,0.0
Edirne,SPEI12,1984,2,0.0
Edirne,SPEI12,1984,3,0.0
Edirne,SPEI12,1984,4,0.0
Edirne,SPEI12,1984,5,0.0
Edirne,SPEI12,1984,6,0.0
Edirne,SPEI12,1984,7,0.0
Edirne,SPEI12,1984,8,0.0
Edirne,SPEI12,1984,9,0.0
Edirne,SPEI12,1984,10,0.0
Edirne,SPEI12,1984,11,0.0
Edirne,SPEI12,1984,12,0.0
Edirne,SPEI12,1985,1,0.798
Edirne,SPEI12,1985,2,1.46
Edirne,SPEI12,1985,3,1.993
Edirne,SPEI12,1985,4,2.467
Edirne,SPEI12,1985,5,3.259
Edirne,SPEI12,1985,6,3.792
Edirne,SPEI12,1985,7,3.954
Edirne,SPEI12,1985,8,4.467
Edirne,SPEI12,1985,9,0.0
Edirne,SPEI12,1985,10,0.0
Edirne,SPEI12,1985,11,0.0
Edirne,SPEI12,1985,12,0.0
Edirne,SPEI12,1986,1,1.258
Edirne,SPEI12,1986,2,2.396
Edirne,SPEI12,1986,3,3.361
Edirne,SPEI12,1986,4,4.484
Edirne,SPEI12,1986,5,5.449
Edirne,SPEI12,1986,6,6.512
Edirne,SPEI12,1986,7,7.429
Edirne,SPEI12,1986,8,8.15
Edirne,SPEI12,1986,9,9.067
Edirne,SPEI12,1986,10,9.605
Edirne,SPEI12,1986,11,10.155
Edirne,SPEI12,1986,12,10.946
Edirne,SPEI12,1987,1,1.841
Edirne,SPEI12,1987,2,3.408
Edirne,SPEI12,1987,3,4.491
Edirne,SPEI12,1987,4,5.408
Edirne,SPEI12,1987,5,6.577
Edirne,SPEI12,1987,6,7.496
Edirne,SPEI12,1987,7,8.754
Edirne,SPEI12,1987,8,9.892
Edirne,SPEI12,1987,9,10.857
Edirne,SPEI12,1987,10,11.92
Edirne,SPEI12,1987,11,12.618
Edirne,SPEI12,1987,12,13.558
Edirne,SPEI12,1988,1,0.62
Edirne,SPEI12,1988,2,0.729
Edirne,SPEI12,1988,3,1.184
Edirne,SPEI12,1988,4,1.323
Edirne,SPEI12,1988,5,1.749
Edirne,SPEI12,1988,6,1.779
Edirne,SPEI12,1988,7,0.0
Edirne,SPEI12,1988,8,0.0
Edirne,SPEI12,1988,9,0.0
Edirne,SPEI12,1988,10,0.0
Edirne,SPEI12,1988,11,0.0
Edirne,SPEI12,1988,12,0.0
Edirne,SPEI12,1989,1,1.297
Edirne,SPEI12,1989,2,2.182
Edirne,SPEI12,1989,3,3.136
Edirne,SPEI12,1989,4,3.956
Edirne,SPEI12,1989,5,4.698
Edirne,SPEI12,1989,6,5.318
Edirne,SPEI12,1989,7,5.61
Edirne,SPEI12,1989,8,5.882
Edirne,SPEI12,1989,9,6.174
Edirne,SPEI12,1989,10,6.447
Edirne,SPEI12,1989,11,6.739
Edirne,SPEI12,1989,12,6.797
Edirne,SPEI12,1990,1,1.116
Edirne,SPEI12,1990,2,2.142
Edirne,SPEI12,1990,3,3.253
Edirne,SPEI12,1990,4,4.079
Edirne,SPEI12,1990,5,4.714
Edirne,SPEI12,1990,6,5.475
Edirne,SPEI12,1990,7,6.301
Edirne,SPEI12,1990,8,6.761
Edirne,SPEI12,1990,9,7.543
Edirne,SPEI12,1990,10,8.074
Edirne,SPEI12,1990,11,8.143
Edirne,SPEI12,1990,12,8.26
Edirne,SPEI12,1991,1,0.555
Edirne,SPEI12,1991,2,1.086
Edirne,SPEI12,1991,3,1.868
Edirne,SPEI12,1991,4,2.328
Edirne,SPEI12,1991,5,3.154
Edirne,SPEI12,1991,6,4.27
Edirne,SPEI12,1991,7,5.296
Edirne,SPEI12,1991,8,6.407
Edirne,SPEI12,1991,9,7.042
Edirne,SPEI12,1991,10,7.585
Edirne,SPEI12,1991,11,8.629
Edirne,SPEI12,1991,12,8.826
Edirne,SPEI12,1992,1,0.714
Edirne,SPEI12,1992,2,1.13
Edirne,SPEI12,1992,3,1.496
Edirne,SPEI12,1992,4,1.892
Edirne,SPEI12,1992,5,2.305
Edirne,SPEI12,1992,6,2.59
Edirne,SPEI12,1992,7,0.0
Edirne,SPEI12,1992,8,0.0
Edirne,SPEI12,1992,9,0.0
Edirne,SPEI12,1992,10,0.0
Edirne,SPEI12,1992,11,0.0
Edirne,SPEI12,1992,12,0.0
Edirne,SPEI12,1993,1,0.516
Edirne,SPEI12,1993,2,0.97
Edirne,SPEI12,1993,3,1.421
Edirne,SPEI12,1993,4,1.975
Edirne,SPEI12,1993,5,2.322
Edirne,SPEI12,1993,6,2.585
Edirne,SPEI12,1993,7,3.005
Edirne,SPEI12,1993,8,3.107
Edirne,SPEI12,1993,9,3.389
Edirne,SPEI12,1993,10,3.846
Edirne,SPEI12,1993,11,4.048
Edirne,SPEI12,1993,12,4.333
Edirne,SPEI12,1994,1,1.753
Edirne,SPEI12,1994,2,3.278
Edirne,SPEI12,1994,3,4.569
Edirne,SPEI12,1994,4,6.055
Edirne,SPEI12,1994,5,7.202
Edirne,SPEI12,1994,6,8.39
Edirne,SPEI12,1994,7,9.434
Edirne,SPEI12,1994,8,10.26
Edirne,SPEI12,1994,9,10.635
Edirne,SPEI12,1994,10,11.134
Edirne,SPEI12,1994,11,11.562
Edirne,SPEI12,1994,12,11.88
Edirne,SPEI12,1995,1,0.0
Edirne,SPEI12,1995,2,0.0
Edirne,SPEI12,1995,3,0.0
Edirne,SPEI12,1995,4,0.0
Edirne,SPEI12,1995,5,0.0
Edirne,SPEI12,1995,6,0.0
Edirne,SPEI12,1995,7,0.0
Edirne,SPEI12,1995,8,0.0
Edirne,SPEI12,1995,9,0.0
Edirne,SPEI12,1995,10,0.0
Edirne,SPEI12,1995,11,0.0
Edirne,SPEI12,1995,12,0.0
Edirne,SPEI12,1996,1,0.065
Edirne,SPEI12,1996,2,0.0
Edirne,SPEI12,1996,3,0.0
Edirne,SPEI12,1996,4,0.0
Edirne,SPEI12,1996,5,0.0
Edirne,SPEI12,1996,6,0.0
Edirne,SPEI12,1996,7,0.0
Edirne,SPEI12,1996,8,0.0
Edirne,SPEI12,1996,9,0.0
Edirne,SPEI12,1996,10,0.0
Edirne,SPEI12,1996,11,0.0
Edirne,SPEI12,1996,12,0.0
Edirne,SPEI12,1997,1,0.252
Edirne,SPEI12,1997,2,0.48
Edirne,SPEI12,1997,3,0.66
Edirne,SPEI12,1997,4,0.839
Edirne,SPEI12,1997,5,0.0
Edirne,SPEI12,1997,6,0.0
Edirne,SPEI12,1997,7,0.0
Edirne,SPEI12,1997,8,0.0
Edirne,SPEI12,1997,9,0.0
Edirne,SPEI12,1997,10,0.0
Edirne,SPEI12,1997,11,0.0
Edirne,SPEI12,1997,12,0.0
Edirne,SPEI12,1998,1,0.0
Edirne,SPEI12,1998,2,0.0
Edirne,SPEI12,1998,3,0.0
Edirne,SPEI12,1998,4,0.0
Edirne,SPEI12,1998,5,0.0
Edirne,SPEI12,1998,6,0.0
Edirne,SPEI12,1998,7,0.0
Edirne,SPEI12,1998,8,0.0
Edirne,SPEI12,1998,9,0.0
Edirne,SPEI12,1998,10,0.0
Edirne,SPEI12,1998,11,0.0
Edirne,SPEI12,1998,12,0.0
Edirne,SPEI12,1999,1,0.0
Edirne,SPEI12,1999,2,0.0
Edirne,SPEI12,1999,3,0.0
Edirne,SPEI12,1999,4,0.0
Edirne,SPEI12,1999,5,0.0
Edirne,SPEI12,1999,6,0.0
Edirne,SPEI12,1999,7,0.0
Edirne,SPEI12,1999,8,0.0
Edirne,SPEI12,1999,9,0.0
Edirne,SPEI12,1999,10,0.0
Edirne,SPEI12,1999,11,0.0
Edirne,SPEI12,1999,12,0.0
Edirne,SPEI12,2000,1,1.773
Edirne,SPEI12,2000,2,3.394
Edirne,SPEI12,2000,3,4.876
Edirne,SPEI12,2000,4,6.07
Edirne,SPEI12,2000,5,7.15
Edirne,SPEI12,2000,6,8.647
Edirne,SPEI12,2000,7,9.317
Edirne,SPEI12,2000,8,9.899
Edirne,SPEI12,2000,9,10.243
Edirne,SPEI12,2000,10,10.766
Edirne,SPEI12,2000,11,11.053
Edirne,SPEI12,2000,12,0.0
Edirne,SPEI12,2001,1,1.993
Edirne,SPEI12,2001,2,3.772
Edirne,SPEI12,2001,3,5.448
Edirne,SPEI12,2001,4,7.307
Edirne,SPEI12,2001,5,9.021
Edirne,SPEI12,2001,6,10.8
Edirne,SPEI12,2001,7,12.535
Edirne,SPEI12,2001,8,14.335
Edirne,SPEI12,2001,9,16.07
Edirne,SPEI12,2001,10,17.61
Edirne,SPEI12,2001,11,19.27
Edirne,SPEI12,2001,12,20.767
Edirne,SPEI12,2002,1,1.585
Edirne,SPEI12,2002,2,3.104
Edirne,SPEI12,2002,3,4.585
Edirne,SPEI12,2002,4,6.521
Edirne,SPEI12,2002,5,8.232
Edirne,SPEI12,2002,6,10.011
Edirne,SPEI12,2002,7,11.613
Edirne,SPEI12,2002,8,13.606
Edirne,SPEI12,2002,9,15.385
Edirne,SPEI12,2002,10,17.061
Edirne,SPEI12,2002,11,18.92
Edirne,SPEI12,2002,12,20.46
Edirne,SPEI12,2003,1,0.095
Edirne,SPEI12,2003,2,0.174
Edirne,SPEI12,2003,3,0.0
Edirne,SPEI12,2003,4,0.0
Edirne,SPEI12,2003,5,0.0
Edirne,SPEI12,2003,6,0.0
Edirne,SPEI12,2003,7,0.0
Edirne,SPEI12,2003,8,0.0
Edirne,SPEI12,2003,9,0.0
Edirne,SPEI12,2003,10,0.0
Edirne,SPEI12,2003,11,0.0
Edirne,SPEI12,2003,12,0.0
Edirne,SPEI12,2004,1,1.37
Edirne,SPEI12,2004,2,2.661
Edirne,SPEI12,2004,3,3.514
Edirne,SPEI12,2004,4,4.446
Edirne,SPEI12,2004,5,5.112
Edirne,SPEI12,2004,6,5.448
Edirne,SPEI12,2004,7,5.816
Edirne,SPEI12,2004,8,6.417
Edirne,SPEI12,2004,9,7.27
Edirne,SPEI12,2004,10,8.202
Edirne,SPEI12,2004,11,8.998
Edirne,SPEI12,2004,12,9.664
Edirne,SPEI12,2005,1,0.735
Edirne,SPEI12,2005,2,1.531
Edirne,SPEI12,2005,3,2.661
Edirne,SPEI12,2005,4,3.99
Edirne,SPEI12,2005,5,4.434
Edirne,SPEI12,2005,6,4.583
Edirne,SPEI12,2005,7,4.951
Edirne,SPEI12,2005,8,5.287
Edirne,SPEI12,2005,9,6.578
Edirne,SPEI12,2005,10,7.948
Edirne,SPEI12,2005,11,8.801
Edirne,SPEI12,2005,12,9.733
Edirne,SPEI12,2006,1,0.0
Edirne,SPEI12,2006,2,0.0
Edirne,SPEI12,2006,3,0.0
Edirne,SPEI12,2006,4,0.0
Edirne,SPEI12,2006,5,0.0
Edirne,SPEI12,2006,6,0.0
Edirne,SPEI12,2006,7,0.0
Edirne,SPEI12,2006,8,0.0
Edirne,SPEI12,2006,9,0.0
Edirne,SPEI12,2006,10,0.0
Edirne,SPEI12,2006,11,0.0
Edirne,SPEI12,2006,12,0.0
Edirne,SPEI12,2007,1,1.28
Edirne,SPEI12,2007,2,2.465
Edirne,SPEI12,2007,3,3.363
Edirne,SPEI12,2007,4,3.997
Edirne,SPEI12,2007,5,4.31
Edirne,SPEI12,2007,6,0.0
Edirne,SPEI12,2007,7,0.0
Edirne,SPEI12,2007,8,0.0
Edirne,SPEI12,2007,9,0.0
Edirne,SPEI12,2007,10,0.0
Edirne,SPEI12,2007,11,0.0
Edirne,SPEI12,2007,12,0.0
Edirne,SPEI12,2008,1,1.849
Edirne,SPEI12,2008,2,3.094
Edirne,SPEI12,2008,3,3.458
Edirne,SPEI12,2008,4,3.611
Edirne,SPEI12,2008,5,3.938
Edirne,SPEI12,2008,6,4.223
Edirne,SPEI12,2008,7,4.976
Edirne,SPEI12,2008,8,6.133
Edirne,SPEI12,2008,9,6.625
Edirne,SPEI12,2008,10,7.255
Edirne,SPEI12,2008,11,7.753
Edirne,SPEI12,2008,12,8.039
Edirne,SPEI12,2009,1,1.689
Edirne,SPEI12,2009,2,3.538
Edirne,SPEI12,2009,3,4.783
Edirne,SPEI12,2009,4,5.621
Edirne,SPEI12,2009,5,6.145
Edirne,SPEI12,2009,6,6.878
Edirne,SPEI12,2009,7,7.657
Edirne,SPEI12,2009,8,8.676
Edirne,SPEI12,2009,9,9.21
Edirne,SPEI12,2009,10,9.577
Edirne,SPEI12,2009,11,9.949
Edirne,SPEI12,2009,12,10.313
Edirne,SPEI12,2010,1,0.0
Edirne,SPEI12,2010,2,0.0
Edirne,SPEI12,2010,3,0.0
Edirne,SPEI12,2010,4,0.0
Edirne,SPEI12,2010,5,0.0
Edirne,SPEI12,2010,6,0.0
Edirne,SPEI12,2010,7,0.0
Edirne,SPEI12,2010,8,0.0
Edirne,SPEI12,2010,9,0.0
Edirne,SPEI12,2010,10,0.0
Edirne,SPEI12,2010,11,0.0
Edirne,SPEI12,2010,12,0.0
Edirne,SPEI12,2011,1,1.097
Edirne,SPEI12,2011,2,1.959
Edirne,SPEI12,2011,3,3.019
Edirne,SPEI12,2011,4,3.638
Edirne,SPEI12,2011,5,4.33
Edirne,SPEI12,2011,6,4.865
Edirne,SPEI12,2011,7,5.291
Edirne,SPEI12,2011,8,5.741
Edirne,SPEI12,2011,9,6.433
Edirne,SPEI12,2011,10,6.968
Edirne,SPEI12,2011,11,7.217
Edirne,SPEI12,2011,12,0.0
Edirne,SPEI12,2012,1,1.584
Edirne,SPEI12,2012,2,3.07
Edirne,SPEI12,2012,3,3.962
Edirne,SPEI12,2012,4,4.671
Edirne,SPEI12,2012,5,5.223
Edirne,SPEI12,2012,6,5.438
Edirne,SPEI12,2012,7,4.955
Edirne,SPEI12,2012,8,5.381
Edirne,SPEI12,2012,9,5.796
Edirne,SPEI12,2012,10,6.303
Edirne,SPEI12,2012,11,7.058
Edirne,SPEI12,2012,12,7.307
Edirne,SPEI12,2013,1,1.044
Edirne,SPEI12,2013,2,1.705
Edirne,SPEI12,2013,3,3.191
Edirne,SPEI12,2013,4,4.775
Edirne,SPEI12,2013,5,5.484
Edirne,SPEI12,2013,6,6.036
Edirne,SPEI12,2013,7,6.322
Edirne,SPEI12,2013,8,6.537
Edirne,SPEI12,2013,9,0.0
Edirne,SPEI12,2013,10,0.0
Edirne,SPEI12,2013,11,0.0
Edirne,SPEI12,2013,12,0.0
Edirne,SPEI12,2014,1,1.41
Edirne,SPEI12,2014,2,2.317
Edirne,SPEI12,2014,3,3.051
Edirne,SPEI12,2014,4,3.608
Edirne,SPEI12,2014,5,3.747
Edirne,SPEI12,2014,6,0.0
Edirne,SPEI12,2014,7,0.0
Edirne,SPEI12,2014,8,0.0
Edirne,SPEI12,2014,9,0.0
Edirne,SPEI12,2014,10,0.0
Edirne,SPEI12,2014,11,0.0
Edirne,SPEI12,2014,12,0.0
Edirne,SPEI12,2015,1,0.352
Edirne,SPEI12,2015,2,0.0
Edirne,SPEI12,2015,3,0.0
Edirne,SPEI12,2015,4,0.0
Edirne,SPEI12,2015,5,0.0
Edirne,SPEI12,2015,6,0.0
Edirne,SPEI12,2015,7,0.0
Edirne,SPEI12,2015,8,0.0
Edirne,SPEI12,2015,9,0.0
Edirne,SPEI12,2015,10,0.0
Edirne,SPEI12,2015,11,0.0
Edirne,SPEI12,2015,12,0.0
Edirne,SPEI12,2016,1,0.911
Edirne,SPEI12,2016,2,1.729
Edirne,SPEI12,2016,3,2.538
Edirne,SPEI12,2016,4,2.76
Edirne,SPEI12,2016,5,0.0
Edirne,SPEI12,2016,6,0.0
Edirne,SPEI12,2016,7,0.0
Edirne,SPEI12,2016,8,0.0
Edirne,SPEI12,2016,9,0.0
Edirne,SPEI12,2016,10,0.0
Edirne,SPEI12,2016,11,0.0
Edirne,SPEI12,2016,12,0.0
Edirne,SPEI12,2017,1,2.011
Edirne,SPEI12,2017,2,3.976
Edirne,SPEI12,2017,3,5.699
Edirne,SPEI12,2017,4,7.402
Edirne,SPEI12,2017,5,8.925
Edirne,SPEI12,2017,6,10.343
Edirne,SPEI12,2017,7,11.152
Edirne,SPEI12,2017,8,11.97
Edirne,SPEI12,2017,9,12.881
Edirne,SPEI12,2017,10,13.676
Edirne,SPEI12,2017,11,14.4
Edirne,SPEI12,2017,12,15.126
Edirne,SPEI12,2018,1,0.0
Edirne,SPEI12,2018,2,0.0
Edirne,SPEI12,2018,3,0.0
Edirne,SPEI12,2018,4,0.0
Edirne,SPEI12,2018,5,0.0
Edirne,SPEI12,2018,6,0.0
Edirne,SPEI12,2018,7,0.0
Edirne,SPEI12,2018,8,0.0
Edirne,SPEI12,2018,9,0.0
Edirne,SPEI12,2018,10,0.0
Edirne,SPEI12,2018,11,0.0
Edirne,SPEI12,2018,12,0.0
Edirne,SPEI12,2019,1,1.967
Edirne,SPEI12,2019,2,3.552
Edirne,SPEI12,2019,3,4.222
Edirne,SPEI12,2019,4,4.728
Edirne,SPEI12,2019,5,5.211
Edirne,SPEI12,2019,6,5.978
Edirne,SPEI12,2019,7,6.528
Edirne,SPEI12,2019,8,0.0
Edirne,SPEI12,2019,9,0.0
Edirne,SPEI12,2019,10,0.0
Edirne,SPEI12,2019,11,0.0
Edirne,SPEI12,2019,12,0.0
Edirne,SPEI12,2020,1,2.806
Edirne,SPEI12,2020,2,5.303
Edirne,SPEI12,2020,3,7.635
Edirne,SPEI12,2020,4,9.602
Edirne,SPEI12,2020,5,11.434
Edirne,SPEI12,2020,6,13.019
Edirne,SPEI12,2020,7,14.438
Edirne,SPEI12,2020,8,15.667
Edirne,SPEI12,2020,9,17.579
Edirne,SPEI12,2020,10,19.546
Edirne,SPEI12,2020,11,21.321
Edirne,SPEI12,2020,12,23.096
Edirne,SPEI12,2021,1,0.492
Edirne,SPEI12,2021,2,0.734
Edirne,SPEI12,2021,3,0.824
Edirne,SPEI12,2021,4,0.861
Edirne,SPEI12,2021,5,0.0
Edirne,SPEI12,2021,6,0.0
Edirne,SPEI12,2021,7,0.0
Edirne,SPEI12,2021,8,0.0
Edirne,SPEI12,2021,9,0.0
Edirne,SPEI12,2021,10,0.0
Edirne,SPEI12,2021,11,0.0
Edirne,SPEI12,2021,12,0.0
Edirne,SPEI12,2022,1,1.714
Edirne,SPEI12,2022,2,2.45
Edirne,SPEI12,2022,3,3.447
Edirne,SPEI12,2022,4,3.745
Edirne,SPEI12,2022,5,4.259
Edirne,SPEI12,2022,6,5.302
Edirne,SPEI12,2022,7,6.236
Edirne,SPEI12,2022,8,6.695
Edirne,SPEI12,2022,9,7.137
Edirne,SPEI12,2022,10,7.298
Edirne,SPEI12,2022,11,7.313
Edirne,SPEI12,2022,12,7.753
Edirne,SPEI12,2023,1,2.269
Edirne,SPEI12,2023,2,4.416
Edirne,SPEI12,2023,3,6.156
Edirne,SPEI12,2023,4,7.87
Edirne,SPEI12,2023,5,9.308
Edirne,SPEI12,2023,6,10.234
Edirne,SPEI12,2023,7,11.172
Edirne,SPEI12,2023,8,12.059
Edirne,SPEI12,2023,9,13.443
Edirne,SPEI12,2023,10,15.183
Edirne,SPEI12,2023,11,16.897
Edirne,SPEI12,2023,12,18.247
Edirne,SPEI12,2024,1,3.447
Edirne,SPEI12,2024,2,6.277
Edirne,SPEI12,2024,3,9.009
Edirne,SPEI12,2024,4,11.423
Edirne,SPEI12,2024,5,13.649
Edirne,SPEI12,2024,6,16.079
Edirne,SPEI12,2024,7,18.699
Edirne,SPEI12,2024,8,20.925
Edirne,SPEI12,2024,9,23.139
Edirne,SPEI12,2024,10,24.539
Edirne,SPEI12,2024,11,25.94
Edirne,SPEI12,2024,12,27.537
Kırklareli,SPI12,1966,1,0.26
Kırklareli,SPI12,1966,2,0.0
Kırklareli,SPI12,1966,3,0.0
Kırklareli,SPI12,1966,4,0.0
Kırklareli,SPI12,1966,5,0.0
Kırklareli,SPI12,1966,6,0.0
Kırklareli,SPI12,1966,7,0.0
Kırklareli,SPI12,1966,8,0.0
Kırklareli,SPI12,1966,9,0.0
Kırklareli,SPI12,1966,10,0.0
Kırklareli,SPI12,1966,11,0.0
Kırklareli,SPI12,1966,12,0.0
Kırklareli,SPI12,1967,1,0.482
Kırklareli,SPI12,1967,2,0.0
Kırklareli,SPI12,1967,3,0.0
Kırklareli,SPI12,1967,4,0.0
Kırklareli,SPI12,1967,5,0.0
Kırklareli,SPI12,1967,6,0.0
Kırklareli,SPI12,1967,7,0.0
Kırklareli,SPI12,1967,8,0.0
Kırklareli,SPI12,1967,9,0.0
Kırklareli,SPI12,1967,10,0.0
Kırklareli,SPI12,1967,11,0.0
Kırklareli,SPI12,1967,12,0.0
Kırklareli,SPI12,1968,1,0.421
Kırklareli,SPI12,1968,2,0.802
Kırklareli,SPI12,1968,3,0.98
Kırklareli,SPI12,1968,4,1.276
Kırklareli,SPI12,1968,5,1.657
Kırklareli,SPI12,1968,6,1.959
Kırklareli,SPI12,1968,7,2.098
Kırklareli,SPI12,1968,8,0.0
Kırklareli,SPI12,1968,9,0.0
Kırklareli,SPI12,1968,10,0.0
Kırklareli,SPI12,1968,11,0.0
Kırklareli,SPI12,1968,12,0.0
Kırklareli,SPI12,1969,1,1.078
Kırklareli,SPI12,1969,2,1.467
Kırklareli,SPI12,1969,3,1.796
Kırklareli,SPI12,1969,4,2.182
Kırklareli,SPI12,1969,5,2.408
Kırklareli,SPI12,1969,6,2.737
Kırklareli,SPI12,1969,7,2.915
Kırklareli,SPI12,1969,8,3.263
Kırklareli,SPI12,1969,9,3.592
Kırklareli,SPI12,1969,10,3.894
Kırklareli,SPI12,1969,11,3.939
Kırklareli,SPI12,1969,12,4.146
Kırklareli,SPI12,1970,1,0.567
Kırklareli,SPI12,1970,2,0.992
Kırklareli,SPI12,1970,3,1.361
Kırklareli,SPI12,1970,4,1.908
Kırklareli,SPI12,1970,5,2.475
Kırklareli,SPI12,1970,6,3.004
Kırklareli,SPI12,1970,7,3.429
Kırklareli,SPI12,1970,8,3.745
Kırklareli,SPI12,1970,9,3.88
Kırklareli,SPI12,1970,10,3.922
Kırklareli,SPI12,1970,11,4.021
Kırklareli,SPI12,1970,12,4.372
Kırklareli,SPI12,1971,1,0.52
Kırklareli,SPI12,1971,2,1.032
Kırklareli,SPI12,1971,3,1.205
Kırklareli,SPI12,1971,4,1.631
Kırklareli,SPI12,1971,5,2.015
Kırklareli,SPI12,1971,6,2.182
Kırklareli,SPI12,1971,7,2.316
Kırklareli,SPI12,1971,8,0.0
Kırklareli,SPI12,1971,9,0.0
Kırklareli,SPI12,1971,10,0.0
Kırklareli,SPI12,1971,11,0.0
Kırklareli,SPI12,1971,12,0.0
Kırklareli,SPI12,1972,1,0.924
Kırklareli,SPI12,1972,2,1.664
Kırklareli,SPI12,1972,3,2.159
Kırklareli,SPI12,1972,4,2.84
Kırklareli,SPI12,1972,5,3.727
Kırklareli,SPI12,1972,6,4.218
Kırklareli,SPI12,1972,7,4.536
Kırklareli,SPI12,1972,8,4.743
Kırklareli,SPI12,1972,9,0.0
Kırklareli,SPI12,1972,10,0.0
Kırklareli,SPI12,1972,11,0.0
Kırklareli,SPI12,1972,12,0.0
Kırklareli,SPI12,1973,1,0.028
Kırklareli,SPI12,1973,2,0.0
Kırklareli,SPI12,1973,3,0.0
Kırklareli,SPI12,1973,4,0.0
Kırklareli,SPI12,1973,5,0.0
Kırklareli,SPI12,1973,6,0.0
Kırklareli,SPI12,1973,7,0.0
Kırklareli,SPI12,1973,8,0.0
Kırklareli,SPI12,1973,9,0.0
Kırklareli,SPI12,1973,10,0.0
Kırklareli,SPI12,1973,11,0.0
Kırklareli,SPI12,1973,12,0.0
Kırklareli,SPI12,1974,1,0.653
Kırklareli,SPI12,1974,2,0.772
Kırklareli,SPI12,1974,3,0.513
Kırklareli,SPI12,1974,4,0.0
Kırklareli,SPI12,1974,5,0.0
Kırklareli,SPI12,1974,6,0.0
Kırklareli,SPI12,1974,7,0.0
Kırklareli,SPI12,1974,8,0.0
Kırklareli,SPI12,1974,9,0.0
Kırklareli,SPI12,1974,10,0.0
Kırklareli,SPI12,1974,11,0.0
Kırklareli,SPI12,1974,12,0.0
Kırklareli,SPI12,1975,1,0.355
Kırklareli,SPI12,1975,2,0.568
Kırklareli,SPI12,1975,3,0.83
Kırklareli,SPI12,1975,4,1.043
Kırklareli,SPI12,1975,5,1.283
Kırklareli,SPI12,1975,6,1.466
Kırklareli,SPI12,1975,7,1.49
Kırklareli,SPI12,1975,8,0.0
Kırklareli,SPI12,1975,9,0.0
Kırklareli,SPI12,1975,10,0.0
Kırklareli,SPI12,1975,11,0.0
Kırklareli,SPI12,1975,12,0.0
Kırklareli,SPI12,1976,1,0.29
Kırklareli,SPI12,1976,2,0.548
Kırklareli,SPI12,1976,3,0.3
Kırklareli,SPI12,1976,4,0.0
Kırklareli,SPI12,1976,5,0.0
Kırklareli,SPI12,1976,6,0.0
Kırklareli,SPI12,1976,7,0.0
Kırklareli,SPI12,1976,8,0.0
Kırklareli,SPI12,1976,9,0.0
Kırklareli,SPI12,1976,10,0.0
Kırklareli,SPI12,1976,11,0.0
Kırklareli,SPI12,1976,12,0.0
Kırklareli,SPI12,1977,1,0.0
Kırklareli,SPI12,1977,2,0.0
Kırklareli,SPI12,1977,3,0.0
Kırklareli,SPI12,1977,4,0.0
Kırklareli,SPI12,1977,5,0.0
Kırklareli,SPI12,1977,6,0.0
Kırklareli,SPI12,1977,7,0.0
Kırklareli,SPI12,1977,8,0.0
Kırklareli,SPI12,1977,9,0.0
Kırklareli,SPI12,1977,10,0.0
Kırklareli,SPI12,1977,11,0.0
Kırklareli,SPI12,1977,12,0.0
Kırklareli,SPI12,1978,1,0.51
Kırklareli,SPI12,1978,2,0.969
Kırklareli,SPI12,1978,3,1.062
Kırklareli,SPI12,1978,4,1.249
Kırklareli,SPI12,1978,5,1.347
Kırklareli,SPI12,1978,6,1.485
Kırklareli,SPI12,1978,7,0.0
Kırklareli,SPI12,1978,8,0.0
Kırklareli,SPI12,1978,9,0.0
Kırklareli,SPI12,1978,10,0.0
Kırklareli,SPI12,1978,11,0.0
Kırklareli,SPI12,1978,12,0.0
Kırklareli,SPI12,1979,1,0.4
Kırklareli,SPI12,1979,2,0.773
Kırklareli,SPI12,1979,3,1.131
Kırklareli,SPI12,1979,4,1.364
Kırklareli,SPI12,1979,5,0.0
Kırklareli,SPI12,1979,6,0.0
Kırklareli,SPI12,1979,7,0.0
Kırklareli,SPI12,1979,8,0.0
Kırklareli,SPI12,1979,9,0.0
Kırklareli,SPI12,1979,10,0.0
Kırklareli,SPI12,1979,11,0.0
Kırklareli,SPI12,1979,12,0.0
Kırklareli,SPI12,1980,1,0.695
Kırklareli,SPI12,1980,2,0.0
Kırklareli,SPI12,1980,3,0.0
Kırklareli,SPI12,1980,4,0.0
Kırklareli,SPI12,1980,5,0.0
Kırklareli,SPI12,1980,6,0.0
Kırklareli,SPI12,1980,7,0.0
Kırklareli,SPI12,1980,8,0.0
Kırklareli,SPI12,1980,9,0.0
Kırklareli,SPI12,1980,10,0.0
Kırklareli,SPI12,1980,11,0.0
Kırklareli,SPI12,1980,12,0.0
Kırklareli,SPI12,1981,1,0.0
Kırklareli,SPI12,1981,2,0.0
Kırklareli,SPI12,1981,3,0.0
Kırklareli,SPI12,1981,4,0.0
Kırklareli,SPI12,1981,5,0.0
Kırklareli,SPI12,1981,6,0.0
Kırklareli,SPI12,1981,7,0.0
Kırklareli,SPI12,1981,8,0.0
Kırklareli,SPI12,1981,9,0.0
Kırklareli,SPI12,1981,10,0.0
Kırklareli,SPI12,1981,11,0.0
Kırklareli,SPI12,1981,12,0.0
Kırklareli,SPI12,1982,1,0.547
Kırklareli,SPI12,1982,2,0.566
Kırklareli,SPI12,1982,3,0.0
Kırklareli,SPI12,1982,4,0.0
Kırklareli,SPI12,1982,5,0.0
Kırklareli,SPI12,1982,6,0.0
Kırklareli,SPI12,1982,7,0.0
Kırklareli,SPI12,1982,8,0.0
Kırklareli,SPI12,1982,9,0.0
Kırklareli,SPI12,1982,10,0.0
Kırklareli,SPI12,1982,11,0.0
Kırklareli,SPI12,1982,12,0.0
Kırklareli,SPI12,1983,1,1.699
Kırklareli,SPI12,1983,2,3.198
Kırklareli,SPI12,1983,3,4.162
Kırklareli,SPI12,1983,4,5.018
Kırklareli,SPI12,1983,5,5.782
Kırklareli,SPI12,1983,6,6.596
Kırklareli,SPI12,1983,7,7.302
Kırklareli,SPI12,1983,8,8.273
Kırklareli,SPI12,1983,9,9.765
Kırklareli,SPI12,1983,10,10.729
Kırklareli,SPI12,1983,11,11.435
Kırklareli,SPI12,1983,12,12.168
Kırklareli,SPI12,1984,1,0.98
Kırklareli,SPI12,1984,2,2.472
Kırklareli,SPI12,1984,3,3.536
Kırklareli,SPI12,1984,4,4.467
Kırklareli,SPI12,1984,5,5.314
Kırklareli,SPI12,1984,6,5.96
Kırklareli,SPI12,1984,7,6.774
Kırklareli,SPI12,1984,8,7.547
Kırklareli,SPI12,1984,9,9.246
Kırklareli,SPI12,1984,10,10.745
Kırklareli,SPI12,1984,11,11.709
Kırklareli,SPI12,1984,12,12.556
Kırklareli,SPI12,1985,1,1.256
Kırklareli,SPI12,1985,2,2.437
Kırklareli,SPI12,1985,3,3.61
Kırklareli,SPI12,1985,4,4.557
Kırklareli,SPI12,1985,5,5.524
Kırklareli,SPI12,1985,6,6.697
Kırklareli,SPI12,1985,7,7.8
Kırklareli,SPI12,1985,8,8.906
Kırklareli,SPI12,1985,9,9.853
Kırklareli,SPI12,1985,10,10.797
Kırklareli,SPI12,1985,11,11.071
Kırklareli,SPI12,1985,12,11.568
Kırklareli,SPI12,1986,1,1.818
Kırklareli,SPI12,1986,2,2.912
Kırklareli,SPI12,1986,3,4.268
Kırklareli,SPI12,1986,4,5.527
Kırklareli,SPI12,1986,5,6.787
Kırklareli,SPI12,1986,6,8.039
Kırklareli,SPI12,1986,7,9.243
Kırklareli,SPI12,1986,8,10.519
Kırklareli,SPI12,1986,9,11.491
Kırklareli,SPI12,1986,10,12.39
Kırklareli,SPI12,1986,11,13.161
Kırklareli,SPI12,1986,12,14.107
Kırklareli,SPI12,1987,1,1.672
Kırklareli,SPI12,1987,2,3.142
Kırklareli,SPI12,1987,3,4.477
Kırklareli,SPI12,1987,4,5.932
Kırklareli,SPI12,1987,5,7.267
Kırklareli,SPI12,1987,6,8.382
Kırklareli,SPI12,1987,7,9.717
Kırklareli,SPI12,1987,8,10.976
Kırklareli,SPI12,1987,9,12.236
Kırklareli,SPI12,1987,10,13.488
Kırklareli,SPI12,1987,11,14.692
Kırklareli,SPI12,1987,12,15.968
Kırklareli,SPI12,1988,1,0.19
Kırklareli,SPI12,1988,2,0.278
Kırklareli,SPI12,1988,3,0.0
Kırklareli,SPI12,1988,4,0.0
Kırklareli,SPI12,1988,5,0.0
Kırklareli,SPI12,1988,6,0.0
Kırklareli,SPI12,1988,7,0.0
Kırklareli,SPI12,1988,8,0.0
Kırklareli,SPI12,1988,9,0.0
Kırklareli,SPI12,1988,10,0.0
Kırklareli,SPI12,1988,11,0.0
Kırklareli,SPI12,1988,12,0.0
Kırklareli,SPI12,1989,1,1.345
Kırklareli,SPI12,1989,2,2.42
Kırklareli,SPI12,1989,3,2.968
Kırklareli,SPI12,1989,4,3.769
Kırklareli,SPI12,1989,5,4.481
Kırklareli,SPI12,1989,6,5.089
Kırklareli,SPI12,1989,7,5.621
Kırklareli,SPI12,1989,8,6.302
Kırklareli,SPI12,1989,9,6.694
Kırklareli,SPI12,1989,10,7.036
Kırklareli,SPI12,1989,11,7.173
Kırklareli,SPI12,1989,12,0.0
Kırklareli,SPI12,1990,1,1.583
Kırklareli,SPI12,1990,2,2.923
Kırklareli,SPI12,1990,3,4.456
Kırklareli,SPI12,1990,4,5.668
Kırklareli,SPI12,1990,5,6.735
Kırklareli,SPI12,1990,6,7.868
Kırklareli,SPI12,1990,7,9.083
Kırklareli,SPI12,1990,8,10.6
Kırklareli,SPI12,1990,9,11.945
Kırklareli,SPI12,1990,10,13.157
Kırklareli,SPI12,1990,11,14.232
Kırklareli,SPI12,1990,12,15.247
Kırklareli,SPI12,1991,1,0.985
Kırklareli,SPI12,1991,2,1.559
Kırklareli,SPI12,1991,3,2.269
Kırklareli,SPI12,1991,4,3.284
Kırklareli,SPI12,1991,5,4.496
Kırklareli,SPI12,1991,6,6.029
Kırklareli,SPI12,1991,7,7.377
Kırklareli,SPI12,1991,8,8.952
Kırklareli,SPI12,1991,9,9.785
Kırklareli,SPI12,1991,10,10.781
Kırklareli,SPI12,1991,11,12.364
Kırklareli,SPI12,1991,12,13.579
Kırklareli,SPI12,1992,1,1.595
Kırklareli,SPI12,1992,2,2.535
Kırklareli,SPI12,1992,3,3.485
Kırklareli,SPI12,1992,4,4.756
Kırklareli,SPI12,1992,5,5.969
Kırklareli,SPI12,1992,6,6.954
Kırklareli,SPI12,1992,7,7.596
Kırklareli,SPI12,1992,8,8.451
Kırklareli,SPI12,1992,9,9.409
Kırklareli,SPI12,1992,10,10.57
Kırklareli,SPI12,1992,11,11.676
Kırklareli,SPI12,1992,12,12.722
Kırklareli,SPI12,1993,1,1.381
Kırklareli,SPI12,1993,2,2.548
Kırklareli,SPI12,1993,3,3.443
Kırklareli,SPI12,1993,4,4.543
Kırklareli,SPI12,1993,5,5.589
Kırklareli,SPI12,1993,6,6.695
Kırklareli,SPI12,1993,7,7.856
Kırklareli,SPI12,1993,8,8.921
Kırklareli,SPI12,1993,9,9.799
Kırklareli,SPI12,1993,10,10.654
Kırklareli,SPI12,1993,11,11.51
Kırklareli,SPI12,1993,12,12.891
Kırklareli,SPI12,1994,1,3.025
Kırklareli,SPI12,1994,2,5.873
Kırklareli,SPI12,1994,3,8.472
Kırklareli,SPI12,1994,4,11.082
Kırklareli,SPI12,1994,5,13.481
Kırklareli,SPI12,1994,6,15.857
Kırklareli,SPI12,1994,7,17.652
Kırklareli,SPI12,1994,8,18.987
Kırklareli,SPI12,1994,9,19.983
Kırklareli,SPI12,1994,10,21.19
Kırklareli,SPI12,1994,11,22.242
Kırklareli,SPI12,1994,12,23.335
Kırklareli,SPI12,1995,1,0.704
Kırklareli,SPI12,1995,2,2.039
Kırklareli,SPI12,1995,3,3.834
Kırklareli,SPI12,1995,4,6.21
Kırklareli,SPI12,1995,5,9.235
Kırklareli,SPI12,1995,6,12.083
Kırklareli,SPI12,1995,7,14.682
Kırklareli,SPI12,1995,8,17.292
Kırklareli,SPI12,1995,9,19.691
Kırklareli,SPI12,1995,10,20.687
Kırklareli,SPI12,1995,11,21.894
Kırklareli,SPI12,1995,12,22.946
Kırklareli,SPI12,1996,1,1.324
Kırklareli,SPI12,1996,2,2.412
Kırklareli,SPI12,1996,3,3.395
Kırklareli,SPI12,1996,4,4.204
Kırklareli,SPI12,1996,5,4.906
Kırklareli,SPI12,1996,6,5.607
Kırklareli,SPI12,1996,7,5.858
Kırklareli,SPI12,1996,8,0.0
Kırklareli,SPI12,1996,9,0.0
Kırklareli,SPI12,1996,10,0.0
Kırklareli,SPI12,1996,11,0.0
Kırklareli,SPI12,1996,12,0.0
Kırklareli,SPI12,1997,1,1.66
Kırklareli,SPI12,1997,2,3.034
Kırklareli,SPI12,1997,3,4.348
Kırklareli,SPI12,1997,4,5.602
Kırklareli,SPI12,1997,5,6.76
Kırklareli,SPI12,1997,6,8.014
Kırklareli,SPI12,1997,7,8.997
Kırklareli,SPI12,1997,8,9.963
Kırklareli,SPI12,1997,9,10.804
Kırklareli,SPI12,1997,10,11.613
Kırklareli,SPI12,1997,11,12.315
Kırklareli,SPI12,1997,12,13.016
Kırklareli,SPI12,1998,1,0.0
Kırklareli,SPI12,1998,2,0.0
Kırklareli,SPI12,1998,3,0.0
Kırklareli,SPI12,1998,4,0.0
Kırklareli,SPI12,1998,5,0.0
Kırklareli,SPI12,1998,6,0.0
Kırklareli,SPI12,1998,7,0.0
Kırklareli,SPI12,1998,8,0.0
Kırklareli,SPI12,1998,9,0.0
Kırklareli,SPI12,1998,10,0.0
Kırklareli,SPI12,1998,11,0.0
Kırklareli,SPI12,1998,12,0.0
Kırklareli,SPI12,1999,1,0.0
Kırklareli,SPI12,1999,2,0.0
Kırklareli,SPI12,1999,3,0.0
Kırklareli,SPI12,1999,4,0.0
Kırklareli,SPI12,1999,5,0.0
Kırklareli,SPI12,1999,6,0.0
Kırklareli,SPI12,1999,7,0.0
Kırklareli,SPI12,1999,8,0.0
Kırklareli,SPI12,1999,9,0.0
Kırklareli,SPI12,1999,10,0.0
Kırklareli,SPI12,1999,11,0.0
Kırklareli,SPI12,1999,12,0.0
Kırklareli,SPI12,2000,1,1.766
Kırklareli,SPI12,2000,2,3.234
Kırklareli,SPI12,2000,3,4.254
Kırklareli,SPI12,2000,4,5.114
Kırklareli,SPI12,2000,5,5.91
Kırklareli,SPI12,2000,6,6.846
Kırklareli,SPI12,2000,7,7.674
Kırklareli,SPI12,2000,8,8.008
Kırklareli,SPI12,2000,9,8.059
Kırklareli,SPI12,2000,10,8.15
Kırklareli,SPI12,2000,11,0.0
Kırklareli,SPI12,2000,12,0.0
Kırklareli,SPI12,2001,1,3.13
Kırklareli,SPI12,2001,2,5.946
Kırklareli,SPI12,2001,3,9.066
Kırklareli,SPI12,2001,4,11.888
Kırklareli,SPI12,2001,5,14.54
Kırklareli,SPI12,2001,6,17.162
Kırklareli,SPI12,2001,7,19.698
Kırklareli,SPI12,2001,8,22.133
Kırklareli,SPI12,2001,9,24.525
Kırklareli,SPI12,2001,10,26.7
Kırklareli,SPI12,2001,11,28.819
Kırklareli,SPI12,2001,12,30.827
Kırklareli,SPI12,2002,1,2.303
Kırklareli,SPI12,2002,2,4.354
Kırklareli,SPI12,2002,3,6.847
Kırklareli,SPI12,2002,4,9.977
Kırklareli,SPI12,2002,5,12.793
Kırklareli,SPI12,2002,6,15.913
Kırklareli,SPI12,2002,7,18.735
Kırklareli,SPI12,2002,8,21.387
Kırklareli,SPI12,2002,9,24.009
Kırklareli,SPI12,2002,10,26.444
Kırklareli,SPI12,2002,11,28.836
Kırklareli,SPI12,2002,12,31.011
Kırklareli,SPI12,2003,1,0.14
Kırklareli,SPI12,2003,2,0.22
Kırklareli,SPI12,2003,3,0.0
Kırklareli,SPI12,2003,4,0.0
Kırklareli,SPI12,2003,5,0.0
Kırklareli,SPI12,2003,6,0.0
Kırklareli,SPI12,2003,7,0.0
Kırklareli,SPI12,2003,8,0.0
Kırklareli,SPI12,2003,9,0.0
Kırklareli,SPI12,2003,10,0.0
Kırklareli,SPI12,2003,11,0.0
Kırklareli,SPI12,2003,12,0.0
Kırklareli,SPI12,2004,1,1.252
Kırklareli,SPI12,2004,2,2.365
Kırklareli,SPI12,2004,3,2.957
Kırklareli,SPI12,2004,4,3.77
Kırklareli,SPI12,2004,5,4.307
Kırklareli,SPI12,2004,6,4.698
Kırklareli,SPI12,2004,7,5.144
Kırklareli,SPI12,2004,8,5.224
Kırklareli,SPI12,2004,9,5.364
Kırklareli,SPI12,2004,10,0.0
Kırklareli,SPI12,2004,11,0.0
Kırklareli,SPI12,2004,12,0.0
Kırklareli,SPI12,2005,1,0.433
Kırklareli,SPI12,2005,2,0.729
Kırklareli,SPI12,2005,3,1.219
Kırklareli,SPI12,2005,4,1.966
Kırklareli,SPI12,2005,5,1.991
Kırklareli,SPI12,2005,6,0.0
Kırklareli,SPI12,2005,7,0.0
Kırklareli,SPI12,2005,8,0.0
Kırklareli,SPI12,2005,9,0.0
Kırklareli,SPI12,2005,10,0.0
Kırklareli,SPI12,2005,11,0.0
Kırklareli,SPI12,2005,12,0.0
Kırklareli,SPI12,2006,1,0.0
Kırklareli,SPI12,2006,2,0.0
Kırklareli,SPI12,2006,3,0.0
Kırklareli,SPI12,2006,4,0.0
Kırklareli,SPI12,2006,5,0.0
Kırklareli,SPI12,2006,6,0.0
Kırklareli,SPI12,2006,7,0.0
Kırklareli,SPI12,2006,8,0.0
Kırklareli,SPI12,2006,9,0.0
Kırklareli,SPI12,2006,10,0.0
Kırklareli,SPI12,2006,11,0.0
Kırklareli,SPI12,2006,12,0.0
Kırklareli,SPI12,2007,1,0.842
Kırklareli,SPI12,2007,2,1.439
Kırklareli,SPI12,2007,3,1.983
Kırklareli,SPI12,2007,4,2.58
Kırklareli,SPI12,2007,5,2.636
Kırklareli,SPI12,2007,6,2.657
Kırklareli,SPI12,2007,7,0.0
Kırklareli,SPI12,2007,8,0.0
Kırklareli,SPI12,2007,9,0.0
Kırklareli,SPI12,2007,10,0.0
Kırklareli,SPI12,2007,11,0.0
Kırklareli,SPI12,2007,12,0.0
Kırklareli,SPI12,2008,1,1.11
Kırklareli,SPI12,2008,2,2.112
Kırklareli,SPI12,2008,3,2.535
Kırklareli,SPI12,2008,4,2.542
Kırklareli,SPI12,2008,5,2.783
Kırklareli,SPI12,2008,6,3.155
Kırklareli,SPI12,2008,7,3.605
Kırklareli,SPI12,2008,8,4.269
Kırklareli,SPI12,2008,9,4.329
Kırklareli,SPI12,2008,10,4.739
Kırklareli,SPI12,2008,11,5.167
Kırklareli,SPI12,2008,12,5.391
Kırklareli,SPI12,2009,1,0.687
Kırklareli,SPI12,2009,2,1.797
Kırklareli,SPI12,2009,3,2.799
Kırklareli,SPI12,2009,4,3.222
Kırklareli,SPI12,2009,5,3.229
Kırklareli,SPI12,2009,6,3.47
Kırklareli,SPI12,2009,7,3.842
Kırklareli,SPI12,2009,8,4.292
Kırklareli,SPI12,2009,9,4.956
Kırklareli,SPI12,2009,10,5.016
Kırklareli,SPI12,2009,11,5.426
Kırklareli,SPI12,2009,12,5.854
Kırklareli,SPI12,2010,1,0.0
Kırklareli,SPI12,2010,2,0.0
Kırklareli,SPI12,2010,3,0.0
Kırklareli,SPI12,2010,4,0.0
Kırklareli,SPI12,2010,5,0.0
Kırklareli,SPI12,2010,6,0.0
Kırklareli,SPI12,2010,7,0.0
Kırklareli,SPI12,2010,8,0.0
Kırklareli,SPI12,2010,9,0.0
Kırklareli,SPI12,2010,10,0.0
Kırklareli,SPI12,2010,11,0.0
Kırklareli,SPI12,2010,12,0.0
Kırklareli,SPI12,2011,1,0.927
Kırklareli,SPI12,2011,2,1.662
Kırklareli,SPI12,2011,3,2.457
Kırklareli,SPI12,2011,4,3.127
Kırklareli,SPI12,2011,5,3.749
Kırklareli,SPI12,2011,6,4.414
Kırklareli,SPI12,2011,7,5.059
Kırklareli,SPI12,2011,8,5.557
Kırklareli,SPI12,2011,9,6.222
Kırklareli,SPI12,2011,10,6.867
Kırklareli,SPI12,2011,11,7.103
Kırklareli,SPI12,2011,12,0.0
Kırklareli,SPI12,2012,1,0.053
Kırklareli,SPI12,2012,2,0.058
Kırklareli,SPI12,2012,3,0.0
Kırklareli,SPI12,2012,4,0.0
Kırklareli,SPI12,2012,5,0.0
Kırklareli,SPI12,2012,6,0.0
Kırklareli,SPI12,2012,7,0.0
Kırklareli,SPI12,2012,8,0.0
Kırklareli,SPI12,2012,9,0.0
Kırklareli,SPI12,2012,10,0.0
Kırklareli,SPI12,2012,11,0.0
Kırklareli,SPI12,2012,12,0.0
Kırklareli,SPI12,2013,1,0.0
Kırklareli,SPI12,2013,2,0.0
Kırklareli,SPI12,2013,3,0.0
Kırklareli,SPI12,2013,4,0.0
Kırklareli,SPI12,2013,5,0.0
Kırklareli,SPI12,2013,6,0.0
Kırklareli,SPI12,2013,7,0.0
Kırklareli,SPI12,2013,8,0.0
Kırklareli,SPI12,2013,9,0.0
Kırklareli,SPI12,2013,10,0.0
Kırklareli,SPI12,2013,11,0.0
Kırklareli,SPI12,2013,12,0.0
Kırklareli,SPI12,2014,1,0.546
Kırklareli,SPI12,2014,2,0.965
Kırklareli,SPI12,2014,3,1.023
Kırklareli,SPI12,2014,4,0.0
Kırklareli,SPI12,2014,5,0.0
Kırklareli,SPI12,2014,6,0.0
Kırklareli,SPI12,2014,7,0.0
Kırklareli,SPI12,2014,8,0.0
Kırklareli,SPI12,2014,9,0.0
Kırklareli,SPI12,2014,10,0.0
Kırklareli,SPI12,2014,11,0.0
Kırklareli,SPI12,2014,12,0.0
Kırklareli,SPI12,2015,1,0.457
Kırklareli,SPI12,2015,2,0.0
Kırklareli,SPI12,2015,3,0.0
Kırklareli,SPI12,2015,4,0.0
Kırklareli,SPI12,2015,5,0.0
Kırklareli,SPI12,2015,6,0.0
Kırklareli,SPI12,2015,7,0.0
Kırklareli,SPI12,2015,8,0.0
Kırklareli,SPI12,2015,9,0.0
Kırklareli,SPI12,2015,10,0.0
Kırklareli,SPI12,2015,11,0.0
Kırklareli,SPI12,2015,12,0.0
Kırklareli,SPI12,2016,1,0.149
Kırklareli,SPI12,2016,2,0.256
Kırklareli,SPI12,2016,3,0.324
Kırklareli,SPI12,2016,4,0.332
Kırklareli,SPI12,2016,5,0.0
Kırklareli,SPI12,2016,6,0.0
Kırklareli,SPI12,2016,7,0.0
Kırklareli,SPI12,2016,8,0.0
Kırklareli,SPI12,2016,9,0.0
Kırklareli,SPI12,2016,10,0.0
Kırklareli,SPI12,2016,11,0.0
Kırklareli,SPI12,2016,12,0.0
Kırklareli,SPI12,2017,1,0.737
Kırklareli,SPI12,2017,2,1.427
Kırklareli,SPI12,2017,3,1.948
Kırklareli,SPI12,2017,4,2.57
Kırklareli,SPI12,2017,5,3.207
Kırklareli,SPI12,2017,6,3.728
Kırklareli,SPI12,2017,7,3.873
Kırklareli,SPI12,2017,8,4.044
Kırklareli,SPI12,2017,9,4.086
Kırklareli,SPI12,2017,10,4.12
Kırklareli,SPI12,2017,11,4.269
Kırklareli,SPI12,2017,12,4.376
Kırklareli,SPI12,2018,1,0.0
Kırklareli,SPI12,2018,2,0.0
Kırklareli,SPI12,2018,3,0.0
Kırklareli,SPI12,2018,4,0.0
Kırklareli,SPI12,2018,5,0.0
Kırklareli,SPI12,2018,6,0.0
Kırklareli,SPI12,2018,7,0.0
Kırklareli,SPI12,2018,8,0.0
Kırklareli,SPI12,2018,9,0.0
Kırklareli,SPI12,2018,10,0.0
Kırklareli,SPI12,2018,11,0.0
Kırklareli,SPI12,2018,12,0.0
Kırklareli,SPI12,2019,1,0.0
Kırklareli,SPI12,2019,2,0.0
Kırklareli,SPI12,2019,3,0.0
Kırklareli,SPI12,2019,4,0.0
Kırklareli,SPI12,2019,5,0.0
Kırklareli,SPI12,2019,6,0.0
Kırklareli,SPI12,2019,7,0.0
Kırklareli,SPI12,2019,8,0.0
Kırklareli,SPI12,2019,9,0.0
Kırklareli,SPI12,2019,10,0.0
Kırklareli,SPI12,2019,11,0.0
Kırklareli,SPI12,2019,12,0.0
Kırklareli,SPI12,2020,1,0.965
Kırklareli,SPI12,2020,2,1.834
Kırklareli,SPI12,2020,3,2.581
Kırklareli,SPI12,2020,4,3.149
Kırklareli,SPI12,2020,5,3.682
Kırklareli,SPI12,2020,6,4.01
Kırklareli,SPI12,2020,7,0.0
Kırklareli,SPI12,2020,8,0.0
Kırklareli,SPI12,2020,9,0.0
Kırklareli,SPI12,2020,10,0.0
Kırklareli,SPI12,2020,11,0.0
Kırklareli,SPI12,2020,12,0.0
Kırklareli,SPI12,2021,1,0.0
Kırklareli,SPI12,2021,2,0.0
Kırklareli,SPI12,2021,3,0.0
Kırklareli,SPI12,2021,4,0.0
Kırklareli,SPI12,2021,5,0.0
Kırklareli,SPI12,2021,6,0.0
Kırklareli,SPI12,2021,7,0.0
Kırklareli,SPI12,2021,8,0.0
Kırklareli,SPI12,2021,9,0.0
Kırklareli,SPI12,2021,10,0.0
Kırklareli,SPI12,2021,11,0.0
Kırklareli,SPI12,2021,12,0.0
Kırklareli,SPI12,2022,1,0.596
Kırklareli,SPI12,2022,2,0.0
Kırklareli,SPI12,2022,3,0.0
Kırklareli,SPI12,2022,4,0.0
Kırklareli,SPI12,2022,5,0.0
Kırklareli,SPI12,2022,6,0.0
Kırklareli,SPI12,2022,7,0.0
Kırklareli,SPI12,2022,8,0.0
Kırklareli,SPI12,2022,9,0.0
Kırklareli,SPI12,2022,10,0.0
Kırklareli,SPI12,2022,11,0.0
Kırklareli,SPI12,2022,12,0.0
Kırklareli,SPI12,2023,1,1.715
Kırklareli,SPI12,2023,2,3.044
Kırklareli,SPI12,2023,3,4.009
Kırklareli,SPI12,2023,4,4.826
Kırklareli,SPI12,2023,5,5.592
Kırklareli,SPI12,2023,6,6.355
Kırklareli,SPI12,2023,7,7.45
Kırklareli,SPI12,2023,8,8.827
Kırklareli,SPI12,2023,9,10.293
Kırklareli,SPI12,2023,10,10.905
Kırklareli,SPI12,2023,11,11.501
Kırklareli,SPI12,2023,12,11.669
Kırklareli,SPI12,2024,1,1.297
Kırklareli,SPI12,2024,2,2.318
Kırklareli,SPI12,2024,3,0.634
Kırklareli,SPI12,2024,4,0.0
Kırklareli,SPI12,2024,5,0.0
Kırklareli,SPI12,2024,6,0.0
Kırklareli,SPI12,2024,7,0.0
Kırklareli,SPI12,2024,8,0.0
Kırklareli,SPI12,2024,9,0.0
Kırklareli,SPI12,2024,10,0.0
Kırklareli,SPI12,2024,11,0.0
Kırklareli,SPI12,2024,12,0.0
Kırklareli,SPEI12,1966,1,0.201
Kırklareli,SPEI12,1966,2,0.0
Kırklareli,SPEI12,1966,3,0.0
Kırklareli,SPEI12,1966,4,0.0
Kırklareli,SPEI12,1966,5,0.0
Kırklareli,SPEI12,1966,6,0.0
Kırklareli,SPEI12,1966,7,0.0
Kırklareli,SPEI12,1966,8,0.0
Kırklareli,SPEI12,1966,9,0.0
Kırklareli,SPEI12,1966,10,0.0
Kırklareli,SPEI12,1966,11,0.0
Kırklareli,SPEI12,1966,12,0.0
Kırklareli,SPEI12,1967,1,0.317
Kırklareli,SPEI12,1967,2,0.0
Kırklareli,SPEI12,1967,3,0.0
Kırklareli,SPEI12,1967,4,0.0
Kırklareli,SPEI12,1967,5,0.0
Kırklareli,SPEI12,1967,6,0.0
Kırklareli,SPEI12,1967,7,0.0
Kırklareli,SPEI12,1967,8,0.0
Kırklareli,SPEI12,1967,9,0.0
Kırklareli,SPEI12,1967,10,0.0
Kırklareli,SPEI12,1967,11,0.0
Kırklareli,SPEI12,1967,12,0.0
Kırklareli,SPEI12,1968,1,0.755
Kırklareli,SPEI12,1968,2,1.393
Kırklareli,SPEI12,1968,3,1.736
Kırklareli,SPEI12,1968,4,2.1
Kırklareli,SPEI12,1968,5,2.487
Kırklareli,SPEI12,1968,6,3.0
Kırklareli,SPEI12,1968,7,3.267
Kırklareli,SPEI12,1968,8,3.389
Kırklareli,SPEI12,1968,9,0.0
Kırklareli,SPEI12,1968,10,0.0
Kırklareli,SPEI12,1968,11,0.0
Kırklareli,SPEI12,1968,12,0.0
Kırklareli,SPEI12,1969,1,1.191
Kırklareli,SPEI12,1969,2,1.634
Kırklareli,SPEI12,1969,3,1.929
Kırklareli,SPEI12,1969,4,2.269
Kırklareli,SPEI12,1969,5,2.656
Kırklareli,SPEI12,1969,6,3.02
Kırklareli,SPEI12,1969,7,3.675
Kırklareli,SPEI12,1969,8,4.313
Kırklareli,SPEI12,1969,9,4.756
Kırklareli,SPEI12,1969,10,5.051
Kırklareli,SPEI12,1969,11,5.318
Kırklareli,SPEI12,1969,12,0.0
Kırklareli,SPEI12,1970,1,0.63
Kırklareli,SPEI12,1970,2,1.175
Kırklareli,SPEI12,1970,3,1.787
Kırklareli,SPEI12,1970,4,2.007
Kırklareli,SPEI12,1970,5,2.425
Kırklareli,SPEI12,1970,6,2.841
Kırklareli,SPEI12,1970,7,3.139
Kırklareli,SPEI12,1970,8,3.486
Kırklareli,SPEI12,1970,9,3.647
Kırklareli,SPEI12,1970,10,0.0
Kırklareli,SPEI12,1970,11,0.0
Kırklareli,SPEI12,1970,12,0.0
Kırklareli,SPEI12,1971,1,0.506
Kırklareli,SPEI12,1971,2,0.964
Kırklareli,SPEI12,1971,3,0.984
Kırklareli,SPEI12,1971,4,1.132
Kırklareli,SPEI12,1971,5,1.532
Kırklareli,SPEI12,1971,6,1.629
Kırklareli,SPEI12,1971,7,1.632
Kırklareli,SPEI12,1971,8,0.0
Kırklareli,SPEI12,1971,9,0.0
Kırklareli,SPEI12,1971,10,0.0
Kırklareli,SPEI12,1971,11,0.0
Kırklareli,SPEI12,1971,12,0.0
Kırklareli,SPEI12,1972,1,0.97
Kırklareli,SPEI12,1972,2,1.65
Kırklareli,SPEI12,1972,3,2.032
Kırklareli,SPEI12,1972,4,2.507
Kırklareli,SPEI12,1972,5,3.084
Kırklareli,SPEI12,1972,6,3.466
Kırklareli,SPEI12,1972,7,3.816
Kırklareli,SPEI12,1972,8,0.0
Kırklareli,SPEI12,1972,9,0.0
Kırklareli,SPEI12,1972,10,0.0
Kırklareli,SPEI12,1972,11,0.0
Kırklareli,SPEI12,1972,12,0.0
Kırklareli,SPEI12,1973,1,0.0
Kırklareli,SPEI12,1973,2,0.0
Kırklareli,SPEI12,1973,3,0.0
Kırklareli,SPEI12,1973,4,0.0
Kırklareli,SPEI12,1973,5,0.0
Kırklareli,SPEI12,1973,6,0.0
Kırklareli,SPEI12,1973,7,0.0
Kırklareli,SPEI12,1973,8,0.0
Kırklareli,SPEI12,1973,9,0.0
Kırklareli,SPEI12,1973,10,0.0
Kırklareli,SPEI12,1973,11,0.0
Kırklareli,SPEI12,1973,12,0.0
Kırklareli,SPEI12,1974,1,0.271
Kırklareli,SPEI12,1974,2,0.0
Kırklareli,SPEI12,1974,3,0.0
Kırklareli,SPEI12,1974,4,0.0
Kırklareli,SPEI12,1974,5,0.0
Kırklareli,SPEI12,1974,6,0.0
Kırklareli,SPEI12,1974,7,0.0
Kırklareli,SPEI12,1974,8,0.0
Kırklareli,SPEI12,1974,9,0.0
Kırklareli,SPEI12,1974,10,0.0
Kırklareli,SPEI12,1974,11,0.0
Kırklareli,SPEI12,1974,12,0.0
Kırklareli,SPEI12,1975,1,0.336
Kırklareli,SPEI12,1975,2,0.542
Kırklareli,SPEI12,1975,3,0.649
Kırklareli,SPEI12,1975,4,0.7
Kırklareli,SPEI12,1975,5,0.755
Kırklareli,SPEI12,1975,6,0.806
Kırklareli,SPEI12,1975,7,0.0
Kırklareli,SPEI12,1975,8,0.0
Kırklareli,SPEI12,1975,9,0.0
Kırklareli,SPEI12,1975,10,0.0
Kırklareli,SPEI12,1975,11,0.0
Kırklareli,SPEI12,1975,12,0.0
Kırklareli,SPEI12,1976,1,0.0
Kırklareli,SPEI12,1976,2,0.0
Kırklareli,SPEI12,1976,3,0.0
Kırklareli,SPEI12,1976,4,0.0
Kırklareli,SPEI12,1976,5,0.0
Kırklareli,SPEI12,1976,6,0.0
Kırklareli,SPEI12,1976,7,0.0
Kırklareli,SPEI12,1976,8,0.0
Kırklareli,SPEI12,1976,9,0.0
Kırklareli,SPEI12,1976,10,0.0
Kırklareli,SPEI12,1976,11,0.0
Kırklareli,SPEI12,1976,12,0.0
Kırklareli,SPEI12,1977,1,0.0
Kırklareli,SPEI12,1977,2,0.0
Kırklareli,SPEI12,1977,3,0.0
Kırklareli,SPEI12,1977,4,0.0
Kırklareli,SPEI12,1977,5,0.0
Kırklareli,SPEI12,1977,6,0.0
Kırklareli,SPEI12,1977,7,0.0
Kırklareli,SPEI12,1977,8,0.0
Kırklareli,SPEI12,1977,9,0.0
Kırklareli,SPEI12,1977,10,0.0
Kırklareli,SPEI12,1977,11,0.0
Kırklareli,SPEI12,1977,12,0.0
Kırklareli,SPEI12,1978,1,0.24
Kırklareli,SPEI12,1978,2,0.393
Kırklareli,SPEI12,1978,3,0.0
Kırklareli,SPEI12,1978,4,0.0
Kırklareli,SPEI12,1978,5,0.0
Kırklareli,SPEI12,1978,6,0.0
Kırklareli,SPEI12,1978,7,0.0
Kırklareli,SPEI12,1978,8,0.0
Kırklareli,SPEI12,1978,9,0.0
Kırklareli,SPEI12,1978,10,0.0
Kırklareli,SPEI12,1978,11,0.0
Kırklareli,SPEI12,1978,12,0.0
Kırklareli,SPEI12,1979,1,0.266
Kırklareli,SPEI12,1979,2,0.496
Kırklareli,SPEI12,1979,3,0.579
Kırklareli,SPEI12,1979,4,0.0
Kırklareli,SPEI12,1979,5,0.0
Kırklareli,SPEI12,1979,6,0.0
Kırklareli,SPEI12,1979,7,0.0
Kırklareli,SPEI12,1979,8,0.0
Kırklareli,SPEI12,1979,9,0.0
Kırklareli,SPEI12,1979,10,0.0
Kırklareli,SPEI12,1979,11,0.0
Kırklareli,SPEI12,1979,12,0.0
Kırklareli,SPEI12,1980,1,0.449
Kırklareli,SPEI12,1980,2,0.0
Kırklareli,SPEI12,1980,3,0.0
Kırklareli,SPEI12,1980,4,0.0
Kırklareli,SPEI12,1980,5,0.0
Kırklareli,SPEI12,1980,6,0.0
Kırklareli,SPEI12,1980,7,0.0
Kırklareli,SPEI12,1980,8,0.0
Kırklareli,SPEI12,1980,9,0.0
Kırklareli,SPEI12,1980,10,0.0
Kırklareli,SPEI12,1980,11,0.0
Kırklareli,SPEI12,1980,12,0.0
Kırklareli,SPEI12,1981,1,0.0
Kırklareli,SPEI12,1981,2,0.0
Kırklareli,SPEI12,1981,3,0.0
Kırklareli,SPEI12,1981,4,0.0
Kırklareli,SPEI12,1981,5,0.0
Kırklareli,SPEI12,1981,6,0.0
Kırklareli,SPEI12,1981,7,0.0
Kırklareli,SPEI12,1981,8,0.0
Kırklareli,SPEI12,1981,9,0.0
Kırklareli,SPEI12,1981,10,0.0
Kırklareli,SPEI12,1981,11,0.0
Kırklareli,SPEI12,1981,12,0.0
Kırklareli,SPEI12,1982,1,0.27
Kırklareli,SPEI12,1982,2,0.0
Kırklareli,SPEI12,1982,3,0.0
Kırklareli,SPEI12,1982,4,0.0
Kırklareli,SPEI12,1982,5,0.0
Kırklareli,SPEI12,1982,6,0.0
Kırklareli,SPEI12,1982,7,0.0
Kırklareli,SPEI12,1982,8,0.0
Kırklareli,SPEI12,1982,9,0.0
Kırklareli,SPEI12,1982,10,0.0
Kırklareli,SPEI12,1982,11,0.0
Kırklareli,SPEI12,1982,12,0.0
Kırklareli,SPEI12,1983,1,1.643
Kırklareli,SPEI12,1983,2,3.13
Kırklareli,SPEI12,1983,3,3.993
Kırklareli,SPEI12,1983,4,4.847
Kırklareli,SPEI12,1983,5,5.67
Kırklareli,SPEI12,1983,6,6.353
Kırklareli,SPEI12,1983,7,6.995
Kırklareli,SPEI12,1983,8,7.726
Kırklareli,SPEI12,1983,9,9.001
Kırklareli,SPEI12,1983,10,9.824
Kırklareli,SPEI12,1983,11,10.347
Kırklareli,SPEI12,1983,12,10.851
Kırklareli,SPEI12,1984,1,0.83
Kırklareli,SPEI12,1984,2,2.105
Kırklareli,SPEI12,1984,3,3.023
Kırklareli,SPEI12,1984,4,3.744
Kırklareli,SPEI12,1984,5,4.38
Kırklareli,SPEI12,1984,6,5.022
Kırklareli,SPEI12,1984,7,5.838
Kırklareli,SPEI12,1984,8,6.701
Kırklareli,SPEI12,1984,9,8.344
Kırklareli,SPEI12,1984,10,9.831
Kırklareli,SPEI12,1984,11,10.654
Kırklareli,SPEI12,1984,12,11.375
Kırklareli,SPEI12,1985,1,1.168
Kırklareli,SPEI12,1985,2,2.22
Kırklareli,SPEI12,1985,3,3.008
Kırklareli,SPEI12,1985,4,3.83
Kırklareli,SPEI12,1985,5,4.969
Kırklareli,SPEI12,1985,6,5.882
Kırklareli,SPEI12,1985,7,6.672
Kırklareli,SPEI12,1985,8,7.373
Kırklareli,SPEI12,1985,9,8.118
Kırklareli,SPEI12,1985,10,8.881
Kırklareli,SPEI12,1985,11,0.0
Kırklareli,SPEI12,1985,12,0.0
Kırklareli,SPEI12,1986,1,1.683
Kırklareli,SPEI12,1986,2,2.773
Kırklareli,SPEI12,1986,3,4.207
Kırklareli,SPEI12,1986,4,5.349
Kırklareli,SPEI12,1986,5,6.575
Kırklareli,SPEI12,1986,6,7.806
Kırklareli,SPEI12,1986,7,8.898
Kırklareli,SPEI12,1986,8,10.191
Kırklareli,SPEI12,1986,9,11.112
Kırklareli,SPEI12,1986,10,11.966
Kırklareli,SPEI12,1986,11,12.685
Kırklareli,SPEI12,1986,12,13.521
Kırklareli,SPEI12,1987,1,1.54
Kırklareli,SPEI12,1987,2,2.928
Kırklareli,SPEI12,1987,3,4.067
Kırklareli,SPEI12,1987,4,5.532
Kırklareli,SPEI12,1987,5,6.671
Kırklareli,SPEI12,1987,6,8.056
Kırklareli,SPEI12,1987,7,9.198
Kırklareli,SPEI12,1987,8,10.424
Kırklareli,SPEI12,1987,9,11.655
Kırklareli,SPEI12,1987,10,12.794
Kırklareli,SPEI12,1987,11,14.04
Kırklareli,SPEI12,1987,12,15.179
Kırklareli,SPEI12,1988,1,0.131
Kırklareli,SPEI12,1988,2,0.217
Kırklareli,SPEI12,1988,3,0.0
Kırklareli,SPEI12,1988,4,0.0
Kırklareli,SPEI12,1988,5,0.0
Kırklareli,SPEI12,1988,6,0.0
Kırklareli,SPEI12,1988,7,0.0
Kırklareli,SPEI12,1988,8,0.0
Kırklareli,SPEI12,1988,9,0.0
Kırklareli,SPEI12,1988,10,0.0
Kırklareli,SPEI12,1988,11,0.0
Kırklareli,SPEI12,1988,12,0.0
Kırklareli,SPEI12,1989,1,1.186
Kırklareli,SPEI12,1989,2,2.114
Kırklareli,SPEI12,1989,3,2.308
Kırklareli,SPEI12,1989,4,2.869
Kırklareli,SPEI12,1989,5,3.219
Kırklareli,SPEI12,1989,6,3.626
Kırklareli,SPEI12,1989,7,4.164
Kırklareli,SPEI12,1989,8,5.001
Kırklareli,SPEI12,1989,9,5.522
Kırklareli,SPEI12,1989,10,5.761
Kırklareli,SPEI12,1989,11,0.0
Kırklareli,SPEI12,1989,12,0.0
Kırklareli,SPEI12,1990,1,1.386
Kırklareli,SPEI12,1990,2,2.561
Kırklareli,SPEI12,1990,3,3.832
Kırklareli,SPEI12,1990,4,5.018
Kırklareli,SPEI12,1990,5,5.946
Kırklareli,SPEI12,1990,6,6.612
Kırklareli,SPEI12,1990,7,7.627
Kırklareli,SPEI12,1990,8,8.787
Kırklareli,SPEI12,1990,9,9.902
Kırklareli,SPEI12,1990,10,10.873
Kırklareli,SPEI12,1990,11,11.801
Kırklareli,SPEI12,1990,12,12.472
Kırklareli,SPEI12,1991,1,0.613
Kırklareli,SPEI12,1991,2,1.067
Kırklareli,SPEI12,1991,3,2.054
Kırklareli,SPEI12,1991,4,2.657
Kırklareli,SPEI12,1991,5,3.628
Kırklareli,SPEI12,1991,6,4.743
Kırklareli,SPEI12,1991,7,5.903
Kırklareli,SPEI12,1991,8,7.24
Kırklareli,SPEI12,1991,9,7.846
Kırklareli,SPEI12,1991,10,8.512
Kırklareli,SPEI12,1991,11,9.898
Kırklareli,SPEI12,1991,12,10.969
Kırklareli,SPEI12,1992,1,1.259
Kırklareli,SPEI12,1992,2,1.86
Kırklareli,SPEI12,1992,3,2.426
Kırklareli,SPEI12,1992,4,3.317
Kırklareli,SPEI12,1992,5,4.163
Kırklareli,SPEI12,1992,6,4.776
Kırklareli,SPEI12,1992,7,5.145
Kırklareli,SPEI12,1992,8,5.587
Kırklareli,SPEI12,1992,9,6.176
Kırklareli,SPEI12,1992,10,6.874
Kırklareli,SPEI12,1992,11,7.709
Kırklareli,SPEI12,1992,12,8.468
Kırklareli,SPEI12,1993,1,0.986
Kırklareli,SPEI12,1993,2,1.802
Kırklareli,SPEI12,1993,3,2.415
Kırklareli,SPEI12,1993,4,3.235
Kırklareli,SPEI12,1993,5,3.994
Kırklareli,SPEI12,1993,6,4.829
Kırklareli,SPEI12,1993,7,5.527
Kırklareli,SPEI12,1993,8,6.27
Kırklareli,SPEI12,1993,9,6.729
Kırklareli,SPEI12,1993,10,7.171
Kırklareli,SPEI12,1993,11,7.813
Kırklareli,SPEI12,1993,12,8.799
Kırklareli,SPEI12,1994,1,3.293
Kırklareli,SPEI12,1994,2,5.942
Kırklareli,SPEI12,1994,3,8.735
Kırklareli,SPEI12,1994,4,11.007
Kırklareli,SPEI12,1994,5,13.309
Kırklareli,SPEI12,1994,6,15.315
Kırklareli,SPEI12,1994,7,17.287
Kırklareli,SPEI12,1994,8,19.022
Kırklareli,SPEI12,1994,9,19.999
Kırklareli,SPEI12,1994,10,21.113
Kırklareli,SPEI12,1994,11,22.047
Kırklareli,SPEI12,1994,12,22.986
Kırklareli,SPEI12,1995,1,1.114
Kırklareli,SPEI12,1995,2,2.849
Kırklareli,SPEI12,1995,3,4.821
Kırklareli,SPEI12,1995,4,7.614
Kırklareli,SPEI12,1995,5,10.263
Kırklareli,SPEI12,1995,6,13.556
Kırklareli,SPEI12,1995,7,15.828
Kırklareli,SPEI12,1995,8,18.13
Kırklareli,SPEI12,1995,9,20.136
Kırklareli,SPEI12,1995,10,21.113
Kırklareli,SPEI12,1995,11,22.227
Kırklareli,SPEI12,1995,12,23.161
Kırklareli,SPEI12,1996,1,1.229
Kırklareli,SPEI12,1996,2,2.285
Kırklareli,SPEI12,1996,3,2.898
Kırklareli,SPEI12,1996,4,3.552
Kırklareli,SPEI12,1996,5,3.999
Kırklareli,SPEI12,1996,6,4.557
Kırklareli,SPEI12,1996,7,4.562
Kırklareli,SPEI12,1996,8,0.0
Kırklareli,SPEI12,1996,9,0.0
Kırklareli,SPEI12,1996,10,0.0
Kırklareli,SPEI12,1996,11,0.0
Kırklareli,SPEI12,1996,12,0.0
Kırklareli,SPEI12,1997,1,1.648
Kırklareli,SPEI12,1997,2,3.132
Kırklareli,SPEI12,1997,3,4.506
Kırklareli,SPEI12,1997,4,5.795
Kırklareli,SPEI12,1997,5,6.851
Kırklareli,SPEI12,1997,6,8.08
Kırklareli,SPEI12,1997,7,9.065
Kırklareli,SPEI12,1997,8,9.902
Kırklareli,SPEI12,1997,9,10.515
Kırklareli,SPEI12,1997,10,11.169
Kırklareli,SPEI12,1997,11,11.616
Kırklareli,SPEI12,1997,12,12.174
Kırklareli,SPEI12,1998,1,0.0
Kırklareli,SPEI12,1998,2,0.0
Kırklareli,SPEI12,1998,3,0.0
Kırklareli,SPEI12,1998,4,0.0
Kırklareli,SPEI12,1998,5,0.0
Kırklareli,SPEI12,1998,6,0.0
Kırklareli,SPEI12,1998,7,0.0
Kırklareli,SPEI12,1998,8,0.0
Kırklareli,SPEI12,1998,9,0.0
Kırklareli,SPEI12,1998,10,0.0
Kırklareli,SPEI12,1998,11,0.0
Kırklareli,SPEI12,1998,12,0.0
Kırklareli,SPEI12,1999,1,0.0
Kırklareli,SPEI12,1999,2,0.0
Kırklareli,SPEI12,1999,3,0.0
Kırklareli,SPEI12,1999,4,0.0
Kırklareli,SPEI12,1999,5,0.0
Kırklareli,SPEI12,1999,6,0.0
Kırklareli,SPEI12,1999,7,0.0
Kırklareli,SPEI12,1999,8,0.0
Kırklareli,SPEI12,1999,9,0.0
Kırklareli,SPEI12,1999,10,0.0
Kırklareli,SPEI12,1999,11,0.0
Kırklareli,SPEI12,1999,12,0.0
Kırklareli,SPEI12,2000,1,2.017
Kırklareli,SPEI12,2000,2,3.645
Kırklareli,SPEI12,2000,3,4.658
Kırklareli,SPEI12,2000,4,5.787
Kırklareli,SPEI12,2000,5,6.711
Kırklareli,SPEI12,2000,6,7.97
Kırklareli,SPEI12,2000,7,9.088
Kırklareli,SPEI12,2000,8,9.781
Kırklareli,SPEI12,2000,9,10.052
Kırklareli,SPEI12,2000,10,10.302
Kırklareli,SPEI12,2000,11,10.495
Kırklareli,SPEI12,2000,12,10.593
Kırklareli,SPEI12,2001,1,4.753
Kırklareli,SPEI12,2001,2,7.371
Kırklareli,SPEI12,2001,3,12.124
Kırklareli,SPEI12,2001,4,14.702
Kırklareli,SPEI12,2001,5,17.329
Kırklareli,SPEI12,2001,6,19.784
Kırklareli,SPEI12,2001,7,22.248
Kırklareli,SPEI12,2001,8,24.874
Kırklareli,SPEI12,2001,9,27.329
Kırklareli,SPEI12,2001,10,29.793
Kırklareli,SPEI12,2001,11,32.097
Kırklareli,SPEI12,2001,12,34.556
Kırklareli,SPEI12,2002,1,2.701
Kırklareli,SPEI12,2002,2,5.165
Kırklareli,SPEI12,2002,3,7.62
Kırklareli,SPEI12,2002,4,12.373
Kırklareli,SPEI12,2002,5,14.991
Kırklareli,SPEI12,2002,6,19.744
Kırklareli,SPEI12,2002,7,22.322
Kırklareli,SPEI12,2002,8,24.949
Kırklareli,SPEI12,2002,9,27.287
Kırklareli,SPEI12,2002,10,29.84
Kırklareli,SPEI12,2002,11,32.494
Kırklareli,SPEI12,2002,12,34.832
Kırklareli,SPEI12,2003,1,0.245
Kırklareli,SPEI12,2003,2,0.349
Kırklareli,SPEI12,2003,3,0.0
Kırklareli,SPEI12,2003,4,0.0
Kırklareli,SPEI12,2003,5,0.0
Kırklareli,SPEI12,2003,6,0.0
Kırklareli,SPEI12,2003,7,0.0
Kırklareli,SPEI12,2003,8,0.0
Kırklareli,SPEI12,2003,9,0.0
Kırklareli,SPEI12,2003,10,0.0
Kırklareli,SPEI12,2003,11,0.0
Kırklareli,SPEI12,2003,12,0.0
Kırklareli,SPEI12,2004,1,1.459
Kırklareli,SPEI12,2004,2,2.791
Kırklareli,SPEI12,2004,3,3.626
Kırklareli,SPEI12,2004,4,4.582
Kırklareli,SPEI12,2004,5,5.191
Kırklareli,SPEI12,2004,6,5.555
Kırklareli,SPEI12,2004,7,5.865
Kırklareli,SPEI12,2004,8,5.969
Kırklareli,SPEI12,2004,9,6.214
Kırklareli,SPEI12,2004,10,0.0
Kırklareli,SPEI12,2004,11,0.0
Kırklareli,SPEI12,2004,12,0.0
Kırklareli,SPEI12,2005,1,0.433
Kırklareli,SPEI12,2005,2,0.71
Kırklareli,SPEI12,2005,3,0.986
Kırklareli,SPEI12,2005,4,1.295
Kırklareli,SPEI12,2005,5,0.0
Kırklareli,SPEI12,2005,6,0.0
Kırklareli,SPEI12,2005,7,0.0
Kırklareli,SPEI12,2005,8,0.0
Kırklareli,SPEI12,2005,9,0.0
Kırklareli,SPEI12,2005,10,0.0
Kırklareli,SPEI12,2005,11,0.0
Kırklareli,SPEI12,2005,12,0.0
Kırklareli,SPEI12,2006,1,0.0
Kırklareli,SPEI12,2006,2,0.0
Kırklareli,SPEI12,2006,3,0.0
Kırklareli,SPEI12,2006,4,0.0
Kırklareli,SPEI12,2006,5,0.0
Kırklareli,SPEI12,2006,6,0.0
Kırklareli,SPEI12,2006,7,0.0
Kırklareli,SPEI12,2006,8,0.0
Kırklareli,SPEI12,2006,9,0.0
Kırklareli,SPEI12,2006,10,0.0
Kırklareli,SPEI12,2006,11,0.0
Kırklareli,SPEI12,2006,12,0.0
Kırklareli,SPEI12,2007,1,1.255
Kırklareli,SPEI12,2007,2,2.1
Kırklareli,SPEI12,2007,3,3.106
Kırklareli,SPEI12,2007,4,3.951
Kırklareli,SPEI12,2007,5,4.388
Kırklareli,SPEI12,2007,6,4.605
Kırklareli,SPEI12,2007,7,4.622
Kırklareli,SPEI12,2007,8,0.0
Kırklareli,SPEI12,2007,9,0.0
Kırklareli,SPEI12,2007,10,0.0
Kırklareli,SPEI12,2007,11,0.0
Kırklareli,SPEI12,2007,12,0.0
Kırklareli,SPEI12,2008,1,1.303
Kırklareli,SPEI12,2008,2,2.427
Kırklareli,SPEI12,2008,3,2.775
Kırklareli,SPEI12,2008,4,2.843
Kırklareli,SPEI12,2008,5,3.451
Kırklareli,SPEI12,2008,6,3.924
Kırklareli,SPEI12,2008,7,4.878
Kırklareli,SPEI12,2008,8,5.551
Kırklareli,SPEI12,2008,9,6.258
Kırklareli,SPEI12,2008,10,6.658
Kırklareli,SPEI12,2008,11,7.655
Kırklareli,SPEI12,2008,12,8.329
Kırklareli,SPEI12,2009,1,0.95
Kırklareli,SPEI12,2009,2,2.253
Kırklareli,SPEI12,2009,3,3.377
Kırklareli,SPEI12,2009,4,3.725
Kırklareli,SPEI12,2009,5,3.793
Kırklareli,SPEI12,2009,6,3.997
Kırklareli,SPEI12,2009,7,4.441
Kırklareli,SPEI12,2009,8,5.115
Kırklareli,SPEI12,2009,9,6.112
Kırklareli,SPEI12,2009,10,6.512
Kırklareli,SPEI12,2009,11,7.219
Kırklareli,SPEI12,2009,12,7.892
Kırklareli,SPEI12,2010,1,0.0
Kırklareli,SPEI12,2010,2,0.0
Kırklareli,SPEI12,2010,3,0.0
Kırklareli,SPEI12,2010,4,0.0
Kırklareli,SPEI12,2010,5,0.0
Kırklareli,SPEI12,2010,6,0.0
Kırklareli,SPEI12,2010,7,0.0
Kırklareli,SPEI12,2010,8,0.0
Kırklareli,SPEI12,2010,9,0.0
Kırklareli,SPEI12,2010,10,0.0
Kırklareli,SPEI12,2010,11,0.0
Kırklareli,SPEI12,2010,12,0.0
Kırklareli,SPEI12,2011,1,1.229
Kırklareli,SPEI12,2011,2,2.366
Kırklareli,SPEI12,2011,3,3.358
Kırklareli,SPEI12,2011,4,4.41
Kırklareli,SPEI12,2011,5,5.552
Kırklareli,SPEI12,2011,6,6.256
Kırklareli,SPEI12,2011,7,7.138
Kırklareli,SPEI12,2011,8,7.838
Kırklareli,SPEI12,2011,9,8.335
Kırklareli,SPEI12,2011,10,9.035
Kırklareli,SPEI12,2011,11,9.63
Kırklareli,SPEI12,2011,12,0.0
Kırklareli,SPEI12,2012,1,0.063
Kırklareli,SPEI12,2012,2,0.0
Kırklareli,SPEI12,2012,3,0.0
Kırklareli,SPEI12,2012,4,0.0
Kırklareli,SPEI12,2012,5,0.0
Kırklareli,SPEI12,2012,6,0.0
Kırklareli,SPEI12,2012,7,0.0
Kırklareli,SPEI12,2012,8,0.0
Kırklareli,SPEI12,2012,9,0.0
Kırklareli,SPEI12,2012,10,0.0
Kırklareli,SPEI12,2012,11,0.0
Kırklareli,SPEI12,2012,12,0.0
Kırklareli,SPEI12,2013,1,0.135
Kırklareli,SPEI12,2013,2,0.0
Kırklareli,SPEI12,2013,3,0.0
Kırklareli,SPEI12,2013,4,0.0
Kırklareli,SPEI12,2013,5,0.0
Kırklareli,SPEI12,2013,6,0.0
Kırklareli,SPEI12,2013,7,0.0
Kırklareli,SPEI12,2013,8,0.0
Kırklareli,SPEI12,2013,9,0.0
Kırklareli,SPEI12,2013,10,0.0
Kırklareli,SPEI12,2013,11,0.0
Kırklareli,SPEI12,2013,12,0.0
Kırklareli,SPEI12,2014,1,0.953
Kırklareli,SPEI12,2014,2,1.804
Kırklareli,SPEI12,2014,3,2.204
Kırklareli,SPEI12,2014,4,2.431
Kırklareli,SPEI12,2014,5,2.566
Kırklareli,SPEI12,2014,6,0.0
Kırklareli,SPEI12,2014,7,0.0
Kırklareli,SPEI12,2014,8,0.0
Kırklareli,SPEI12,2014,9,0.0
Kırklareli,SPEI12,2014,10,0.0
Kırklareli,SPEI12,2014,11,0.0
Kırklareli,SPEI12,2014,12,0.0
Kırklareli,SPEI12,2015,1,0.86
Kırklareli,SPEI12,2015,2,0.0
Kırklareli,SPEI12,2015,3,0.0
Kırklareli,SPEI12,2015,4,0.0
Kırklareli,SPEI12,2015,5,0.0
Kırklareli,SPEI12,2015,6,0.0
Kırklareli,SPEI12,2015,7,0.0
Kırklareli,SPEI12,2015,8,0.0
Kırklareli,SPEI12,2015,9,0.0
Kırklareli,SPEI12,2015,10,0.0
Kırklareli,SPEI12,2015,11,0.0
Kırklareli,SPEI12,2015,12,0.0
Kırklareli,SPEI12,2016,1,0.804
Kırklareli,SPEI12,2016,2,1.478
Kırklareli,SPEI12,2016,3,2.105
Kırklareli,SPEI12,2016,4,2.792
Kırklareli,SPEI12,2016,5,3.466
Kırklareli,SPEI12,2016,6,4.093
Kırklareli,SPEI12,2016,7,4.491
Kırklareli,SPEI12,2016,8,5.094
Kırklareli,SPEI12,2016,9,5.492
Kırklareli,SPEI12,2016,10,5.809
Kırklareli,SPEI12,2016,11,5.935
Kırklareli,SPEI12,2016,12,6.54
Kırklareli,SPEI12,2017,1,1.121
Kırklareli,SPEI12,2017,2,2.194
Kırklareli,SPEI12,2017,3,3.236
Kırklareli,SPEI12,2017,4,3.83
Kırklareli,SPEI12,2017,5,4.856
Kırklareli,SPEI12,2017,6,5.746
Kırklareli,SPEI12,2017,7,6.144
Kırklareli,SPEI12,2017,8,6.771
Kırklareli,SPEI12,2017,9,7.445
Kırklareli,SPEI12,2017,10,8.249
Kırklareli,SPEI12,2017,11,8.799
Kırklareli,SPEI12,2017,12,9.522
Kırklareli,SPEI12,2018,1,0.0
Kırklareli,SPEI12,2018,2,0.0
Kırklareli,SPEI12,2018,3,0.0
Kırklareli,SPEI12,2018,4,0.0
Kırklareli,SPEI12,2018,5,0.0
Kırklareli,SPEI12,2018,6,0.0
Kırklareli,SPEI12,2018,7,0.0
Kırklareli,SPEI12,2018,8,0.0
Kırklareli,SPEI12,2018,9,0.0
Kırklareli,SPEI12,2018,10,0.0
Kırklareli,SPEI12,2018,11,0.0
Kırklareli,SPEI12,2018,12,0.0
Kırklareli,SPEI12,2019,1,0.259
Kırklareli,SPEI12,2019,2,0.515
Kırklareli,SPEI12,2019,3,0.0
Kırklareli,SPEI12,2019,4,0.0
Kırklareli,SPEI12,2019,5,0.0
Kırklareli,SPEI12,2019,6,0.0
Kırklareli,SPEI12,2019,7,0.0
Kırklareli,SPEI12,2019,8,0.0
Kırklareli,SPEI12,2019,9,0.0
Kırklareli,SPEI12,2019,10,0.0
Kırklareli,SPEI12,2019,11,0.0
Kırklareli,SPEI12,2019,12,0.0
Kırklareli,SPEI12,2020,1,1.27
Kırklareli,SPEI12,2020,2,2.502
Kırklareli,SPEI12,2020,3,3.587
Kırklareli,SPEI12,2020,4,4.603
Kırklareli,SPEI12,2020,5,5.281
Kırklareli,SPEI12,2020,6,5.913
Kırklareli,SPEI12,2020,7,5.222
Kırklareli,SPEI12,2020,8,0.0
Kırklareli,SPEI12,2020,9,0.0
Kırklareli,SPEI12,2020,10,0.0
Kırklareli,SPEI12,2020,11,0.0
Kırklareli,SPEI12,2020,12,0.0
Kırklareli,SPEI12,2021,1,0.05
Kırklareli,SPEI12,2021,2,1.282
Kırklareli,SPEI12,2021,3,2.552
Kırklareli,SPEI12,2021,4,3.637
Kırklareli,SPEI12,2021,5,4.653
Kırklareli,SPEI12,2021,6,5.331
Kırklareli,SPEI12,2021,7,5.963
Kırklareli,SPEI12,2021,8,0.0
Kırklareli,SPEI12,2021,9,0.0
Kırklareli,SPEI12,2021,10,0.0
Kırklareli,SPEI12,2021,11,0.0
Kırklareli,SPEI12,2021,12,0.0
Kırklareli,SPEI12,2022,1,0.894
Kırklareli,SPEI12,2022,2,1.005
Kırklareli,SPEI12,2022,3,0.0
Kırklareli,SPEI12,2022,4,0.0
Kırklareli,SPEI12,2022,5,0.0
Kırklareli,SPEI12,2022,6,0.0
Kırklareli,SPEI12,2022,7,0.0
Kırklareli,SPEI12,2022,8,0.0
Kırklareli,SPEI12,2022,9,0.0
Kırklareli,SPEI12,2022,10,0.0
Kırklareli,SPEI12,2022,11,0.0
Kırklareli,SPEI12,2022,12,0.0
Kırklareli,SPEI12,2023,1,1.976
Kırklareli,SPEI12,2023,2,3.758
Kırklareli,SPEI12,2023,3,5.11
Kırklareli,SPEI12,2023,4,6.202
Kırklareli,SPEI12,2023,5,7.26
Kırklareli,SPEI12,2023,6,8.232
Kırklareli,SPEI12,2023,7,9.538
Kırklareli,SPEI12,2023,8,11.293
Kırklareli,SPEI12,2023,9,13.244
Kırklareli,SPEI12,2023,10,14.302
Kırklareli,SPEI12,2023,11,15.196
Kırklareli,SPEI12,2023,12,15.924
Kırklareli,SPEI12,2024,1,2.161
Kırklareli,SPEI12,2024,2,3.904
Kırklareli,SPEI12,2024,3,4.622
Kırklareli,SPEI12,2024,4,5.607
Kırklareli,SPEI12,2024,5,6.758
Kırklareli,SPEI12,2024,6,8.141
Kırklareli,SPEI12,2024,7,9.351
Kırklareli,SPEI12,2024,8,10.036
Kırklareli,SPEI12,2024,9,10.889
Kırklareli,SPEI12,2024,10,10.931
Kırklareli,SPEI12,2024,11,12.545
Kırklareli,SPEI12,2024,12,14.521
Lüleburgaz,SPI12,1966,1,0.0
Lüleburgaz,SPI12,1966,2,0.0
Lüleburgaz,SPI12,1966,3,0.0
Lüleburgaz,SPI12,1966,4,0.0
Lüleburgaz,SPI12,1966,5,0.0
Lüleburgaz,SPI12,1966,6,0.0
Lüleburgaz,SPI12,1966,7,0.0
Lüleburgaz,SPI12,1966,8,0.0
Lüleburgaz,SPI12,1966,9,0.0
Lüleburgaz,SPI12,1966,10,0.0
Lüleburgaz,SPI12,1966,11,0.0
Lüleburgaz,SPI12,1966,12,0.0
Lüleburgaz,SPI12,1967,1,0.0
Lüleburgaz,SPI12,1967,2,0.0
Lüleburgaz,SPI12,1967,3,0.0
Lüleburgaz,SPI12,1967,4,0.0
Lüleburgaz,SPI12,1967,5,0.0
Lüleburgaz,SPI12,1967,6,0.0
Lüleburgaz,SPI12,1967,7,0.0
Lüleburgaz,SPI12,1967,8,0.0
Lüleburgaz,SPI12,1967,9,0.0
Lüleburgaz,SPI12,1967,10,0.0
Lüleburgaz,SPI12,1967,11,0.0
Lüleburgaz,SPI12,1967,12,0.0
Lüleburgaz,SPI12,1968,1,0.285
Lüleburgaz,SPI12,1968,2,0.526
Lüleburgaz,SPI12,1968,3,0.62
Lüleburgaz,SPI12,1968,4,0.905
Lüleburgaz,SPI12,1968,5,1.142
Lüleburgaz,SPI12,1968,6,1.227
Lüleburgaz,SPI12,1968,7,1.311
Lüleburgaz,SPI12,1968,8,0.0
Lüleburgaz,SPI12,1968,9,0.0
Lüleburgaz,SPI12,1968,10,0.0
Lüleburgaz,SPI12,1968,11,0.0
Lüleburgaz,SPI12,1968,12,0.0
Lüleburgaz,SPI12,1969,1,0.825
Lüleburgaz,SPI12,1969,2,1.147
Lüleburgaz,SPI12,1969,3,1.607
Lüleburgaz,SPI12,1969,4,1.854
Lüleburgaz,SPI12,1969,5,2.168
Lüleburgaz,SPI12,1969,6,2.604
Lüleburgaz,SPI12,1969,7,2.787
Lüleburgaz,SPI12,1969,8,2.973
Lüleburgaz,SPI12,1969,9,3.309
Lüleburgaz,SPI12,1969,10,3.517
Lüleburgaz,SPI12,1969,11,3.764
Lüleburgaz,SPI12,1969,12,3.951
Lüleburgaz,SPI12,1970,1,0.164
Lüleburgaz,SPI12,1970,2,0.351
Lüleburgaz,SPI12,1970,3,0.598
Lüleburgaz,SPI12,1970,4,0.806
Lüleburgaz,SPI12,1970,5,1.222
Lüleburgaz,SPI12,1970,6,1.328
Lüleburgaz,SPI12,1970,7,1.511
Lüleburgaz,SPI12,1970,8,1.947
Lüleburgaz,SPI12,1970,9,2.261
Lüleburgaz,SPI12,1970,10,2.508
Lüleburgaz,SPI12,1970,11,2.968
Lüleburgaz,SPI12,1970,12,3.29
Lüleburgaz,SPI12,1971,1,0.0
Lüleburgaz,SPI12,1971,2,0.0
Lüleburgaz,SPI12,1971,3,0.0
Lüleburgaz,SPI12,1971,4,0.0
Lüleburgaz,SPI12,1971,5,0.0
Lüleburgaz,SPI12,1971,6,0.0
Lüleburgaz,SPI12,1971,7,0.0
Lüleburgaz,SPI12,1971,8,0.0
Lüleburgaz,SPI12,1971,9,0.0
Lüleburgaz,SPI12,1971,10,0.0
Lüleburgaz,SPI12,1971,11,0.0
Lüleburgaz,SPI12,1971,12,0.0
Lüleburgaz,SPI12,1972,1,0.908
Lüleburgaz,SPI12,1972,2,1.646
Lüleburgaz,SPI12,1972,3,2.497
Lüleburgaz,SPI12,1972,4,3.235
Lüleburgaz,SPI12,1972,5,3.762
Lüleburgaz,SPI12,1972,6,4.006
Lüleburgaz,SPI12,1972,7,4.421
Lüleburgaz,SPI12,1972,8,5.12
Lüleburgaz,SPI12,1972,9,5.364
Lüleburgaz,SPI12,1972,10,5.779
Lüleburgaz,SPI12,1972,11,0.0
Lüleburgaz,SPI12,1972,12,0.0
Lüleburgaz,SPI12,1973,1,1.016
Lüleburgaz,SPI12,1973,2,1.968
Lüleburgaz,SPI12,1973,3,2.766
Lüleburgaz,SPI12,1973,4,3.41
Lüleburgaz,SPI12,1973,5,3.617
Lüleburgaz,SPI12,1973,6,3.679
Lüleburgaz,SPI12,1973,7,4.202
Lüleburgaz,SPI12,1973,8,5.11
Lüleburgaz,SPI12,1973,9,5.848
Lüleburgaz,SPI12,1973,10,6.092
Lüleburgaz,SPI12,1973,11,6.507
Lüleburgaz,SPI12,1973,12,6.658
Lüleburgaz,SPI12,1974,1,1.793
Lüleburgaz,SPI12,1974,2,3.543
Lüleburgaz,SPI12,1974,3,5.065
Lüleburgaz,SPI12,1974,4,6.212
Lüleburgaz,SPI12,1974,5,7.267
Lüleburgaz,SPI12,1974,6,8.592
Lüleburgaz,SPI12,1974,7,9.776
Lüleburgaz,SPI12,1974,8,10.923
Lüleburgaz,SPI12,1974,9,11.927
Lüleburgaz,SPI12,1974,10,13.074
Lüleburgaz,SPI12,1974,11,13.872
Lüleburgaz,SPI12,1974,12,14.888
Lüleburgaz,SPI12,1975,1,0.552
Lüleburgaz,SPI12,1975,2,1.09
Lüleburgaz,SPI12,1975,3,1.387
Lüleburgaz,SPI12,1975,4,2.588
Lüleburgaz,SPI12,1975,5,3.538
Lüleburgaz,SPI12,1975,6,4.722
Lüleburgaz,SPI12,1975,7,6.047
Lüleburgaz,SPI12,1975,8,7.284
Lüleburgaz,SPI12,1975,9,8.249
Lüleburgaz,SPI12,1975,10,9.771
Lüleburgaz,SPI12,1975,11,11.564
Lüleburgaz,SPI12,1975,12,13.314
Lüleburgaz,SPI12,1976,1,0.023
Lüleburgaz,SPI12,1976,2,0.032
Lüleburgaz,SPI12,1976,3,0.0
Lüleburgaz,SPI12,1976,4,0.0
Lüleburgaz,SPI12,1976,5,0.0
Lüleburgaz,SPI12,1976,6,0.0
Lüleburgaz,SPI12,1976,7,0.0
Lüleburgaz,SPI12,1976,8,0.0
Lüleburgaz,SPI12,1976,9,0.0
Lüleburgaz,SPI12,1976,10,0.0
Lüleburgaz,SPI12,1976,11,0.0
Lüleburgaz,SPI12,1976,12,0.0
Lüleburgaz,SPI12,1977,1,1.01
Lüleburgaz,SPI12,1977,2,1.572
Lüleburgaz,SPI12,1977,3,1.861
Lüleburgaz,SPI12,1977,4,0.0
Lüleburgaz,SPI12,1977,5,0.0
Lüleburgaz,SPI12,1977,6,0.0
Lüleburgaz,SPI12,1977,7,0.0
Lüleburgaz,SPI12,1977,8,0.0
Lüleburgaz,SPI12,1977,9,0.0
Lüleburgaz,SPI12,1977,10,0.0
Lüleburgaz,SPI12,1977,11,0.0
Lüleburgaz,SPI12,1977,12,0.0
Lüleburgaz,SPI12,1978,1,0.964
Lüleburgaz,SPI12,1978,2,1.974
Lüleburgaz,SPI12,1978,3,2.667
Lüleburgaz,SPI12,1978,4,3.229
Lüleburgaz,SPI12,1978,5,3.595
Lüleburgaz,SPI12,1978,6,3.884
Lüleburgaz,SPI12,1978,7,3.962
Lüleburgaz,SPI12,1978,8,4.026
Lüleburgaz,SPI12,1978,9,4.257
Lüleburgaz,SPI12,1978,10,4.572
Lüleburgaz,SPI12,1978,11,4.861
Lüleburgaz,SPI12,1978,12,4.945
Lüleburgaz,SPI12,1979,1,0.924
Lüleburgaz,SPI12,1979,2,1.684
Lüleburgaz,SPI12,1979,3,2.222
Lüleburgaz,SPI12,1979,4,2.739
Lüleburgaz,SPI12,1979,5,3.565
Lüleburgaz,SPI12,1979,6,4.17
Lüleburgaz,SPI12,1979,7,4.613
Lüleburgaz,SPI12,1979,8,5.051
Lüleburgaz,SPI12,1979,9,5.073
Lüleburgaz,SPI12,1979,10,0.0
Lüleburgaz,SPI12,1979,11,0.0
Lüleburgaz,SPI12,1979,12,0.0
Lüleburgaz,SPI12,1980,1,0.0
Lüleburgaz,SPI12,1980,2,0.0
Lüleburgaz,SPI12,1980,3,0.0
Lüleburgaz,SPI12,1980,4,0.0
Lüleburgaz,SPI12,1980,5,0.0
Lüleburgaz,SPI12,1980,6,0.0
Lüleburgaz,SPI12,1980,7,0.0
Lüleburgaz,SPI12,1980,8,0.0
Lüleburgaz,SPI12,1980,9,0.0
Lüleburgaz,SPI12,1980,10,0.0
Lüleburgaz,SPI12,1980,11,0.0
Lüleburgaz,SPI12,1980,12,0.0
Lüleburgaz,SPI12,1981,1,0.609
Lüleburgaz,SPI12,1981,2,1.18
Lüleburgaz,SPI12,1981,3,1.693
Lüleburgaz,SPI12,1981,4,2.092
Lüleburgaz,SPI12,1981,5,2.177
Lüleburgaz,SPI12,1981,6,2.206
Lüleburgaz,SPI12,1981,7,0.0
Lüleburgaz,SPI12,1981,8,0.0
Lüleburgaz,SPI12,1981,9,0.0
Lüleburgaz,SPI12,1981,10,0.0
Lüleburgaz,SPI12,1981,11,0.0
Lüleburgaz,SPI12,1981,12,0.0
Lüleburgaz,SPI12,1982,1,0.659
Lüleburgaz,SPI12,1982,2,0.899
Lüleburgaz,SPI12,1982,3,0.0
Lüleburgaz,SPI12,1982,4,0.0
Lüleburgaz,SPI12,1982,5,0.0
Lüleburgaz,SPI12,1982,6,0.0
Lüleburgaz,SPI12,1982,7,0.0
Lüleburgaz,SPI12,1982,8,0.0
Lüleburgaz,SPI12,1982,9,0.0
Lüleburgaz,SPI12,1982,10,0.0
Lüleburgaz,SPI12,1982,11,0.0
Lüleburgaz,SPI12,1982,12,0.0
Lüleburgaz,SPI12,1983,1,1.419
Lüleburgaz,SPI12,1983,2,2.623
Lüleburgaz,SPI12,1983,3,3.798
Lüleburgaz,SPI12,1983,4,4.751
Lüleburgaz,SPI12,1983,5,5.581
Lüleburgaz,SPI12,1983,6,6.226
Lüleburgaz,SPI12,1983,7,7.094
Lüleburgaz,SPI12,1983,8,8.096
Lüleburgaz,SPI12,1983,9,9.271
Lüleburgaz,SPI12,1983,10,9.822
Lüleburgaz,SPI12,1983,11,10.137
Lüleburgaz,SPI12,1983,12,10.969
Lüleburgaz,SPI12,1984,1,0.962
Lüleburgaz,SPI12,1984,2,2.144
Lüleburgaz,SPI12,1984,3,3.106
Lüleburgaz,SPI12,1984,4,3.926
Lüleburgaz,SPI12,1984,5,4.794
Lüleburgaz,SPI12,1984,6,5.439
Lüleburgaz,SPI12,1984,7,6.269
Lüleburgaz,SPI12,1984,8,7.464
Lüleburgaz,SPI12,1984,9,8.883
Lüleburgaz,SPI12,1984,10,10.058
Lüleburgaz,SPI12,1984,11,11.02
Lüleburgaz,SPI12,1984,12,11.571
Lüleburgaz,SPI12,1985,1,1.541
Lüleburgaz,SPI12,1985,2,2.893
Lüleburgaz,SPI12,1985,3,4.241
Lüleburgaz,SPI12,1985,4,5.597
Lüleburgaz,SPI12,1985,5,6.939
Lüleburgaz,SPI12,1985,6,8.254
Lüleburgaz,SPI12,1985,7,9.429
Lüleburgaz,SPI12,1985,8,10.394
Lüleburgaz,SPI12,1985,9,11.149
Lüleburgaz,SPI12,1985,10,11.734
Lüleburgaz,SPI12,1985,11,11.861
Lüleburgaz,SPI12,1985,12,12.033
Lüleburgaz,SPI12,1986,1,0.315
Lüleburgaz,SPI12,1986,2,0.417
Lüleburgaz,SPI12,1986,3,0.0
Lüleburgaz,SPI12,1986,4,0.0
Lüleburgaz,SPI12,1986,5,0.0
Lüleburgaz,SPI12,1986,6,0.0
Lüleburgaz,SPI12,1986,7,0.0
Lüleburgaz,SPI12,1986,8,0.0
Lüleburgaz,SPI12,1986,9,0.0
Lüleburgaz,SPI12,1986,10,0.0
Lüleburgaz,SPI12,1986,11,0.0
Lüleburgaz,SPI12,1986,12,0.0
Lüleburgaz,SPI12,1987,1,1.826
Lüleburgaz,SPI12,1987,2,3.499
Lüleburgaz,SPI12,1987,3,4.942
Lüleburgaz,SPI12,1987,4,6.268
Lüleburgaz,SPI12,1987,5,7.583
Lüleburgaz,SPI12,1987,6,8.706
Lüleburgaz,SPI12,1987,7,9.618
Lüleburgaz,SPI12,1987,8,10.536
Lüleburgaz,SPI12,1987,9,11.388
Lüleburgaz,SPI12,1987,10,12.056
Lüleburgaz,SPI12,1987,11,12.158
Lüleburgaz,SPI12,1987,12,12.473
Lüleburgaz,SPI12,1988,1,0.22
Lüleburgaz,SPI12,1988,2,0.199
Lüleburgaz,SPI12,1988,3,0.0
Lüleburgaz,SPI12,1988,4,0.0
Lüleburgaz,SPI12,1988,5,0.0
Lüleburgaz,SPI12,1988,6,0.0
Lüleburgaz,SPI12,1988,7,0.0
Lüleburgaz,SPI12,1988,8,0.0
Lüleburgaz,SPI12,1988,9,0.0
Lüleburgaz,SPI12,1988,10,0.0
Lüleburgaz,SPI12,1988,11,0.0
Lüleburgaz,SPI12,1988,12,0.0
Lüleburgaz,SPI12,1989,1,1.205
Lüleburgaz,SPI12,1989,2,2.34
Lüleburgaz,SPI12,1989,3,2.929
Lüleburgaz,SPI12,1989,4,3.675
Lüleburgaz,SPI12,1989,5,4.295
Lüleburgaz,SPI12,1989,6,4.896
Lüleburgaz,SPI12,1989,7,5.358
Lüleburgaz,SPI12,1989,8,5.864
Lüleburgaz,SPI12,1989,9,6.495
Lüleburgaz,SPI12,1989,10,6.807
Lüleburgaz,SPI12,1989,11,7.114
Lüleburgaz,SPI12,1989,12,7.254
Lüleburgaz,SPI12,1990,1,1.449
Lüleburgaz,SPI12,1990,2,2.582
Lüleburgaz,SPI12,1990,3,3.912
Lüleburgaz,SPI12,1990,4,5.117
Lüleburgaz,SPI12,1990,5,6.252
Lüleburgaz,SPI12,1990,6,7.095
Lüleburgaz,SPI12,1990,7,7.762
Lüleburgaz,SPI12,1990,8,8.495
Lüleburgaz,SPI12,1990,9,9.169
Lüleburgaz,SPI12,1990,10,9.83
Lüleburgaz,SPI12,1990,11,10.504
Lüleburgaz,SPI12,1990,12,11.124
Lüleburgaz,SPI12,1991,1,0.259
Lüleburgaz,SPI12,1991,2,0.0
Lüleburgaz,SPI12,1991,3,0.0
Lüleburgaz,SPI12,1991,4,0.0
Lüleburgaz,SPI12,1991,5,0.0
Lüleburgaz,SPI12,1991,6,0.0
Lüleburgaz,SPI12,1991,7,0.0
Lüleburgaz,SPI12,1991,8,0.0
Lüleburgaz,SPI12,1991,9,0.0
Lüleburgaz,SPI12,1991,10,0.0
Lüleburgaz,SPI12,1991,11,0.0
Lüleburgaz,SPI12,1991,12,0.0
Lüleburgaz,SPI12,1992,1,0.411
Lüleburgaz,SPI12,1992,2,0.492
Lüleburgaz,SPI12,1992,3,0.207
Lüleburgaz,SPI12,1992,4,0.0
Lüleburgaz,SPI12,1992,5,0.0
Lüleburgaz,SPI12,1992,6,0.0
Lüleburgaz,SPI12,1992,7,0.0
Lüleburgaz,SPI12,1992,8,0.0
Lüleburgaz,SPI12,1992,9,0.0
Lüleburgaz,SPI12,1992,10,0.0
Lüleburgaz,SPI12,1992,11,0.0
Lüleburgaz,SPI12,1992,12,0.0
Lüleburgaz,SPI12,1993,1,1.442
Lüleburgaz,SPI12,1993,2,2.583
Lüleburgaz,SPI12,1993,3,3.531
Lüleburgaz,SPI12,1993,4,3.979
Lüleburgaz,SPI12,1993,5,4.453
Lüleburgaz,SPI12,1993,6,5.053
Lüleburgaz,SPI12,1993,7,5.234
Lüleburgaz,SPI12,1993,8,0.0
Lüleburgaz,SPI12,1993,9,0.0
Lüleburgaz,SPI12,1993,10,0.0
Lüleburgaz,SPI12,1993,11,0.0
Lüleburgaz,SPI12,1993,12,0.0
Lüleburgaz,SPI12,1994,1,2.003
Lüleburgaz,SPI12,1994,2,3.647
Lüleburgaz,SPI12,1994,3,5.246
Lüleburgaz,SPI12,1994,4,7.099
Lüleburgaz,SPI12,1994,5,8.619
Lüleburgaz,SPI12,1994,6,9.814
Lüleburgaz,SPI12,1994,7,11.115
Lüleburgaz,SPI12,1994,8,12.196
Lüleburgaz,SPI12,1994,9,13.175
Lüleburgaz,SPI12,1994,10,14.123
Lüleburgaz,SPI12,1994,11,15.565
Lüleburgaz,SPI12,1994,12,16.706
Lüleburgaz,SPI12,1995,1,0.0
Lüleburgaz,SPI12,1995,2,0.0
Lüleburgaz,SPI12,1995,3,0.0
Lüleburgaz,SPI12,1995,4,0.0
Lüleburgaz,SPI12,1995,5,0.0
Lüleburgaz,SPI12,1995,6,0.0
Lüleburgaz,SPI12,1995,7,0.0
Lüleburgaz,SPI12,1995,8,0.0
Lüleburgaz,SPI12,1995,9,0.0
Lüleburgaz,SPI12,1995,10,0.0
Lüleburgaz,SPI12,1995,11,0.0
Lüleburgaz,SPI12,1995,12,0.0
Lüleburgaz,SPI12,1996,1,0.38
Lüleburgaz,SPI12,1996,2,0.563
Lüleburgaz,SPI12,1996,3,0.71
Lüleburgaz,SPI12,1996,4,0.755
Lüleburgaz,SPI12,1996,5,0.982
Lüleburgaz,SPI12,1996,6,1.022
Lüleburgaz,SPI12,1996,7,0.0
Lüleburgaz,SPI12,1996,8,0.0
Lüleburgaz,SPI12,1996,9,0.0
Lüleburgaz,SPI12,1996,10,0.0
Lüleburgaz,SPI12,1996,11,0.0
Lüleburgaz,SPI12,1996,12,0.0
Lüleburgaz,SPI12,1997,1,0.284
Lüleburgaz,SPI12,1997,2,0.495
Lüleburgaz,SPI12,1997,3,0.0
Lüleburgaz,SPI12,1997,4,0.0
Lüleburgaz,SPI12,1997,5,0.0
Lüleburgaz,SPI12,1997,6,0.0
Lüleburgaz,SPI12,1997,7,0.0
Lüleburgaz,SPI12,1997,8,0.0
Lüleburgaz,SPI12,1997,9,0.0
Lüleburgaz,SPI12,1997,10,0.0
Lüleburgaz,SPI12,1997,11,0.0
Lüleburgaz,SPI12,1997,12,0.0
Lüleburgaz,SPI12,1998,1,0.0
Lüleburgaz,SPI12,1998,2,0.0
Lüleburgaz,SPI12,1998,3,0.0
Lüleburgaz,SPI12,1998,4,0.0
Lüleburgaz,SPI12,1998,5,0.0
Lüleburgaz,SPI12,1998,6,0.0
Lüleburgaz,SPI12,1998,7,0.0
Lüleburgaz,SPI12,1998,8,0.0
Lüleburgaz,SPI12,1998,9,0.0
Lüleburgaz,SPI12,1998,10,0.0
Lüleburgaz,SPI12,1998,11,0.0
Lüleburgaz,SPI12,1998,12,0.0
Lüleburgaz,SPI12,1999,1,0.0
Lüleburgaz,SPI12,1999,2,0.0
Lüleburgaz,SPI12,1999,3,0.0
Lüleburgaz,SPI12,1999,4,0.0
Lüleburgaz,SPI12,1999,5,0.0
Lüleburgaz,SPI12,1999,6,0.0
Lüleburgaz,SPI12,1999,7,0.0
Lüleburgaz,SPI12,1999,8,0.0
Lüleburgaz,SPI12,1999,9,0.0
Lüleburgaz,SPI12,1999,10,0.0
Lüleburgaz,SPI12,1999,11,0.0
Lüleburgaz,SPI12,1999,12,0.0
Lüleburgaz,SPI12,2000,1,0.633
Lüleburgaz,SPI12,2000,2,0.73
Lüleburgaz,SPI12,2000,3,0.0
Lüleburgaz,SPI12,2000,4,0.0
Lüleburgaz,SPI12,2000,5,0.0
Lüleburgaz,SPI12,2000,6,0.0
Lüleburgaz,SPI12,2000,7,0.0
Lüleburgaz,SPI12,2000,8,0.0
Lüleburgaz,SPI12,2000,9,0.0
Lüleburgaz,SPI12,2000,10,0.0
Lüleburgaz,SPI12,2000,11,0.0
Lüleburgaz,SPI12,2000,12,0.0
Lüleburgaz,SPI12,2001,1,1.887
Lüleburgaz,SPI12,2001,2,3.416
Lüleburgaz,SPI12,2001,3,4.668
Lüleburgaz,SPI12,2001,4,5.894
Lüleburgaz,SPI12,2001,5,7.091
Lüleburgaz,SPI12,2001,6,7.827
Lüleburgaz,SPI12,2001,7,8.482
Lüleburgaz,SPI12,2001,8,8.734
Lüleburgaz,SPI12,2001,9,9.342
Lüleburgaz,SPI12,2001,10,9.837
Lüleburgaz,SPI12,2001,11,10.141
Lüleburgaz,SPI12,2001,12,10.774
Lüleburgaz,SPI12,2002,1,0.658
Lüleburgaz,SPI12,2002,2,1.04
Lüleburgaz,SPI12,2002,3,1.354
Lüleburgaz,SPI12,2002,4,0.0
Lüleburgaz,SPI12,2002,5,0.0
Lüleburgaz,SPI12,2002,6,0.0
Lüleburgaz,SPI12,2002,7,0.0
Lüleburgaz,SPI12,2002,8,0.0
Lüleburgaz,SPI12,2002,9,0.0
Lüleburgaz,SPI12,2002,10,0.0
Lüleburgaz,SPI12,2002,11,0.0
Lüleburgaz,SPI12,2002,12,0.0
Lüleburgaz,SPI12,2003,1,1.455
Lüleburgaz,SPI12,2003,2,2.578
Lüleburgaz,SPI12,2003,3,3.185
Lüleburgaz,SPI12,2003,4,4.286
Lüleburgaz,SPI12,2003,5,5.082
Lüleburgaz,SPI12,2003,6,5.793
Lüleburgaz,SPI12,2003,7,5.851
Lüleburgaz,SPI12,2003,8,0.0
Lüleburgaz,SPI12,2003,9,0.0
Lüleburgaz,SPI12,2003,10,0.0
Lüleburgaz,SPI12,2003,11,0.0
Lüleburgaz,SPI12,2003,12,0.0
Lüleburgaz,SPI12,2004,1,1.753
Lüleburgaz,SPI12,2004,2,3.463
Lüleburgaz,SPI12,2004,3,4.704
Lüleburgaz,SPI12,2004,4,5.996
Lüleburgaz,SPI12,2004,5,7.237
Lüleburgaz,SPI12,2004,6,8.343
Lüleburgaz,SPI12,2004,7,9.68
Lüleburgaz,SPI12,2004,8,10.921
Lüleburgaz,SPI12,2004,9,12.078
Lüleburgaz,SPI12,2004,10,13.182
Lüleburgaz,SPI12,2004,11,14.611
Lüleburgaz,SPI12,2004,12,15.717
Lüleburgaz,SPI12,2005,1,1.478
Lüleburgaz,SPI12,2005,2,2.931
Lüleburgaz,SPI12,2005,3,4.502
Lüleburgaz,SPI12,2005,4,6.126
Lüleburgaz,SPI12,2005,5,6.988
Lüleburgaz,SPI12,2005,6,7.868
Lüleburgaz,SPI12,2005,7,8.852
Lüleburgaz,SPI12,2005,8,10.093
Lüleburgaz,SPI12,2005,9,11.803
Lüleburgaz,SPI12,2005,10,13.556
Lüleburgaz,SPI12,2005,11,14.66
Lüleburgaz,SPI12,2005,12,16.089
Lüleburgaz,SPI12,2006,1,0.039
Lüleburgaz,SPI12,2006,2,0.0
Lüleburgaz,SPI12,2006,3,0.0
Lüleburgaz,SPI12,2006,4,0.0
Lüleburgaz,SPI12,2006,5,0.0
Lüleburgaz,SPI12,2006,6,0.0
Lüleburgaz,SPI12,2006,7,0.0
Lüleburgaz,SPI12,2006,8,0.0
Lüleburgaz,SPI12,2006,9,0.0
Lüleburgaz,SPI12,2006,10,0.0
Lüleburgaz,SPI12,2006,11,0.0
Lüleburgaz,SPI12,2006,12,0.0
Lüleburgaz,SPI12,2007,1,1.462
Lüleburgaz,SPI12,2007,2,2.609
Lüleburgaz,SPI12,2007,3,3.595
Lüleburgaz,SPI12,2007,4,4.654
Lüleburgaz,SPI12,2007,5,5.695
Lüleburgaz,SPI12,2007,6,6.537
Lüleburgaz,SPI12,2007,7,7.364
Lüleburgaz,SPI12,2007,8,7.405
Lüleburgaz,SPI12,2007,9,7.588
Lüleburgaz,SPI12,2007,10,7.746
Lüleburgaz,SPI12,2007,11,7.947
Lüleburgaz,SPI12,2007,12,7.97
Lüleburgaz,SPI12,2008,1,1.625
Lüleburgaz,SPI12,2008,2,2.8
Lüleburgaz,SPI12,2008,3,3.986
Lüleburgaz,SPI12,2008,4,5.024
Lüleburgaz,SPI12,2008,5,5.915
Lüleburgaz,SPI12,2008,6,7.005
Lüleburgaz,SPI12,2008,7,8.18
Lüleburgaz,SPI12,2008,8,9.366
Lüleburgaz,SPI12,2008,9,10.352
Lüleburgaz,SPI12,2008,10,11.411
Lüleburgaz,SPI12,2008,11,12.452
Lüleburgaz,SPI12,2008,12,13.279
Lüleburgaz,SPI12,2009,1,0.873
Lüleburgaz,SPI12,2009,2,2.092
Lüleburgaz,SPI12,2009,3,3.192
Lüleburgaz,SPI12,2009,4,3.743
Lüleburgaz,SPI12,2009,5,4.154
Lüleburgaz,SPI12,2009,6,4.439
Lüleburgaz,SPI12,2009,7,4.691
Lüleburgaz,SPI12,2009,8,5.189
Lüleburgaz,SPI12,2009,9,6.375
Lüleburgaz,SPI12,2009,10,7.55
Lüleburgaz,SPI12,2009,11,9.175
Lüleburgaz,SPI12,2009,12,10.213
Lüleburgaz,SPI12,2010,1,0.0
Lüleburgaz,SPI12,2010,2,0.0
Lüleburgaz,SPI12,2010,3,0.0
Lüleburgaz,SPI12,2010,4,0.0
Lüleburgaz,SPI12,2010,5,0.0
Lüleburgaz,SPI12,2010,6,0.0
Lüleburgaz,SPI12,2010,7,0.0
Lüleburgaz,SPI12,2010,8,0.0
Lüleburgaz,SPI12,2010,9,0.0
Lüleburgaz,SPI12,2010,10,0.0
Lüleburgaz,SPI12,2010,11,0.0
Lüleburgaz,SPI12,2010,12,0.0
Lüleburgaz,SPI12,2011,1,0.527
Lüleburgaz,SPI12,2011,2,0.557
Lüleburgaz,SPI12,2011,3,0.0
Lüleburgaz,SPI12,2011,4,0.0
Lüleburgaz,SPI12,2011,5,0.0
Lüleburgaz,SPI12,2011,6,0.0
Lüleburgaz,SPI12,2011,7,0.0
Lüleburgaz,SPI12,2011,8,0.0
Lüleburgaz,SPI12,2011,9,0.0
Lüleburgaz,SPI12,2011,10,0.0
Lüleburgaz,SPI12,2011,11,0.0
Lüleburgaz,SPI12,2011,12,0.0
Lüleburgaz,SPI12,2012,1,0.524
Lüleburgaz,SPI12,2012,2,1.051
Lüleburgaz,SPI12,2012,3,1.386
Lüleburgaz,SPI12,2012,4,1.786
Lüleburgaz,SPI12,2012,5,2.257
Lüleburgaz,SPI12,2012,6,2.287
Lüleburgaz,SPI12,2012,7,0.0
Lüleburgaz,SPI12,2012,8,0.0
Lüleburgaz,SPI12,2012,9,0.0
Lüleburgaz,SPI12,2012,10,0.0
Lüleburgaz,SPI12,2012,11,0.0
Lüleburgaz,SPI12,2012,12,0.0
Lüleburgaz,SPI12,2013,1,0.0
Lüleburgaz,SPI12,2013,2,0.0
Lüleburgaz,SPI12,2013,3,0.0
Lüleburgaz,SPI12,2013,4,0.0
Lüleburgaz,SPI12,2013,5,0.0
Lüleburgaz,SPI12,2013,6,0.0
Lüleburgaz,SPI12,2013,7,0.0
Lüleburgaz,SPI12,2013,8,0.0
Lüleburgaz,SPI12,2013,9,0.0
Lüleburgaz,SPI12,2013,10,0.0
Lüleburgaz,SPI12,2013,11,0.0
Lüleburgaz,SPI12,2013,12,0.0
Lüleburgaz,SPI12,2014,1,0.567
Lüleburgaz,SPI12,2014,2,0.931
Lüleburgaz,SPI12,2014,3,1.156
Lüleburgaz,SPI12,2014,4,1.308
Lüleburgaz,SPI12,2014,5,1.321
Lüleburgaz,SPI12,2014,6,0.0
Lüleburgaz,SPI12,2014,7,0.0
Lüleburgaz,SPI12,2014,8,0.0
Lüleburgaz,SPI12,2014,9,0.0
Lüleburgaz,SPI12,2014,10,0.0
Lüleburgaz,SPI12,2014,11,0.0
Lüleburgaz,SPI12,2014,12,0.0
Lüleburgaz,SPI12,2015,1,0.598
Lüleburgaz,SPI12,2015,2,0.0
Lüleburgaz,SPI12,2015,3,0.0
Lüleburgaz,SPI12,2015,4,0.0
Lüleburgaz,SPI12,2015,5,0.0
Lüleburgaz,SPI12,2015,6,0.0
Lüleburgaz,SPI12,2015,7,0.0
Lüleburgaz,SPI12,2015,8,0.0
Lüleburgaz,SPI12,2015,9,0.0
Lüleburgaz,SPI12,2015,10,0.0
Lüleburgaz,SPI12,2015,11,0.0
Lüleburgaz,SPI12,2015,12,0.0
Lüleburgaz,SPI12,2016,1,1.837
Lüleburgaz,SPI12,2016,2,3.413
Lüleburgaz,SPI12,2016,3,4.885
Lüleburgaz,SPI12,2016,4,5.934
Lüleburgaz,SPI12,2016,5,6.571
Lüleburgaz,SPI12,2016,6,7.216
Lüleburgaz,SPI12,2016,7,7.88
Lüleburgaz,SPI12,2016,8,8.498
Lüleburgaz,SPI12,2016,9,9.404
Lüleburgaz,SPI12,2016,10,9.921
Lüleburgaz,SPI12,2016,11,10.196
Lüleburgaz,SPI12,2016,12,10.598
Lüleburgaz,SPI12,2017,1,1.527
Lüleburgaz,SPI12,2017,2,2.878
Lüleburgaz,SPI12,2017,3,4.399
Lüleburgaz,SPI12,2017,4,6.236
Lüleburgaz,SPI12,2017,5,7.763
Lüleburgaz,SPI12,2017,6,8.992
Lüleburgaz,SPI12,2017,7,10.096
Lüleburgaz,SPI12,2017,8,11.407
Lüleburgaz,SPI12,2017,9,12.767
Lüleburgaz,SPI12,2017,10,13.816
Lüleburgaz,SPI12,2017,11,14.453
Lüleburgaz,SPI12,2017,12,15.098
Lüleburgaz,SPI12,2018,1,0.0
Lüleburgaz,SPI12,2018,2,0.0
Lüleburgaz,SPI12,2018,3,0.0
Lüleburgaz,SPI12,2018,4,0.0
Lüleburgaz,SPI12,2018,5,0.0
Lüleburgaz,SPI12,2018,6,0.0
Lüleburgaz,SPI12,2018,7,0.0
Lüleburgaz,SPI12,2018,8,0.0
Lüleburgaz,SPI12,2018,9,0.0
Lüleburgaz,SPI12,2018,10,0.0
Lüleburgaz,SPI12,2018,11,0.0
Lüleburgaz,SPI12,2018,12,0.0
Lüleburgaz,SPI12,2019,1,2.892
Lüleburgaz,SPI12,2019,2,5.488
Lüleburgaz,SPI12,2019,3,7.693
Lüleburgaz,SPI12,2019,4,9.532
Lüleburgaz,SPI12,2019,5,11.197
Lüleburgaz,SPI12,2019,6,12.887
Lüleburgaz,SPI12,2019,7,14.046
Lüleburgaz,SPI12,2019,8,0.0
Lüleburgaz,SPI12,2019,9,0.0
Lüleburgaz,SPI12,2019,10,0.0
Lüleburgaz,SPI12,2019,11,0.0
Lüleburgaz,SPI12,2019,12,0.0
Lüleburgaz,SPI12,2020,1,3.517
Lüleburgaz,SPI12,2020,2,6.944
Lüleburgaz,SPI12,2020,3,10.161
Lüleburgaz,SPI12,2020,4,13.422
Lüleburgaz,SPI12,2020,5,16.314
Lüleburgaz,SPI12,2020,6,18.971
Lüleburgaz,SPI12,2020,7,21.567
Lüleburgaz,SPI12,2020,8,23.772
Lüleburgaz,SPI12,2020,9,25.611
Lüleburgaz,SPI12,2020,10,27.276
Lüleburgaz,SPI12,2020,11,28.966
Lüleburgaz,SPI12,2020,12,30.486
Lüleburgaz,SPI12,2021,1,0.451
Lüleburgaz,SPI12,2021,2,0.821
Lüleburgaz,SPI12,2021,3,1.23
Lüleburgaz,SPI12,2021,4,1.615
Lüleburgaz,SPI12,2021,5,1.877
Lüleburgaz,SPI12,2021,6,2.005
Lüleburgaz,SPI12,2021,7,0.0
Lüleburgaz,SPI12,2021,8,0.0
Lüleburgaz,SPI12,2021,9,0.0
Lüleburgaz,SPI12,2021,10,0.0
Lüleburgaz,SPI12,2021,11,0.0
Lüleburgaz,SPI12,2021,12,0.0
Lüleburgaz,SPI12,2022,1,1.336
Lüleburgaz,SPI12,2022,2,1.4
Lüleburgaz,SPI12,2022,3,0.0
Lüleburgaz,SPI12,2022,4,0.0
Lüleburgaz,SPI12,2022,5,0.0
Lüleburgaz,SPI12,2022,6,0.0
Lüleburgaz,SPI12,2022,7,0.0
Lüleburgaz,SPI12,2022,8,0.0
Lüleburgaz,SPI12,2022,9,0.0
Lüleburgaz,SPI12,2022,10,0.0
Lüleburgaz,SPI12,2022,11,0.0
Lüleburgaz,SPI12,2022,12,0.0
Lüleburgaz,SPI12,2023,1,2.282
Lüleburgaz,SPI12,2023,2,4.49
Lüleburgaz,SPI12,2023,3,6.247
Lüleburgaz,SPI12,2023,4,7.853
Lüleburgaz,SPI12,2023,5,9.543
Lüleburgaz,SPI12,2023,6,11.175
Lüleburgaz,SPI12,2023,7,12.77
Lüleburgaz,SPI12,2023,8,14.356
Lüleburgaz,SPI12,2023,9,16.477
Lüleburgaz,SPI12,2023,10,18.008
Lüleburgaz,SPI12,2023,11,19.344
Lüleburgaz,SPI12,2023,12,20.383
Lüleburgaz,SPI12,2024,1,1.607
Lüleburgaz,SPI12,2024,2,3.169
Lüleburgaz,SPI12,2024,3,3.83
Lüleburgaz,SPI12,2024,4,4.558
Lüleburgaz,SPI12,2024,5,6.601
Lüleburgaz,SPI12,2024,6,8.358
Lüleburgaz,SPI12,2024,7,9.964
Lüleburgaz,SPI12,2024,8,11.654
Lüleburgaz,SPI12,2024,9,13.286
Lüleburgaz,SPI12,2024,10,14.881
Lüleburgaz,SPI12,2024,11,16.467
Lüleburgaz,SPI12,2024,12,18.588
Lüleburgaz,SPEI12,1966,1,0.0
Lüleburgaz,SPEI12,1966,2,0.0
Lüleburgaz,SPEI12,1966,3,0.0
Lüleburgaz,SPEI12,1966,4,0.0
Lüleburgaz,SPEI12,1966,5,0.0
Lüleburgaz,SPEI12,1966,6,0.0
Lüleburgaz,SPEI12,1966,7,0.0
Lüleburgaz,SPEI12,1966,8,0.0
Lüleburgaz,SPEI12,1966,9,0.0
Lüleburgaz,SPEI12,1966,10,0.0
Lüleburgaz,SPEI12,1966,11,0.0
Lüleburgaz,SPEI12,1966,12,0.0
Lüleburgaz,SPEI12,1967,1,0.0
Lüleburgaz,SPEI12,1967,2,0.0
Lüleburgaz,SPEI12,1967,3,0.0
Lüleburgaz,SPEI12,1967,4,0.0
Lüleburgaz,SPEI12,1967,5,0.0
Lüleburgaz,SPEI12,1967,6,0.0
Lüleburgaz,SPEI12,1967,7,0.0
Lüleburgaz,SPEI12,1967,8,0.0
Lüleburgaz,SPEI12,1967,9,0.0
Lüleburgaz,SPEI12,1967,10,0.0
Lüleburgaz,SPEI12,1967,11,0.0
Lüleburgaz,SPEI12,1967,12,0.0
Lüleburgaz,SPEI12,1968,1,0.338
Lüleburgaz,SPEI12,1968,2,0.674
Lüleburgaz,SPEI12,1968,3,0.816
Lüleburgaz,SPEI12,1968,4,0.945
Lüleburgaz,SPEI12,1968,5,1.048
Lüleburgaz,SPEI12,1968,6,1.164
Lüleburgaz,SPEI12,1968,7,0.0
Lüleburgaz,SPEI12,1968,8,0.0
Lüleburgaz,SPEI12,1968,9,0.0
Lüleburgaz,SPEI12,1968,10,0.0
Lüleburgaz,SPEI12,1968,11,0.0
Lüleburgaz,SPEI12,1968,12,0.0
Lüleburgaz,SPEI12,1969,1,0.611
Lüleburgaz,SPEI12,1969,2,0.807
Lüleburgaz,SPEI12,1969,3,1.073
Lüleburgaz,SPEI12,1969,4,0.0
Lüleburgaz,SPEI12,1969,5,0.0
Lüleburgaz,SPEI12,1969,6,0.0
Lüleburgaz,SPEI12,1969,7,0.0
Lüleburgaz,SPEI12,1969,8,0.0
Lüleburgaz,SPEI12,1969,9,0.0
Lüleburgaz,SPEI12,1969,10,0.0
Lüleburgaz,SPEI12,1969,11,0.0
Lüleburgaz,SPEI12,1969,12,0.0
Lüleburgaz,SPEI12,1970,1,0.021
Lüleburgaz,SPEI12,1970,2,0.0
Lüleburgaz,SPEI12,1970,3,0.0
Lüleburgaz,SPEI12,1970,4,0.0
Lüleburgaz,SPEI12,1970,5,0.0
Lüleburgaz,SPEI12,1970,6,0.0
Lüleburgaz,SPEI12,1970,7,0.0
Lüleburgaz,SPEI12,1970,8,0.0
Lüleburgaz,SPEI12,1970,9,0.0
Lüleburgaz,SPEI12,1970,10,0.0
Lüleburgaz,SPEI12,1970,11,0.0
Lüleburgaz,SPEI12,1970,12,0.0
Lüleburgaz,SPEI12,1971,1,0.0
Lüleburgaz,SPEI12,1971,2,0.0
Lüleburgaz,SPEI12,1971,3,0.0
Lüleburgaz,SPEI12,1971,4,0.0
Lüleburgaz,SPEI12,1971,5,0.0
Lüleburgaz,SPEI12,1971,6,0.0
Lüleburgaz,SPEI12,1971,7,0.0
Lüleburgaz,SPEI12,1971,8,0.0
Lüleburgaz,SPEI12,1971,9,0.0
Lüleburgaz,SPEI12,1971,10,0.0
Lüleburgaz,SPEI12,1971,11,0.0
Lüleburgaz,SPEI12,1971,12,0.0
Lüleburgaz,SPEI12,1972,1,0.709
Lüleburgaz,SPEI12,1972,2,1.225
Lüleburgaz,SPEI12,1972,3,1.857
Lüleburgaz,SPEI12,1972,4,2.26
Lüleburgaz,SPEI12,1972,5,2.513
Lüleburgaz,SPEI12,1972,6,0.0
Lüleburgaz,SPEI12,1972,7,0.0
Lüleburgaz,SPEI12,1972,8,0.0
Lüleburgaz,SPEI12,1972,9,0.0
Lüleburgaz,SPEI12,1972,10,0.0
Lüleburgaz,SPEI12,1972,11,0.0
Lüleburgaz,SPEI12,1972,12,0.0
Lüleburgaz,SPEI12,1973,1,0.48
Lüleburgaz,SPEI12,1973,2,0.994
Lüleburgaz,SPEI12,1973,3,1.231
Lüleburgaz,SPEI12,1973,4,1.52
Lüleburgaz,SPEI12,1973,5,0.0
Lüleburgaz,SPEI12,1973,6,0.0
Lüleburgaz,SPEI12,1973,7,0.0
Lüleburgaz,SPEI12,1973,8,0.0
Lüleburgaz,SPEI12,1973,9,0.0
Lüleburgaz,SPEI12,1973,10,0.0
Lüleburgaz,SPEI12,1973,11,0.0
Lüleburgaz,SPEI12,1973,12,0.0
Lüleburgaz,SPEI12,1974,1,1.276
Lüleburgaz,SPEI12,1974,2,2.458
Lüleburgaz,SPEI12,1974,3,3.35
Lüleburgaz,SPEI12,1974,4,4.003
Lüleburgaz,SPEI12,1974,5,4.367
Lüleburgaz,SPEI12,1974,6,5.05
Lüleburgaz,SPEI12,1974,7,5.703
Lüleburgaz,SPEI12,1974,8,6.334
Lüleburgaz,SPEI12,1974,9,6.793
Lüleburgaz,SPEI12,1974,10,7.367
Lüleburgaz,SPEI12,1974,11,7.688
Lüleburgaz,SPEI12,1974,12,8.125
Lüleburgaz,SPEI12,1975,1,0.281
Lüleburgaz,SPEI12,1975,2,0.535
Lüleburgaz,SPEI12,1975,3,0.0
Lüleburgaz,SPEI12,1975,4,0.0
Lüleburgaz,SPEI12,1975,5,0.0
Lüleburgaz,SPEI12,1975,6,0.0
Lüleburgaz,SPEI12,1975,7,0.0
Lüleburgaz,SPEI12,1975,8,0.0
Lüleburgaz,SPEI12,1975,9,0.0
Lüleburgaz,SPEI12,1975,10,0.0
Lüleburgaz,SPEI12,1975,11,0.0
Lüleburgaz,SPEI12,1975,12,0.0
Lüleburgaz,SPEI12,1976,1,0.0
Lüleburgaz,SPEI12,1976,2,0.0
Lüleburgaz,SPEI12,1976,3,0.0
Lüleburgaz,SPEI12,1976,4,0.0
Lüleburgaz,SPEI12,1976,5,0.0
Lüleburgaz,SPEI12,1976,6,0.0
Lüleburgaz,SPEI12,1976,7,0.0
Lüleburgaz,SPEI12,1976,8,0.0
Lüleburgaz,SPEI12,1976,9,0.0
Lüleburgaz,SPEI12,1976,10,0.0
Lüleburgaz,SPEI12,1976,11,0.0
Lüleburgaz,SPEI12,1976,12,0.0
Lüleburgaz,SPEI12,1977,1,0.566
Lüleburgaz,SPEI12,1977,2,0.774
Lüleburgaz,SPEI12,1977,3,0.807
Lüleburgaz,SPEI12,1977,4,0.0
Lüleburgaz,SPEI12,1977,5,0.0
Lüleburgaz,SPEI12,1977,6,0.0
Lüleburgaz,SPEI12,1977,7,0.0
Lüleburgaz,SPEI12,1977,8,0.0
Lüleburgaz,SPEI12,1977,9,0.0
Lüleburgaz,SPEI12,1977,10,0.0
Lüleburgaz,SPEI12,1977,11,0.0
Lüleburgaz,SPEI12,1977,12,0.0
Lüleburgaz,SPEI12,1978,1,0.601
Lüleburgaz,SPEI12,1978,2,1.167
Lüleburgaz,SPEI12,1978,3,1.492
Lüleburgaz,SPEI12,1978,4,1.7
Lüleburgaz,SPEI12,1978,5,1.779
Lüleburgaz,SPEI12,1978,6,1.812
Lüleburgaz,SPEI12,1978,7,0.0
Lüleburgaz,SPEI12,1978,8,0.0
Lüleburgaz,SPEI12,1978,9,0.0
Lüleburgaz,SPEI12,1978,10,0.0
Lüleburgaz,SPEI12,1978,11,0.0
Lüleburgaz,SPEI12,1978,12,0.0
Lüleburgaz,SPEI12,1979,1,0.691
Lüleburgaz,SPEI12,1979,2,0.925
Lüleburgaz,SPEI12,1979,3,1.086
Lüleburgaz,SPEI12,1979,4,1.594
Lüleburgaz,SPEI12,1979,5,1.908
Lüleburgaz,SPEI12,1979,6,2.142
Lüleburgaz,SPEI12,1979,7,2.194
Lüleburgaz,SPEI12,1979,8,2.276
Lüleburgaz,SPEI12,1979,9,0.0
Lüleburgaz,SPEI12,1979,10,0.0
Lüleburgaz,SPEI12,1979,11,0.0
Lüleburgaz,SPEI12,1979,12,0.0
Lüleburgaz,SPEI12,1980,1,0.0
Lüleburgaz,SPEI12,1980,2,0.0
Lüleburgaz,SPEI12,1980,3,0.0
Lüleburgaz,SPEI12,1980,4,0.0
Lüleburgaz,SPEI12,1980,5,0.0
Lüleburgaz,SPEI12,1980,6,0.0
Lüleburgaz,SPEI12,1980,7,0.0
Lüleburgaz,SPEI12,1980,8,0.0
Lüleburgaz,SPEI12,1980,9,0.0
Lüleburgaz,SPEI12,1980,10,0.0
Lüleburgaz,SPEI12,1980,11,0.0
Lüleburgaz,SPEI12,1980,12,0.0
Lüleburgaz,SPEI12,1981,1,0.496
Lüleburgaz,SPEI12,1981,2,0.872
Lüleburgaz,SPEI12,1981,3,1.135
Lüleburgaz,SPEI12,1981,4,1.348
Lüleburgaz,SPEI12,1981,5,0.0
Lüleburgaz,SPEI12,1981,6,0.0
Lüleburgaz,SPEI12,1981,7,0.0
Lüleburgaz,SPEI12,1981,8,0.0
Lüleburgaz,SPEI12,1981,9,0.0
Lüleburgaz,SPEI12,1981,10,0.0
Lüleburgaz,SPEI12,1981,11,0.0
Lüleburgaz,SPEI12,1981,12,0.0
Lüleburgaz,SPEI12,1982,1,0.174
Lüleburgaz,SPEI12,1982,2,0.0
Lüleburgaz,SPEI12,1982,3,0.0
Lüleburgaz,SPEI12,1982,4,0.0
Lüleburgaz,SPEI12,1982,5,0.0
Lüleburgaz,SPEI12,1982,6,0.0
Lüleburgaz,SPEI12,1982,7,0.0
Lüleburgaz,SPEI12,1982,8,0.0
Lüleburgaz,SPEI12,1982,9,0.0
Lüleburgaz,SPEI12,1982,10,0.0
Lüleburgaz,SPEI12,1982,11,0.0
Lüleburgaz,SPEI12,1982,12,0.0
Lüleburgaz,SPEI12,1983,1,1.131
Lüleburgaz,SPEI12,1983,2,2.089
Lüleburgaz,SPEI12,1983,3,2.904
Lüleburgaz,SPEI12,1983,4,3.718
Lüleburgaz,SPEI12,1983,5,4.4
Lüleburgaz,SPEI12,1983,6,4.886
Lüleburgaz,SPEI12,1983,7,5.303
Lüleburgaz,SPEI12,1983,8,5.623
Lüleburgaz,SPEI12,1983,9,6.373
Lüleburgaz,SPEI12,1983,10,6.583
Lüleburgaz,SPEI12,1983,11,0.0
Lüleburgaz,SPEI12,1983,12,0.0
Lüleburgaz,SPEI12,1984,1,0.581
Lüleburgaz,SPEI12,1984,2,1.13
Lüleburgaz,SPEI12,1984,3,1.711
Lüleburgaz,SPEI12,1984,4,2.031
Lüleburgaz,SPEI12,1984,5,2.448
Lüleburgaz,SPEI12,1984,6,3.035
Lüleburgaz,SPEI12,1984,7,3.85
Lüleburgaz,SPEI12,1984,8,4.808
Lüleburgaz,SPEI12,1984,9,5.939
Lüleburgaz,SPEI12,1984,10,6.753
Lüleburgaz,SPEI12,1984,11,7.334
Lüleburgaz,SPEI12,1984,12,7.544
Lüleburgaz,SPEI12,1985,1,1.064
Lüleburgaz,SPEI12,1985,2,2.017
Lüleburgaz,SPEI12,1985,3,2.935
Lüleburgaz,SPEI12,1985,4,3.926
Lüleburgaz,SPEI12,1985,5,4.879
Lüleburgaz,SPEI12,1985,6,5.662
Lüleburgaz,SPEI12,1985,7,6.134
Lüleburgaz,SPEI12,1985,8,6.545
Lüleburgaz,SPEI12,1985,9,6.692
Lüleburgaz,SPEI12,1985,10,6.799
Lüleburgaz,SPEI12,1985,11,0.0
Lüleburgaz,SPEI12,1985,12,0.0
Lüleburgaz,SPEI12,1986,1,0.103
Lüleburgaz,SPEI12,1986,2,0.0
Lüleburgaz,SPEI12,1986,3,0.0
Lüleburgaz,SPEI12,1986,4,0.0
Lüleburgaz,SPEI12,1986,5,0.0
Lüleburgaz,SPEI12,1986,6,0.0
Lüleburgaz,SPEI12,1986,7,0.0
Lüleburgaz,SPEI12,1986,8,0.0
Lüleburgaz,SPEI12,1986,9,0.0
Lüleburgaz,SPEI12,1986,10,0.0
Lüleburgaz,SPEI12,1986,11,0.0
Lüleburgaz,SPEI12,1986,12,0.0
Lüleburgaz,SPEI12,1987,1,1.255
Lüleburgaz,SPEI12,1987,2,2.282
Lüleburgaz,SPEI12,1987,3,3.092
Lüleburgaz,SPEI12,1987,4,3.714
Lüleburgaz,SPEI12,1987,5,4.199
Lüleburgaz,SPEI12,1987,6,4.754
Lüleburgaz,SPEI12,1987,7,5.193
Lüleburgaz,SPEI12,1987,8,5.451
Lüleburgaz,SPEI12,1987,9,5.73
Lüleburgaz,SPEI12,1987,10,0.0
Lüleburgaz,SPEI12,1987,11,0.0
Lüleburgaz,SPEI12,1987,12,0.0
Lüleburgaz,SPEI12,1988,1,0.0
Lüleburgaz,SPEI12,1988,2,0.0
Lüleburgaz,SPEI12,1988,3,0.0
Lüleburgaz,SPEI12,1988,4,0.0
Lüleburgaz,SPEI12,1988,5,0.0
Lüleburgaz,SPEI12,1988,6,0.0
Lüleburgaz,SPEI12,1988,7,0.0
Lüleburgaz,SPEI12,1988,8,0.0
Lüleburgaz,SPEI12,1988,9,0.0
Lüleburgaz,SPEI12,1988,10,0.0
Lüleburgaz,SPEI12,1988,11,0.0
Lüleburgaz,SPEI12,1988,12,0.0
Lüleburgaz,SPEI12,1989,1,0.573
Lüleburgaz,SPEI12,1989,2,1.04
Lüleburgaz,SPEI12,1989,3,1.098
Lüleburgaz,SPEI12,1989,4,1.399
Lüleburgaz,SPEI12,1989,5,1.556
Lüleburgaz,SPEI12,1989,6,1.683
Lüleburgaz,SPEI12,1989,7,1.884
Lüleburgaz,SPEI12,1989,8,2.107
Lüleburgaz,SPEI12,1989,9,2.51
Lüleburgaz,SPEI12,1989,10,0.0
Lüleburgaz,SPEI12,1989,11,0.0
Lüleburgaz,SPEI12,1989,12,0.0
Lüleburgaz,SPEI12,1990,1,0.868
Lüleburgaz,SPEI12,1990,2,1.5
Lüleburgaz,SPEI12,1990,3,2.248
Lüleburgaz,SPEI12,1990,4,2.821
Lüleburgaz,SPEI12,1990,5,3.288
Lüleburgaz,SPEI12,1990,6,3.52
Lüleburgaz,SPEI12,1990,7,3.647
Lüleburgaz,SPEI12,1990,8,3.879
Lüleburgaz,SPEI12,1990,9,4.099
Lüleburgaz,SPEI12,1990,10,4.285
Lüleburgaz,SPEI12,1990,11,4.458
Lüleburgaz,SPEI12,1990,12,4.758
Lüleburgaz,SPEI12,1991,1,0.142
Lüleburgaz,SPEI12,1991,2,0.0
Lüleburgaz,SPEI12,1991,3,0.0
Lüleburgaz,SPEI12,1991,4,0.0
Lüleburgaz,SPEI12,1991,5,0.0
Lüleburgaz,SPEI12,1991,6,0.0
Lüleburgaz,SPEI12,1991,7,0.0
Lüleburgaz,SPEI12,1991,8,0.0
Lüleburgaz,SPEI12,1991,9,0.0
Lüleburgaz,SPEI12,1991,10,0.0
Lüleburgaz,SPEI12,1991,11,0.0
Lüleburgaz,SPEI12,1991,12,0.0
Lüleburgaz,SPEI12,1992,1,0.08
Lüleburgaz,SPEI12,1992,2,0.0
Lüleburgaz,SPEI12,1992,3,0.0
Lüleburgaz,SPEI12,1992,4,0.0
Lüleburgaz,SPEI12,1992,5,0.0
Lüleburgaz,SPEI12,1992,6,0.0
Lüleburgaz,SPEI12,1992,7,0.0
Lüleburgaz,SPEI12,1992,8,0.0
Lüleburgaz,SPEI12,1992,9,0.0
Lüleburgaz,SPEI12,1992,10,0.0
Lüleburgaz,SPEI12,1992,11,0.0
Lüleburgaz,SPEI12,1992,12,0.0
Lüleburgaz,SPEI12,1993,1,0.868
Lüleburgaz,SPEI12,1993,2,1.562
Lüleburgaz,SPEI12,1993,3,2.128
Lüleburgaz,SPEI12,1993,4,2.412
Lüleburgaz,SPEI12,1993,5,2.607
Lüleburgaz,SPEI12,1993,6,2.93
Lüleburgaz,SPEI12,1993,7,0.0
Lüleburgaz,SPEI12,1993,8,0.0
Lüleburgaz,SPEI12,1993,9,0.0
Lüleburgaz,SPEI12,1993,10,0.0
Lüleburgaz,SPEI12,1993,11,0.0
Lüleburgaz,SPEI12,1993,12,0.0
Lüleburgaz,SPEI12,1994,1,2.212
Lüleburgaz,SPEI12,1994,2,3.865
Lüleburgaz,SPEI12,1994,3,5.615
Lüleburgaz,SPEI12,1994,4,7.586
Lüleburgaz,SPEI12,1994,5,9.416
Lüleburgaz,SPEI12,1994,6,10.495
Lüleburgaz,SPEI12,1994,7,11.659
Lüleburgaz,SPEI12,1994,8,12.57
Lüleburgaz,SPEI12,1994,9,13.312
Lüleburgaz,SPEI12,1994,10,14.039
Lüleburgaz,SPEI12,1994,11,14.746
Lüleburgaz,SPEI12,1994,12,15.473
Lüleburgaz,SPEI12,1995,1,0.0
Lüleburgaz,SPEI12,1995,2,0.0
Lüleburgaz,SPEI12,1995,3,0.0
Lüleburgaz,SPEI12,1995,4,0.0
Lüleburgaz,SPEI12,1995,5,0.0
Lüleburgaz,SPEI12,1995,6,0.0
Lüleburgaz,SPEI12,1995,7,0.0
Lüleburgaz,SPEI12,1995,8,0.0
Lüleburgaz,SPEI12,1995,9,0.0
Lüleburgaz,SPEI12,1995,10,0.0
Lüleburgaz,SPEI12,1995,11,0.0
Lüleburgaz,SPEI12,1995,12,0.0
Lüleburgaz,SPEI12,1996,1,0.132
Lüleburgaz,SPEI12,1996,2,0.0
Lüleburgaz,SPEI12,1996,3,0.0
Lüleburgaz,SPEI12,1996,4,0.0
Lüleburgaz,SPEI12,1996,5,0.0
Lüleburgaz,SPEI12,1996,6,0.0
Lüleburgaz,SPEI12,1996,7,0.0
Lüleburgaz,SPEI12,1996,8,0.0
Lüleburgaz,SPEI12,1996,9,0.0
Lüleburgaz,SPEI12,1996,10,0.0
Lüleburgaz,SPEI12,1996,11,0.0
Lüleburgaz,SPEI12,1996,12,0.0
Lüleburgaz,SPEI12,1997,1,0.0
Lüleburgaz,SPEI12,1997,2,0.0
Lüleburgaz,SPEI12,1997,3,0.0
Lüleburgaz,SPEI12,1997,4,0.0
Lüleburgaz,SPEI12,1997,5,0.0
Lüleburgaz,SPEI12,1997,6,0.0
Lüleburgaz,SPEI12,1997,7,0.0
Lüleburgaz,SPEI12,1997,8,0.0
Lüleburgaz,SPEI12,1997,9,0.0
Lüleburgaz,SPEI12,1997,10,0.0
Lüleburgaz,SPEI12,1997,11,0.0
Lüleburgaz,SPEI12,1997,12,0.0
Lüleburgaz,SPEI12,1998,1,0.0
Lüleburgaz,SPEI12,1998,2,0.0
Lüleburgaz,SPEI12,1998,3,0.0
Lüleburgaz,SPEI12,1998,4,0.0
Lüleburgaz,SPEI12,1998,5,0.0
Lüleburgaz,SPEI12,1998,6,0.0
Lüleburgaz,SPEI12,1998,7,0.0
Lüleburgaz,SPEI12,1998,8,0.0
Lüleburgaz,SPEI12,1998,9,0.0
Lüleburgaz,SPEI12,1998,10,0.0
Lüleburgaz,SPEI12,1998,11,0.0
Lüleburgaz,SPEI12,1998,12,0.0
Lüleburgaz,SPEI12,1999,1,0.0
Lüleburgaz,SPEI12,1999,2,0.0
Lüleburgaz,SPEI12,1999,3,0.0
Lüleburgaz,SPEI12,1999,4,0.0
Lüleburgaz,SPEI12,1999,5,0.0
Lüleburgaz,SPEI12,1999,6,0.0
Lüleburgaz,SPEI12,1999,7,0.0
Lüleburgaz,SPEI12,1999,8,0.0
Lüleburgaz,SPEI12,1999,9,0.0
Lüleburgaz,SPEI12,1999,10,0.0
Lüleburgaz,SPEI12,1999,11,0.0
Lüleburgaz,SPEI12,1999,12,0.0
Lüleburgaz,SPEI12,2000,1,0.917
Lüleburgaz,SPEI12,2000,2,1.559
Lüleburgaz,SPEI12,2000,3,2.109
Lüleburgaz,SPEI12,2000,4,2.623
Lüleburgaz,SPEI12,2000,5,2.842
Lüleburgaz,SPEI12,2000,6,3.638
Lüleburgaz,SPEI12,2000,7,4.152
Lüleburgaz,SPEI12,2000,8,0.0
Lüleburgaz,SPEI12,2000,9,0.0
Lüleburgaz,SPEI12,2000,10,0.0
Lüleburgaz,SPEI12,2000,11,0.0
Lüleburgaz,SPEI12,2000,12,0.0
Lüleburgaz,SPEI12,2001,1,1.59
Lüleburgaz,SPEI12,2001,2,2.811
Lüleburgaz,SPEI12,2001,3,3.735
Lüleburgaz,SPEI12,2001,4,4.624
Lüleburgaz,SPEI12,2001,5,5.198
Lüleburgaz,SPEI12,2001,6,5.487
Lüleburgaz,SPEI12,2001,7,5.826
Lüleburgaz,SPEI12,2001,8,6.084
Lüleburgaz,SPEI12,2001,9,6.99
Lüleburgaz,SPEI12,2001,10,7.783
Lüleburgaz,SPEI12,2001,11,8.461
Lüleburgaz,SPEI12,2001,12,9.326
Lüleburgaz,SPEI12,2002,1,0.547
Lüleburgaz,SPEI12,2002,2,0.845
Lüleburgaz,SPEI12,2002,3,0.951
Lüleburgaz,SPEI12,2002,4,0.0
Lüleburgaz,SPEI12,2002,5,0.0
Lüleburgaz,SPEI12,2002,6,0.0
Lüleburgaz,SPEI12,2002,7,0.0
Lüleburgaz,SPEI12,2002,8,0.0
Lüleburgaz,SPEI12,2002,9,0.0
Lüleburgaz,SPEI12,2002,10,0.0
Lüleburgaz,SPEI12,2002,11,0.0
Lüleburgaz,SPEI12,2002,12,0.0
Lüleburgaz,SPEI12,2003,1,2.344
Lüleburgaz,SPEI12,2003,2,4.149
Lüleburgaz,SPEI12,2003,3,5.3
Lüleburgaz,SPEI12,2003,4,6.87
Lüleburgaz,SPEI12,2003,5,8.266
Lüleburgaz,SPEI12,2003,6,9.441
Lüleburgaz,SPEI12,2003,7,9.966
Lüleburgaz,SPEI12,2003,8,0.0
Lüleburgaz,SPEI12,2003,9,0.0
Lüleburgaz,SPEI12,2003,10,0.0
Lüleburgaz,SPEI12,2003,11,0.0
Lüleburgaz,SPEI12,2003,12,0.0
Lüleburgaz,SPEI12,2004,1,4.753
Lüleburgaz,SPEI12,2004,2,8.189
Lüleburgaz,SPEI12,2004,3,10.259
Lüleburgaz,SPEI12,2004,4,12.573
Lüleburgaz,SPEI12,2004,5,14.452
Lüleburgaz,SPEI12,2004,6,16.254
Lüleburgaz,SPEI12,2004,7,18.524
Lüleburgaz,SPEI12,2004,8,20.403
Lüleburgaz,SPEI12,2004,9,21.953
Lüleburgaz,SPEI12,2004,10,23.517
Lüleburgaz,SPEI12,2004,11,25.791
Lüleburgaz,SPEI12,2004,12,27.593
Lüleburgaz,SPEI12,2005,1,2.34
Lüleburgaz,SPEI12,2005,2,4.614
Lüleburgaz,SPEI12,2005,3,7.186
Lüleburgaz,SPEI12,2005,4,9.494
Lüleburgaz,SPEI12,2005,5,10.968
Lüleburgaz,SPEI12,2005,6,12.532
Lüleburgaz,SPEI12,2005,7,14.188
Lüleburgaz,SPEI12,2005,8,15.648
Lüleburgaz,SPEI12,2005,9,20.311
Lüleburgaz,SPEI12,2005,10,23.747
Lüleburgaz,SPEI12,2005,11,25.817
Lüleburgaz,SPEI12,2005,12,28.131
Lüleburgaz,SPEI12,2006,1,0.64
Lüleburgaz,SPEI12,2006,2,1.175
Lüleburgaz,SPEI12,2006,3,1.344
Lüleburgaz,SPEI12,2006,4,1.672
Lüleburgaz,SPEI12,2006,5,2.207
Lüleburgaz,SPEI12,2006,6,2.357
Lüleburgaz,SPEI12,2006,7,2.438
Lüleburgaz,SPEI12,2006,8,0.0
Lüleburgaz,SPEI12,2006,9,0.0
Lüleburgaz,SPEI12,2006,10,0.0
Lüleburgaz,SPEI12,2006,11,0.0
Lüleburgaz,SPEI12,2006,12,0.0
Lüleburgaz,SPEI12,2007,1,1.474
Lüleburgaz,SPEI12,2007,2,2.65
Lüleburgaz,SPEI12,2007,3,3.776
Lüleburgaz,SPEI12,2007,4,4.936
Lüleburgaz,SPEI12,2007,5,6.032
Lüleburgaz,SPEI12,2007,6,6.892
Lüleburgaz,SPEI12,2007,7,7.583
Lüleburgaz,SPEI12,2007,8,0.0
Lüleburgaz,SPEI12,2007,9,0.0
Lüleburgaz,SPEI12,2007,10,0.0
Lüleburgaz,SPEI12,2007,11,0.0
Lüleburgaz,SPEI12,2007,12,0.0
Lüleburgaz,SPEI12,2008,1,1.782
Lüleburgaz,SPEI12,2008,2,3.173
Lüleburgaz,SPEI12,2008,3,4.488
Lüleburgaz,SPEI12,2008,4,5.543
Lüleburgaz,SPEI12,2008,5,6.484
Lüleburgaz,SPEI12,2008,6,7.344
Lüleburgaz,SPEI12,2008,7,8.679
Lüleburgaz,SPEI12,2008,8,9.994
Lüleburgaz,SPEI12,2008,9,11.12
Lüleburgaz,SPEI12,2008,10,12.28
Lüleburgaz,SPEI12,2008,11,13.376
Lüleburgaz,SPEI12,2008,12,14.068
Lüleburgaz,SPEI12,2009,1,0.897
Lüleburgaz,SPEI12,2009,2,1.999
Lüleburgaz,SPEI12,2009,3,2.913
Lüleburgaz,SPEI12,2009,4,3.333
Lüleburgaz,SPEI12,2009,5,3.812
Lüleburgaz,SPEI12,2009,6,4.151
Lüleburgaz,SPEI12,2009,7,4.455
Lüleburgaz,SPEI12,2009,8,5.147
Lüleburgaz,SPEI12,2009,9,6.462
Lüleburgaz,SPEI12,2009,10,7.853
Lüleburgaz,SPEI12,2009,11,9.635
Lüleburgaz,SPEI12,2009,12,10.69
Lüleburgaz,SPEI12,2010,1,0.0
Lüleburgaz,SPEI12,2010,2,0.0
Lüleburgaz,SPEI12,2010,3,0.0
Lüleburgaz,SPEI12,2010,4,0.0
Lüleburgaz,SPEI12,2010,5,0.0
Lüleburgaz,SPEI12,2010,6,0.0
Lüleburgaz,SPEI12,2010,7,0.0
Lüleburgaz,SPEI12,2010,8,0.0
Lüleburgaz,SPEI12,2010,9,0.0
Lüleburgaz,SPEI12,2010,10,0.0
Lüleburgaz,SPEI12,2010,11,0.0
Lüleburgaz,SPEI12,2010,12,0.0
Lüleburgaz,SPEI12,2011,1,0.222
Lüleburgaz,SPEI12,2011,2,0.0
Lüleburgaz,SPEI12,2011,3,0.0
Lüleburgaz,SPEI12,2011,4,0.0
Lüleburgaz,SPEI12,2011,5,0.0
Lüleburgaz,SPEI12,2011,6,0.0
Lüleburgaz,SPEI12,2011,7,0.0
Lüleburgaz,SPEI12,2011,8,0.0
Lüleburgaz,SPEI12,2011,9,0.0
Lüleburgaz,SPEI12,2011,10,0.0
Lüleburgaz,SPEI12,2011,11,0.0
Lüleburgaz,SPEI12,2011,12,0.0
Lüleburgaz,SPEI12,2012,1,0.578
Lüleburgaz,SPEI12,2012,2,1.152
Lüleburgaz,SPEI12,2012,3,1.682
Lüleburgaz,SPEI12,2012,4,2.055
Lüleburgaz,SPEI12,2012,5,2.327
Lüleburgaz,SPEI12,2012,6,2.535
Lüleburgaz,SPEI12,2012,7,0.0
Lüleburgaz,SPEI12,2012,8,0.0
Lüleburgaz,SPEI12,2012,9,0.0
Lüleburgaz,SPEI12,2012,10,0.0
Lüleburgaz,SPEI12,2012,11,0.0
Lüleburgaz,SPEI12,2012,12,0.0
Lüleburgaz,SPEI12,2013,1,0.0
Lüleburgaz,SPEI12,2013,2,0.0
Lüleburgaz,SPEI12,2013,3,0.0
Lüleburgaz,SPEI12,2013,4,0.0
Lüleburgaz,SPEI12,2013,5,0.0
Lüleburgaz,SPEI12,2013,6,0.0
Lüleburgaz,SPEI12,2013,7,0.0
Lüleburgaz,SPEI12,2013,8,0.0
Lüleburgaz,SPEI12,2013,9,0.0
Lüleburgaz,SPEI12,2013,10,0.0
Lüleburgaz,SPEI12,2013,11,0.0
Lüleburgaz,SPEI12,2013,12,0.0
Lüleburgaz,SPEI12,2014,1,0.706
Lüleburgaz,SPEI12,2014,2,1.053
Lüleburgaz,SPEI12,2014,3,1.401
Lüleburgaz,SPEI12,2014,4,1.693
Lüleburgaz,SPEI12,2014,5,1.879
Lüleburgaz,SPEI12,2014,6,0.0
Lüleburgaz,SPEI12,2014,7,0.0
Lüleburgaz,SPEI12,2014,8,0.0
Lüleburgaz,SPEI12,2014,9,0.0
Lüleburgaz,SPEI12,2014,10,0.0
Lüleburgaz,SPEI12,2014,11,0.0
Lüleburgaz,SPEI12,2014,12,0.0
Lüleburgaz,SPEI12,2015,1,0.66
Lüleburgaz,SPEI12,2015,2,0.802
Lüleburgaz,SPEI12,2015,3,0.86
Lüleburgaz,SPEI12,2015,4,1.518
Lüleburgaz,SPEI12,2015,5,1.606
Lüleburgaz,SPEI12,2015,6,0.0
Lüleburgaz,SPEI12,2015,7,0.0
Lüleburgaz,SPEI12,2015,8,0.0
Lüleburgaz,SPEI12,2015,9,0.0
Lüleburgaz,SPEI12,2015,10,0.0
Lüleburgaz,SPEI12,2015,11,0.0
Lüleburgaz,SPEI12,2015,12,0.0
Lüleburgaz,SPEI12,2016,1,2.119
Lüleburgaz,SPEI12,2016,2,3.918
Lüleburgaz,SPEI12,2016,3,5.523
Lüleburgaz,SPEI12,2016,4,6.862
Lüleburgaz,SPEI12,2016,5,7.99
Lüleburgaz,SPEI12,2016,6,9.195
Lüleburgaz,SPEI12,2016,7,10.446
Lüleburgaz,SPEI12,2016,8,11.332
Lüleburgaz,SPEI12,2016,9,12.649
Lüleburgaz,SPEI12,2016,10,13.423
Lüleburgaz,SPEI12,2016,11,13.94
Lüleburgaz,SPEI12,2016,12,14.496
Lüleburgaz,SPEI12,2017,1,1.611
Lüleburgaz,SPEI12,2017,2,3.125
Lüleburgaz,SPEI12,2017,3,4.918
Lüleburgaz,SPEI12,2017,4,7.037
Lüleburgaz,SPEI12,2017,5,8.648
Lüleburgaz,SPEI12,2017,6,9.987
Lüleburgaz,SPEI12,2017,7,11.293
Lüleburgaz,SPEI12,2017,8,12.421
Lüleburgaz,SPEI12,2017,9,13.626
Lüleburgaz,SPEI12,2017,10,14.877
Lüleburgaz,SPEI12,2017,11,15.835
Lüleburgaz,SPEI12,2017,12,17.08
Lüleburgaz,SPEI12,2018,1,0.0
Lüleburgaz,SPEI12,2018,2,0.0
Lüleburgaz,SPEI12,2018,3,0.0
Lüleburgaz,SPEI12,2018,4,0.0
Lüleburgaz,SPEI12,2018,5,0.0
Lüleburgaz,SPEI12,2018,6,0.0
Lüleburgaz,SPEI12,2018,7,0.0
Lüleburgaz,SPEI12,2018,8,0.0
Lüleburgaz,SPEI12,2018,9,0.0
Lüleburgaz,SPEI12,2018,10,0.0
Lüleburgaz,SPEI12,2018,11,0.0
Lüleburgaz,SPEI12,2018,12,0.0
Lüleburgaz,SPEI12,2019,1,4.753
Lüleburgaz,SPEI12,2019,2,7.923
Lüleburgaz,SPEI12,2019,3,9.854
Lüleburgaz,SPEI12,2019,4,11.461
Lüleburgaz,SPEI12,2019,5,12.994
Lüleburgaz,SPEI12,2019,6,14.619
Lüleburgaz,SPEI12,2019,7,15.908
Lüleburgaz,SPEI12,2019,8,0.0
Lüleburgaz,SPEI12,2019,9,0.0
Lüleburgaz,SPEI12,2019,10,0.0
Lüleburgaz,SPEI12,2019,11,0.0
Lüleburgaz,SPEI12,2019,12,0.0
Lüleburgaz,SPEI12,2020,1,4.753
Lüleburgaz,SPEI12,2020,2,9.506
Lüleburgaz,SPEI12,2020,3,14.259
Lüleburgaz,SPEI12,2020,4,19.012
Lüleburgaz,SPEI12,2020,5,23.765
Lüleburgaz,SPEI12,2020,6,27.586
Lüleburgaz,SPEI12,2020,7,30.756
Lüleburgaz,SPEI12,2020,8,32.687
Lüleburgaz,SPEI12,2020,9,34.294
Lüleburgaz,SPEI12,2020,10,35.827
Lüleburgaz,SPEI12,2020,11,37.452
Lüleburgaz,SPEI12,2020,12,38.769
Lüleburgaz,SPEI12,2021,1,0.507
Lüleburgaz,SPEI12,2021,2,0.924
Lüleburgaz,SPEI12,2021,3,1.272
Lüleburgaz,SPEI12,2021,4,1.67
Lüleburgaz,SPEI12,2021,5,1.792
Lüleburgaz,SPEI12,2021,6,1.83
Lüleburgaz,SPEI12,2021,7,0.0
Lüleburgaz,SPEI12,2021,8,0.0
Lüleburgaz,SPEI12,2021,9,0.0
Lüleburgaz,SPEI12,2021,10,0.0
Lüleburgaz,SPEI12,2021,11,0.0
Lüleburgaz,SPEI12,2021,12,0.0
Lüleburgaz,SPEI12,2022,1,1.516
Lüleburgaz,SPEI12,2022,2,1.797
Lüleburgaz,SPEI12,2022,3,0.0
Lüleburgaz,SPEI12,2022,4,0.0
Lüleburgaz,SPEI12,2022,5,0.0
Lüleburgaz,SPEI12,2022,6,0.0
Lüleburgaz,SPEI12,2022,7,0.0
Lüleburgaz,SPEI12,2022,8,0.0
Lüleburgaz,SPEI12,2022,9,0.0
Lüleburgaz,SPEI12,2022,10,0.0
Lüleburgaz,SPEI12,2022,11,0.0
Lüleburgaz,SPEI12,2022,12,0.0
Lüleburgaz,SPEI12,2023,1,4.753
Lüleburgaz,SPEI12,2023,2,6.997
Lüleburgaz,SPEI12,2023,3,8.976
Lüleburgaz,SPEI12,2023,4,10.872
Lüleburgaz,SPEI12,2023,5,12.634
Lüleburgaz,SPEI12,2023,6,14.17
Lüleburgaz,SPEI12,2023,7,15.838
Lüleburgaz,SPEI12,2023,8,17.569
Lüleburgaz,SPEI12,2023,9,19.967
Lüleburgaz,SPEI12,2023,10,21.946
Lüleburgaz,SPEI12,2023,11,23.775
Lüleburgaz,SPEI12,2023,12,25.291
Lüleburgaz,SPEI12,2024,1,4.753
Lüleburgaz,SPEI12,2024,2,8.011
Lüleburgaz,SPEI12,2024,3,9.69
Lüleburgaz,SPEI12,2024,4,11.512
Lüleburgaz,SPEI12,2024,5,13.677
Lüleburgaz,SPEI12,2024,6,16.054
Lüleburgaz,SPEI12,2024,7,18.271
Lüleburgaz,SPEI12,2024,8,20.168
Lüleburgaz,SPEI12,2024,9,21.846
Lüleburgaz,SPEI12,2024,10,22.894
Lüleburgaz,SPEI12,2024,11,23.934
Lüleburgaz,SPEI12,2024,12,25.08
Sarıyer,SPI12,1966,1,0.821
Sarıyer,SPI12,1966,2,1.601
Sarıyer,SPI12,1966,3,0.0
Sarıyer,SPI12,1966,4,0.0
Sarıyer,SPI12,1966,5,0.0
Sarıyer,SPI12,1966,6,0.0
Sarıyer,SPI12,1966,7,0.0
Sarıyer,SPI12,1966,8,0.0
Sarıyer,SPI12,1966,9,0.0
Sarıyer,SPI12,1966,10,0.0
Sarıyer,SPI12,1966,11,0.0
Sarıyer,SPI12,1966,12,0.0
Sarıyer,SPI12,1967,1,1.268
Sarıyer,SPI12,1967,2,2.357
Sarıyer,SPI12,1967,3,3.425
Sarıyer,SPI12,1967,4,4.563
Sarıyer,SPI12,1967,5,5.656
Sarıyer,SPI12,1967,6,6.663
Sarıyer,SPI12,1967,7,7.756
Sarıyer,SPI12,1967,8,8.721
Sarıyer,SPI12,1967,9,9.501
Sarıyer,SPI12,1967,10,10.322
Sarıyer,SPI12,1967,11,11.029
Sarıyer,SPI12,1967,12,11.363
Sarıyer,SPI12,1968,1,1.184
Sarıyer,SPI12,1968,2,2.29
Sarıyer,SPI12,1968,3,3.402
Sarıyer,SPI12,1968,4,4.376
Sarıyer,SPI12,1968,5,5.302
Sarıyer,SPI12,1968,6,6.08
Sarıyer,SPI12,1968,7,6.894
Sarıyer,SPI12,1968,8,7.645
Sarıyer,SPI12,1968,9,8.571
Sarıyer,SPI12,1968,10,9.177
Sarıyer,SPI12,1968,11,9.921
Sarıyer,SPI12,1968,12,10.753
Sarıyer,SPI12,1969,1,0.0
Sarıyer,SPI12,1969,2,0.0
Sarıyer,SPI12,1969,3,0.0
Sarıyer,SPI12,1969,4,0.0
Sarıyer,SPI12,1969,5,0.0
Sarıyer,SPI12,1969,6,0.0
Sarıyer,SPI12,1969,7,0.0
Sarıyer,SPI12,1969,8,0.0
Sarıyer,SPI12,1969,9,0.0
Sarıyer,SPI12,1969,10,0.0
Sarıyer,SPI12,1969,11,0.0
Sarıyer,SPI12,1969,12,0.0
Sarıyer,SPI12,1970,1,0.453
Sarıyer,SPI12,1970,2,0.624
Sarıyer,SPI12,1970,3,0.777
Sarıyer,SPI12,1970,4,0.956
Sarıyer,SPI12,1970,5,0.0
Sarıyer,SPI12,1970,6,0.0
Sarıyer,SPI12,1970,7,0.0
Sarıyer,SPI12,1970,8,0.0
Sarıyer,SPI12,1970,9,0.0
Sarıyer,SPI12,1970,10,0.0
Sarıyer,SPI12,1970,11,0.0
Sarıyer,SPI12,1970,12,0.0
Sarıyer,SPI12,1971,1,0.441
Sarıyer,SPI12,1971,2,0.681
Sarıyer,SPI12,1971,3,0.978
Sarıyer,SPI12,1971,4,1.306
Sarıyer,SPI12,1971,5,0.0
Sarıyer,SPI12,1971,6,0.0
Sarıyer,SPI12,1971,7,0.0
Sarıyer,SPI12,1971,8,0.0
Sarıyer,SPI12,1971,9,0.0
Sarıyer,SPI12,1971,10,0.0
Sarıyer,SPI12,1971,11,0.0
Sarıyer,SPI12,1971,12,0.0
Sarıyer,SPI12,1972,1,1.873
Sarıyer,SPI12,1972,2,3.61
Sarıyer,SPI12,1972,3,5.19
Sarıyer,SPI12,1972,4,6.725
Sarıyer,SPI12,1972,5,7.76
Sarıyer,SPI12,1972,6,8.682
Sarıyer,SPI12,1972,7,9.417
Sarıyer,SPI12,1972,8,10.068
Sarıyer,SPI12,1972,9,10.396
Sarıyer,SPI12,1972,10,10.749
Sarıyer,SPI12,1972,11,10.933
Sarıyer,SPI12,1972,12,11.374
Sarıyer,SPI12,1973,1,1.014
Sarıyer,SPI12,1973,2,1.658
Sarıyer,SPI12,1973,3,2.281
Sarıyer,SPI12,1973,4,2.86
Sarıyer,SPI12,1973,5,2.924
Sarıyer,SPI12,1973,6,0.0
Sarıyer,SPI12,1973,7,0.0
Sarıyer,SPI12,1973,8,0.0
Sarıyer,SPI12,1973,9,0.0
Sarıyer,SPI12,1973,10,0.0
Sarıyer,SPI12,1973,11,0.0
Sarıyer,SPI12,1973,12,0.0
Sarıyer,SPI12,1974,1,0.711
Sarıyer,SPI12,1974,2,1.327
Sarıyer,SPI12,1974,3,2.112
Sarıyer,SPI12,1974,4,2.779
Sarıyer,SPI12,1974,5,3.423
Sarıyer,SPI12,1974,6,4.106
Sarıyer,SPI12,1974,7,4.75
Sarıyer,SPI12,1974,8,5.373
Sarıyer,SPI12,1974,9,5.437
Sarıyer,SPI12,1974,10,0.0
Sarıyer,SPI12,1974,11,0.0
Sarıyer,SPI12,1974,12,0.0
Sarıyer,SPI12,1975,1,0.0
Sarıyer,SPI12,1975,2,0.0
Sarıyer,SPI12,1975,3,0.0
Sarıyer,SPI12,1975,4,0.0
Sarıyer,SPI12,1975,5,0.0
Sarıyer,SPI12,1975,6,0.0
Sarıyer,SPI12,1975,7,0.0
Sarıyer,SPI12,1975,8,0.0
Sarıyer,SPI12,1975,9,0.0
Sarıyer,SPI12,1975,10,0.0
Sarıyer,SPI12,1975,11,0.0
Sarıyer,SPI12,1975,12,0.0
Sarıyer,SPI12,1976,1,1.69
Sarıyer,SPI12,1976,2,2.955
Sarıyer,SPI12,1976,3,4.276
Sarıyer,SPI12,1976,4,5.722
Sarıyer,SPI12,1976,5,6.785
Sarıyer,SPI12,1976,6,7.964
Sarıyer,SPI12,1976,7,9.064
Sarıyer,SPI12,1976,8,10.127
Sarıyer,SPI12,1976,9,10.814
Sarıyer,SPI12,1976,10,11.431
Sarıyer,SPI12,1976,11,11.617
Sarıyer,SPI12,1976,12,0.0
Sarıyer,SPI12,1977,1,1.037
Sarıyer,SPI12,1977,2,1.993
Sarıyer,SPI12,1977,3,3.439
Sarıyer,SPI12,1977,4,4.76
Sarıyer,SPI12,1977,5,6.025
Sarıyer,SPI12,1977,6,7.715
Sarıyer,SPI12,1977,7,8.752
Sarıyer,SPI12,1977,8,9.957
Sarıyer,SPI12,1977,9,11.057
Sarıyer,SPI12,1977,10,12.094
Sarıyer,SPI12,1977,11,12.781
Sarıyer,SPI12,1977,12,13.398
Sarıyer,SPI12,1978,1,0.003
Sarıyer,SPI12,1978,2,0.0
Sarıyer,SPI12,1978,3,0.0
Sarıyer,SPI12,1978,4,0.0
Sarıyer,SPI12,1978,5,0.0
Sarıyer,SPI12,1978,6,0.0
Sarıyer,SPI12,1978,7,0.0
Sarıyer,SPI12,1978,8,0.0
Sarıyer,SPI12,1978,9,0.0
Sarıyer,SPI12,1978,10,0.0
Sarıyer,SPI12,1978,11,0.0
Sarıyer,SPI12,1978,12,0.0
Sarıyer,SPI12,1979,1,0.235
Sarıyer,SPI12,1979,2,0.379
Sarıyer,SPI12,1979,3,0.504
Sarıyer,SPI12,1979,4,0.0
Sarıyer,SPI12,1979,5,0.0
Sarıyer,SPI12,1979,6,0.0
Sarıyer,SPI12,1979,7,0.0
Sarıyer,SPI12,1979,8,0.0
Sarıyer,SPI12,1979,9,0.0
Sarıyer,SPI12,1979,10,0.0
Sarıyer,SPI12,1979,11,0.0
Sarıyer,SPI12,1979,12,0.0
Sarıyer,SPI12,1980,1,0.0
Sarıyer,SPI12,1980,2,0.0
Sarıyer,SPI12,1980,3,0.0
Sarıyer,SPI12,1980,4,0.0
Sarıyer,SPI12,1980,5,0.0
Sarıyer,SPI12,1980,6,0.0
Sarıyer,SPI12,1980,7,0.0
Sarıyer,SPI12,1980,8,0.0
Sarıyer,SPI12,1980,9,0.0
Sarıyer,SPI12,1980,10,0.0
Sarıyer,SPI12,1980,11,0.0
Sarıyer,SPI12,1980,12,0.0
Sarıyer,SPI12,1981,1,0.0
Sarıyer,SPI12,1981,2,0.0
Sarıyer,SPI12,1981,3,0.0
Sarıyer,SPI12,1981,4,0.0
Sarıyer,SPI12,1981,5,0.0
Sarıyer,SPI12,1981,6,0.0
Sarıyer,SPI12,1981,7,0.0
Sarıyer,SPI12,1981,8,0.0
Sarıyer,SPI12,1981,9,0.0
Sarıyer,SPI12,1981,10,0.0
Sarıyer,SPI12,1981,11,0.0
Sarıyer,SPI12,1981,12,0.0
Sarıyer,SPI12,1982,1,0.857
Sarıyer,SPI12,1982,2,0.989
Sarıyer,SPI12,1982,3,0.0
Sarıyer,SPI12,1982,4,0.0
Sarıyer,SPI12,1982,5,0.0
Sarıyer,SPI12,1982,6,0.0
Sarıyer,SPI12,1982,7,0.0
Sarıyer,SPI12,1982,8,0.0
Sarıyer,SPI12,1982,9,0.0
Sarıyer,SPI12,1982,10,0.0
Sarıyer,SPI12,1982,11,0.0
Sarıyer,SPI12,1982,12,0.0
Sarıyer,SPI12,1983,1,1.338
Sarıyer,SPI12,1983,2,2.522
Sarıyer,SPI12,1983,3,3.632
Sarıyer,SPI12,1983,4,4.851
Sarıyer,SPI12,1983,5,5.981
Sarıyer,SPI12,1983,6,7.091
Sarıyer,SPI12,1983,7,7.757
Sarıyer,SPI12,1983,8,8.164
Sarıyer,SPI12,1983,9,9.024
Sarıyer,SPI12,1983,10,9.881
Sarıyer,SPI12,1983,11,10.288
Sarıyer,SPI12,1983,12,10.42
Sarıyer,SPI12,1984,1,1.136
Sarıyer,SPI12,1984,2,1.83
Sarıyer,SPI12,1984,3,2.552
Sarıyer,SPI12,1984,4,3.093
Sarıyer,SPI12,1984,5,3.483
Sarıyer,SPI12,1984,6,4.344
Sarıyer,SPI12,1984,7,5.528
Sarıyer,SPI12,1984,8,6.664
Sarıyer,SPI12,1984,9,7.857
Sarıyer,SPI12,1984,10,8.993
Sarıyer,SPI12,1984,11,10.123
Sarıyer,SPI12,1984,12,10.789
Sarıyer,SPI12,1985,1,1.803
Sarıyer,SPI12,1985,2,3.536
Sarıyer,SPI12,1985,3,4.977
Sarıyer,SPI12,1985,4,5.48
Sarıyer,SPI12,1985,5,5.841
Sarıyer,SPI12,1985,6,6.128
Sarıyer,SPI12,1985,7,6.356
Sarıyer,SPI12,1985,8,6.464
Sarıyer,SPI12,1985,9,0.0
Sarıyer,SPI12,1985,10,0.0
Sarıyer,SPI12,1985,11,0.0
Sarıyer,SPI12,1985,12,0.0
Sarıyer,SPI12,1986,1,1.205
Sarıyer,SPI12,1986,2,2.2
Sarıyer,SPI12,1986,3,2.845
Sarıyer,SPI12,1986,4,0.0
Sarıyer,SPI12,1986,5,0.0
Sarıyer,SPI12,1986,6,0.0
Sarıyer,SPI12,1986,7,0.0
Sarıyer,SPI12,1986,8,0.0
Sarıyer,SPI12,1986,9,0.0
Sarıyer,SPI12,1986,10,0.0
Sarıyer,SPI12,1986,11,0.0
Sarıyer,SPI12,1986,12,0.0
Sarıyer,SPI12,1987,1,1.852
Sarıyer,SPI12,1987,2,3.017
Sarıyer,SPI12,1987,3,4.012
Sarıyer,SPI12,1987,4,5.217
Sarıyer,SPI12,1987,5,6.11
Sarıyer,SPI12,1987,6,7.048
Sarıyer,SPI12,1987,7,7.897
Sarıyer,SPI12,1987,8,8.687
Sarıyer,SPI12,1987,9,9.332
Sarıyer,SPI12,1987,10,9.382
Sarıyer,SPI12,1987,11,0.0
Sarıyer,SPI12,1987,12,0.0
Sarıyer,SPI12,1988,1,1.595
Sarıyer,SPI12,1988,2,2.875
Sarıyer,SPI12,1988,3,4.327
Sarıyer,SPI12,1988,4,4.964
Sarıyer,SPI12,1988,5,5.537
Sarıyer,SPI12,1988,6,5.943
Sarıyer,SPI12,1988,7,0.0
Sarıyer,SPI12,1988,8,0.0
Sarıyer,SPI12,1988,9,0.0
Sarıyer,SPI12,1988,10,0.0
Sarıyer,SPI12,1988,11,0.0
Sarıyer,SPI12,1988,12,0.0
Sarıyer,SPI12,1989,1,1.853
Sarıyer,SPI12,1989,2,2.967
Sarıyer,SPI12,1989,3,3.181
Sarıyer,SPI12,1989,4,3.743
Sarıyer,SPI12,1989,5,4.168
Sarıyer,SPI12,1989,6,5.724
Sarıyer,SPI12,1989,7,6.297
Sarıyer,SPI12,1989,8,6.803
Sarıyer,SPI12,1989,9,7.641
Sarıyer,SPI12,1989,10,8.235
Sarıyer,SPI12,1989,11,8.808
Sarıyer,SPI12,1989,12,9.191
Sarıyer,SPI12,1990,1,1.869
Sarıyer,SPI12,1990,2,3.722
Sarıyer,SPI12,1990,3,5.331
Sarıyer,SPI12,1990,4,6.868
Sarıyer,SPI12,1990,5,8.182
Sarıyer,SPI12,1990,6,9.614
Sarıyer,SPI12,1990,7,10.923
Sarıyer,SPI12,1990,8,12.238
Sarıyer,SPI12,1990,9,13.352
Sarıyer,SPI12,1990,10,14.247
Sarıyer,SPI12,1990,11,14.555
Sarıyer,SPI12,1990,12,15.164
Sarıyer,SPI12,1991,1,0.072
Sarıyer,SPI12,1991,2,0.164
Sarıyer,SPI12,1991,3,0.719
Sarıyer,SPI12,1991,4,1.328
Sarıyer,SPI12,1991,5,1.636
Sarıyer,SPI12,1991,6,2.531
Sarıyer,SPI12,1991,7,3.846
Sarıyer,SPI12,1991,8,5.155
Sarıyer,SPI12,1991,9,6.587
Sarıyer,SPI12,1991,10,7.901
Sarıyer,SPI12,1991,11,9.438
Sarıyer,SPI12,1991,12,11.047
Sarıyer,SPI12,1992,1,1.156
Sarıyer,SPI12,1992,2,2.158
Sarıyer,SPI12,1992,3,3.244
Sarıyer,SPI12,1992,4,3.906
Sarıyer,SPI12,1992,5,0.0
Sarıyer,SPI12,1992,6,0.0
Sarıyer,SPI12,1992,7,0.0
Sarıyer,SPI12,1992,8,0.0
Sarıyer,SPI12,1992,9,0.0
Sarıyer,SPI12,1992,10,0.0
Sarıyer,SPI12,1992,11,0.0
Sarıyer,SPI12,1992,12,0.0
Sarıyer,SPI12,1993,1,1.865
Sarıyer,SPI12,1993,2,3.517
Sarıyer,SPI12,1993,3,5.069
Sarıyer,SPI12,1993,4,6.83
Sarıyer,SPI12,1993,5,8.331
Sarıyer,SPI12,1993,6,10.034
Sarıyer,SPI12,1993,7,11.535
Sarıyer,SPI12,1993,8,12.577
Sarıyer,SPI12,1993,9,13.794
Sarıyer,SPI12,1993,10,14.827
Sarıyer,SPI12,1993,11,15.432
Sarıyer,SPI12,1993,12,16.283
Sarıyer,SPI12,1994,1,2.295
Sarıyer,SPI12,1994,2,4.509
Sarıyer,SPI12,1994,3,6.7
Sarıyer,SPI12,1994,4,8.862
Sarıyer,SPI12,1994,5,10.811
Sarıyer,SPI12,1994,6,12.537
Sarıyer,SPI12,1994,7,14.177
Sarıyer,SPI12,1994,8,15.889
Sarıyer,SPI12,1994,9,17.52
Sarıyer,SPI12,1994,10,19.232
Sarıyer,SPI12,1994,11,20.845
Sarıyer,SPI12,1994,12,22.485
Sarıyer,SPI12,1995,1,0.279
Sarıyer,SPI12,1995,2,0.744
Sarıyer,SPI12,1995,3,1.975
Sarıyer,SPI12,1995,4,2.85
Sarıyer,SPI12,1995,5,4.554
Sarıyer,SPI12,1995,6,5.883
Sarıyer,SPI12,1995,7,7.595
Sarıyer,SPI12,1995,8,9.235
Sarıyer,SPI12,1995,9,11.397
Sarıyer,SPI12,1995,10,13.588
Sarıyer,SPI12,1995,11,15.883
Sarıyer,SPI12,1995,12,18.097
Sarıyer,SPI12,1996,1,0.936
Sarıyer,SPI12,1996,2,1.234
Sarıyer,SPI12,1996,3,1.513
Sarıyer,SPI12,1996,4,1.595
Sarıyer,SPI12,1996,5,1.808
Sarıyer,SPI12,1996,6,0.0
Sarıyer,SPI12,1996,7,0.0
Sarıyer,SPI12,1996,8,0.0
Sarıyer,SPI12,1996,9,0.0
Sarıyer,SPI12,1996,10,0.0
Sarıyer,SPI12,1996,11,0.0
Sarıyer,SPI12,1996,12,0.0
Sarıyer,SPI12,1997,1,1.043
Sarıyer,SPI12,1997,2,1.805
Sarıyer,SPI12,1997,3,2.81
Sarıyer,SPI12,1997,4,3.571
Sarıyer,SPI12,1997,5,4.255
Sarıyer,SPI12,1997,6,4.391
Sarıyer,SPI12,1997,7,4.504
Sarıyer,SPI12,1997,8,0.0
Sarıyer,SPI12,1997,9,0.0
Sarıyer,SPI12,1997,10,0.0
Sarıyer,SPI12,1997,11,0.0
Sarıyer,SPI12,1997,12,0.0
Sarıyer,SPI12,1998,1,0.142
Sarıyer,SPI12,1998,2,0.0
Sarıyer,SPI12,1998,3,0.0
Sarıyer,SPI12,1998,4,0.0
Sarıyer,SPI12,1998,5,0.0
Sarıyer,SPI12,1998,6,0.0
Sarıyer,SPI12,1998,7,0.0
Sarıyer,SPI12,1998,8,0.0
Sarıyer,SPI12,1998,9,0.0
Sarıyer,SPI12,1998,10,0.0
Sarıyer,SPI12,1998,11,0.0
Sarıyer,SPI12,1998,12,0.0
Sarıyer,SPI12,1999,1,0.577
Sarıyer,SPI12,1999,2,0.841
Sarıyer,SPI12,1999,3,0.0
Sarıyer,SPI12,1999,4,0.0
Sarıyer,SPI12,1999,5,0.0
Sarıyer,SPI12,1999,6,0.0
Sarıyer,SPI12,1999,7,0.0
Sarıyer,SPI12,1999,8,0.0
Sarıyer,SPI12,1999,9,0.0
Sarıyer,SPI12,1999,10,0.0
Sarıyer,SPI12,1999,11,0.0
Sarıyer,SPI12,1999,12,0.0
Sarıyer,SPI12,2000,1,0.0
Sarıyer,SPI12,2000,2,0.0
Sarıyer,SPI12,2000,3,0.0
Sarıyer,SPI12,2000,4,0.0
Sarıyer,SPI12,2000,5,0.0
Sarıyer,SPI12,2000,6,0.0
Sarıyer,SPI12,2000,7,0.0
Sarıyer,SPI12,2000,8,0.0
Sarıyer,SPI12,2000,9,0.0
Sarıyer,SPI12,2000,10,0.0
Sarıyer,SPI12,2000,11,0.0
Sarıyer,SPI12,2000,12,0.0
Sarıyer,SPI12,2001,1,1.423
Sarıyer,SPI12,2001,2,2.425
Sarıyer,SPI12,2001,3,3.021
Sarıyer,SPI12,2001,4,3.755
Sarıyer,SPI12,2001,5,4.652
Sarıyer,SPI12,2001,6,5.362
Sarıyer,SPI12,2001,7,5.958
Sarıyer,SPI12,2001,8,6.541
Sarıyer,SPI12,2001,9,7.024
Sarıyer,SPI12,2001,10,7.232
Sarıyer,SPI12,2001,11,7.404
Sarıyer,SPI12,2001,12,0.0
Sarıyer,SPI12,2002,1,0.0
Sarıyer,SPI12,2002,2,0.0
Sarıyer,SPI12,2002,3,0.0
Sarıyer,SPI12,2002,4,0.0
Sarıyer,SPI12,2002,5,0.0
Sarıyer,SPI12,2002,6,0.0
Sarıyer,SPI12,2002,7,0.0
Sarıyer,SPI12,2002,8,0.0
Sarıyer,SPI12,2002,9,0.0
Sarıyer,SPI12,2002,10,0.0
Sarıyer,SPI12,2002,11,0.0
Sarıyer,SPI12,2002,12,0.0
Sarıyer,SPI12,2003,1,1.505
Sarıyer,SPI12,2003,2,2.349
Sarıyer,SPI12,2003,3,3.13
Sarıyer,SPI12,2003,4,3.974
Sarıyer,SPI12,2003,5,4.702
Sarıyer,SPI12,2003,6,4.729
Sarıyer,SPI12,2003,7,0.0
Sarıyer,SPI12,2003,8,0.0
Sarıyer,SPI12,2003,9,0.0
Sarıyer,SPI12,2003,10,0.0
Sarıyer,SPI12,2003,11,0.0
Sarıyer,SPI12,2003,12,0.0
Sarıyer,SPI12,2004,1,1.001
Sarıyer,SPI12,2004,2,1.804
Sarıyer,SPI12,2004,3,2.364
Sarıyer,SPI12,2004,4,3.166
Sarıyer,SPI12,2004,5,4.014
Sarıyer,SPI12,2004,6,4.858
Sarıyer,SPI12,2004,7,5.66
Sarıyer,SPI12,2004,8,6.377
Sarıyer,SPI12,2004,9,7.221
Sarıyer,SPI12,2004,10,8.024
Sarıyer,SPI12,2004,11,8.344
Sarıyer,SPI12,2004,12,8.573
Sarıyer,SPI12,2005,1,0.113
Sarıyer,SPI12,2005,2,0.0
Sarıyer,SPI12,2005,3,0.0
Sarıyer,SPI12,2005,4,0.0
Sarıyer,SPI12,2005,5,0.0
Sarıyer,SPI12,2005,6,0.0
Sarıyer,SPI12,2005,7,0.0
Sarıyer,SPI12,2005,8,0.0
Sarıyer,SPI12,2005,9,0.0
Sarıyer,SPI12,2005,10,0.0
Sarıyer,SPI12,2005,11,0.0
Sarıyer,SPI12,2005,12,0.0
Sarıyer,SPI12,2006,1,0.0
Sarıyer,SPI12,2006,2,0.0
Sarıyer,SPI12,2006,3,0.0
Sarıyer,SPI12,2006,4,0.0
Sarıyer,SPI12,2006,5,0.0
Sarıyer,SPI12,2006,6,0.0
Sarıyer,SPI12,2006,7,0.0
Sarıyer,SPI12,2006,8,0.0
Sarıyer,SPI12,2006,9,0.0
Sarıyer,SPI12,2006,10,0.0
Sarıyer,SPI12,2006,11,0.0
Sarıyer,SPI12,2006,12,0.0
Sarıyer,SPI12,2007,1,2.447
Sarıyer,SPI12,2007,2,4.4
Sarıyer,SPI12,2007,3,6.388
Sarıyer,SPI12,2007,4,8.053
Sarıyer,SPI12,2007,5,8.746
Sarıyer,SPI12,2007,6,9.554
Sarıyer,SPI12,2007,7,10.416
Sarıyer,SPI12,2007,8,11.282
Sarıyer,SPI12,2007,9,12.444
Sarıyer,SPI12,2007,10,13.589
Sarıyer,SPI12,2007,11,14.344
Sarıyer,SPI12,2007,12,14.416
Sarıyer,SPI12,2008,1,1.479
Sarıyer,SPI12,2008,2,3.144
Sarıyer,SPI12,2008,3,5.591
Sarıyer,SPI12,2008,4,7.544
Sarıyer,SPI12,2008,5,9.532
Sarıyer,SPI12,2008,6,10.601
Sarıyer,SPI12,2008,7,11.294
Sarıyer,SPI12,2008,8,12.102
Sarıyer,SPI12,2008,9,12.964
Sarıyer,SPI12,2008,10,14.006
Sarıyer,SPI12,2008,11,15.068
Sarıyer,SPI12,2008,12,16.137
Sarıyer,SPI12,2009,1,0.0
Sarıyer,SPI12,2009,2,0.0
Sarıyer,SPI12,2009,3,0.0
Sarıyer,SPI12,2009,4,0.0
Sarıyer,SPI12,2009,5,0.0
Sarıyer,SPI12,2009,6,0.0
Sarıyer,SPI12,2009,7,0.0
Sarıyer,SPI12,2009,8,0.0
Sarıyer,SPI12,2009,9,0.0
Sarıyer,SPI12,2009,10,0.0
Sarıyer,SPI12,2009,11,0.0
Sarıyer,SPI12,2009,12,0.0
Sarıyer,SPI12,2010,1,0.0
Sarıyer,SPI12,2010,2,0.0
Sarıyer,SPI12,2010,3,0.0
Sarıyer,SPI12,2010,4,0.0
Sarıyer,SPI12,2010,5,0.0
Sarıyer,SPI12,2010,6,0.0
Sarıyer,SPI12,2010,7,0.0
Sarıyer,SPI12,2010,8,0.0
Sarıyer,SPI12,2010,9,0.0
Sarıyer,SPI12,2010,10,0.0
Sarıyer,SPI12,2010,11,0.0
Sarıyer,SPI12,2010,12,0.0
Sarıyer,SPI12,2011,1,1.508
Sarıyer,SPI12,2011,2,2.809
Sarıyer,SPI12,2011,3,3.908
Sarıyer,SPI12,2011,4,4.05
Sarıyer,SPI12,2011,5,0.0
Sarıyer,SPI12,2011,6,0.0
Sarıyer,SPI12,2011,7,0.0
Sarıyer,SPI12,2011,8,0.0
Sarıyer,SPI12,2011,9,0.0
Sarıyer,SPI12,2011,10,0.0
Sarıyer,SPI12,2011,11,0.0
Sarıyer,SPI12,2011,12,0.0
Sarıyer,SPI12,2012,1,1.38
Sarıyer,SPI12,2012,2,2.888
Sarıyer,SPI12,2012,3,4.189
Sarıyer,SPI12,2012,4,5.288
Sarıyer,SPI12,2012,5,6.112
Sarıyer,SPI12,2012,6,6.853
Sarıyer,SPI12,2012,7,7.517
Sarıyer,SPI12,2012,8,7.905
Sarıyer,SPI12,2012,9,8.301
Sarıyer,SPI12,2012,10,8.93
Sarıyer,SPI12,2012,11,9.196
Sarıyer,SPI12,2012,12,9.503
Sarıyer,SPI12,2013,1,1.86
Sarıyer,SPI12,2013,2,2.57
Sarıyer,SPI12,2013,3,2.708
Sarıyer,SPI12,2013,4,0.0
Sarıyer,SPI12,2013,5,0.0
Sarıyer,SPI12,2013,6,0.0
Sarıyer,SPI12,2013,7,0.0
Sarıyer,SPI12,2013,8,0.0
Sarıyer,SPI12,2013,9,0.0
Sarıyer,SPI12,2013,10,0.0
Sarıyer,SPI12,2013,11,0.0
Sarıyer,SPI12,2013,12,0.0
Sarıyer,SPI12,2014,1,2.621
Sarıyer,SPI12,2014,2,5.143
Sarıyer,SPI12,2014,3,7.581
Sarıyer,SPI12,2014,4,10.015
Sarıyer,SPI12,2014,5,12.271
Sarıyer,SPI12,2014,6,14.579
Sarıyer,SPI12,2014,7,16.69
Sarıyer,SPI12,2014,8,18.55
Sarıyer,SPI12,2014,9,20.332
Sarıyer,SPI12,2014,10,21.147
Sarıyer,SPI12,2014,11,22.046
Sarıyer,SPI12,2014,12,22.784
Sarıyer,SPI12,2015,1,0.386
Sarıyer,SPI12,2015,2,0.522
Sarıyer,SPI12,2015,3,1.26
Sarıyer,SPI12,2015,4,2.159
Sarıyer,SPI12,2015,5,2.974
Sarıyer,SPI12,2015,6,4.756
Sarıyer,SPI12,2015,7,6.867
Sarıyer,SPI12,2015,8,9.175
Sarıyer,SPI12,2015,9,11.431
Sarıyer,SPI12,2015,10,13.865
Sarıyer,SPI12,2015,11,16.303
Sarıyer,SPI12,2015,12,18.924
Sarıyer,SPI12,2016,1,1.691
Sarıyer,SPI12,2016,2,2.863
Sarıyer,SPI12,2016,3,3.627
Sarıyer,SPI12,2016,4,4.074
Sarıyer,SPI12,2016,5,4.353
Sarıyer,SPI12,2016,6,4.704
Sarıyer,SPI12,2016,7,5.127
Sarıyer,SPI12,2016,8,5.947
Sarıyer,SPI12,2016,9,6.472
Sarıyer,SPI12,2016,10,7.162
Sarıyer,SPI12,2016,11,7.58
Sarıyer,SPI12,2016,12,7.966
Sarıyer,SPI12,2017,1,0.269
Sarıyer,SPI12,2017,2,0.405
Sarıyer,SPI12,2017,3,0.489
Sarıyer,SPI12,2017,4,0.574
Sarıyer,SPI12,2017,5,0.0
Sarıyer,SPI12,2017,6,0.0
Sarıyer,SPI12,2017,7,0.0
Sarıyer,SPI12,2017,8,0.0
Sarıyer,SPI12,2017,9,0.0
Sarıyer,SPI12,2017,10,0.0
Sarıyer,SPI12,2017,11,0.0
Sarıyer,SPI12,2017,12,0.0
Sarıyer,SPI12,2018,1,0.0
Sarıyer,SPI12,2018,2,0.0
Sarıyer,SPI12,2018,3,0.0
Sarıyer,SPI12,2018,4,0.0
Sarıyer,SPI12,2018,5,0.0
Sarıyer,SPI12,2018,6,0.0
Sarıyer,SPI12,2018,7,0.0
Sarıyer,SPI12,2018,8,0.0
Sarıyer,SPI12,2018,9,0.0
Sarıyer,SPI12,2018,10,0.0
Sarıyer,SPI12,2018,11,0.0
Sarıyer,SPI12,2018,12,0.0
Sarıyer,SPI12,2019,1,0.28
Sarıyer,SPI12,2019,2,0.0
Sarıyer,SPI12,2019,3,0.0
Sarıyer,SPI12,2019,4,0.0
Sarıyer,SPI12,2019,5,0.0
Sarıyer,SPI12,2019,6,0.0
Sarıyer,SPI12,2019,7,0.0
Sarıyer,SPI12,2019,8,0.0
Sarıyer,SPI12,2019,9,0.0
Sarıyer,SPI12,2019,10,0.0
Sarıyer,SPI12,2019,11,0.0
Sarıyer,SPI12,2019,12,0.0
Sarıyer,SPI12,2020,1,1.597
Sarıyer,SPI12,2020,2,2.71
Sarıyer,SPI12,2020,3,3.691
Sarıyer,SPI12,2020,4,4.973
Sarıyer,SPI12,2020,5,6.182
Sarıyer,SPI12,2020,6,7.337
Sarıyer,SPI12,2020,7,7.578
Sarıyer,SPI12,2020,8,7.932
Sarıyer,SPI12,2020,9,8.244
Sarıyer,SPI12,2020,10,8.538
Sarıyer,SPI12,2020,11,8.899
Sarıyer,SPI12,2020,12,8.9
Sarıyer,SPI12,2021,1,1.517
Sarıyer,SPI12,2021,2,3.114
Sarıyer,SPI12,2021,3,4.607
Sarıyer,SPI12,2021,4,5.72
Sarıyer,SPI12,2021,5,6.744
Sarıyer,SPI12,2021,6,7.983
Sarıyer,SPI12,2021,7,9.192
Sarıyer,SPI12,2021,8,10.347
Sarıyer,SPI12,2021,9,11.371
Sarıyer,SPI12,2021,10,12.283
Sarıyer,SPI12,2021,11,13.417
Sarıyer,SPI12,2021,12,14.192
Sarıyer,SPI12,2022,1,1.0
Sarıyer,SPI12,2022,2,1.55
Sarıyer,SPI12,2022,3,2.046
Sarıyer,SPI12,2022,4,2.555
Sarıyer,SPI12,2022,5,2.912
Sarıyer,SPI12,2022,6,3.502
Sarıyer,SPI12,2022,7,3.859
Sarıyer,SPI12,2022,8,0.0
Sarıyer,SPI12,2022,9,0.0
Sarıyer,SPI12,2022,10,0.0
Sarıyer,SPI12,2022,11,0.0
Sarıyer,SPI12,2022,12,0.0
Sarıyer,SPI12,2023,1,2.475
Sarıyer,SPI12,2023,2,4.656
Sarıyer,SPI12,2023,3,6.782
Sarıyer,SPI12,2023,4,8.299
Sarıyer,SPI12,2023,5,9.28
Sarıyer,SPI12,2023,6,10.038
Sarıyer,SPI12,2023,7,10.892
Sarıyer,SPI12,2023,8,12.161
Sarıyer,SPI12,2023,9,13.687
Sarıyer,SPI12,2023,10,14.744
Sarıyer,SPI12,2023,11,15.463
Sarıyer,SPI12,2023,12,15.887
Sarıyer,SPI12,2024,1,1.516
Sarıyer,SPI12,2024,2,2.89
Sarıyer,SPI12,2024,3,2.957
Sarıyer,SPI12,2024,4,0.602
Sarıyer,SPI12,2024,5,0.675
Sarıyer,SPI12,2024,6,0.0
Sarıyer,SPI12,2024,7,0.0
Sarıyer,SPI12,2024,8,0.0
Sarıyer,SPI12,2024,9,0.0
Sarıyer,SPI12,2024,10,0.0
Sarıyer,SPI12,2024,11,0.0
Sarıyer,SPI12,2024,12,0.0
Sarıyer,SPEI12,1966,1,1.071
Sarıyer,SPEI12,1966,2,2.066
Sarıyer,SPEI12,1966,3,2.188
Sarıyer,SPEI12,1966,4,0.0
Sarıyer,SPEI12,1966,5,0.0
Sarıyer,SPEI12,1966,6,0.0
Sarıyer,SPEI12,1966,7,0.0
Sarıyer,SPEI12,1966,8,0.0
Sarıyer,SPEI12,1966,9,0.0
Sarıyer,SPEI12,1966,10,0.0
Sarıyer,SPEI12,1966,11,0.0
Sarıyer,SPEI12,1966,12,0.0
Sarıyer,SPEI12,1967,1,1.46
Sarıyer,SPEI12,1967,2,2.455
Sarıyer,SPEI12,1967,3,3.545
Sarıyer,SPEI12,1967,4,4.695
Sarıyer,SPEI12,1967,5,5.777
Sarıyer,SPEI12,1967,6,6.954
Sarıyer,SPEI12,1967,7,8.036
Sarıyer,SPEI12,1967,8,9.031
Sarıyer,SPEI12,1967,9,10.102
Sarıyer,SPEI12,1967,10,11.059
Sarıyer,SPEI12,1967,11,11.859
Sarıyer,SPEI12,1967,12,12.155
Sarıyer,SPEI12,1968,1,1.232
Sarıyer,SPEI12,1968,2,2.444
Sarıyer,SPEI12,1968,3,3.625
Sarıyer,SPEI12,1968,4,4.614
Sarıyer,SPEI12,1968,5,5.463
Sarıyer,SPEI12,1968,6,6.271
Sarıyer,SPEI12,1968,7,6.931
Sarıyer,SPEI12,1968,8,7.626
Sarıyer,SPEI12,1968,9,8.475
Sarıyer,SPEI12,1968,10,9.048
Sarıyer,SPEI12,1968,11,9.856
Sarıyer,SPEI12,1968,12,10.655
Sarıyer,SPEI12,1969,1,0.0
Sarıyer,SPEI12,1969,2,0.0
Sarıyer,SPEI12,1969,3,0.0
Sarıyer,SPEI12,1969,4,0.0
Sarıyer,SPEI12,1969,5,0.0
Sarıyer,SPEI12,1969,6,0.0
Sarıyer,SPEI12,1969,7,0.0
Sarıyer,SPEI12,1969,8,0.0
Sarıyer,SPEI12,1969,9,0.0
Sarıyer,SPEI12,1969,10,0.0
Sarıyer,SPEI12,1969,11,0.0
Sarıyer,SPEI12,1969,12,0.0
Sarıyer,SPEI12,1970,1,0.601
Sarıyer,SPEI12,1970,2,0.96
Sarıyer,SPEI12,1970,3,1.071
Sarıyer,SPEI12,1970,4,1.058
Sarıyer,SPEI12,1970,5,0.0
Sarıyer,SPEI12,1970,6,0.0
Sarıyer,SPEI12,1970,7,0.0
Sarıyer,SPEI12,1970,8,0.0
Sarıyer,SPEI12,1970,9,0.0
Sarıyer,SPEI12,1970,10,0.0
Sarıyer,SPEI12,1970,11,0.0
Sarıyer,SPEI12,1970,12,0.0
Sarıyer,SPEI12,1971,1,0.366
Sarıyer,SPEI12,1971,2,0.434
Sarıyer,SPEI12,1971,3,0.643
Sarıyer,SPEI12,1971,4,0.836
Sarıyer,SPEI12,1971,5,0.0
Sarıyer,SPEI12,1971,6,0.0
Sarıyer,SPEI12,1971,7,0.0
Sarıyer,SPEI12,1971,8,0.0
Sarıyer,SPEI12,1971,9,0.0
Sarıyer,SPEI12,1971,10,0.0
Sarıyer,SPEI12,1971,11,0.0
Sarıyer,SPEI12,1971,12,0.0
Sarıyer,SPEI12,1972,1,1.506
Sarıyer,SPEI12,1972,2,2.961
Sarıyer,SPEI12,1972,3,4.26
Sarıyer,SPEI12,1972,4,5.559
Sarıyer,SPEI12,1972,5,6.438
Sarıyer,SPEI12,1972,6,7.047
Sarıyer,SPEI12,1972,7,7.591
Sarıyer,SPEI12,1972,8,8.067
Sarıyer,SPEI12,1972,9,8.26
Sarıyer,SPEI12,1972,10,8.469
Sarıyer,SPEI12,1972,11,8.559
Sarıyer,SPEI12,1972,12,8.903
Sarıyer,SPEI12,1973,1,0.681
Sarıyer,SPEI12,1973,2,1.065
Sarıyer,SPEI12,1973,3,1.379
Sarıyer,SPEI12,1973,4,1.681
Sarıyer,SPEI12,1973,5,0.0
Sarıyer,SPEI12,1973,6,0.0
Sarıyer,SPEI12,1973,7,0.0
Sarıyer,SPEI12,1973,8,0.0
Sarıyer,SPEI12,1973,9,0.0
Sarıyer,SPEI12,1973,10,0.0
Sarıyer,SPEI12,1973,11,0.0
Sarıyer,SPEI12,1973,12,0.0
Sarıyer,SPEI12,1974,1,0.384
Sarıyer,SPEI12,1974,2,0.739
Sarıyer,SPEI12,1974,3,1.266
Sarıyer,SPEI12,1974,4,1.65
Sarıyer,SPEI12,1974,5,1.952
Sarıyer,SPEI12,1974,6,2.253
Sarıyer,SPEI12,1974,7,2.637
Sarıyer,SPEI12,1974,8,2.939
Sarıyer,SPEI12,1974,9,0.0
Sarıyer,SPEI12,1974,10,0.0
Sarıyer,SPEI12,1974,11,0.0
Sarıyer,SPEI12,1974,12,0.0
Sarıyer,SPEI12,1975,1,0.087
Sarıyer,SPEI12,1975,2,0.0
Sarıyer,SPEI12,1975,3,0.0
Sarıyer,SPEI12,1975,4,0.0
Sarıyer,SPEI12,1975,5,0.0
Sarıyer,SPEI12,1975,6,0.0
Sarıyer,SPEI12,1975,7,0.0
Sarıyer,SPEI12,1975,8,0.0
Sarıyer,SPEI12,1975,9,0.0
Sarıyer,SPEI12,1975,10,0.0
Sarıyer,SPEI12,1975,11,0.0
Sarıyer,SPEI12,1975,12,0.0
Sarıyer,SPEI12,1976,1,1.053
Sarıyer,SPEI12,1976,2,1.783
Sarıyer,SPEI12,1976,3,2.474
Sarıyer,SPEI12,1976,4,3.345
Sarıyer,SPEI12,1976,5,3.988
Sarıyer,SPEI12,1976,6,4.766
Sarıyer,SPEI12,1976,7,5.587
Sarıyer,SPEI12,1976,8,6.23
Sarıyer,SPEI12,1976,9,6.734
Sarıyer,SPEI12,1976,10,7.26
Sarıyer,SPEI12,1976,11,7.366
Sarıyer,SPEI12,1976,12,0.0
Sarıyer,SPEI12,1977,1,0.64
Sarıyer,SPEI12,1977,2,1.199
Sarıyer,SPEI12,1977,3,2.076
Sarıyer,SPEI12,1977,4,2.828
Sarıyer,SPEI12,1977,5,3.491
Sarıyer,SPEI12,1977,6,4.544
Sarıyer,SPEI12,1977,7,5.184
Sarıyer,SPEI12,1977,8,5.965
Sarıyer,SPEI12,1977,9,6.786
Sarıyer,SPEI12,1977,10,7.426
Sarıyer,SPEI12,1977,11,7.93
Sarıyer,SPEI12,1977,12,8.456
Sarıyer,SPEI12,1978,1,0.0
Sarıyer,SPEI12,1978,2,0.0
Sarıyer,SPEI12,1978,3,0.0
Sarıyer,SPEI12,1978,4,0.0
Sarıyer,SPEI12,1978,5,0.0
Sarıyer,SPEI12,1978,6,0.0
Sarıyer,SPEI12,1978,7,0.0
Sarıyer,SPEI12,1978,8,0.0
Sarıyer,SPEI12,1978,9,0.0
Sarıyer,SPEI12,1978,10,0.0
Sarıyer,SPEI12,1978,11,0.0
Sarıyer,SPEI12,1978,12,0.0
Sarıyer,SPEI12,1979,1,0.006
Sarıyer,SPEI12,1979,2,0.0
Sarıyer,SPEI12,1979,3,0.0
Sarıyer,SPEI12,1979,4,0.0
Sarıyer,SPEI12,1979,5,0.0
Sarıyer,SPEI12,1979,6,0.0
Sarıyer,SPEI12,1979,7,0.0
Sarıyer,SPEI12,1979,8,0.0
Sarıyer,SPEI12,1979,9,0.0
Sarıyer,SPEI12,1979,10,0.0
Sarıyer,SPEI12,1979,11,0.0
Sarıyer,SPEI12,1979,12,0.0
Sarıyer,SPEI12,1980,1,0.0
Sarıyer,SPEI12,1980,2,0.0
Sarıyer,SPEI12,1980,3,0.0
Sarıyer,SPEI12,1980,4,0.0
Sarıyer,SPEI12,1980,5,0.0
Sarıyer,SPEI12,1980,6,0.0
Sarıyer,SPEI12,1980,7,0.0
Sarıyer,SPEI12,1980,8,0.0
Sarıyer,SPEI12,1980,9,0.0
Sarıyer,SPEI12,1980,10,0.0
Sarıyer,SPEI12,1980,11,0.0
Sarıyer,SPEI12,1980,12,0.0
Sarıyer,SPEI12,1981,1,0.0
Sarıyer,SPEI12,1981,2,0.0
Sarıyer,SPEI12,1981,3,0.0
Sarıyer,SPEI12,1981,4,0.0
Sarıyer,SPEI12,1981,5,0.0
Sarıyer,SPEI12,1981,6,0.0
Sarıyer,SPEI12,1981,7,0.0
Sarıyer,SPEI12,1981,8,0.0
Sarıyer,SPEI12,1981,9,0.0
Sarıyer,SPEI12,1981,10,0.0
Sarıyer,SPEI12,1981,11,0.0
Sarıyer,SPEI12,1981,12,0.0
Sarıyer,SPEI12,1982,1,0.579
Sarıyer,SPEI12,1982,2,0.0
Sarıyer,SPEI12,1982,3,0.0
Sarıyer,SPEI12,1982,4,0.0
Sarıyer,SPEI12,1982,5,0.0
Sarıyer,SPEI12,1982,6,0.0
Sarıyer,SPEI12,1982,7,0.0
Sarıyer,SPEI12,1982,8,0.0
Sarıyer,SPEI12,1982,9,0.0
Sarıyer,SPEI12,1982,10,0.0
Sarıyer,SPEI12,1982,11,0.0
Sarıyer,SPEI12,1982,12,0.0
Sarıyer,SPEI12,1983,1,1.368
Sarıyer,SPEI12,1983,2,2.608
Sarıyer,SPEI12,1983,3,3.695
Sarıyer,SPEI12,1983,4,5.015
Sarıyer,SPEI12,1983,5,6.102
Sarıyer,SPEI12,1983,6,7.148
Sarıyer,SPEI12,1983,7,7.663
Sarıyer,SPEI12,1983,8,8.024
Sarıyer,SPEI12,1983,9,8.367
Sarıyer,SPEI12,1983,10,8.946
Sarıyer,SPEI12,1983,11,9.307
Sarıyer,SPEI12,1983,12,0.0
Sarıyer,SPEI12,1984,1,0.951
Sarıyer,SPEI12,1984,2,1.628
Sarıyer,SPEI12,1984,3,2.228
Sarıyer,SPEI12,1984,4,2.699
Sarıyer,SPEI12,1984,5,2.833
Sarıyer,SPEI12,1984,6,2.919
Sarıyer,SPEI12,1984,7,3.144
Sarıyer,SPEI12,1984,8,0.0
Sarıyer,SPEI12,1984,9,0.0
Sarıyer,SPEI12,1984,10,0.0
Sarıyer,SPEI12,1984,11,0.0
Sarıyer,SPEI12,1984,12,0.0
Sarıyer,SPEI12,1985,1,1.494
Sarıyer,SPEI12,1985,2,2.87
Sarıyer,SPEI12,1985,3,4.018
Sarıyer,SPEI12,1985,4,4.283
Sarıyer,SPEI12,1985,5,4.428
Sarıyer,SPEI12,1985,6,4.538
Sarıyer,SPEI12,1985,7,0.0
Sarıyer,SPEI12,1985,8,0.0
Sarıyer,SPEI12,1985,9,0.0
Sarıyer,SPEI12,1985,10,0.0
Sarıyer,SPEI12,1985,11,0.0
Sarıyer,SPEI12,1985,12,0.0
Sarıyer,SPEI12,1986,1,1.073
Sarıyer,SPEI12,1986,2,1.933
Sarıyer,SPEI12,1986,3,2.584
Sarıyer,SPEI12,1986,4,0.0
Sarıyer,SPEI12,1986,5,0.0
Sarıyer,SPEI12,1986,6,0.0
Sarıyer,SPEI12,1986,7,0.0
Sarıyer,SPEI12,1986,8,0.0
Sarıyer,SPEI12,1986,9,0.0
Sarıyer,SPEI12,1986,10,0.0
Sarıyer,SPEI12,1986,11,0.0
Sarıyer,SPEI12,1986,12,0.0
Sarıyer,SPEI12,1987,1,1.622
Sarıyer,SPEI12,1987,2,2.642
Sarıyer,SPEI12,1987,3,3.502
Sarıyer,SPEI12,1987,4,4.575
Sarıyer,SPEI12,1987,5,5.305
Sarıyer,SPEI12,1987,6,5.999
Sarıyer,SPEI12,1987,7,6.65
Sarıyer,SPEI12,1987,8,7.262
Sarıyer,SPEI12,1987,9,7.7
Sarıyer,SPEI12,1987,10,0.0
Sarıyer,SPEI12,1987,11,0.0
Sarıyer,SPEI12,1987,12,0.0
Sarıyer,SPEI12,1988,1,1.454
Sarıyer,SPEI12,1988,2,2.67
Sarıyer,SPEI12,1988,3,4.026
Sarıyer,SPEI12,1988,4,4.541
Sarıyer,SPEI12,1988,5,4.998
Sarıyer,SPEI12,1988,6,5.29
Sarıyer,SPEI12,1988,7,0.0
Sarıyer,SPEI12,1988,8,0.0
Sarıyer,SPEI12,1988,9,0.0
Sarıyer,SPEI12,1988,10,0.0
Sarıyer,SPEI12,1988,11,0.0
Sarıyer,SPEI12,1988,12,0.0
Sarıyer,SPEI12,1989,1,1.595
Sarıyer,SPEI12,1989,2,2.533
Sarıyer,SPEI12,1989,3,2.573
Sarıyer,SPEI12,1989,4,2.985
Sarıyer,SPEI12,1989,5,3.59
Sarıyer,SPEI12,1989,6,5.044
Sarıyer,SPEI12,1989,7,5.501
Sarıyer,SPEI12,1989,8,5.747
Sarıyer,SPEI12,1989,9,6.592
Sarıyer,SPEI12,1989,10,7.202
Sarıyer,SPEI12,1989,11,7.659
Sarıyer,SPEI12,1989,12,7.933
Sarıyer,SPEI12,1990,1,1.645
Sarıyer,SPEI12,1990,2,3.24
Sarıyer,SPEI12,1990,3,4.635
Sarıyer,SPEI12,1990,4,5.999
Sarıyer,SPEI12,1990,5,7.077
Sarıyer,SPEI12,1990,6,8.178
Sarıyer,SPEI12,1990,7,9.214
Sarıyer,SPEI12,1990,8,10.231
Sarıyer,SPEI12,1990,9,11.169
Sarıyer,SPEI12,1990,10,11.784
Sarıyer,SPEI12,1990,11,11.824
Sarıyer,SPEI12,1990,12,12.236
Sarıyer,SPEI12,1991,1,0.01
Sarıyer,SPEI12,1991,2,0.0
Sarıyer,SPEI12,1991,3,0.0
Sarıyer,SPEI12,1991,4,0.0
Sarıyer,SPEI12,1991,5,0.0
Sarıyer,SPEI12,1991,6,0.0
Sarıyer,SPEI12,1991,7,0.0
Sarıyer,SPEI12,1991,8,0.0
Sarıyer,SPEI12,1991,9,0.0
Sarıyer,SPEI12,1991,10,0.0
Sarıyer,SPEI12,1991,11,0.0
Sarıyer,SPEI12,1991,12,0.0
Sarıyer,SPEI12,1992,1,0.923
Sarıyer,SPEI12,1992,2,1.648
Sarıyer,SPEI12,1992,3,2.487
Sarıyer,SPEI12,1992,4,2.881
Sarıyer,SPEI12,1992,5,0.0
Sarıyer,SPEI12,1992,6,0.0
Sarıyer,SPEI12,1992,7,0.0
Sarıyer,SPEI12,1992,8,0.0
Sarıyer,SPEI12,1992,9,0.0
Sarıyer,SPEI12,1992,10,0.0
Sarıyer,SPEI12,1992,11,0.0
Sarıyer,SPEI12,1992,12,0.0
Sarıyer,SPEI12,1993,1,1.472
Sarıyer,SPEI12,1993,2,2.763
Sarıyer,SPEI12,1993,3,4.021
Sarıyer,SPEI12,1993,4,5.253
Sarıyer,SPEI12,1993,5,6.511
Sarıyer,SPEI12,1993,6,7.718
Sarıyer,SPEI12,1993,7,8.976
Sarıyer,SPEI12,1993,8,9.791
Sarıyer,SPEI12,1993,9,10.706
Sarıyer,SPEI12,1993,10,11.528
Sarıyer,SPEI12,1993,11,11.806
Sarıyer,SPEI12,1993,12,12.483
Sarıyer,SPEI12,1994,1,2.104
Sarıyer,SPEI12,1994,2,4.038
Sarıyer,SPEI12,1994,3,5.889
Sarıyer,SPEI12,1994,4,7.831
Sarıyer,SPEI12,1994,5,9.484
Sarıyer,SPEI12,1994,6,11.015
Sarıyer,SPEI12,1994,7,12.623
Sarıyer,SPEI12,1994,8,14.024
Sarıyer,SPEI12,1994,9,15.604
Sarıyer,SPEI12,1994,10,17.005
Sarıyer,SPEI12,1994,11,18.097
Sarıyer,SPEI12,1994,12,19.498
Sarıyer,SPEI12,1995,1,0.342
Sarıyer,SPEI12,1995,2,1.099
Sarıyer,SPEI12,1995,3,2.508
Sarıyer,SPEI12,1995,4,3.592
Sarıyer,SPEI12,1995,5,5.275
Sarıyer,SPEI12,1995,6,6.573
Sarıyer,SPEI12,1995,7,8.181
Sarıyer,SPEI12,1995,8,9.712
Sarıyer,SPEI12,1995,9,11.654
Sarıyer,SPEI12,1995,10,13.505
Sarıyer,SPEI12,1995,11,15.439
Sarıyer,SPEI12,1995,12,17.543
Sarıyer,SPEI12,1996,1,0.928
Sarıyer,SPEI12,1996,2,1.185
Sarıyer,SPEI12,1996,3,1.297
Sarıyer,SPEI12,1996,4,0.0
Sarıyer,SPEI12,1996,5,0.0
Sarıyer,SPEI12,1996,6,0.0
Sarıyer,SPEI12,1996,7,0.0
Sarıyer,SPEI12,1996,8,0.0
Sarıyer,SPEI12,1996,9,0.0
Sarıyer,SPEI12,1996,10,0.0
Sarıyer,SPEI12,1996,11,0.0
Sarıyer,SPEI12,1996,12,0.0
Sarıyer,SPEI12,1997,1,0.963
Sarıyer,SPEI12,1997,2,1.641
Sarıyer,SPEI12,1997,3,2.472
Sarıyer,SPEI12,1997,4,3.06
Sarıyer,SPEI12,1997,5,3.469
Sarıyer,SPEI12,1997,6,0.0
Sarıyer,SPEI12,1997,7,0.0
Sarıyer,SPEI12,1997,8,0.0
Sarıyer,SPEI12,1997,9,0.0
Sarıyer,SPEI12,1997,10,0.0
Sarıyer,SPEI12,1997,11,0.0
Sarıyer,SPEI12,1997,12,0.0
Sarıyer,SPEI12,1998,1,0.308
Sarıyer,SPEI12,1998,2,0.0
Sarıyer,SPEI12,1998,3,0.0
Sarıyer,SPEI12,1998,4,0.0
Sarıyer,SPEI12,1998,5,0.0
Sarıyer,SPEI12,1998,6,0.0
Sarıyer,SPEI12,1998,7,0.0
Sarıyer,SPEI12,1998,8,0.0
Sarıyer,SPEI12,1998,9,0.0
Sarıyer,SPEI12,1998,10,0.0
Sarıyer,SPEI12,1998,11,0.0
Sarıyer,SPEI12,1998,12,0.0
Sarıyer,SPEI12,1999,1,0.769
Sarıyer,SPEI12,1999,2,1.159
Sarıyer,SPEI12,1999,3,1.344
Sarıyer,SPEI12,1999,4,1.521
Sarıyer,SPEI12,1999,5,1.706
Sarıyer,SPEI12,1999,6,0.0
Sarıyer,SPEI12,1999,7,0.0
Sarıyer,SPEI12,1999,8,0.0
Sarıyer,SPEI12,1999,9,0.0
Sarıyer,SPEI12,1999,10,0.0
Sarıyer,SPEI12,1999,11,0.0
Sarıyer,SPEI12,1999,12,0.0
Sarıyer,SPEI12,2000,1,0.0
Sarıyer,SPEI12,2000,2,0.0
Sarıyer,SPEI12,2000,3,0.0
Sarıyer,SPEI12,2000,4,0.0
Sarıyer,SPEI12,2000,5,0.0
Sarıyer,SPEI12,2000,6,0.0
Sarıyer,SPEI12,2000,7,0.0
Sarıyer,SPEI12,2000,8,0.0
Sarıyer,SPEI12,2000,9,0.0
Sarıyer,SPEI12,2000,10,0.0
Sarıyer,SPEI12,2000,11,0.0
Sarıyer,SPEI12,2000,12,0.0
Sarıyer,SPEI12,2001,1,1.701
Sarıyer,SPEI12,2001,2,3.043
Sarıyer,SPEI12,2001,3,4.028
Sarıyer,SPEI12,2001,4,5.066
Sarıyer,SPEI12,2001,5,6.234
Sarıyer,SPEI12,2001,6,7.219
Sarıyer,SPEI12,2001,7,8.137
Sarıyer,SPEI12,2001,8,8.966
Sarıyer,SPEI12,2001,9,9.768
Sarıyer,SPEI12,2001,10,10.01
Sarıyer,SPEI12,2001,11,10.339
Sarıyer,SPEI12,2001,12,0.0
Sarıyer,SPEI12,2002,1,0.0
Sarıyer,SPEI12,2002,2,0.0
Sarıyer,SPEI12,2002,3,0.0
Sarıyer,SPEI12,2002,4,0.0
Sarıyer,SPEI12,2002,5,0.0
Sarıyer,SPEI12,2002,6,0.0
Sarıyer,SPEI12,2002,7,0.0
Sarıyer,SPEI12,2002,8,0.0
Sarıyer,SPEI12,2002,9,0.0
Sarıyer,SPEI12,2002,10,0.0
Sarıyer,SPEI12,2002,11,0.0
Sarıyer,SPEI12,2002,12,0.0
Sarıyer,SPEI12,2003,1,1.262
Sarıyer,SPEI12,2003,2,1.995
Sarıyer,SPEI12,2003,3,2.619
Sarıyer,SPEI12,2003,4,3.352
Sarıyer,SPEI12,2003,5,3.984
Sarıyer,SPEI12,2003,6,0.0
Sarıyer,SPEI12,2003,7,0.0
Sarıyer,SPEI12,2003,8,0.0
Sarıyer,SPEI12,2003,9,0.0
Sarıyer,SPEI12,2003,10,0.0
Sarıyer,SPEI12,2003,11,0.0
Sarıyer,SPEI12,2003,12,0.0
Sarıyer,SPEI12,2004,1,1.137
Sarıyer,SPEI12,2004,2,2.023
Sarıyer,SPEI12,2004,3,2.649
Sarıyer,SPEI12,2004,4,3.233
Sarıyer,SPEI12,2004,5,3.513
Sarıyer,SPEI12,2004,6,4.0
Sarıyer,SPEI12,2004,7,4.704
Sarıyer,SPEI12,2004,8,5.614
Sarıyer,SPEI12,2004,9,6.5
Sarıyer,SPEI12,2004,10,7.233
Sarıyer,SPEI12,2004,11,7.513
Sarıyer,SPEI12,2004,12,7.616
Sarıyer,SPEI12,2005,1,0.195
Sarıyer,SPEI12,2005,2,0.0
Sarıyer,SPEI12,2005,3,0.0
Sarıyer,SPEI12,2005,4,0.0
Sarıyer,SPEI12,2005,5,0.0
Sarıyer,SPEI12,2005,6,0.0
Sarıyer,SPEI12,2005,7,0.0
Sarıyer,SPEI12,2005,8,0.0
Sarıyer,SPEI12,2005,9,0.0
Sarıyer,SPEI12,2005,10,0.0
Sarıyer,SPEI12,2005,11,0.0
Sarıyer,SPEI12,2005,12,0.0
Sarıyer,SPEI12,2006,1,0.0
Sarıyer,SPEI12,2006,2,0.0
Sarıyer,SPEI12,2006,3,0.0
Sarıyer,SPEI12,2006,4,0.0
Sarıyer,SPEI12,2006,5,0.0
Sarıyer,SPEI12,2006,6,0.0
Sarıyer,SPEI12,2006,7,0.0
Sarıyer,SPEI12,2006,8,0.0
Sarıyer,SPEI12,2006,9,0.0
Sarıyer,SPEI12,2006,10,0.0
Sarıyer,SPEI12,2006,11,0.0
Sarıyer,SPEI12,2006,12,0.0
Sarıyer,SPEI12,2007,1,2.289
Sarıyer,SPEI12,2007,2,4.21
Sarıyer,SPEI12,2007,3,6.098
Sarıyer,SPEI12,2007,4,7.883
Sarıyer,SPEI12,2007,5,8.851
Sarıyer,SPEI12,2007,6,9.949
Sarıyer,SPEI12,2007,7,11.051
Sarıyer,SPEI12,2007,8,12.01
Sarıyer,SPEI12,2007,9,13.207
Sarıyer,SPEI12,2007,10,14.477
Sarıyer,SPEI12,2007,11,15.247
Sarıyer,SPEI12,2007,12,15.439
Sarıyer,SPEI12,2008,1,1.599
Sarıyer,SPEI12,2008,2,3.384
Sarıyer,SPEI12,2008,3,5.673
Sarıyer,SPEI12,2008,4,7.594
Sarıyer,SPEI12,2008,5,9.482
Sarıyer,SPEI12,2008,6,10.581
Sarıyer,SPEI12,2008,7,11.549
Sarıyer,SPEI12,2008,8,12.65
Sarıyer,SPEI12,2008,9,13.813
Sarıyer,SPEI12,2008,10,15.16
Sarıyer,SPEI12,2008,11,16.128
Sarıyer,SPEI12,2008,12,17.226
Sarıyer,SPEI12,2009,1,0.0
Sarıyer,SPEI12,2009,2,0.0
Sarıyer,SPEI12,2009,3,0.0
Sarıyer,SPEI12,2009,4,0.0
Sarıyer,SPEI12,2009,5,0.0
Sarıyer,SPEI12,2009,6,0.0
Sarıyer,SPEI12,2009,7,0.0
Sarıyer,SPEI12,2009,8,0.0
Sarıyer,SPEI12,2009,9,0.0
Sarıyer,SPEI12,2009,10,0.0
Sarıyer,SPEI12,2009,11,0.0
Sarıyer,SPEI12,2009,12,0.0
Sarıyer,SPEI12,2010,1,0.0
Sarıyer,SPEI12,2010,2,0.0
Sarıyer,SPEI12,2010,3,0.0
Sarıyer,SPEI12,2010,4,0.0
Sarıyer,SPEI12,2010,5,0.0
Sarıyer,SPEI12,2010,6,0.0
Sarıyer,SPEI12,2010,7,0.0
Sarıyer,SPEI12,2010,8,0.0
Sarıyer,SPEI12,2010,9,0.0
Sarıyer,SPEI12,2010,10,0.0
Sarıyer,SPEI12,2010,11,0.0
Sarıyer,SPEI12,2010,12,0.0
Sarıyer,SPEI12,2011,1,1.338
Sarıyer,SPEI12,2011,2,2.475
Sarıyer,SPEI12,2011,3,3.579
Sarıyer,SPEI12,2011,4,3.806
Sarıyer,SPEI12,2011,5,0.0
Sarıyer,SPEI12,2011,6,0.0
Sarıyer,SPEI12,2011,7,0.0
Sarıyer,SPEI12,2011,8,0.0
Sarıyer,SPEI12,2011,9,0.0
Sarıyer,SPEI12,2011,10,0.0
Sarıyer,SPEI12,2011,11,0.0
Sarıyer,SPEI12,2011,12,0.0
Sarıyer,SPEI12,2012,1,1.235
Sarıyer,SPEI12,2012,2,2.573
Sarıyer,SPEI12,2012,3,3.71
Sarıyer,SPEI12,2012,4,4.814
Sarıyer,SPEI12,2012,5,5.316
Sarıyer,SPEI12,2012,6,5.848
Sarıyer,SPEI12,2012,7,6.441
Sarıyer,SPEI12,2012,8,6.77
Sarıyer,SPEI12,2012,9,7.142
Sarıyer,SPEI12,2012,10,7.847
Sarıyer,SPEI12,2012,11,8.291
Sarıyer,SPEI12,2012,12,8.771
Sarıyer,SPEI12,2013,1,1.911
Sarıyer,SPEI12,2013,2,2.867
Sarıyer,SPEI12,2013,3,3.269
Sarıyer,SPEI12,2013,4,3.344
Sarıyer,SPEI12,2013,5,3.445
Sarıyer,SPEI12,2013,6,0.0
Sarıyer,SPEI12,2013,7,0.0
Sarıyer,SPEI12,2013,8,0.0
Sarıyer,SPEI12,2013,9,0.0
Sarıyer,SPEI12,2013,10,0.0
Sarıyer,SPEI12,2013,11,0.0
Sarıyer,SPEI12,2013,12,0.0
Sarıyer,SPEI12,2014,1,4.753
Sarıyer,SPEI12,2014,2,7.137
Sarıyer,SPEI12,2014,3,9.47
Sarıyer,SPEI12,2014,4,11.724
Sarıyer,SPEI12,2014,5,13.952
Sarıyer,SPEI12,2014,6,16.336
Sarıyer,SPEI12,2014,7,18.494
Sarıyer,SPEI12,2014,8,20.405
Sarıyer,SPEI12,2014,9,22.211
Sarıyer,SPEI12,2014,10,23.331
Sarıyer,SPEI12,2014,11,24.574
Sarıyer,SPEI12,2014,12,25.675
Sarıyer,SPEI12,2015,1,0.732
Sarıyer,SPEI12,2015,2,1.378
Sarıyer,SPEI12,2015,3,2.479
Sarıyer,SPEI12,2015,4,3.722
Sarıyer,SPEI12,2015,5,4.842
Sarıyer,SPEI12,2015,6,6.648
Sarıyer,SPEI12,2015,7,8.806
Sarıyer,SPEI12,2015,8,11.224
Sarıyer,SPEI12,2015,9,13.418
Sarıyer,SPEI12,2015,10,15.672
Sarıyer,SPEI12,2015,11,18.005
Sarıyer,SPEI12,2015,12,22.758
Sarıyer,SPEI12,2016,1,2.002
Sarıyer,SPEI12,2016,2,3.654
Sarıyer,SPEI12,2016,3,4.988
Sarıyer,SPEI12,2016,4,6.112
Sarıyer,SPEI12,2016,5,7.132
Sarıyer,SPEI12,2016,6,8.26
Sarıyer,SPEI12,2016,7,9.281
Sarıyer,SPEI12,2016,8,10.689
Sarıyer,SPEI12,2016,9,11.72
Sarıyer,SPEI12,2016,10,12.71
Sarıyer,SPEI12,2016,11,13.509
Sarıyer,SPEI12,2016,12,14.302
Sarıyer,SPEI12,2017,1,0.451
Sarıyer,SPEI12,2017,2,0.96
Sarıyer,SPEI12,2017,3,2.612
Sarıyer,SPEI12,2017,4,4.614
Sarıyer,SPEI12,2017,5,5.948
Sarıyer,SPEI12,2017,6,7.072
Sarıyer,SPEI12,2017,7,8.092
Sarıyer,SPEI12,2017,8,9.22
Sarıyer,SPEI12,2017,9,10.241
Sarıyer,SPEI12,2017,10,11.649
Sarıyer,SPEI12,2017,11,12.68
Sarıyer,SPEI12,2017,12,13.67
Sarıyer,SPEI12,2018,1,0.588
Sarıyer,SPEI12,2018,2,0.867
Sarıyer,SPEI12,2018,3,0.902
Sarıyer,SPEI12,2018,4,1.181
Sarıyer,SPEI12,2018,5,0.0
Sarıyer,SPEI12,2018,6,0.0
Sarıyer,SPEI12,2018,7,0.0
Sarıyer,SPEI12,2018,8,0.0
Sarıyer,SPEI12,2018,9,0.0
Sarıyer,SPEI12,2018,10,0.0
Sarıyer,SPEI12,2018,11,0.0
Sarıyer,SPEI12,2018,12,0.0
Sarıyer,SPEI12,2019,1,0.661
Sarıyer,SPEI12,2019,2,0.0
Sarıyer,SPEI12,2019,3,0.0
Sarıyer,SPEI12,2019,4,0.0
Sarıyer,SPEI12,2019,5,0.0
Sarıyer,SPEI12,2019,6,0.0
Sarıyer,SPEI12,2019,7,0.0
Sarıyer,SPEI12,2019,8,0.0
Sarıyer,SPEI12,2019,9,0.0
Sarıyer,SPEI12,2019,10,0.0
Sarıyer,SPEI12,2019,11,0.0
Sarıyer,SPEI12,2019,12,0.0
Sarıyer,SPEI12,2020,1,1.862
Sarıyer,SPEI12,2020,2,3.288
Sarıyer,SPEI12,2020,3,4.648
Sarıyer,SPEI12,2020,4,6.181
Sarıyer,SPEI12,2020,5,7.597
Sarıyer,SPEI12,2020,6,9.0
Sarıyer,SPEI12,2020,7,9.417
Sarıyer,SPEI12,2020,8,10.089
Sarıyer,SPEI12,2020,9,10.833
Sarıyer,SPEI12,2020,10,11.575
Sarıyer,SPEI12,2020,11,12.22
Sarıyer,SPEI12,2020,12,12.63
Sarıyer,SPEI12,2021,1,2.099
Sarıyer,SPEI12,2021,2,3.976
Sarıyer,SPEI12,2021,3,5.838
Sarıyer,SPEI12,2021,4,7.264
Sarıyer,SPEI12,2021,5,8.683
Sarıyer,SPEI12,2021,6,10.157
Sarıyer,SPEI12,2021,7,11.576
Sarıyer,SPEI12,2021,8,12.992
Sarıyer,SPEI12,2021,9,14.432
Sarıyer,SPEI12,2021,10,15.848
Sarıyer,SPEI12,2021,11,17.251
Sarıyer,SPEI12,2021,12,18.451
Sarıyer,SPEI12,2022,1,1.093
Sarıyer,SPEI12,2022,2,1.665
Sarıyer,SPEI12,2022,3,2.31
Sarıyer,SPEI12,2022,4,2.929
Sarıyer,SPEI12,2022,5,3.49
Sarıyer,SPEI12,2022,6,4.587
Sarıyer,SPEI12,2022,7,5.639
Sarıyer,SPEI12,2022,8,6.839
Sarıyer,SPEI12,2022,9,8.402
Sarıyer,SPEI12,2022,10,9.695
Sarıyer,SPEI12,2022,11,11.114
Sarıyer,SPEI12,2022,12,13.213
Sarıyer,SPEI12,2023,1,2.157
Sarıyer,SPEI12,2023,2,4.294
Sarıyer,SPEI12,2023,3,6.273
Sarıyer,SPEI12,2023,4,7.893
Sarıyer,SPEI12,2023,5,8.984
Sarıyer,SPEI12,2023,6,9.892
Sarıyer,SPEI12,2023,7,10.991
Sarıyer,SPEI12,2023,8,12.525
Sarıyer,SPEI12,2023,9,14.268
Sarıyer,SPEI12,2023,10,15.57
Sarıyer,SPEI12,2023,11,16.451
Sarıyer,SPEI12,2023,12,17.311
Sarıyer,SPEI12,2024,1,1.95
Sarıyer,SPEI12,2024,2,3.797
Sarıyer,SPEI12,2024,3,4.514
Sarıyer,SPEI12,2024,4,5.236
Sarıyer,SPEI12,2024,5,6.318
Sarıyer,SPEI12,2024,6,7.434
Sarıyer,SPEI12,2024,7,8.38
Sarıyer,SPEI12,2024,8,9.029
Sarıyer,SPEI12,2024,9,9.694
Sarıyer,SPEI12,2024,10,9.728
Sarıyer,SPEI12,2024,11,0.0
Sarıyer,SPEI12,2024,12,0.0
Tekirdağ,SPI12,1966,1,0.0
Tekirdağ,SPI12,1966,2,0.0
Tekirdağ,SPI12,1966,3,0.0
Tekirdağ,SPI12,1966,4,0.0
Tekirdağ,SPI12,1966,5,0.0
Tekirdağ,SPI12,1966,6,0.0
Tekirdağ,SPI12,1966,7,0.0
Tekirdağ,SPI12,1966,8,0.0
Tekirdağ,SPI12,1966,9,0.0
Tekirdağ,SPI12,1966,10,0.0
Tekirdağ,SPI12,1966,11,0.0
Tekirdağ,SPI12,1966,12,0.0
Tekirdağ,SPI12,1967,1,0.313
Tekirdağ,SPI12,1967,2,0.471
Tekirdağ,SPI12,1967,3,0.0
Tekirdağ,SPI12,1967,4,0.0
Tekirdağ,SPI12,1967,5,0.0
Tekirdağ,SPI12,1967,6,0.0
Tekirdağ,SPI12,1967,7,0.0
Tekirdağ,SPI12,1967,8,0.0
Tekirdağ,SPI12,1967,9,0.0
Tekirdağ,SPI12,1967,10,0.0
Tekirdağ,SPI12,1967,11,0.0
Tekirdağ,SPI12,1967,12,0.0
Tekirdağ,SPI12,1968,1,0.066
Tekirdağ,SPI12,1968,2,0.379
Tekirdağ,SPI12,1968,3,0.537
Tekirdağ,SPI12,1968,4,0.0
Tekirdağ,SPI12,1968,5,0.0
Tekirdağ,SPI12,1968,6,0.0
Tekirdağ,SPI12,1968,7,0.0
Tekirdağ,SPI12,1968,8,0.0
Tekirdağ,SPI12,1968,9,0.0
Tekirdağ,SPI12,1968,10,0.0
Tekirdağ,SPI12,1968,11,0.0
Tekirdağ,SPI12,1968,12,0.0
Tekirdağ,SPI12,1969,1,0.0
Tekirdağ,SPI12,1969,2,0.0
Tekirdağ,SPI12,1969,3,0.0
Tekirdağ,SPI12,1969,4,0.0
Tekirdağ,SPI12,1969,5,0.0
Tekirdağ,SPI12,1969,6,0.0
Tekirdağ,SPI12,1969,7,0.0
Tekirdağ,SPI12,1969,8,0.0
Tekirdağ,SPI12,1969,9,0.0
Tekirdağ,SPI12,1969,10,0.0
Tekirdağ,SPI12,1969,11,0.0
Tekirdağ,SPI12,1969,12,0.0
Tekirdağ,SPI12,1970,1,0.276
Tekirdağ,SPI12,1970,2,0.414
Tekirdağ,SPI12,1970,3,0.174
Tekirdağ,SPI12,1970,4,0.0
Tekirdağ,SPI12,1970,5,0.0
Tekirdağ,SPI12,1970,6,0.0
Tekirdağ,SPI12,1970,7,0.0
Tekirdağ,SPI12,1970,8,0.0
Tekirdağ,SPI12,1970,9,0.0
Tekirdağ,SPI12,1970,10,0.0
Tekirdağ,SPI12,1970,11,0.0
Tekirdağ,SPI12,1970,12,0.0
Tekirdağ,SPI12,1971,1,0.088
Tekirdağ,SPI12,1971,2,0.0
Tekirdağ,SPI12,1971,3,0.0
Tekirdağ,SPI12,1971,4,0.0
Tekirdağ,SPI12,1971,5,0.0
Tekirdağ,SPI12,1971,6,0.0
Tekirdağ,SPI12,1971,7,0.0
Tekirdağ,SPI12,1971,8,0.0
Tekirdağ,SPI12,1971,9,0.0
Tekirdağ,SPI12,1971,10,0.0
Tekirdağ,SPI12,1971,11,0.0
Tekirdağ,SPI12,1971,12,0.0
Tekirdağ,SPI12,1972,1,1.576
Tekirdağ,SPI12,1972,2,3.101
Tekirdağ,SPI12,1972,3,4.559
Tekirdağ,SPI12,1972,4,5.706
Tekirdağ,SPI12,1972,5,6.837
Tekirdağ,SPI12,1972,6,7.815
Tekirdağ,SPI12,1972,7,8.555
Tekirdağ,SPI12,1972,8,9.167
Tekirdağ,SPI12,1972,9,9.593
Tekirdağ,SPI12,1972,10,0.0
Tekirdağ,SPI12,1972,11,0.0
Tekirdağ,SPI12,1972,12,0.0
Tekirdağ,SPI12,1973,1,1.543
Tekirdağ,SPI12,1973,2,2.722
Tekirdağ,SPI12,1973,3,3.785
Tekirdağ,SPI12,1973,4,4.101
Tekirdağ,SPI12,1973,5,4.217
Tekirdağ,SPI12,1973,6,0.0
Tekirdağ,SPI12,1973,7,0.0
Tekirdağ,SPI12,1973,8,0.0
Tekirdağ,SPI12,1973,9,0.0
Tekirdağ,SPI12,1973,10,0.0
Tekirdağ,SPI12,1973,11,0.0
Tekirdağ,SPI12,1973,12,0.0
Tekirdağ,SPI12,1974,1,1.866
Tekirdağ,SPI12,1974,2,3.546
Tekirdağ,SPI12,1974,3,5.167
Tekirdağ,SPI12,1974,4,6.686
Tekirdağ,SPI12,1974,5,7.865
Tekirdağ,SPI12,1974,6,9.408
Tekirdağ,SPI12,1974,7,10.471
Tekirdağ,SPI12,1974,8,11.462
Tekirdağ,SPI12,1974,9,12.134
Tekirdağ,SPI12,1974,10,13.068
Tekirdağ,SPI12,1974,11,14.002
Tekirdağ,SPI12,1974,12,15.045
Tekirdağ,SPI12,1975,1,0.319
Tekirdağ,SPI12,1975,2,0.779
Tekirdağ,SPI12,1975,3,1.507
Tekirdağ,SPI12,1975,4,2.624
Tekirdağ,SPI12,1975,5,3.613
Tekirdağ,SPI12,1975,6,4.547
Tekirdağ,SPI12,1975,7,5.481
Tekirdağ,SPI12,1975,8,6.153
Tekirdağ,SPI12,1975,9,7.144
Tekirdağ,SPI12,1975,10,8.765
Tekirdağ,SPI12,1975,11,10.445
Tekirdağ,SPI12,1975,12,12.311
Tekirdağ,SPI12,1976,1,0.449
Tekirdağ,SPI12,1976,2,0.865
Tekirdağ,SPI12,1976,3,0.965
Tekirdağ,SPI12,1976,4,0.0
Tekirdağ,SPI12,1976,5,0.0
Tekirdağ,SPI12,1976,6,0.0
Tekirdağ,SPI12,1976,7,0.0
Tekirdağ,SPI12,1976,8,0.0
Tekirdağ,SPI12,1976,9,0.0
Tekirdağ,SPI12,1976,10,0.0
Tekirdağ,SPI12,1976,11,0.0
Tekirdağ,SPI12,1976,12,0.0
Tekirdağ,SPI12,1977,1,0.536
Tekirdağ,SPI12,1977,2,0.731
Tekirdağ,SPI12,1977,3,0.756
Tekirdağ,SPI12,1977,4,0.0
Tekirdağ,SPI12,1977,5,0.0
Tekirdağ,SPI12,1977,6,0.0
Tekirdağ,SPI12,1977,7,0.0
Tekirdağ,SPI12,1977,8,0.0
Tekirdağ,SPI12,1977,9,0.0
Tekirdağ,SPI12,1977,10,0.0
Tekirdağ,SPI12,1977,11,0.0
Tekirdağ,SPI12,1977,12,0.0
Tekirdağ,SPI12,1978,1,0.192
Tekirdağ,SPI12,1978,2,0.728
Tekirdağ,SPI12,1978,3,0.923
Tekirdağ,SPI12,1978,4,0.948
Tekirdağ,SPI12,1978,5,0.0
Tekirdağ,SPI12,1978,6,0.0
Tekirdağ,SPI12,1978,7,0.0
Tekirdağ,SPI12,1978,8,0.0
Tekirdağ,SPI12,1978,9,0.0
Tekirdağ,SPI12,1978,10,0.0
Tekirdağ,SPI12,1978,11,0.0
Tekirdağ,SPI12,1978,12,0.0
Tekirdağ,SPI12,1979,1,0.346
Tekirdağ,SPI12,1979,2,0.525
Tekirdağ,SPI12,1979,3,0.0
Tekirdağ,SPI12,1979,4,0.0
Tekirdağ,SPI12,1979,5,0.0
Tekirdağ,SPI12,1979,6,0.0
Tekirdağ,SPI12,1979,7,0.0
Tekirdağ,SPI12,1979,8,0.0
Tekirdağ,SPI12,1979,9,0.0
Tekirdağ,SPI12,1979,10,0.0
Tekirdağ,SPI12,1979,11,0.0
Tekirdağ,SPI12,1979,12,0.0
Tekirdağ,SPI12,1980,1,0.504
Tekirdağ,SPI12,1980,2,0.731
Tekirdağ,SPI12,1980,3,0.876
Tekirdağ,SPI12,1980,4,0.0
Tekirdağ,SPI12,1980,5,0.0
Tekirdağ,SPI12,1980,6,0.0
Tekirdağ,SPI12,1980,7,0.0
Tekirdağ,SPI12,1980,8,0.0
Tekirdağ,SPI12,1980,9,0.0
Tekirdağ,SPI12,1980,10,0.0
Tekirdağ,SPI12,1980,11,0.0
Tekirdağ,SPI12,1980,12,0.0
Tekirdağ,SPI12,1981,1,0.401
Tekirdağ,SPI12,1981,2,0.684
Tekirdağ,SPI12,1981,3,0.963
Tekirdağ,SPI12,1981,4,1.151
Tekirdağ,SPI12,1981,5,1.403
Tekirdağ,SPI12,1981,6,1.557
Tekirdağ,SPI12,1981,7,0.0
Tekirdağ,SPI12,1981,8,0.0
Tekirdağ,SPI12,1981,9,0.0
Tekirdağ,SPI12,1981,10,0.0
Tekirdağ,SPI12,1981,11,0.0
Tekirdağ,SPI12,1981,12,0.0
Tekirdağ,SPI12,1982,1,0.584
Tekirdağ,SPI12,1982,2,0.0
Tekirdağ,SPI12,1982,3,0.0
Tekirdağ,SPI12,1982,4,0.0
Tekirdağ,SPI12,1982,5,0.0
Tekirdağ,SPI12,1982,6,0.0
Tekirdağ,SPI12,1982,7,0.0
Tekirdağ,SPI12,1982,8,0.0
Tekirdağ,SPI12,1982,9,0.0
Tekirdağ,SPI12,1982,10,0.0
Tekirdağ,SPI12,1982,11,0.0
Tekirdağ,SPI12,1982,12,0.0
Tekirdağ,SPI12,1983,1,1.846
Tekirdağ,SPI12,1983,2,3.487
Tekirdağ,SPI12,1983,3,4.904
Tekirdağ,SPI12,1983,4,5.987
Tekirdağ,SPI12,1983,5,7.051
Tekirdağ,SPI12,1983,6,7.725
Tekirdağ,SPI12,1983,7,8.241
Tekirdağ,SPI12,1983,8,8.958
Tekirdağ,SPI12,1983,9,9.842
Tekirdağ,SPI12,1983,10,10.516
Tekirdağ,SPI12,1983,11,10.901
Tekirdağ,SPI12,1983,12,11.749
Tekirdağ,SPI12,1984,1,0.554
Tekirdağ,SPI12,1984,2,1.259
Tekirdağ,SPI12,1984,3,1.966
Tekirdağ,SPI12,1984,4,2.612
Tekirdağ,SPI12,1984,5,3.166
Tekirdağ,SPI12,1984,6,4.192
Tekirdağ,SPI12,1984,7,5.275
Tekirdağ,SPI12,1984,8,6.916
Tekirdağ,SPI12,1984,9,8.762
Tekirdağ,SPI12,1984,10,10.179
Tekirdağ,SPI12,1984,11,10.853
Tekirdağ,SPI12,1984,12,11.407
Tekirdağ,SPI12,1985,1,1.55
Tekirdağ,SPI12,1985,2,3.08
Tekirdağ,SPI12,1985,3,4.53
Tekirdağ,SPI12,1985,4,5.718
Tekirdağ,SPI12,1985,5,6.731
Tekirdağ,SPI12,1985,6,7.803
Tekirdağ,SPI12,1985,7,8.662
Tekirdağ,SPI12,1985,8,9.394
Tekirdağ,SPI12,1985,9,10.016
Tekirdağ,SPI12,1985,10,10.505
Tekirdağ,SPI12,1985,11,10.696
Tekirdağ,SPI12,1985,12,11.037
Tekirdağ,SPI12,1986,1,0.39
Tekirdağ,SPI12,1986,2,0.735
Tekirdağ,SPI12,1986,3,1.357
Tekirdağ,SPI12,1986,4,2.545
Tekirdağ,SPI12,1986,5,3.995
Tekirdağ,SPI12,1986,6,5.545
Tekirdağ,SPI12,1986,7,7.075
Tekirdağ,SPI12,1986,8,8.088
Tekirdağ,SPI12,1986,9,9.16
Tekirdağ,SPI12,1986,10,10.019
Tekirdağ,SPI12,1986,11,10.751
Tekirdağ,SPI12,1986,12,10.942
Tekirdağ,SPI12,1987,1,0.593
Tekirdağ,SPI12,1987,2,1.098
Tekirdağ,SPI12,1987,3,1.566
Tekirdağ,SPI12,1987,4,2.099
Tekirdağ,SPI12,1987,5,2.65
Tekirdağ,SPI12,1987,6,2.855
Tekirdağ,SPI12,1987,7,2.918
Tekirdağ,SPI12,1987,8,3.359
Tekirdağ,SPI12,1987,9,3.936
Tekirdağ,SPI12,1987,10,4.141
Tekirdağ,SPI12,1987,11,4.345
Tekirdağ,SPI12,1987,12,0.0
Tekirdağ,SPI12,1988,1,0.773
Tekirdağ,SPI12,1988,2,1.222
Tekirdağ,SPI12,1988,3,1.441
Tekirdağ,SPI12,1988,4,1.587
Tekirdağ,SPI12,1988,5,1.742
Tekirdağ,SPI12,1988,6,1.757
Tekirdağ,SPI12,1988,7,0.0
Tekirdağ,SPI12,1988,8,0.0
Tekirdağ,SPI12,1988,9,0.0
Tekirdağ,SPI12,1988,10,0.0
Tekirdağ,SPI12,1988,11,0.0
Tekirdağ,SPI12,1988,12,0.0
Tekirdağ,SPI12,1989,1,0.995
Tekirdağ,SPI12,1989,2,1.695
Tekirdağ,SPI12,1989,3,0.0
Tekirdağ,SPI12,1989,4,0.0
Tekirdağ,SPI12,1989,5,0.0
Tekirdağ,SPI12,1989,6,0.0
Tekirdağ,SPI12,1989,7,0.0
Tekirdağ,SPI12,1989,8,0.0
Tekirdağ,SPI12,1989,9,0.0
Tekirdağ,SPI12,1989,10,0.0
Tekirdağ,SPI12,1989,11,0.0
Tekirdağ,SPI12,1989,12,0.0
Tekirdağ,SPI12,1990,1,1.586
Tekirdağ,SPI12,1990,2,2.961
Tekirdağ,SPI12,1990,3,4.377
Tekirdağ,SPI12,1990,4,5.635
Tekirdağ,SPI12,1990,5,6.877
Tekirdağ,SPI12,1990,6,7.909
Tekirdağ,SPI12,1990,7,9.151
Tekirdağ,SPI12,1990,8,10.103
Tekirdağ,SPI12,1990,9,11.112
Tekirdağ,SPI12,1990,10,12.107
Tekirdağ,SPI12,1990,11,13.059
Tekirdağ,SPI12,1990,12,14.043
Tekirdağ,SPI12,1991,1,0.37
Tekirdağ,SPI12,1991,2,0.552
Tekirdağ,SPI12,1991,3,1.536
Tekirdağ,SPI12,1991,4,2.488
Tekirdağ,SPI12,1991,5,3.73
Tekirdağ,SPI12,1991,6,5.316
Tekirdağ,SPI12,1991,7,6.691
Tekirdağ,SPI12,1991,8,8.107
Tekirdağ,SPI12,1991,9,9.365
Tekirdağ,SPI12,1991,10,10.307
Tekirdağ,SPI12,1991,11,11.639
Tekirdağ,SPI12,1991,12,12.574
Tekirdağ,SPI12,1992,1,1.381
Tekirdağ,SPI12,1992,2,2.286
Tekirdağ,SPI12,1992,3,3.154
Tekirdağ,SPI12,1992,4,3.683
Tekirdağ,SPI12,1992,5,4.214
Tekirdağ,SPI12,1992,6,4.827
Tekirdağ,SPI12,1992,7,5.818
Tekirdağ,SPI12,1992,8,6.686
Tekirdağ,SPI12,1992,9,7.28
Tekirdağ,SPI12,1992,10,7.595
Tekirdağ,SPI12,1992,11,8.252
Tekirdağ,SPI12,1992,12,8.798
Tekirdağ,SPI12,1993,1,0.973
Tekirdağ,SPI12,1993,2,1.878
Tekirdağ,SPI12,1993,3,2.607
Tekirdağ,SPI12,1993,4,3.8
Tekirdağ,SPI12,1993,5,4.329
Tekirdağ,SPI12,1993,6,4.86
Tekirdağ,SPI12,1993,7,5.473
Tekirdağ,SPI12,1993,8,5.951
Tekirdağ,SPI12,1993,9,7.332
Tekirdağ,SPI12,1993,10,7.926
Tekirdağ,SPI12,1993,11,8.241
Tekirdağ,SPI12,1993,12,8.898
Tekirdağ,SPI12,1994,1,0.805
Tekirdağ,SPI12,1994,2,1.513
Tekirdağ,SPI12,1994,3,2.299
Tekirdağ,SPI12,1994,4,3.173
Tekirdağ,SPI12,1994,5,3.872
Tekirdağ,SPI12,1994,6,4.658
Tekirdağ,SPI12,1994,7,5.366
Tekirdağ,SPI12,1994,8,6.171
Tekirdağ,SPI12,1994,9,6.818
Tekirdağ,SPI12,1994,10,7.485
Tekirdağ,SPI12,1994,11,8.241
Tekirdağ,SPI12,1994,12,8.879
Tekirdağ,SPI12,1995,1,0.0
Tekirdağ,SPI12,1995,2,0.0
Tekirdağ,SPI12,1995,3,0.0
Tekirdağ,SPI12,1995,4,0.0
Tekirdağ,SPI12,1995,5,0.0
Tekirdağ,SPI12,1995,6,0.0
Tekirdağ,SPI12,1995,7,0.0
Tekirdağ,SPI12,1995,8,0.0
Tekirdağ,SPI12,1995,9,0.0
Tekirdağ,SPI12,1995,10,0.0
Tekirdağ,SPI12,1995,11,0.0
Tekirdağ,SPI12,1995,12,0.0
Tekirdağ,SPI12,1996,1,0.0
Tekirdağ,SPI12,1996,2,0.0
Tekirdağ,SPI12,1996,3,0.0
Tekirdağ,SPI12,1996,4,0.0
Tekirdağ,SPI12,1996,5,0.0
Tekirdağ,SPI12,1996,6,0.0
Tekirdağ,SPI12,1996,7,0.0
Tekirdağ,SPI12,1996,8,0.0
Tekirdağ,SPI12,1996,9,0.0
Tekirdağ,SPI12,1996,10,0.0
Tekirdağ,SPI12,1996,11,0.0
Tekirdağ,SPI12,1996,12,0.0
Tekirdağ,SPI12,1997,1,0.539
Tekirdağ,SPI12,1997,2,0.834
Tekirdağ,SPI12,1997,3,1.023
Tekirdağ,SPI12,1997,4,1.241
Tekirdağ,SPI12,1997,5,1.355
Tekirdağ,SPI12,1997,6,1.614
Tekirdağ,SPI12,1997,7,1.973
Tekirdağ,SPI12,1997,8,2.358
Tekirdağ,SPI12,1997,9,0.0
Tekirdağ,SPI12,1997,10,0.0
Tekirdağ,SPI12,1997,11,0.0
Tekirdağ,SPI12,1997,12,0.0
Tekirdağ,SPI12,1998,1,0.0
Tekirdağ,SPI12,1998,2,0.0
Tekirdağ,SPI12,1998,3,0.0
Tekirdağ,SPI12,1998,4,0.0
Tekirdağ,SPI12,1998,5,0.0
Tekirdağ,SPI12,1998,6,0.0
Tekirdağ,SPI12,1998,7,0.0
Tekirdağ,SPI12,1998,8,0.0
Tekirdağ,SPI12,1998,9,0.0
Tekirdağ,SPI12,1998,10,0.0
Tekirdağ,SPI12,1998,11,0.0
Tekirdağ,SPI12,1998,12,0.0
Tekirdağ,SPI12,1999,1,0.0
Tekirdağ,SPI12,1999,2,0.0
Tekirdağ,SPI12,1999,3,0.0
Tekirdağ,SPI12,1999,4,0.0
Tekirdağ,SPI12,1999,5,0.0
Tekirdağ,SPI12,1999,6,0.0
Tekirdağ,SPI12,1999,7,0.0
Tekirdağ,SPI12,1999,8,0.0
Tekirdağ,SPI12,1999,9,0.0
Tekirdağ,SPI12,1999,10,0.0
Tekirdağ,SPI12,1999,11,0.0
Tekirdağ,SPI12,1999,12,0.0
Tekirdağ,SPI12,2000,1,1.094
Tekirdağ,SPI12,2000,2,1.288
Tekirdağ,SPI12,2000,3,0.0
Tekirdağ,SPI12,2000,4,0.0
Tekirdağ,SPI12,2000,5,0.0
Tekirdağ,SPI12,2000,6,0.0
Tekirdağ,SPI12,2000,7,0.0
Tekirdağ,SPI12,2000,8,0.0
Tekirdağ,SPI12,2000,9,0.0
Tekirdağ,SPI12,2000,10,0.0
Tekirdağ,SPI12,2000,11,0.0
Tekirdağ,SPI12,2000,12,0.0
Tekirdağ,SPI12,2001,1,1.207
Tekirdağ,SPI12,2001,2,2.009
Tekirdağ,SPI12,2001,3,2.676
Tekirdağ,SPI12,2001,4,3.556
Tekirdağ,SPI12,2001,5,4.29
Tekirdağ,SPI12,2001,6,5.12
Tekirdağ,SPI12,2001,7,5.969
Tekirdağ,SPI12,2001,8,6.748
Tekirdağ,SPI12,2001,9,7.574
Tekirdağ,SPI12,2001,10,8.239
Tekirdağ,SPI12,2001,11,9.333
Tekirdağ,SPI12,2001,12,9.786
Tekirdağ,SPI12,2002,1,0.0
Tekirdağ,SPI12,2002,2,0.0
Tekirdağ,SPI12,2002,3,0.0
Tekirdağ,SPI12,2002,4,0.0
Tekirdağ,SPI12,2002,5,0.0
Tekirdağ,SPI12,2002,6,0.0
Tekirdağ,SPI12,2002,7,0.0
Tekirdağ,SPI12,2002,8,0.0
Tekirdağ,SPI12,2002,9,0.0
Tekirdağ,SPI12,2002,10,0.0
Tekirdağ,SPI12,2002,11,0.0
Tekirdağ,SPI12,2002,12,0.0
Tekirdağ,SPI12,2003,1,0.0
Tekirdağ,SPI12,2003,2,0.0
Tekirdağ,SPI12,2003,3,0.0
Tekirdağ,SPI12,2003,4,0.0
Tekirdağ,SPI12,2003,5,0.0
Tekirdağ,SPI12,2003,6,0.0
Tekirdağ,SPI12,2003,7,0.0
Tekirdağ,SPI12,2003,8,0.0
Tekirdağ,SPI12,2003,9,0.0
Tekirdağ,SPI12,2003,10,0.0
Tekirdağ,SPI12,2003,11,0.0
Tekirdağ,SPI12,2003,12,0.0
Tekirdağ,SPI12,2004,1,0.0
Tekirdağ,SPI12,2004,2,0.0
Tekirdağ,SPI12,2004,3,0.0
Tekirdağ,SPI12,2004,4,0.0
Tekirdağ,SPI12,2004,5,0.0
Tekirdağ,SPI12,2004,6,0.0
Tekirdağ,SPI12,2004,7,0.0
Tekirdağ,SPI12,2004,8,0.0
Tekirdağ,SPI12,2004,9,0.0
Tekirdağ,SPI12,2004,10,0.0
Tekirdağ,SPI12,2004,11,0.0
Tekirdağ,SPI12,2004,12,0.0
Tekirdağ,SPI12,2005,1,1.768
Tekirdağ,SPI12,2005,2,3.377
Tekirdağ,SPI12,2005,3,4.707
Tekirdağ,SPI12,2005,4,5.967
Tekirdağ,SPI12,2005,5,7.069
Tekirdağ,SPI12,2005,6,7.938
Tekirdağ,SPI12,2005,7,8.544
Tekirdağ,SPI12,2005,8,8.997
Tekirdağ,SPI12,2005,9,9.603
Tekirdağ,SPI12,2005,10,10.176
Tekirdağ,SPI12,2005,11,10.504
Tekirdağ,SPI12,2005,12,11.11
Tekirdağ,SPI12,2006,1,0.996
Tekirdağ,SPI12,2006,2,1.934
Tekirdağ,SPI12,2006,3,2.776
Tekirdağ,SPI12,2006,4,3.801
Tekirdağ,SPI12,2006,5,5.41
Tekirdağ,SPI12,2006,6,7.178
Tekirdağ,SPI12,2006,7,8.438
Tekirdağ,SPI12,2006,8,9.54
Tekirdağ,SPI12,2006,9,10.478
Tekirdağ,SPI12,2006,10,10.9
Tekirdağ,SPI12,2006,11,11.537
Tekirdağ,SPI12,2006,12,12.356
Tekirdağ,SPI12,2007,1,3.06
Tekirdağ,SPI12,2007,2,6.078
Tekirdağ,SPI12,2007,3,8.073
Tekirdağ,SPI12,2007,4,10.051
Tekirdağ,SPI12,2007,5,11.939
Tekirdağ,SPI12,2007,6,13.567
Tekirdağ,SPI12,2007,7,15.358
Tekirdağ,SPI12,2007,8,17.155
Tekirdağ,SPI12,2007,9,18.308
Tekirdağ,SPI12,2007,10,19.384
Tekirdağ,SPI12,2007,11,20.226
Tekirdağ,SPI12,2007,12,21.075
Tekirdağ,SPI12,2008,1,1.887
Tekirdağ,SPI12,2008,2,3.549
Tekirdağ,SPI12,2008,3,2.901
Tekirdağ,SPI12,2008,4,5.919
Tekirdağ,SPI12,2008,5,8.979
Tekirdağ,SPI12,2008,6,10.974
Tekirdağ,SPI12,2008,7,12.952
Tekirdağ,SPI12,2008,8,14.84
Tekirdağ,SPI12,2008,9,16.468
Tekirdağ,SPI12,2008,10,18.259
Tekirdağ,SPI12,2008,11,20.056
Tekirdağ,SPI12,2008,12,21.132
Tekirdağ,SPI12,2009,1,1.495
Tekirdağ,SPI12,2009,2,3.382
Tekirdağ,SPI12,2009,3,5.044
Tekirdağ,SPI12,2009,4,6.024
Tekirdağ,SPI12,2009,5,6.91
Tekirdağ,SPI12,2009,6,7.734
Tekirdağ,SPI12,2009,7,8.629
Tekirdağ,SPI12,2009,8,9.796
Tekirdağ,SPI12,2009,9,10.574
Tekirdağ,SPI12,2009,10,11.328
Tekirdağ,SPI12,2009,11,0.0
Tekirdağ,SPI12,2009,12,0.0
Tekirdağ,SPI12,2010,1,0.0
Tekirdağ,SPI12,2010,2,0.0
Tekirdağ,SPI12,2010,3,0.0
Tekirdağ,SPI12,2010,4,0.0
Tekirdağ,SPI12,2010,5,0.0
Tekirdağ,SPI12,2010,6,0.0
Tekirdağ,SPI12,2010,7,0.0
Tekirdağ,SPI12,2010,8,0.0
Tekirdağ,SPI12,2010,9,0.0
Tekirdağ,SPI12,2010,10,0.0
Tekirdağ,SPI12,2010,11,0.0
Tekirdağ,SPI12,2010,12,0.0
Tekirdağ,SPI12,2011,1,0.0
Tekirdağ,SPI12,2011,2,0.0
Tekirdağ,SPI12,2011,3,0.0
Tekirdağ,SPI12,2011,4,0.0
Tekirdağ,SPI12,2011,5,0.0
Tekirdağ,SPI12,2011,6,0.0
Tekirdağ,SPI12,2011,7,0.0
Tekirdağ,SPI12,2011,8,0.0
Tekirdağ,SPI12,2011,9,0.0
Tekirdağ,SPI12,2011,10,0.0
Tekirdağ,SPI12,2011,11,0.0
Tekirdağ,SPI12,2011,12,0.0
Tekirdağ,SPI12,2012,1,1.328
Tekirdağ,SPI12,2012,2,2.555
Tekirdağ,SPI12,2012,3,3.113
Tekirdağ,SPI12,2012,4,3.303
Tekirdağ,SPI12,2012,5,0.0
Tekirdağ,SPI12,2012,6,0.0
Tekirdağ,SPI12,2012,7,0.0
Tekirdağ,SPI12,2012,8,0.0
Tekirdağ,SPI12,2012,9,0.0
Tekirdağ,SPI12,2012,10,0.0
Tekirdağ,SPI12,2012,11,0.0
Tekirdağ,SPI12,2012,12,0.0
Tekirdağ,SPI12,2013,1,0.854
Tekirdağ,SPI12,2013,2,0.0
Tekirdağ,SPI12,2013,3,0.0
Tekirdağ,SPI12,2013,4,0.0
Tekirdağ,SPI12,2013,5,0.0
Tekirdağ,SPI12,2013,6,0.0
Tekirdağ,SPI12,2013,7,0.0
Tekirdağ,SPI12,2013,8,0.0
Tekirdağ,SPI12,2013,9,0.0
Tekirdağ,SPI12,2013,10,0.0
Tekirdağ,SPI12,2013,11,0.0
Tekirdağ,SPI12,2013,12,0.0
Tekirdağ,SPI12,2014,1,2.113
Tekirdağ,SPI12,2014,2,4.052
Tekirdağ,SPI12,2014,3,5.781
Tekirdağ,SPI12,2014,4,7.145
Tekirdağ,SPI12,2014,5,8.363
Tekirdağ,SPI12,2014,6,9.355
Tekirdağ,SPI12,2014,7,10.209
Tekirdağ,SPI12,2014,8,10.54
Tekirdağ,SPI12,2014,9,10.806
Tekirdağ,SPI12,2014,10,0.0
Tekirdağ,SPI12,2014,11,0.0
Tekirdağ,SPI12,2014,12,0.0
Tekirdağ,SPI12,2015,1,0.613
Tekirdağ,SPI12,2015,2,0.0
Tekirdağ,SPI12,2015,3,0.0
Tekirdağ,SPI12,2015,4,0.0
Tekirdağ,SPI12,2015,5,0.0
Tekirdağ,SPI12,2015,6,0.0
Tekirdağ,SPI12,2015,7,0.0
Tekirdağ,SPI12,2015,8,0.0
Tekirdağ,SPI12,2015,9,0.0
Tekirdağ,SPI12,2015,10,0.0
Tekirdağ,SPI12,2015,11,0.0
Tekirdağ,SPI12,2015,12,0.0
Tekirdağ,SPI12,2016,1,1.327
Tekirdağ,SPI12,2016,2,2.565
Tekirdağ,SPI12,2016,3,3.715
Tekirdağ,SPI12,2016,4,4.727
Tekirdağ,SPI12,2016,5,5.781
Tekirdağ,SPI12,2016,6,6.799
Tekirdağ,SPI12,2016,7,7.603
Tekirdağ,SPI12,2016,8,8.55
Tekirdağ,SPI12,2016,9,9.35
Tekirdağ,SPI12,2016,10,9.973
Tekirdağ,SPI12,2016,11,10.623
Tekirdağ,SPI12,2016,12,11.163
Tekirdağ,SPI12,2017,1,0.912
Tekirdağ,SPI12,2017,2,1.753
Tekirdağ,SPI12,2017,3,2.583
Tekirdağ,SPI12,2017,4,3.91
Tekirdağ,SPI12,2017,5,5.148
Tekirdağ,SPI12,2017,6,6.16
Tekirdağ,SPI12,2017,7,7.214
Tekirdağ,SPI12,2017,8,8.232
Tekirdağ,SPI12,2017,9,9.103
Tekirdağ,SPI12,2017,10,9.983
Tekirdağ,SPI12,2017,11,10.854
Tekirdağ,SPI12,2017,12,11.725
Tekirdağ,SPI12,2018,1,0.322
Tekirdağ,SPI12,2018,2,0.411
Tekirdağ,SPI12,2018,3,0.879
Tekirdağ,SPI12,2018,4,1.161
Tekirdağ,SPI12,2018,5,1.503
Tekirdağ,SPI12,2018,6,1.905
Tekirdağ,SPI12,2018,7,2.419
Tekirdağ,SPI12,2018,8,3.331
Tekirdağ,SPI12,2018,9,4.172
Tekirdağ,SPI12,2018,10,4.885
Tekirdağ,SPI12,2018,11,5.756
Tekirdağ,SPI12,2018,12,6.627
Tekirdağ,SPI12,2019,1,2.265
Tekirdağ,SPI12,2019,2,3.604
Tekirdağ,SPI12,2019,3,4.518
Tekirdağ,SPI12,2019,4,5.454
Tekirdağ,SPI12,2019,5,6.361
Tekirdağ,SPI12,2019,6,7.306
Tekirdağ,SPI12,2019,7,7.624
Tekirdağ,SPI12,2019,8,0.0
Tekirdağ,SPI12,2019,9,0.0
Tekirdağ,SPI12,2019,10,0.0
Tekirdağ,SPI12,2019,11,0.0
Tekirdağ,SPI12,2019,12,0.0
Tekirdağ,SPI12,2020,1,2.698
Tekirdağ,SPI12,2020,2,5.015
Tekirdağ,SPI12,2020,3,7.346
Tekirdağ,SPI12,2020,4,9.661
Tekirdağ,SPI12,2020,5,11.926
Tekirdağ,SPI12,2020,6,13.673
Tekirdağ,SPI12,2020,7,15.012
Tekirdağ,SPI12,2020,8,16.086
Tekirdağ,SPI12,2020,9,17.327
Tekirdağ,SPI12,2020,10,18.478
Tekirdağ,SPI12,2020,11,19.547
Tekirdağ,SPI12,2020,12,20.561
Tekirdağ,SPI12,2021,1,0.693
Tekirdağ,SPI12,2021,2,1.426
Tekirdağ,SPI12,2021,3,2.763
Tekirdağ,SPI12,2021,4,3.777
Tekirdağ,SPI12,2021,5,4.846
Tekirdağ,SPI12,2021,6,5.997
Tekirdağ,SPI12,2021,7,7.238
Tekirdağ,SPI12,2021,8,8.312
Tekirdağ,SPI12,2021,9,10.059
Tekirdağ,SPI12,2021,10,12.374
Tekirdağ,SPI12,2021,11,14.705
Tekirdağ,SPI12,2021,12,17.022
Tekirdağ,SPI12,2022,1,2.031
Tekirdağ,SPI12,2022,2,3.826
Tekirdağ,SPI12,2022,3,5.213
Tekirdağ,SPI12,2022,4,6.544
Tekirdağ,SPI12,2022,5,7.953
Tekirdağ,SPI12,2022,6,9.469
Tekirdağ,SPI12,2022,7,10.994
Tekirdağ,SPI12,2022,8,12.326
Tekirdağ,SPI12,2022,9,13.267
Tekirdağ,SPI12,2022,10,14.368
Tekirdağ,SPI12,2022,11,15.178
Tekirdağ,SPI12,2022,12,16.224
Tekirdağ,SPI12,2023,1,2.67
Tekirdağ,SPI12,2023,2,4.864
Tekirdağ,SPI12,2023,3,7.041
Tekirdağ,SPI12,2023,4,9.101
Tekirdağ,SPI12,2023,5,11.189
Tekirdağ,SPI12,2023,6,13.235
Tekirdağ,SPI12,2023,7,15.593
Tekirdağ,SPI12,2023,8,17.878
Tekirdağ,SPI12,2023,9,20.076
Tekirdağ,SPI12,2023,10,22.27
Tekirdağ,SPI12,2023,11,24.301
Tekirdağ,SPI12,2023,12,26.096
Tekirdağ,SPI12,2024,1,1.764
Tekirdağ,SPI12,2024,2,3.279
Tekirdağ,SPI12,2024,3,0.0
Tekirdağ,SPI12,2024,4,0.0
Tekirdağ,SPI12,2024,5,0.0
Tekirdağ,SPI12,2024,6,0.0
Tekirdağ,SPI12,2024,7,0.0
Tekirdağ,SPI12,2024,8,0.0
Tekirdağ,SPI12,2024,9,0.0
Tekirdağ,SPI12,2024,10,0.0
Tekirdağ,SPI12,2024,11,0.0
Tekirdağ,SPI12,2024,12,0.0
Tekirdağ,SPEI12,1966,1,0.0
Tekirdağ,SPEI12,1966,2,0.0
Tekirdağ,SPEI12,1966,3,0.0
Tekirdağ,SPEI12,1966,4,0.0
Tekirdağ,SPEI12,1966,5,0.0
Tekirdağ,SPEI12,1966,6,0.0
Tekirdağ,SPEI12,1966,7,0.0
Tekirdağ,SPEI12,1966,8,0.0
Tekirdağ,SPEI12,1966,9,0.0
Tekirdağ,SPEI12,1966,10,0.0
Tekirdağ,SPEI12,1966,11,0.0
Tekirdağ,SPEI12,1966,12,0.0
Tekirdağ,SPEI12,1967,1,0.179
Tekirdağ,SPEI12,1967,2,0.181
Tekirdağ,SPEI12,1967,3,0.0
Tekirdağ,SPEI12,1967,4,0.0
Tekirdağ,SPEI12,1967,5,0.0
Tekirdağ,SPEI12,1967,6,0.0
Tekirdağ,SPEI12,1967,7,0.0
Tekirdağ,SPEI12,1967,8,0.0
Tekirdağ,SPEI12,1967,9,0.0
Tekirdağ,SPEI12,1967,10,0.0
Tekirdağ,SPEI12,1967,11,0.0
Tekirdağ,SPEI12,1967,12,0.0
Tekirdağ,SPEI12,1968,1,0.155
Tekirdağ,SPEI12,1968,2,0.303
Tekirdağ,SPEI12,1968,3,0.42
Tekirdağ,SPEI12,1968,4,0.0
Tekirdağ,SPEI12,1968,5,0.0
Tekirdağ,SPEI12,1968,6,0.0
Tekirdağ,SPEI12,1968,7,0.0
Tekirdağ,SPEI12,1968,8,0.0
Tekirdağ,SPEI12,1968,9,0.0
Tekirdağ,SPEI12,1968,10,0.0
Tekirdağ,SPEI12,1968,11,0.0
Tekirdağ,SPEI12,1968,12,0.0
Tekirdağ,SPEI12,1969,1,0.0
Tekirdağ,SPEI12,1969,2,0.0
Tekirdağ,SPEI12,1969,3,0.0
Tekirdağ,SPEI12,1969,4,0.0
Tekirdağ,SPEI12,1969,5,0.0
Tekirdağ,SPEI12,1969,6,0.0
Tekirdağ,SPEI12,1969,7,0.0
Tekirdağ,SPEI12,1969,8,0.0
Tekirdağ,SPEI12,1969,9,0.0
Tekirdağ,SPEI12,1969,10,0.0
Tekirdağ,SPEI12,1969,11,0.0
Tekirdağ,SPEI12,1969,12,0.0
Tekirdağ,SPEI12,1970,1,0.245
Tekirdağ,SPEI12,1970,2,0.448
Tekirdağ,SPEI12,1970,3,0.598
Tekirdağ,SPEI12,1970,4,0.0
Tekirdağ,SPEI12,1970,5,0.0
Tekirdağ,SPEI12,1970,6,0.0
Tekirdağ,SPEI12,1970,7,0.0
Tekirdağ,SPEI12,1970,8,0.0
Tekirdağ,SPEI12,1970,9,0.0
Tekirdağ,SPEI12,1970,10,0.0
Tekirdağ,SPEI12,1970,11,0.0
Tekirdağ,SPEI12,1970,12,0.0
Tekirdağ,SPEI12,1971,1,0.0
Tekirdağ,SPEI12,1971,2,0.0
Tekirdağ,SPEI12,1971,3,0.0
Tekirdağ,SPEI12,1971,4,0.0
Tekirdağ,SPEI12,1971,5,0.0
Tekirdağ,SPEI12,1971,6,0.0
Tekirdağ,SPEI12,1971,7,0.0
Tekirdağ,SPEI12,1971,8,0.0
Tekirdağ,SPEI12,1971,9,0.0
Tekirdağ,SPEI12,1971,10,0.0
Tekirdağ,SPEI12,1971,11,0.0
Tekirdağ,SPEI12,1971,12,0.0
Tekirdağ,SPEI12,1972,1,1.267
Tekirdağ,SPEI12,1972,2,2.397
Tekirdağ,SPEI12,1972,3,3.523
Tekirdağ,SPEI12,1972,4,4.444
Tekirdağ,SPEI12,1972,5,5.418
Tekirdağ,SPEI12,1972,6,6.291
Tekirdağ,SPEI12,1972,7,6.982
Tekirdağ,SPEI12,1972,8,7.313
Tekirdağ,SPEI12,1972,9,7.451
Tekirdağ,SPEI12,1972,10,0.0
Tekirdağ,SPEI12,1972,11,0.0
Tekirdağ,SPEI12,1972,12,0.0
Tekirdağ,SPEI12,1973,1,1.1
Tekirdağ,SPEI12,1973,2,1.975
Tekirdağ,SPEI12,1973,3,2.617
Tekirdağ,SPEI12,1973,4,2.644
Tekirdağ,SPEI12,1973,5,0.0
Tekirdağ,SPEI12,1973,6,0.0
Tekirdağ,SPEI12,1973,7,0.0
Tekirdağ,SPEI12,1973,8,0.0
Tekirdağ,SPEI12,1973,9,0.0
Tekirdağ,SPEI12,1973,10,0.0
Tekirdağ,SPEI12,1973,11,0.0
Tekirdağ,SPEI12,1973,12,0.0
Tekirdağ,SPEI12,1974,1,1.433
Tekirdağ,SPEI12,1974,2,2.727
Tekirdağ,SPEI12,1974,3,3.911
Tekirdağ,SPEI12,1974,4,5.091
Tekirdağ,SPEI12,1974,5,5.966
Tekirdağ,SPEI12,1974,6,7.066
Tekirdağ,SPEI12,1974,7,7.708
Tekirdağ,SPEI12,1974,8,8.303
Tekirdağ,SPEI12,1974,9,8.621
Tekirdağ,SPEI12,1974,10,9.09
Tekirdağ,SPEI12,1974,11,9.677
Tekirdağ,SPEI12,1974,12,10.338
Tekirdağ,SPEI12,1975,1,0.334
Tekirdağ,SPEI12,1975,2,0.496
Tekirdağ,SPEI12,1975,3,0.847
Tekirdağ,SPEI12,1975,4,1.508
Tekirdağ,SPEI12,1975,5,2.166
Tekirdağ,SPEI12,1975,6,2.737
Tekirdağ,SPEI12,1975,7,3.206
Tekirdağ,SPEI12,1975,8,3.524
Tekirdağ,SPEI12,1975,9,4.119
Tekirdağ,SPEI12,1975,10,5.299
Tekirdağ,SPEI12,1975,11,6.593
Tekirdağ,SPEI12,1975,12,8.026
Tekirdağ,SPEI12,1976,1,0.181
Tekirdağ,SPEI12,1976,2,0.252
Tekirdağ,SPEI12,1976,3,0.0
Tekirdağ,SPEI12,1976,4,0.0
Tekirdağ,SPEI12,1976,5,0.0
Tekirdağ,SPEI12,1976,6,0.0
Tekirdağ,SPEI12,1976,7,0.0
Tekirdağ,SPEI12,1976,8,0.0
Tekirdağ,SPEI12,1976,9,0.0
Tekirdağ,SPEI12,1976,10,0.0
Tekirdağ,SPEI12,1976,11,0.0
Tekirdağ,SPEI12,1976,12,0.0
Tekirdağ,SPEI12,1977,1,0.376
Tekirdağ,SPEI12,1977,2,0.444
Tekirdağ,SPEI12,1977,3,0.0
Tekirdağ,SPEI12,1977,4,0.0
Tekirdağ,SPEI12,1977,5,0.0
Tekirdağ,SPEI12,1977,6,0.0
Tekirdağ,SPEI12,1977,7,0.0
Tekirdağ,SPEI12,1977,8,0.0
Tekirdağ,SPEI12,1977,9,0.0
Tekirdağ,SPEI12,1977,10,0.0
Tekirdağ,SPEI12,1977,11,0.0
Tekirdağ,SPEI12,1977,12,0.0
Tekirdağ,SPEI12,1978,1,0.025
Tekirdağ,SPEI12,1978,2,0.401
Tekirdağ,SPEI12,1978,3,0.469
Tekirdağ,SPEI12,1978,4,0.0
Tekirdağ,SPEI12,1978,5,0.0
Tekirdağ,SPEI12,1978,6,0.0
Tekirdağ,SPEI12,1978,7,0.0
Tekirdağ,SPEI12,1978,8,0.0
Tekirdağ,SPEI12,1978,9,0.0
Tekirdağ,SPEI12,1978,10,0.0
Tekirdağ,SPEI12,1978,11,0.0
Tekirdağ,SPEI12,1978,12,0.0
Tekirdağ,SPEI12,1979,1,0.26
Tekirdağ,SPEI12,1979,2,0.0
Tekirdağ,SPEI12,1979,3,0.0
Tekirdağ,SPEI12,1979,4,0.0
Tekirdağ,SPEI12,1979,5,0.0
Tekirdağ,SPEI12,1979,6,0.0
Tekirdağ,SPEI12,1979,7,0.0
Tekirdağ,SPEI12,1979,8,0.0
Tekirdağ,SPEI12,1979,9,0.0
Tekirdağ,SPEI12,1979,10,0.0
Tekirdağ,SPEI12,1979,11,0.0
Tekirdağ,SPEI12,1979,12,0.0
Tekirdağ,SPEI12,1980,1,0.165
Tekirdağ,SPEI12,1980,2,0.0
Tekirdağ,SPEI12,1980,3,0.0
Tekirdağ,SPEI12,1980,4,0.0
Tekirdağ,SPEI12,1980,5,0.0
Tekirdağ,SPEI12,1980,6,0.0
Tekirdağ,SPEI12,1980,7,0.0
Tekirdağ,SPEI12,1980,8,0.0
Tekirdağ,SPEI12,1980,9,0.0
Tekirdağ,SPEI12,1980,10,0.0
Tekirdağ,SPEI12,1980,11,0.0
Tekirdağ,SPEI12,1980,12,0.0
Tekirdağ,SPEI12,1981,1,0.239
Tekirdağ,SPEI12,1981,2,0.315
Tekirdağ,SPEI12,1981,3,0.436
Tekirdağ,SPEI12,1981,4,0.496
Tekirdağ,SPEI12,1981,5,0.0
Tekirdağ,SPEI12,1981,6,0.0
Tekirdağ,SPEI12,1981,7,0.0
Tekirdağ,SPEI12,1981,8,0.0
Tekirdağ,SPEI12,1981,9,0.0
Tekirdağ,SPEI12,1981,10,0.0
Tekirdağ,SPEI12,1981,11,0.0
Tekirdağ,SPEI12,1981,12,0.0
Tekirdağ,SPEI12,1982,1,0.316
Tekirdağ,SPEI12,1982,2,0.0
Tekirdağ,SPEI12,1982,3,0.0
Tekirdağ,SPEI12,1982,4,0.0
Tekirdağ,SPEI12,1982,5,0.0
Tekirdağ,SPEI12,1982,6,0.0
Tekirdağ,SPEI12,1982,7,0.0
Tekirdağ,SPEI12,1982,8,0.0
Tekirdağ,SPEI12,1982,9,0.0
Tekirdağ,SPEI12,1982,10,0.0
Tekirdağ,SPEI12,1982,11,0.0
Tekirdağ,SPEI12,1982,12,0.0
Tekirdağ,SPEI12,1983,1,1.717
Tekirdağ,SPEI12,1983,2,3.247
Tekirdağ,SPEI12,1983,3,4.504
Tekirdağ,SPEI12,1983,4,5.655
Tekirdağ,SPEI12,1983,5,6.753
Tekirdağ,SPEI12,1983,6,7.309
Tekirdağ,SPEI12,1983,7,7.854
Tekirdağ,SPEI12,1983,8,8.264
Tekirdağ,SPEI12,1983,9,8.963
Tekirdağ,SPEI12,1983,10,9.508
Tekirdağ,SPEI12,1983,11,9.695
Tekirdağ,SPEI12,1983,12,10.289
Tekirdağ,SPEI12,1984,1,0.487
Tekirdağ,SPEI12,1984,2,0.921
Tekirdağ,SPEI12,1984,3,1.455
Tekirdağ,SPEI12,1984,4,1.942
Tekirdağ,SPEI12,1984,5,2.421
Tekirdağ,SPEI12,1984,6,3.519
Tekirdağ,SPEI12,1984,7,4.67
Tekirdağ,SPEI12,1984,8,6.2
Tekirdağ,SPEI12,1984,9,7.917
Tekirdağ,SPEI12,1984,10,9.174
Tekirdağ,SPEI12,1984,11,9.719
Tekirdağ,SPEI12,1984,12,10.206
Tekirdağ,SPEI12,1985,1,1.359
Tekirdağ,SPEI12,1985,2,2.638
Tekirdağ,SPEI12,1985,3,3.843
Tekirdağ,SPEI12,1985,4,4.629
Tekirdağ,SPEI12,1985,5,5.484
Tekirdağ,SPEI12,1985,6,6.185
Tekirdağ,SPEI12,1985,7,6.841
Tekirdağ,SPEI12,1985,8,7.293
Tekirdağ,SPEI12,1985,9,7.61
Tekirdağ,SPEI12,1985,10,7.891
Tekirdağ,SPEI12,1985,11,0.0
Tekirdağ,SPEI12,1985,12,0.0
Tekirdağ,SPEI12,1986,1,0.338
Tekirdağ,SPEI12,1986,2,0.361
Tekirdağ,SPEI12,1986,3,0.678
Tekirdağ,SPEI12,1986,4,1.379
Tekirdağ,SPEI12,1986,5,2.658
Tekirdağ,SPEI12,1986,6,4.017
Tekirdağ,SPEI12,1986,7,5.222
Tekirdağ,SPEI12,1986,8,6.008
Tekirdağ,SPEI12,1986,9,6.863
Tekirdağ,SPEI12,1986,10,7.519
Tekirdağ,SPEI12,1986,11,7.971
Tekirdağ,SPEI12,1986,12,0.0
Tekirdağ,SPEI12,1987,1,0.424
Tekirdağ,SPEI12,1987,2,0.643
Tekirdağ,SPEI12,1987,3,0.645
Tekirdağ,SPEI12,1987,4,0.0
Tekirdağ,SPEI12,1987,5,0.0
Tekirdağ,SPEI12,1987,6,0.0
Tekirdağ,SPEI12,1987,7,0.0
Tekirdağ,SPEI12,1987,8,0.0
Tekirdağ,SPEI12,1987,9,0.0
Tekirdağ,SPEI12,1987,10,0.0
Tekirdağ,SPEI12,1987,11,0.0
Tekirdağ,SPEI12,1987,12,0.0
Tekirdağ,SPEI12,1988,1,0.426
Tekirdağ,SPEI12,1988,2,0.555
Tekirdağ,SPEI12,1988,3,0.618
Tekirdağ,SPEI12,1988,4,0.0
Tekirdağ,SPEI12,1988,5,0.0
Tekirdağ,SPEI12,1988,6,0.0
Tekirdağ,SPEI12,1988,7,0.0
Tekirdağ,SPEI12,1988,8,0.0
Tekirdağ,SPEI12,1988,9,0.0
Tekirdağ,SPEI12,1988,10,0.0
Tekirdağ,SPEI12,1988,11,0.0
Tekirdağ,SPEI12,1988,12,0.0
Tekirdağ,SPEI12,1989,1,0.799
Tekirdağ,SPEI12,1989,2,1.304
Tekirdağ,SPEI12,1989,3,0.0
Tekirdağ,SPEI12,1989,4,0.0
Tekirdağ,SPEI12,1989,5,0.0
Tekirdağ,SPEI12,1989,6,0.0
Tekirdağ,SPEI12,1989,7,0.0
Tekirdağ,SPEI12,1989,8,0.0
Tekirdağ,SPEI12,1989,9,0.0
Tekirdağ,SPEI12,1989,10,0.0
Tekirdağ,SPEI12,1989,11,0.0
Tekirdağ,SPEI12,1989,12,0.0
Tekirdağ,SPEI12,1990,1,1.204
Tekirdağ,SPEI12,1990,2,2.243
Tekirdağ,SPEI12,1990,3,3.29
Tekirdağ,SPEI12,1990,4,4.224
Tekirdağ,SPEI12,1990,5,5.122
Tekirdağ,SPEI12,1990,6,5.952
Tekirdağ,SPEI12,1990,7,6.886
Tekirdağ,SPEI12,1990,8,7.695
Tekirdağ,SPEI12,1990,9,8.555
Tekirdağ,SPEI12,1990,10,9.354
Tekirdağ,SPEI12,1990,11,9.866
Tekirdağ,SPEI12,1990,12,10.641
Tekirdağ,SPEI12,1991,1,0.181
Tekirdağ,SPEI12,1991,2,0.403
Tekirdağ,SPEI12,1991,3,1.178
Tekirdağ,SPEI12,1991,4,1.69
Tekirdağ,SPEI12,1991,5,2.624
Tekirdağ,SPEI12,1991,6,3.828
Tekirdağ,SPEI12,1991,7,4.867
Tekirdağ,SPEI12,1991,8,5.914
Tekirdağ,SPEI12,1991,9,6.812
Tekirdağ,SPEI12,1991,10,7.472
Tekirdağ,SPEI12,1991,11,8.576
Tekirdağ,SPEI12,1991,12,9.385
Tekirdağ,SPEI12,1992,1,0.96
Tekirdağ,SPEI12,1992,2,1.454
Tekirdağ,SPEI12,1992,3,2.05
Tekirdağ,SPEI12,1992,4,2.238
Tekirdağ,SPEI12,1992,5,2.404
Tekirdağ,SPEI12,1992,6,2.513
Tekirdağ,SPEI12,1992,7,2.989
Tekirdağ,SPEI12,1992,8,3.585
Tekirdağ,SPEI12,1992,9,3.91
Tekirdağ,SPEI12,1992,10,3.98
Tekirdağ,SPEI12,1992,11,4.356
Tekirdağ,SPEI12,1992,12,4.612
Tekirdağ,SPEI12,1993,1,0.561
Tekirdağ,SPEI12,1993,2,0.992
Tekirdağ,SPEI12,1993,3,1.73
Tekirdağ,SPEI12,1993,4,2.446
Tekirdağ,SPEI12,1993,5,2.634
Tekirdağ,SPEI12,1993,6,2.821
Tekirdağ,SPEI12,1993,7,3.203
Tekirdağ,SPEI12,1993,8,3.021
Tekirdağ,SPEI12,1993,9,3.981
Tekirdağ,SPEI12,1993,10,4.306
Tekirdağ,SPEI12,1993,11,4.376
Tekirdağ,SPEI12,1993,12,4.752
Tekirdağ,SPEI12,1994,1,0.767
Tekirdağ,SPEI12,1994,2,1.431
Tekirdağ,SPEI12,1994,3,2.163
Tekirdağ,SPEI12,1994,4,2.756
Tekirdağ,SPEI12,1994,5,3.2
Tekirdağ,SPEI12,1994,6,3.685
Tekirdağ,SPEI12,1994,7,4.324
Tekirdağ,SPEI12,1994,8,4.917
Tekirdağ,SPEI12,1994,9,5.361
Tekirdağ,SPEI12,1994,10,5.743
Tekirdağ,SPEI12,1994,11,6.216
Tekirdağ,SPEI12,1994,12,6.731
Tekirdağ,SPEI12,1995,1,0.0
Tekirdağ,SPEI12,1995,2,0.0
Tekirdağ,SPEI12,1995,3,0.0
Tekirdağ,SPEI12,1995,4,0.0
Tekirdağ,SPEI12,1995,5,0.0
Tekirdağ,SPEI12,1995,6,0.0
Tekirdağ,SPEI12,1995,7,0.0
Tekirdağ,SPEI12,1995,8,0.0
Tekirdağ,SPEI12,1995,9,0.0
Tekirdağ,SPEI12,1995,10,0.0
Tekirdağ,SPEI12,1995,11,0.0
Tekirdağ,SPEI12,1995,12,0.0
Tekirdağ,SPEI12,1996,1,0.0
Tekirdağ,SPEI12,1996,2,0.0
Tekirdağ,SPEI12,1996,3,0.0
Tekirdağ,SPEI12,1996,4,0.0
Tekirdağ,SPEI12,1996,5,0.0
Tekirdağ,SPEI12,1996,6,0.0
Tekirdağ,SPEI12,1996,7,0.0
Tekirdağ,SPEI12,1996,8,0.0
Tekirdağ,SPEI12,1996,9,0.0
Tekirdağ,SPEI12,1996,10,0.0
Tekirdağ,SPEI12,1996,11,0.0
Tekirdağ,SPEI12,1996,12,0.0
Tekirdağ,SPEI12,1997,1,0.452
Tekirdağ,SPEI12,1997,2,0.773
Tekirdağ,SPEI12,1997,3,0.892
Tekirdağ,SPEI12,1997,4,0.984
Tekirdağ,SPEI12,1997,5,0.0
Tekirdağ,SPEI12,1997,6,0.0
Tekirdağ,SPEI12,1997,7,0.0
Tekirdağ,SPEI12,1997,8,0.0
Tekirdağ,SPEI12,1997,9,0.0
Tekirdağ,SPEI12,1997,10,0.0
Tekirdağ,SPEI12,1997,11,0.0
Tekirdağ,SPEI12,1997,12,0.0
Tekirdağ,SPEI12,1998,1,0.0
Tekirdağ,SPEI12,1998,2,0.0
Tekirdağ,SPEI12,1998,3,0.0
Tekirdağ,SPEI12,1998,4,0.0
Tekirdağ,SPEI12,1998,5,0.0
Tekirdağ,SPEI12,1998,6,0.0
Tekirdağ,SPEI12,1998,7,0.0
Tekirdağ,SPEI12,1998,8,0.0
Tekirdağ,SPEI12,1998,9,0.0
Tekirdağ,SPEI12,1998,10,0.0
Tekirdağ,SPEI12,1998,11,0.0
Tekirdağ,SPEI12,1998,12,0.0
Tekirdağ,SPEI12,1999,1,0.0
Tekirdağ,SPEI12,1999,2,0.0
Tekirdağ,SPEI12,1999,3,0.0
Tekirdağ,SPEI12,1999,4,0.0
Tekirdağ,SPEI12,1999,5,0.0
Tekirdağ,SPEI12,1999,6,0.0
Tekirdağ,SPEI12,1999,7,0.0
Tekirdağ,SPEI12,1999,8,0.0
Tekirdağ,SPEI12,1999,9,0.0
Tekirdağ,SPEI12,1999,10,0.0
Tekirdağ,SPEI12,1999,11,0.0
Tekirdağ,SPEI12,1999,12,0.0
Tekirdağ,SPEI12,2000,1,1.054
Tekirdağ,SPEI12,2000,2,1.264
Tekirdağ,SPEI12,2000,3,0.64
Tekirdağ,SPEI12,2000,4,0.0
Tekirdağ,SPEI12,2000,5,0.0
Tekirdağ,SPEI12,2000,6,0.0
Tekirdağ,SPEI12,2000,7,0.0
Tekirdağ,SPEI12,2000,8,0.0
Tekirdağ,SPEI12,2000,9,0.0
Tekirdağ,SPEI12,2000,10,0.0
Tekirdağ,SPEI12,2000,11,0.0
Tekirdağ,SPEI12,2000,12,0.0
Tekirdağ,SPEI12,2001,1,1.561
Tekirdağ,SPEI12,2001,2,2.577
Tekirdağ,SPEI12,2001,3,3.752
Tekirdağ,SPEI12,2001,4,4.826
Tekirdağ,SPEI12,2001,5,5.894
Tekirdağ,SPEI12,2001,6,6.93
Tekirdağ,SPEI12,2001,7,7.886
Tekirdağ,SPEI12,2001,8,9.068
Tekirdağ,SPEI12,2001,9,9.925
Tekirdağ,SPEI12,2001,10,10.95
Tekirdağ,SPEI12,2001,11,12.004
Tekirdağ,SPEI12,2001,12,12.861
Tekirdağ,SPEI12,2002,1,0.13
Tekirdağ,SPEI12,2002,2,0.0
Tekirdağ,SPEI12,2002,3,0.0
Tekirdağ,SPEI12,2002,4,0.0
Tekirdağ,SPEI12,2002,5,0.0
Tekirdağ,SPEI12,2002,6,0.0
Tekirdağ,SPEI12,2002,7,0.0
Tekirdağ,SPEI12,2002,8,0.0
Tekirdağ,SPEI12,2002,9,0.0
Tekirdağ,SPEI12,2002,10,0.0
Tekirdağ,SPEI12,2002,11,0.0
Tekirdağ,SPEI12,2002,12,0.0
Tekirdağ,SPEI12,2003,1,0.0
Tekirdağ,SPEI12,2003,2,0.0
Tekirdağ,SPEI12,2003,3,0.0
Tekirdağ,SPEI12,2003,4,0.0
Tekirdağ,SPEI12,2003,5,0.0
Tekirdağ,SPEI12,2003,6,0.0
Tekirdağ,SPEI12,2003,7,0.0
Tekirdağ,SPEI12,2003,8,0.0
Tekirdağ,SPEI12,2003,9,0.0
Tekirdağ,SPEI12,2003,10,0.0
Tekirdağ,SPEI12,2003,11,0.0
Tekirdağ,SPEI12,2003,12,0.0
Tekirdağ,SPEI12,2004,1,0.0
Tekirdağ,SPEI12,2004,2,0.0
Tekirdağ,SPEI12,2004,3,0.0
Tekirdağ,SPEI12,2004,4,0.0
Tekirdağ,SPEI12,2004,5,0.0
Tekirdağ,SPEI12,2004,6,0.0
Tekirdağ,SPEI12,2004,7,0.0
Tekirdağ,SPEI12,2004,8,0.0
Tekirdağ,SPEI12,2004,9,0.0
Tekirdağ,SPEI12,2004,10,0.0
Tekirdağ,SPEI12,2004,11,0.0
Tekirdağ,SPEI12,2004,12,0.0
Tekirdağ,SPEI12,2005,1,1.61
Tekirdağ,SPEI12,2005,2,3.209
Tekirdağ,SPEI12,2005,3,4.354
Tekirdağ,SPEI12,2005,4,5.478
Tekirdağ,SPEI12,2005,5,6.454
Tekirdağ,SPEI12,2005,6,7.236
Tekirdağ,SPEI12,2005,7,7.782
Tekirdağ,SPEI12,2005,8,8.168
Tekirdağ,SPEI12,2005,9,8.714
Tekirdağ,SPEI12,2005,10,9.239
Tekirdağ,SPEI12,2005,11,9.561
Tekirdağ,SPEI12,2005,12,10.107
Tekirdağ,SPEI12,2006,1,0.868
Tekirdağ,SPEI12,2006,2,1.699
Tekirdağ,SPEI12,2006,3,2.5
Tekirdağ,SPEI12,2006,4,3.322
Tekirdağ,SPEI12,2006,5,4.912
Tekirdağ,SPEI12,2006,6,6.522
Tekirdağ,SPEI12,2006,7,7.667
Tekirdağ,SPEI12,2006,8,8.643
Tekirdağ,SPEI12,2006,9,9.481
Tekirdağ,SPEI12,2006,10,9.845
Tekirdağ,SPEI12,2006,11,10.413
Tekirdağ,SPEI12,2006,12,11.091
Tekirdağ,SPEI12,2007,1,4.753
Tekirdağ,SPEI12,2007,2,7.309
Tekirdağ,SPEI12,2007,3,9.336
Tekirdağ,SPEI12,2007,4,11.455
Tekirdağ,SPEI12,2007,5,13.436
Tekirdağ,SPEI12,2007,6,15.023
Tekirdağ,SPEI12,2007,7,16.66
Tekirdağ,SPEI12,2007,8,18.375
Tekirdağ,SPEI12,2007,9,19.806
Tekirdağ,SPEI12,2007,10,21.041
Tekirdağ,SPEI12,2007,11,22.193
Tekirdağ,SPEI12,2007,12,23.155
Tekirdağ,SPEI12,2008,1,1.866
Tekirdağ,SPEI12,2008,2,3.533
Tekirdağ,SPEI12,2008,3,3.756
Tekirdağ,SPEI12,2008,4,8.509
Tekirdağ,SPEI12,2008,5,11.065
Tekirdağ,SPEI12,2008,6,13.092
Tekirdağ,SPEI12,2008,7,15.211
Tekirdağ,SPEI12,2008,8,17.192
Tekirdağ,SPEI12,2008,9,18.779
Tekirdağ,SPEI12,2008,10,20.416
Tekirdağ,SPEI12,2008,11,22.131
Tekirdağ,SPEI12,2008,12,23.366
Tekirdağ,SPEI12,2009,1,1.735
Tekirdağ,SPEI12,2009,2,3.601
Tekirdağ,SPEI12,2009,3,5.268
Tekirdağ,SPEI12,2009,4,6.609
Tekirdağ,SPEI12,2009,5,7.748
Tekirdağ,SPEI12,2009,6,8.716
Tekirdağ,SPEI12,2009,7,9.758
Tekirdağ,SPEI12,2009,8,11.03
Tekirdağ,SPEI12,2009,9,11.989
Tekirdağ,SPEI12,2009,10,12.861
Tekirdağ,SPEI12,2009,11,12.896
Tekirdağ,SPEI12,2009,12,0.0
Tekirdağ,SPEI12,2010,1,0.0
Tekirdağ,SPEI12,2010,2,0.0
Tekirdağ,SPEI12,2010,3,0.0
Tekirdağ,SPEI12,2010,4,0.0
Tekirdağ,SPEI12,2010,5,0.0
Tekirdağ,SPEI12,2010,6,0.0
Tekirdağ,SPEI12,2010,7,0.0
Tekirdağ,SPEI12,2010,8,0.0
Tekirdağ,SPEI12,2010,9,0.0
Tekirdağ,SPEI12,2010,10,0.0
Tekirdağ,SPEI12,2010,11,0.0
Tekirdağ,SPEI12,2010,12,0.0
Tekirdağ,SPEI12,2011,1,0.0
Tekirdağ,SPEI12,2011,2,0.0
Tekirdağ,SPEI12,2011,3,0.0
Tekirdağ,SPEI12,2011,4,0.0
Tekirdağ,SPEI12,2011,5,0.0
Tekirdağ,SPEI12,2011,6,0.0
Tekirdağ,SPEI12,2011,7,0.0
Tekirdağ,SPEI12,2011,8,0.0
Tekirdağ,SPEI12,2011,9,0.0
Tekirdağ,SPEI12,2011,10,0.0
Tekirdağ,SPEI12,2011,11,0.0
Tekirdağ,SPEI12,2011,12,0.0
Tekirdağ,SPEI12,2012,1,1.897
Tekirdağ,SPEI12,2012,2,3.642
Tekirdağ,SPEI12,2012,3,4.66
Tekirdağ,SPEI12,2012,4,5.546
Tekirdağ,SPEI12,2012,5,5.597
Tekirdağ,SPEI12,2012,6,0.0
Tekirdağ,SPEI12,2012,7,0.0
Tekirdağ,SPEI12,2012,8,0.0
Tekirdağ,SPEI12,2012,9,0.0
Tekirdağ,SPEI12,2012,10,0.0
Tekirdağ,SPEI12,2012,11,0.0
Tekirdağ,SPEI12,2012,12,0.0
Tekirdağ,SPEI12,2013,1,1.251
Tekirdağ,SPEI12,2013,2,1.445
Tekirdağ,SPEI12,2013,3,3.342
Tekirdağ,SPEI12,2013,4,5.087
Tekirdağ,SPEI12,2013,5,6.105
Tekirdağ,SPEI12,2013,6,6.297
Tekirdağ,SPEI12,2013,7,6.348
Tekirdağ,SPEI12,2013,8,6.608
Tekirdağ,SPEI12,2013,9,7.416
Tekirdağ,SPEI12,2013,10,7.821
Tekirdağ,SPEI12,2013,11,8.103
Tekirdağ,SPEI12,2013,12,8.455
Tekirdağ,SPEI12,2014,1,2.247
Tekirdağ,SPEI12,2014,2,4.308
Tekirdağ,SPEI12,2014,3,6.263
Tekirdağ,SPEI12,2014,4,8.03
Tekirdağ,SPEI12,2014,5,9.536
Tekirdağ,SPEI12,2014,6,10.825
Tekirdağ,SPEI12,2014,7,12.076
Tekirdağ,SPEI12,2014,8,12.72
Tekirdağ,SPEI12,2014,9,13.281
Tekirdağ,SPEI12,2014,10,0.0
Tekirdağ,SPEI12,2014,11,0.0
Tekirdağ,SPEI12,2014,12,0.0
Tekirdağ,SPEI12,2015,1,0.984
Tekirdağ,SPEI12,2015,2,1.304
Tekirdağ,SPEI12,2015,3,1.58
Tekirdağ,SPEI12,2015,4,1.643
Tekirdağ,SPEI12,2015,5,0.0
Tekirdağ,SPEI12,2015,6,0.0
Tekirdağ,SPEI12,2015,7,0.0
Tekirdağ,SPEI12,2015,8,0.0
Tekirdağ,SPEI12,2015,9,0.0
Tekirdağ,SPEI12,2015,10,0.0
Tekirdağ,SPEI12,2015,11,0.0
Tekirdağ,SPEI12,2015,12,0.0
Tekirdağ,SPEI12,2016,1,2.001
Tekirdağ,SPEI12,2016,2,3.852
Tekirdağ,SPEI12,2016,3,5.543
Tekirdağ,SPEI12,2016,4,7.364
Tekirdağ,SPEI12,2016,5,9.13
Tekirdağ,SPEI12,2016,6,10.806
Tekirdağ,SPEI12,2016,7,12.206
Tekirdağ,SPEI12,2016,8,13.756
Tekirdağ,SPEI12,2016,9,15.083
Tekirdağ,SPEI12,2016,10,16.209
Tekirdağ,SPEI12,2016,11,17.34
Tekirdağ,SPEI12,2016,12,18.299
Tekirdağ,SPEI12,2017,1,1.33
Tekirdağ,SPEI12,2017,2,2.604
Tekirdağ,SPEI12,2017,3,4.201
Tekirdağ,SPEI12,2017,4,6.202
Tekirdağ,SPEI12,2017,5,8.053
Tekirdağ,SPEI12,2017,6,9.744
Tekirdağ,SPEI12,2017,7,11.565
Tekirdağ,SPEI12,2017,8,13.331
Tekirdağ,SPEI12,2017,9,14.731
Tekirdağ,SPEI12,2017,10,16.281
Tekirdağ,SPEI12,2017,11,17.611
Tekirdağ,SPEI12,2017,12,18.885
Tekirdağ,SPEI12,2018,1,0.564
Tekirdağ,SPEI12,2018,2,0.788
Tekirdağ,SPEI12,2018,3,1.237
Tekirdağ,SPEI12,2018,4,1.404
Tekirdağ,SPEI12,2018,5,1.765
Tekirdağ,SPEI12,2018,6,2.152
Tekirdağ,SPEI12,2018,7,2.647
Tekirdağ,SPEI12,2018,8,3.644
Tekirdağ,SPEI12,2018,9,4.677
Tekirdağ,SPEI12,2018,10,5.637
Tekirdağ,SPEI12,2018,11,6.911
Tekirdağ,SPEI12,2018,12,8.241
Tekirdağ,SPEI12,2019,1,2.219
Tekirdağ,SPEI12,2019,2,3.793
Tekirdağ,SPEI12,2019,3,4.78
Tekirdağ,SPEI12,2019,4,5.949
Tekirdağ,SPEI12,2019,5,7.057
Tekirdağ,SPEI12,2019,6,8.249
Tekirdağ,SPEI12,2019,7,8.937
Tekirdağ,SPEI12,2019,8,9.039
Tekirdağ,SPEI12,2019,9,9.232
Tekirdağ,SPEI12,2019,10,9.755
Tekirdağ,SPEI12,2019,11,10.019
Tekirdağ,SPEI12,2019,12,10.042
Tekirdağ,SPEI12,2020,1,2.588
Tekirdağ,SPEI12,2020,2,4.958
Tekirdağ,SPEI12,2020,3,7.232
Tekirdağ,SPEI12,2020,4,9.52
Tekirdağ,SPEI12,2020,5,11.739
Tekirdağ,SPEI12,2020,6,13.669
Tekirdağ,SPEI12,2020,7,15.243
Tekirdağ,SPEI12,2020,8,16.494
Tekirdağ,SPEI12,2020,9,17.925
Tekirdağ,SPEI12,2020,10,19.247
Tekirdağ,SPEI12,2020,11,20.64
Tekirdağ,SPEI12,2020,12,21.868
Tekirdağ,SPEI12,2021,1,0.914
Tekirdağ,SPEI12,2021,2,2.043
Tekirdağ,SPEI12,2021,3,3.512
Tekirdağ,SPEI12,2021,4,4.74
Tekirdağ,SPEI12,2021,5,6.133
Tekirdağ,SPEI12,2021,6,7.455
Tekirdağ,SPEI12,2021,7,8.886
Tekirdağ,SPEI12,2021,8,10.137
Tekirdağ,SPEI12,2021,9,12.067
Tekirdağ,SPEI12,2021,10,14.355
Tekirdağ,SPEI12,2021,11,16.629
Tekirdağ,SPEI12,2021,12,18.999
Tekirdağ,SPEI12,2022,1,1.955
Tekirdağ,SPEI12,2022,2,3.724
Tekirdağ,SPEI12,2022,3,5.124
Tekirdağ,SPEI12,2022,4,6.548
Tekirdağ,SPEI12,2022,5,7.931
Tekirdağ,SPEI12,2022,6,9.431
Tekirdağ,SPEI12,2022,7,11.08
Tekirdağ,SPEI12,2022,8,12.442
Tekirdağ,SPEI12,2022,9,13.527
Tekirdağ,SPEI12,2022,10,14.695
Tekirdağ,SPEI12,2022,11,15.68
Tekirdağ,SPEI12,2022,12,16.891
Tekirdağ,SPEI12,2023,1,2.912
Tekirdağ,SPEI12,2023,2,5.165
Tekirdağ,SPEI12,2023,3,7.358
Tekirdağ,SPEI12,2023,4,9.479
Tekirdağ,SPEI12,2023,5,11.547
Tekirdağ,SPEI12,2023,6,13.536
Tekirdağ,SPEI12,2023,7,15.604
Tekirdağ,SPEI12,2023,8,17.746
Tekirdağ,SPEI12,2023,9,20.173
Tekirdağ,SPEI12,2023,10,22.387
Tekirdağ,SPEI12,2023,11,24.342
Tekirdağ,SPEI12,2023,12,26.111
Tekirdağ,SPEI12,2024,1,2.156
Tekirdağ,SPEI12,2024,2,4.181
Tekirdağ,SPEI12,2024,3,4.794
Tekirdağ,SPEI12,2024,4,5.646
Tekirdağ,SPEI12,2024,5,7.503
Tekirdağ,SPEI12,2024,6,9.696
Tekirdağ,SPEI12,2024,7,11.817
Tekirdağ,SPEI12,2024,8,13.885
Tekirdağ,SPEI12,2024,9,15.874
Tekirdağ,SPEI12,2024,10,17.942
Tekirdağ,SPEI12,2024,11,20.084
Tekirdağ,SPEI12,2024,12,22.511
Uzunköprü,SPI12,1966,1,0.328
Uzunköprü,SPI12,1966,2,0.529
Uzunköprü,SPI12,1966,3,0.63
Uzunköprü,SPI12,1966,4,0.94
Uzunköprü,SPI12,1966,5,1.108
Uzunköprü,SPI12,1966,6,1.167
Uzunköprü,SPI12,1966,7,1.18
Uzunköprü,SPI12,1966,8,0.0
Uzunköprü,SPI12,1966,9,0.0
Uzunköprü,SPI12,1966,10,0.0
Uzunköprü,SPI12,1966,11,0.0
Uzunköprü,SPI12,1966,12,0.0
Uzunköprü,SPI12,1967,1,0.861
Uzunköprü,SPI12,1967,2,1.042
Uzunköprü,SPI12,1967,3,0.0
Uzunköprü,SPI12,1967,4,0.0
Uzunköprü,SPI12,1967,5,0.0
Uzunköprü,SPI12,1967,6,0.0
Uzunköprü,SPI12,1967,7,0.0
Uzunköprü,SPI12,1967,8,0.0
Uzunköprü,SPI12,1967,9,0.0
Uzunköprü,SPI12,1967,10,0.0
Uzunköprü,SPI12,1967,11,0.0
Uzunköprü,SPI12,1967,12,0.0
Uzunköprü,SPI12,1968,1,1.232
Uzunköprü,SPI12,1968,2,2.338
Uzunköprü,SPI12,1968,3,3.346
Uzunköprü,SPI12,1968,4,4.277
Uzunköprü,SPI12,1968,5,5.078
Uzunköprü,SPI12,1968,6,5.608
Uzunköprü,SPI12,1968,7,6.214
Uzunköprü,SPI12,1968,8,6.919
Uzunköprü,SPI12,1968,9,7.78
Uzunköprü,SPI12,1968,10,7.961
Uzunköprü,SPI12,1968,11,8.287
Uzunköprü,SPI12,1968,12,8.468
Uzunköprü,SPI12,1969,1,0.407
Uzunköprü,SPI12,1969,2,0.0
Uzunköprü,SPI12,1969,3,0.0
Uzunköprü,SPI12,1969,4,0.0
Uzunköprü,SPI12,1969,5,0.0
Uzunköprü,SPI12,1969,6,0.0
Uzunköprü,SPI12,1969,7,0.0
Uzunköprü,SPI12,1969,8,0.0
Uzunköprü,SPI12,1969,9,0.0
Uzunköprü,SPI12,1969,10,0.0
Uzunköprü,SPI12,1969,11,0.0
Uzunköprü,SPI12,1969,12,0.0
Uzunköprü,SPI12,1970,1,0.0
Uzunköprü,SPI12,1970,2,0.0
Uzunköprü,SPI12,1970,3,0.0
Uzunköprü,SPI12,1970,4,0.0
Uzunköprü,SPI12,1970,5,0.0
Uzunköprü,SPI12,1970,6,0.0
Uzunköprü,SPI12,1970,7,0.0
Uzunköprü,SPI12,1970,8,0.0
Uzunköprü,SPI12,1970,9,0.0
Uzunköprü,SPI12,1970,10,0.0
Uzunköprü,SPI12,1970,11,0.0
Uzunköprü,SPI12,1970,12,0.0
Uzunköprü,SPI12,1971,1,0.019
Uzunköprü,SPI12,1971,2,0.0
Uzunköprü,SPI12,1971,3,0.0
Uzunköprü,SPI12,1971,4,0.0
Uzunköprü,SPI12,1971,5,0.0
Uzunköprü,SPI12,1971,6,0.0
Uzunköprü,SPI12,1971,7,0.0
Uzunköprü,SPI12,1971,8,0.0
Uzunköprü,SPI12,1971,9,0.0
Uzunköprü,SPI12,1971,10,0.0
Uzunköprü,SPI12,1971,11,0.0
Uzunköprü,SPI12,1971,12,0.0
Uzunköprü,SPI12,1972,1,0.468
Uzunköprü,SPI12,1972,2,0.813
Uzunköprü,SPI12,1972,3,0.947
Uzunköprü,SPI12,1972,4,1.155
Uzunköprü,SPI12,1972,5,1.248
Uzunköprü,SPI12,1972,6,0.0
Uzunköprü,SPI12,1972,7,0.0
Uzunköprü,SPI12,1972,8,0.0
Uzunköprü,SPI12,1972,9,0.0
Uzunköprü,SPI12,1972,10,0.0
Uzunköprü,SPI12,1972,11,0.0
Uzunköprü,SPI12,1972,12,0.0
Uzunköprü,SPI12,1973,1,0.0
Uzunköprü,SPI12,1973,2,0.0
Uzunköprü,SPI12,1973,3,0.0
Uzunköprü,SPI12,1973,4,0.0
Uzunköprü,SPI12,1973,5,0.0
Uzunköprü,SPI12,1973,6,0.0
Uzunköprü,SPI12,1973,7,0.0
Uzunköprü,SPI12,1973,8,0.0
Uzunköprü,SPI12,1973,9,0.0
Uzunköprü,SPI12,1973,10,0.0
Uzunköprü,SPI12,1973,11,0.0
Uzunköprü,SPI12,1973,12,0.0
Uzunköprü,SPI12,1974,1,0.469
Uzunköprü,SPI12,1974,2,0.777
Uzunköprü,SPI12,1974,3,0.0
Uzunköprü,SPI12,1974,4,0.0
Uzunköprü,SPI12,1974,5,0.0
Uzunköprü,SPI12,1974,6,0.0
Uzunköprü,SPI12,1974,7,0.0
Uzunköprü,SPI12,1974,8,0.0
Uzunköprü,SPI12,1974,9,0.0
Uzunköprü,SPI12,1974,10,0.0
Uzunköprü,SPI12,1974,11,0.0
Uzunköprü,SPI12,1974,12,0.0
Uzunköprü,SPI12,1975,1,0.0
Uzunköprü,SPI12,1975,2,0.0
Uzunköprü,SPI12,1975,3,0.0
Uzunköprü,SPI12,1975,4,0.0
Uzunköprü,SPI12,1975,5,0.0
Uzunköprü,SPI12,1975,6,0.0
Uzunköprü,SPI12,1975,7,0.0
Uzunköprü,SPI12,1975,8,0.0
Uzunköprü,SPI12,1975,9,0.0
Uzunköprü,SPI12,1975,10,0.0
Uzunköprü,SPI12,1975,11,0.0
Uzunköprü,SPI12,1975,12,0.0
Uzunköprü,SPI12,1976,1,0.659
Uzunköprü,SPI12,1976,2,1.226
Uzunköprü,SPI12,1976,3,1.517
Uzunköprü,SPI12,1976,4,1.876
Uzunköprü,SPI12,1976,5,2.167
Uzunköprü,SPI12,1976,6,2.198
Uzunköprü,SPI12,1976,7,2.377
Uzunköprü,SPI12,1976,8,0.0
Uzunköprü,SPI12,1976,9,0.0
Uzunköprü,SPI12,1976,10,0.0
Uzunköprü,SPI12,1976,11,0.0
Uzunköprü,SPI12,1976,12,0.0
Uzunköprü,SPI12,1977,1,0.102
Uzunköprü,SPI12,1977,2,0.393
Uzunköprü,SPI12,1977,3,1.052
Uzunköprü,SPI12,1977,4,1.619
Uzunköprü,SPI12,1977,5,1.893
Uzunköprü,SPI12,1977,6,2.269
Uzunköprü,SPI12,1977,7,2.3
Uzunköprü,SPI12,1977,8,2.479
Uzunköprü,SPI12,1977,9,0.0
Uzunköprü,SPI12,1977,10,0.0
Uzunköprü,SPI12,1977,11,0.0
Uzunköprü,SPI12,1977,12,0.0
Uzunköprü,SPI12,1978,1,0.0
Uzunköprü,SPI12,1978,2,0.0
Uzunköprü,SPI12,1978,3,0.0
Uzunköprü,SPI12,1978,4,0.0
Uzunköprü,SPI12,1978,5,0.0
Uzunköprü,SPI12,1978,6,0.0
Uzunköprü,SPI12,1978,7,0.0
Uzunköprü,SPI12,1978,8,0.0
Uzunköprü,SPI12,1978,9,0.0
Uzunköprü,SPI12,1978,10,0.0
Uzunköprü,SPI12,1978,11,0.0
Uzunköprü,SPI12,1978,12,0.0
Uzunköprü,SPI12,1979,1,0.0
Uzunköprü,SPI12,1979,2,0.0
Uzunköprü,SPI12,1979,3,0.0
Uzunköprü,SPI12,1979,4,0.0
Uzunköprü,SPI12,1979,5,0.0
Uzunköprü,SPI12,1979,6,0.0
Uzunköprü,SPI12,1979,7,0.0
Uzunköprü,SPI12,1979,8,0.0
Uzunköprü,SPI12,1979,9,0.0
Uzunköprü,SPI12,1979,10,0.0
Uzunköprü,SPI12,1979,11,0.0
Uzunköprü,SPI12,1979,12,0.0
Uzunköprü,SPI12,1980,1,0.0
Uzunköprü,SPI12,1980,2,0.0
Uzunköprü,SPI12,1980,3,0.0
Uzunköprü,SPI12,1980,4,0.0
Uzunköprü,SPI12,1980,5,0.0
Uzunköprü,SPI12,1980,6,0.0
Uzunköprü,SPI12,1980,7,0.0
Uzunköprü,SPI12,1980,8,0.0
Uzunköprü,SPI12,1980,9,0.0
Uzunköprü,SPI12,1980,10,0.0
Uzunköprü,SPI12,1980,11,0.0
Uzunköprü,SPI12,1980,12,0.0
Uzunköprü,SPI12,1981,1,0.005
Uzunköprü,SPI12,1981,2,0.0
Uzunköprü,SPI12,1981,3,0.0
Uzunköprü,SPI12,1981,4,0.0
Uzunköprü,SPI12,1981,5,0.0
Uzunköprü,SPI12,1981,6,0.0
Uzunköprü,SPI12,1981,7,0.0
Uzunköprü,SPI12,1981,8,0.0
Uzunköprü,SPI12,1981,9,0.0
Uzunköprü,SPI12,1981,10,0.0
Uzunköprü,SPI12,1981,11,0.0
Uzunköprü,SPI12,1981,12,0.0
Uzunköprü,SPI12,1982,1,0.742
Uzunköprü,SPI12,1982,2,0.755
Uzunköprü,SPI12,1982,3,0.0
Uzunköprü,SPI12,1982,4,0.0
Uzunköprü,SPI12,1982,5,0.0
Uzunköprü,SPI12,1982,6,0.0
Uzunköprü,SPI12,1982,7,0.0
Uzunköprü,SPI12,1982,8,0.0
Uzunköprü,SPI12,1982,9,0.0
Uzunköprü,SPI12,1982,10,0.0
Uzunköprü,SPI12,1982,11,0.0
Uzunköprü,SPI12,1982,12,0.0
Uzunköprü,SPI12,1983,1,1.94
Uzunköprü,SPI12,1983,2,3.793
Uzunköprü,SPI12,1983,3,5.025
Uzunköprü,SPI12,1983,4,6.241
Uzunköprü,SPI12,1983,5,7.036
Uzunköprü,SPI12,1983,6,8.186
Uzunköprü,SPI12,1983,7,8.928
Uzunköprü,SPI12,1983,8,9.504
Uzunköprü,SPI12,1983,9,10.055
Uzunköprü,SPI12,1983,10,10.308
Uzunköprü,SPI12,1983,11,10.604
Uzunköprü,SPI12,1983,12,11.04
Uzunköprü,SPI12,1984,1,0.328
Uzunköprü,SPI12,1984,2,0.868
Uzunköprü,SPI12,1984,3,1.304
Uzunköprü,SPI12,1984,4,1.611
Uzunköprü,SPI12,1984,5,1.907
Uzunköprü,SPI12,1984,6,2.404
Uzunköprü,SPI12,1984,7,2.98
Uzunköprü,SPI12,1984,8,4.196
Uzunköprü,SPI12,1984,9,6.136
Uzunköprü,SPI12,1984,10,7.989
Uzunköprü,SPI12,1984,11,9.221
Uzunköprü,SPI12,1984,12,10.016
Uzunköprü,SPI12,1985,1,1.768
Uzunköprü,SPI12,1985,2,3.515
Uzunköprü,SPI12,1985,3,5.2
Uzunköprü,SPI12,1985,4,6.691
Uzunköprü,SPI12,1985,5,8.357
Uzunköprü,SPI12,1985,6,9.818
Uzunköprü,SPI12,1985,7,11.161
Uzunköprü,SPI12,1985,8,12.433
Uzunköprü,SPI12,1985,9,13.383
Uzunköprü,SPI12,1985,10,14.312
Uzunköprü,SPI12,1985,11,14.513
Uzunköprü,SPI12,1985,12,14.598
Uzunköprü,SPI12,1986,1,0.998
Uzunköprü,SPI12,1986,2,1.927
Uzunköprü,SPI12,1986,3,2.877
Uzunköprü,SPI12,1986,4,4.22
Uzunköprü,SPI12,1986,5,5.967
Uzunköprü,SPI12,1986,6,7.735
Uzunköprü,SPI12,1986,7,9.42
Uzunköprü,SPI12,1986,8,10.911
Uzunköprü,SPI12,1986,9,12.577
Uzunköprü,SPI12,1986,10,14.038
Uzunköprü,SPI12,1986,11,15.31
Uzunköprü,SPI12,1986,12,15.865
Uzunköprü,SPI12,1987,1,1.025
Uzunköprü,SPI12,1987,2,2.045
Uzunköprü,SPI12,1987,3,2.848
Uzunköprü,SPI12,1987,4,3.59
Uzunköprü,SPI12,1987,5,4.278
Uzunköprü,SPI12,1987,6,4.526
Uzunköprü,SPI12,1987,7,4.748
Uzunköprü,SPI12,1987,8,5.336
Uzunköprü,SPI12,1987,9,6.139
Uzunköprü,SPI12,1987,10,6.508
Uzunköprü,SPI12,1987,11,6.642
Uzunköprü,SPI12,1987,12,0.0
Uzunköprü,SPI12,1988,1,0.294
Uzunköprü,SPI12,1988,2,0.367
Uzunköprü,SPI12,1988,3,0.421
Uzunköprü,SPI12,1988,4,0.461
Uzunköprü,SPI12,1988,5,0.0
Uzunköprü,SPI12,1988,6,0.0
Uzunköprü,SPI12,1988,7,0.0
Uzunköprü,SPI12,1988,8,0.0
Uzunköprü,SPI12,1988,9,0.0
Uzunköprü,SPI12,1988,10,0.0
Uzunköprü,SPI12,1988,11,0.0
Uzunköprü,SPI12,1988,12,0.0
Uzunköprü,SPI12,1989,1,0.811
Uzunköprü,SPI12,1989,2,1.385
Uzunköprü,SPI12,1989,3,1.98
Uzunköprü,SPI12,1989,4,2.554
Uzunköprü,SPI12,1989,5,2.922
Uzunköprü,SPI12,1989,6,3.131
Uzunköprü,SPI12,1989,7,0.0
Uzunköprü,SPI12,1989,8,0.0
Uzunköprü,SPI12,1989,9,0.0
Uzunköprü,SPI12,1989,10,0.0
Uzunköprü,SPI12,1989,11,0.0
Uzunköprü,SPI12,1989,12,0.0
Uzunköprü,SPI12,1990,1,1.696
Uzunköprü,SPI12,1990,2,3.194
Uzunköprü,SPI12,1990,3,4.519
Uzunköprü,SPI12,1990,4,5.731
Uzunköprü,SPI12,1990,5,6.996
Uzunköprü,SPI12,1990,6,7.941
Uzunköprü,SPI12,1990,7,8.7
Uzunköprü,SPI12,1990,8,8.979
Uzunköprü,SPI12,1990,9,9.24
Uzunköprü,SPI12,1990,10,9.933
Uzunköprü,SPI12,1990,11,10.348
Uzunköprü,SPI12,1990,12,10.894
Uzunköprü,SPI12,1991,1,0.824
Uzunköprü,SPI12,1991,2,1.583
Uzunköprü,SPI12,1991,3,2.848
Uzunköprü,SPI12,1991,4,4.06
Uzunköprü,SPI12,1991,5,5.558
Uzunköprü,SPI12,1991,6,7.254
Uzunköprü,SPI12,1991,7,8.579
Uzunköprü,SPI12,1991,8,9.524
Uzunköprü,SPI12,1991,9,10.129
Uzunköprü,SPI12,1991,10,10.641
Uzunköprü,SPI12,1991,11,11.38
Uzunköprü,SPI12,1991,12,12.086
Uzunköprü,SPI12,1992,1,1.621
Uzunköprü,SPI12,1992,2,3.147
Uzunköprü,SPI12,1992,3,4.284
Uzunköprü,SPI12,1992,4,4.938
Uzunköprü,SPI12,1992,5,5.482
Uzunköprü,SPI12,1992,6,5.523
Uzunköprü,SPI12,1992,7,5.597
Uzunköprü,SPI12,1992,8,6.037
Uzunköprü,SPI12,1992,9,6.273
Uzunköprü,SPI12,1992,10,6.485
Uzunköprü,SPI12,1992,11,6.805
Uzunköprü,SPI12,1992,12,7.039
Uzunköprü,SPI12,1993,1,1.918
Uzunköprü,SPI12,1993,2,3.797
Uzunköprü,SPI12,1993,3,5.468
Uzunköprü,SPI12,1993,4,7.12
Uzunköprü,SPI12,1993,5,8.776
Uzunköprü,SPI12,1993,6,10.447
Uzunköprü,SPI12,1993,7,11.868
Uzunköprü,SPI12,1993,8,12.796
Uzunköprü,SPI12,1993,9,14.037
Uzunköprü,SPI12,1993,10,15.046
Uzunköprü,SPI12,1993,11,16.386
Uzunköprü,SPI12,1993,12,18.051
Uzunköprü,SPI12,1994,1,2.092
Uzunköprü,SPI12,1994,2,3.972
Uzunköprü,SPI12,1994,3,5.824
Uzunköprü,SPI12,1994,4,7.624
Uzunköprü,SPI12,1994,5,9.465
Uzunköprü,SPI12,1994,6,11.297
Uzunköprü,SPI12,1994,7,13.099
Uzunköprü,SPI12,1994,8,14.931
Uzunköprü,SPI12,1994,9,16.67
Uzunköprü,SPI12,1994,10,18.504
Uzunköprü,SPI12,1994,11,20.304
Uzunköprü,SPI12,1994,12,22.138
Uzunköprü,SPI12,1995,1,0.0
Uzunköprü,SPI12,1995,2,0.0
Uzunköprü,SPI12,1995,3,0.0
Uzunköprü,SPI12,1995,4,0.0
Uzunköprü,SPI12,1995,5,0.0
Uzunköprü,SPI12,1995,6,0.0
Uzunköprü,SPI12,1995,7,0.0
Uzunköprü,SPI12,1995,8,0.0
Uzunköprü,SPI12,1995,9,0.0
Uzunköprü,SPI12,1995,10,0.0
Uzunköprü,SPI12,1995,11,0.0
Uzunköprü,SPI12,1995,12,0.0
Uzunköprü,SPI12,1996,1,0.0
Uzunköprü,SPI12,1996,2,0.0
Uzunköprü,SPI12,1996,3,0.0
Uzunköprü,SPI12,1996,4,0.0
Uzunköprü,SPI12,1996,5,0.0
Uzunköprü,SPI12,1996,6,0.0
Uzunköprü,SPI12,1996,7,0.0
Uzunköprü,SPI12,1996,8,0.0
Uzunköprü,SPI12,1996,9,0.0
Uzunköprü,SPI12,1996,10,0.0
Uzunköprü,SPI12,1996,11,0.0
Uzunköprü,SPI12,1996,12,0.0
Uzunköprü,SPI12,1997,1,0.196
Uzunköprü,SPI12,1997,2,0.0
Uzunköprü,SPI12,1997,3,0.0
Uzunköprü,SPI12,1997,4,0.0
Uzunköprü,SPI12,1997,5,0.0
Uzunköprü,SPI12,1997,6,0.0
Uzunköprü,SPI12,1997,7,0.0
Uzunköprü,SPI12,1997,8,0.0
Uzunköprü,SPI12,1997,9,0.0
Uzunköprü,SPI12,1997,10,0.0
Uzunköprü,SPI12,1997,11,0.0
Uzunköprü,SPI12,1997,12,0.0
Uzunköprü,SPI12,1998,1,0.0
Uzunköprü,SPI12,1998,2,0.0
Uzunköprü,SPI12,1998,3,0.0
Uzunköprü,SPI12,1998,4,0.0
Uzunköprü,SPI12,1998,5,0.0
Uzunköprü,SPI12,1998,6,0.0
Uzunköprü,SPI12,1998,7,0.0
Uzunköprü,SPI12,1998,8,0.0
Uzunköprü,SPI12,1998,9,0.0
Uzunköprü,SPI12,1998,10,0.0
Uzunköprü,SPI12,1998,11,0.0
Uzunköprü,SPI12,1998,12,0.0
Uzunköprü,SPI12,1999,1,0.0
Uzunköprü,SPI12,1999,2,0.0
Uzunköprü,SPI12,1999,3,0.0
Uzunköprü,SPI12,1999,4,0.0
Uzunköprü,SPI12,1999,5,0.0
Uzunköprü,SPI12,1999,6,0.0
Uzunköprü,SPI12,1999,7,0.0
Uzunköprü,SPI12,1999,8,0.0
Uzunköprü,SPI12,1999,9,0.0
Uzunköprü,SPI12,1999,10,0.0
Uzunköprü,SPI12,1999,11,0.0
Uzunköprü,SPI12,1999,12,0.0
Uzunköprü,SPI12,2000,1,1.27
Uzunköprü,SPI12,2000,2,1.849
Uzunköprü,SPI12,2000,3,1.953
Uzunköprü,SPI12,2000,4,2.149
Uzunköprü,SPI12,2000,5,2.482
Uzunköprü,SPI12,2000,6,2.916
Uzunköprü,SPI12,2000,7,3.288
Uzunköprü,SPI12,2000,8,3.594
Uzunköprü,SPI12,2000,9,4.101
Uzunköprü,SPI12,2000,10,4.845
Uzunköprü,SPI12,2000,11,5.314
Uzunköprü,SPI12,2000,12,5.607
Uzunköprü,SPI12,2001,1,1.969
Uzunköprü,SPI12,2001,2,3.748
Uzunköprü,SPI12,2001,3,5.569
Uzunköprü,SPI12,2001,4,7.321
Uzunköprü,SPI12,2001,5,9.014
Uzunköprü,SPI12,2001,6,10.668
Uzunköprü,SPI12,2001,7,12.228
Uzunköprü,SPI12,2001,8,13.601
Uzunköprü,SPI12,2001,9,15.062
Uzunköprü,SPI12,2001,10,16.412
Uzunköprü,SPI12,2001,11,17.583
Uzunköprü,SPI12,2001,12,18.853
Uzunköprü,SPI12,2002,1,1.208
Uzunköprü,SPI12,2002,2,2.186
Uzunköprü,SPI12,2002,3,3.761
Uzunköprü,SPI12,2002,4,5.73
Uzunköprü,SPI12,2002,5,7.509
Uzunköprü,SPI12,2002,6,9.33
Uzunköprü,SPI12,2002,7,11.023
Uzunköprü,SPI12,2002,8,12.677
Uzunköprü,SPI12,2002,9,14.237
Uzunköprü,SPI12,2002,10,15.61
Uzunköprü,SPI12,2002,11,17.071
Uzunköprü,SPI12,2002,12,18.421
Uzunköprü,SPI12,2003,1,0.632
Uzunköprü,SPI12,2003,2,1.229
Uzunköprü,SPI12,2003,3,0.0
Uzunköprü,SPI12,2003,4,0.0
Uzunköprü,SPI12,2003,5,0.0
Uzunköprü,SPI12,2003,6,0.0
Uzunköprü,SPI12,2003,7,0.0
Uzunköprü,SPI12,2003,8,0.0
Uzunköprü,SPI12,2003,9,0.0
Uzunköprü,SPI12,2003,10,0.0
Uzunköprü,SPI12,2003,11,0.0
Uzunköprü,SPI12,2003,12,0.0
Uzunköprü,SPI12,2004,1,1.969
Uzunköprü,SPI12,2004,2,3.645
Uzunköprü,SPI12,2004,3,5.126
Uzunköprü,SPI12,2004,4,6.501
Uzunköprü,SPI12,2004,5,7.63
Uzunköprü,SPI12,2004,6,8.774
Uzunköprü,SPI12,2004,7,9.896
Uzunköprü,SPI12,2004,8,11.054
Uzunköprü,SPI12,2004,9,12.009
Uzunköprü,SPI12,2004,10,12.523
Uzunköprü,SPI12,2004,11,13.471
Uzunköprü,SPI12,2004,12,14.123
Uzunköprü,SPI12,2005,1,2.007
Uzunköprü,SPI12,2005,2,3.488
Uzunköprü,SPI12,2005,3,5.164
Uzunköprü,SPI12,2005,4,7.133
Uzunköprü,SPI12,2005,5,8.508
Uzunköprü,SPI12,2005,6,9.637
Uzunköprü,SPI12,2005,7,10.781
Uzunköprü,SPI12,2005,8,11.903
Uzunköprü,SPI12,2005,9,13.061
Uzunköprü,SPI12,2005,10,14.016
Uzunköprü,SPI12,2005,11,15.032
Uzunköprü,SPI12,2005,12,16.005
Uzunköprü,SPI12,2006,1,0.681
Uzunköprü,SPI12,2006,2,0.941
Uzunköprü,SPI12,2006,3,1.014
Uzunköprü,SPI12,2006,4,1.135
Uzunköprü,SPI12,2006,5,2.014
Uzunköprü,SPI12,2006,6,2.97
Uzunköprü,SPI12,2006,7,3.904
Uzunköprü,SPI12,2006,8,4.729
Uzunköprü,SPI12,2006,9,5.508
Uzunköprü,SPI12,2006,10,6.481
Uzunköprü,SPI12,2006,11,7.621
Uzunköprü,SPI12,2006,12,8.452
Uzunköprü,SPI12,2007,1,2.007
Uzunköprü,SPI12,2007,2,3.714
Uzunköprü,SPI12,2007,3,5.085
Uzunköprü,SPI12,2007,4,6.389
Uzunköprü,SPI12,2007,5,7.503
Uzunköprü,SPI12,2007,6,8.135
Uzunköprü,SPI12,2007,7,8.852
Uzunköprü,SPI12,2007,8,9.586
Uzunköprü,SPI12,2007,9,10.218
Uzunköprü,SPI12,2007,10,10.709
Uzunköprü,SPI12,2007,11,0.0
Uzunköprü,SPI12,2007,12,0.0
Uzunköprü,SPI12,2008,1,2.142
Uzunköprü,SPI12,2008,2,3.95
Uzunköprü,SPI12,2008,3,4.588
Uzunköprü,SPI12,2008,4,5.066
Uzunköprü,SPI12,2008,5,5.485
Uzunköprü,SPI12,2008,6,6.856
Uzunköprü,SPI12,2008,7,8.16
Uzunköprü,SPI12,2008,8,9.274
Uzunköprü,SPI12,2008,9,10.058
Uzunköprü,SPI12,2008,10,10.623
Uzunköprü,SPI12,2008,11,11.407
Uzunköprü,SPI12,2008,12,12.141
Uzunköprü,SPI12,2009,1,1.765
Uzunköprü,SPI12,2009,2,3.907
Uzunköprü,SPI12,2009,3,5.715
Uzunköprü,SPI12,2009,4,6.905
Uzunköprü,SPI12,2009,5,7.786
Uzunköprü,SPI12,2009,6,8.683
Uzunköprü,SPI12,2009,7,9.615
Uzunköprü,SPI12,2009,8,10.669
Uzunköprü,SPI12,2009,9,11.77
Uzunköprü,SPI12,2009,10,12.899
Uzunköprü,SPI12,2009,11,13.537
Uzunköprü,SPI12,2009,12,14.119
Uzunköprü,SPI12,2010,1,0.0
Uzunköprü,SPI12,2010,2,0.0
Uzunköprü,SPI12,2010,3,0.0
Uzunköprü,SPI12,2010,4,0.0
Uzunköprü,SPI12,2010,5,0.0
Uzunköprü,SPI12,2010,6,0.0
Uzunköprü,SPI12,2010,7,0.0
Uzunköprü,SPI12,2010,8,0.0
Uzunköprü,SPI12,2010,9,0.0
Uzunköprü,SPI12,2010,10,0.0
Uzunköprü,SPI12,2010,11,0.0
Uzunköprü,SPI12,2010,12,0.0
Uzunköprü,SPI12,2011,1,0.24
Uzunköprü,SPI12,2011,2,0.0
Uzunköprü,SPI12,2011,3,0.0
Uzunköprü,SPI12,2011,4,0.0
Uzunköprü,SPI12,2011,5,0.0
Uzunköprü,SPI12,2011,6,0.0
Uzunköprü,SPI12,2011,7,0.0
Uzunköprü,SPI12,2011,8,0.0
Uzunköprü,SPI12,2011,9,0.0
Uzunköprü,SPI12,2011,10,0.0
Uzunköprü,SPI12,2011,11,0.0
Uzunköprü,SPI12,2011,12,0.0
Uzunköprü,SPI12,2012,1,0.117
Uzunköprü,SPI12,2012,2,0.0
Uzunköprü,SPI12,2012,3,0.0
Uzunköprü,SPI12,2012,4,0.0
Uzunköprü,SPI12,2012,5,0.0
Uzunköprü,SPI12,2012,6,0.0
Uzunköprü,SPI12,2012,7,0.0
Uzunköprü,SPI12,2012,8,0.0
Uzunköprü,SPI12,2012,9,0.0
Uzunköprü,SPI12,2012,10,0.0
Uzunköprü,SPI12,2012,11,0.0
Uzunköprü,SPI12,2012,12,0.0
Uzunköprü,SPI12,2013,1,0.0
Uzunköprü,SPI12,2013,2,0.0
Uzunköprü,SPI12,2013,3,0.0
Uzunköprü,SPI12,2013,4,0.0
Uzunköprü,SPI12,2013,5,0.0
Uzunköprü,SPI12,2013,6,0.0
Uzunköprü,SPI12,2013,7,0.0
Uzunköprü,SPI12,2013,8,0.0
Uzunköprü,SPI12,2013,9,0.0
Uzunköprü,SPI12,2013,10,0.0
Uzunköprü,SPI12,2013,11,0.0
Uzunköprü,SPI12,2013,12,0.0
Uzunköprü,SPI12,2014,1,0.667
Uzunköprü,SPI12,2014,2,1.023
Uzunköprü,SPI12,2014,3,1.26
Uzunköprü,SPI12,2014,4,0.0
Uzunköprü,SPI12,2014,5,0.0
Uzunköprü,SPI12,2014,6,0.0
Uzunköprü,SPI12,2014,7,0.0
Uzunköprü,SPI12,2014,8,0.0
Uzunköprü,SPI12,2014,9,0.0
Uzunköprü,SPI12,2014,10,0.0
Uzunköprü,SPI12,2014,11,0.0
Uzunköprü,SPI12,2014,12,0.0
Uzunköprü,SPI12,2015,1,0.973
Uzunköprü,SPI12,2015,2,1.035
Uzunköprü,SPI12,2015,3,0.0
Uzunköprü,SPI12,2015,4,0.0
Uzunköprü,SPI12,2015,5,0.0
Uzunköprü,SPI12,2015,6,0.0
Uzunköprü,SPI12,2015,7,0.0
Uzunköprü,SPI12,2015,8,0.0
Uzunköprü,SPI12,2015,9,0.0
Uzunköprü,SPI12,2015,10,0.0
Uzunköprü,SPI12,2015,11,0.0
Uzunköprü,SPI12,2015,12,0.0
Uzunköprü,SPI12,2016,1,1.552
Uzunköprü,SPI12,2016,2,2.732
Uzunköprü,SPI12,2016,3,3.901
Uzunköprü,SPI12,2016,4,4.858
Uzunköprü,SPI12,2016,5,5.844
Uzunköprü,SPI12,2016,6,6.663
Uzunköprü,SPI12,2016,7,7.622
Uzunköprü,SPI12,2016,8,8.823
Uzunköprü,SPI12,2016,9,10.021
Uzunköprü,SPI12,2016,10,11.19
Uzunköprü,SPI12,2016,11,11.881
Uzunköprü,SPI12,2016,12,12.895
Uzunköprü,SPI12,2017,1,1.581
Uzunköprü,SPI12,2017,2,3.049
Uzunköprü,SPI12,2017,3,4.2
Uzunköprü,SPI12,2017,4,5.398
Uzunköprü,SPI12,2017,5,6.599
Uzunköprü,SPI12,2017,6,7.905
Uzunköprü,SPI12,2017,7,8.727
Uzunköprü,SPI12,2017,8,9.546
Uzunköprü,SPI12,2017,9,10.532
Uzunköprü,SPI12,2017,10,11.489
Uzunköprü,SPI12,2017,11,12.753
Uzunköprü,SPI12,2017,12,14.221
Uzunköprü,SPI12,2018,1,0.0
Uzunköprü,SPI12,2018,2,0.0
Uzunköprü,SPI12,2018,3,0.0
Uzunköprü,SPI12,2018,4,0.0
Uzunköprü,SPI12,2018,5,0.0
Uzunköprü,SPI12,2018,6,0.0
Uzunköprü,SPI12,2018,7,0.0
Uzunköprü,SPI12,2018,8,0.0
Uzunköprü,SPI12,2018,9,0.0
Uzunköprü,SPI12,2018,10,0.0
Uzunköprü,SPI12,2018,11,0.0
Uzunköprü,SPI12,2018,12,0.0
Uzunköprü,SPI12,2019,1,1.015
Uzunköprü,SPI12,2019,2,1.599
Uzunköprü,SPI12,2019,3,1.922
Uzunköprü,SPI12,2019,4,2.072
Uzunköprü,SPI12,2019,5,3.027
Uzunköprü,SPI12,2019,6,3.446
Uzunköprü,SPI12,2019,7,3.708
Uzunköprü,SPI12,2019,8,0.0
Uzunköprü,SPI12,2019,9,0.0
Uzunköprü,SPI12,2019,10,0.0
Uzunköprü,SPI12,2019,11,0.0
Uzunköprü,SPI12,2019,12,0.0
Uzunköprü,SPI12,2020,1,1.357
Uzunköprü,SPI12,2020,2,2.581
Uzunköprü,SPI12,2020,3,3.625
Uzunköprü,SPI12,2020,4,4.609
Uzunköprü,SPI12,2020,5,5.496
Uzunköprü,SPI12,2020,6,6.049
Uzunköprü,SPI12,2020,7,6.66
Uzunköprü,SPI12,2020,8,7.251
Uzunköprü,SPI12,2020,9,8.12
Uzunköprü,SPI12,2020,10,9.246
Uzunköprü,SPI12,2020,11,10.464
Uzunköprü,SPI12,2020,12,11.351
Uzunköprü,SPI12,2021,1,0.0
Uzunköprü,SPI12,2021,2,0.0
Uzunköprü,SPI12,2021,3,0.0
Uzunköprü,SPI12,2021,4,0.0
Uzunköprü,SPI12,2021,5,0.0
Uzunköprü,SPI12,2021,6,0.0
Uzunköprü,SPI12,2021,7,0.0
Uzunköprü,SPI12,2021,8,0.0
Uzunköprü,SPI12,2021,9,0.0
Uzunköprü,SPI12,2021,10,0.0
Uzunköprü,SPI12,2021,11,0.0
Uzunköprü,SPI12,2021,12,0.0
Uzunköprü,SPI12,2022,1,0.915
Uzunköprü,SPI12,2022,2,0.0
Uzunköprü,SPI12,2022,3,0.0
Uzunköprü,SPI12,2022,4,0.0
Uzunköprü,SPI12,2022,5,0.0
Uzunköprü,SPI12,2022,6,0.0
Uzunköprü,SPI12,2022,7,0.0
Uzunköprü,SPI12,2022,8,0.0
Uzunköprü,SPI12,2022,9,0.0
Uzunköprü,SPI12,2022,10,0.0
Uzunköprü,SPI12,2022,11,0.0
Uzunköprü,SPI12,2022,12,0.0
Uzunköprü,SPI12,2023,1,2.101
Uzunköprü,SPI12,2023,2,3.886
Uzunköprü,SPI12,2023,3,5.516
Uzunköprü,SPI12,2023,4,7.298
Uzunköprü,SPI12,2023,5,8.973
Uzunköprü,SPI12,2023,6,10.582
Uzunköprü,SPI12,2023,7,12.172
Uzunköprü,SPI12,2023,8,13.665
Uzunköprü,SPI12,2023,9,15.414
Uzunköprü,SPI12,2023,10,17.275
Uzunköprü,SPI12,2023,11,19.057
Uzunköprü,SPI12,2023,12,20.023
Uzunköprü,SPI12,2024,1,2.433
Uzunköprü,SPI12,2024,2,4.754
Uzunköprü,SPI12,2024,3,7.061
Uzunköprü,SPI12,2024,4,9.186
Uzunköprü,SPI12,2024,5,11.273
Uzunköprü,SPI12,2024,6,13.365
Uzunköprü,SPI12,2024,7,15.338
Uzunköprü,SPI12,2024,8,17.249
Uzunköprü,SPI12,2024,9,18.958
Uzunköprü,SPI12,2024,10,20.345
Uzunköprü,SPI12,2024,11,21.868
Uzunköprü,SPI12,2024,12,23.729
Uzunköprü,SPEI12,1966,1,0.634
Uzunköprü,SPEI12,1966,2,1.039
Uzunköprü,SPEI12,1966,3,1.444
Uzunköprü,SPEI12,1966,4,1.973
Uzunköprü,SPEI12,1966,5,2.364
Uzunköprü,SPEI12,1966,6,2.481
Uzunköprü,SPEI12,1966,7,2.632
Uzunköprü,SPEI12,1966,8,0.0
Uzunköprü,SPEI12,1966,9,0.0
Uzunköprü,SPEI12,1966,10,0.0
Uzunköprü,SPEI12,1966,11,0.0
Uzunköprü,SPEI12,1966,12,0.0
Uzunköprü,SPEI12,1967,1,0.765
Uzunköprü,SPEI12,1967,2,0.772
Uzunköprü,SPEI12,1967,3,0.0
Uzunköprü,SPEI12,1967,4,0.0
Uzunköprü,SPEI12,1967,5,0.0
Uzunköprü,SPEI12,1967,6,0.0
Uzunköprü,SPEI12,1967,7,0.0
Uzunköprü,SPEI12,1967,8,0.0
Uzunköprü,SPEI12,1967,9,0.0
Uzunköprü,SPEI12,1967,10,0.0
Uzunköprü,SPEI12,1967,11,0.0
Uzunköprü,SPEI12,1967,12,0.0
Uzunköprü,SPEI12,1968,1,1.262
Uzunköprü,SPEI12,1968,2,2.514
Uzunköprü,SPEI12,1968,3,3.57
Uzunköprü,SPEI12,1968,4,4.529
Uzunköprü,SPEI12,1968,5,5.335
Uzunköprü,SPEI12,1968,6,5.817
Uzunköprü,SPEI12,1968,7,6.385
Uzunköprü,SPEI12,1968,8,7.04
Uzunköprü,SPEI12,1968,9,7.805
Uzunköprü,SPEI12,1968,10,7.971
Uzunköprü,SPEI12,1968,11,8.312
Uzunköprü,SPEI12,1968,12,8.428
Uzunköprü,SPEI12,1969,1,0.497
Uzunköprü,SPEI12,1969,2,0.0
Uzunköprü,SPEI12,1969,3,0.0
Uzunköprü,SPEI12,1969,4,0.0
Uzunköprü,SPEI12,1969,5,0.0
Uzunköprü,SPEI12,1969,6,0.0
Uzunköprü,SPEI12,1969,7,0.0
Uzunköprü,SPEI12,1969,8,0.0
Uzunköprü,SPEI12,1969,9,0.0
Uzunköprü,SPEI12,1969,10,0.0
Uzunköprü,SPEI12,1969,11,0.0
Uzunköprü,SPEI12,1969,12,0.0
Uzunköprü,SPEI12,1970,1,0.0
Uzunköprü,SPEI12,1970,2,0.0
Uzunköprü,SPEI12,1970,3,0.0
Uzunköprü,SPEI12,1970,4,0.0
Uzunköprü,SPEI12,1970,5,0.0
Uzunköprü,SPEI12,1970,6,0.0
Uzunköprü,SPEI12,1970,7,0.0
Uzunköprü,SPEI12,1970,8,0.0
Uzunköprü,SPEI12,1970,9,0.0
Uzunköprü,SPEI12,1970,10,0.0
Uzunköprü,SPEI12,1970,11,0.0
Uzunköprü,SPEI12,1970,12,0.0
Uzunköprü,SPEI12,1971,1,0.0
Uzunköprü,SPEI12,1971,2,0.0
Uzunköprü,SPEI12,1971,3,0.0
Uzunköprü,SPEI12,1971,4,0.0
Uzunköprü,SPEI12,1971,5,0.0
Uzunköprü,SPEI12,1971,6,0.0
Uzunköprü,SPEI12,1971,7,0.0
Uzunköprü,SPEI12,1971,8,0.0
Uzunköprü,SPEI12,1971,9,0.0
Uzunköprü,SPEI12,1971,10,0.0
Uzunköprü,SPEI12,1971,11,0.0
Uzunköprü,SPEI12,1971,12,0.0
Uzunköprü,SPEI12,1972,1,0.29
Uzunköprü,SPEI12,1972,2,0.35
Uzunköprü,SPEI12,1972,3,0.0
Uzunköprü,SPEI12,1972,4,0.0
Uzunköprü,SPEI12,1972,5,0.0
Uzunköprü,SPEI12,1972,6,0.0
Uzunköprü,SPEI12,1972,7,0.0
Uzunköprü,SPEI12,1972,8,0.0
Uzunköprü,SPEI12,1972,9,0.0
Uzunköprü,SPEI12,1972,10,0.0
Uzunköprü,SPEI12,1972,11,0.0
Uzunköprü,SPEI12,1972,12,0.0
Uzunköprü,SPEI12,1973,1,0.0
Uzunköprü,SPEI12,1973,2,0.0
Uzunköprü,SPEI12,1973,3,0.0
Uzunköprü,SPEI12,1973,4,0.0
Uzunköprü,SPEI12,1973,5,0.0
Uzunköprü,SPEI12,1973,6,0.0
Uzunköprü,SPEI12,1973,7,0.0
Uzunköprü,SPEI12,1973,8,0.0
Uzunköprü,SPEI12,1973,9,0.0
Uzunköprü,SPEI12,1973,10,0.0
Uzunköprü,SPEI12,1973,11,0.0
Uzunköprü,SPEI12,1973,12,0.0
Uzunköprü,SPEI12,1974,1,0.184
Uzunköprü,SPEI12,1974,2,0.0
Uzunköprü,SPEI12,1974,3,0.0
Uzunköprü,SPEI12,1974,4,0.0
Uzunköprü,SPEI12,1974,5,0.0
Uzunköprü,SPEI12,1974,6,0.0
Uzunköprü,SPEI12,1974,7,0.0
Uzunköprü,SPEI12,1974,8,0.0
Uzunköprü,SPEI12,1974,9,0.0
Uzunköprü,SPEI12,1974,10,0.0
Uzunköprü,SPEI12,1974,11,0.0
Uzunköprü,SPEI12,1974,12,0.0
Uzunköprü,SPEI12,1975,1,0.0
Uzunköprü,SPEI12,1975,2,0.0
Uzunköprü,SPEI12,1975,3,0.0
Uzunköprü,SPEI12,1975,4,0.0
Uzunköprü,SPEI12,1975,5,0.0
Uzunköprü,SPEI12,1975,6,0.0
Uzunköprü,SPEI12,1975,7,0.0
Uzunköprü,SPEI12,1975,8,0.0
Uzunköprü,SPEI12,1975,9,0.0
Uzunköprü,SPEI12,1975,10,0.0
Uzunköprü,SPEI12,1975,11,0.0
Uzunköprü,SPEI12,1975,12,0.0
Uzunköprü,SPEI12,1976,1,0.173
Uzunköprü,SPEI12,1976,2,0.223
Uzunköprü,SPEI12,1976,3,0.0
Uzunköprü,SPEI12,1976,4,0.0
Uzunköprü,SPEI12,1976,5,0.0
Uzunköprü,SPEI12,1976,6,0.0
Uzunköprü,SPEI12,1976,7,0.0
Uzunköprü,SPEI12,1976,8,0.0
Uzunköprü,SPEI12,1976,9,0.0
Uzunköprü,SPEI12,1976,10,0.0
Uzunköprü,SPEI12,1976,11,0.0
Uzunköprü,SPEI12,1976,12,0.0
Uzunköprü,SPEI12,1977,1,0.0
Uzunköprü,SPEI12,1977,2,0.0
Uzunköprü,SPEI12,1977,3,0.0
Uzunköprü,SPEI12,1977,4,0.0
Uzunköprü,SPEI12,1977,5,0.0
Uzunköprü,SPEI12,1977,6,0.0
Uzunköprü,SPEI12,1977,7,0.0
Uzunköprü,SPEI12,1977,8,0.0
Uzunköprü,SPEI12,1977,9,0.0
Uzunköprü,SPEI12,1977,10,0.0
Uzunköprü,SPEI12,1977,11,0.0
Uzunköprü,SPEI12,1977,12,0.0
Uzunköprü,SPEI12,1978,1,0.0
Uzunköprü,SPEI12,1978,2,0.0
Uzunköprü,SPEI12,1978,3,0.0
Uzunköprü,SPEI12,1978,4,0.0
Uzunköprü,SPEI12,1978,5,0.0
Uzunköprü,SPEI12,1978,6,0.0
Uzunköprü,SPEI12,1978,7,0.0
Uzunköprü,SPEI12,1978,8,0.0
Uzunköprü,SPEI12,1978,9,0.0
Uzunköprü,SPEI12,1978,10,0.0
Uzunköprü,SPEI12,1978,11,0.0
Uzunköprü,SPEI12,1978,12,0.0
Uzunköprü,SPEI12,1979,1,0.0
Uzunköprü,SPEI12,1979,2,0.0
Uzunköprü,SPEI12,1979,3,0.0
Uzunköprü,SPEI12,1979,4,0.0
Uzunköprü,SPEI12,1979,5,0.0
Uzunköprü,SPEI12,1979,6,0.0
Uzunköprü,SPEI12,1979,7,0.0
Uzunköprü,SPEI12,1979,8,0.0
Uzunköprü,SPEI12,1979,9,0.0
Uzunköprü,SPEI12,1979,10,0.0
Uzunköprü,SPEI12,1979,11,0.0
Uzunköprü,SPEI12,1979,12,0.0
Uzunköprü,SPEI12,1980,1,0.0
Uzunköprü,SPEI12,1980,2,0.0
Uzunköprü,SPEI12,1980,3,0.0
Uzunköprü,SPEI12,1980,4,0.0
Uzunköprü,SPEI12,1980,5,0.0
Uzunköprü,SPEI12,1980,6,0.0
Uzunköprü,SPEI12,1980,7,0.0
Uzunköprü,SPEI12,1980,8,0.0
Uzunköprü,SPEI12,1980,9,0.0
Uzunköprü,SPEI12,1980,10,0.0
Uzunköprü,SPEI12,1980,11,0.0
Uzunköprü,SPEI12,1980,12,0.0
Uzunköprü,SPEI12,1981,1,0.0
Uzunköprü,SPEI12,1981,2,0.0
Uzunköprü,SPEI12,1981,3,0.0
Uzunköprü,SPEI12,1981,4,0.0
Uzunköprü,SPEI12,1981,5,0.0
Uzunköprü,SPEI12,1981,6,0.0
Uzunköprü,SPEI12,1981,7,0.0
Uzunköprü,SPEI12,1981,8,0.0
Uzunköprü,SPEI12,1981,9,0.0
Uzunköprü,SPEI12,1981,10,0.0
Uzunköprü,SPEI12,1981,11,0.0
Uzunköprü,SPEI12,1981,12,0.0
Uzunköprü,SPEI12,1982,1,0.603
Uzunköprü,SPEI12,1982,2,0.0
Uzunköprü,SPEI12,1982,3,0.0
Uzunköprü,SPEI12,1982,4,0.0
Uzunköprü,SPEI12,1982,5,0.0
Uzunköprü,SPEI12,1982,6,0.0
Uzunköprü,SPEI12,1982,7,0.0
Uzunköprü,SPEI12,1982,8,0.0
Uzunköprü,SPEI12,1982,9,0.0
Uzunköprü,SPEI12,1982,10,0.0
Uzunköprü,SPEI12,1982,11,0.0
Uzunköprü,SPEI12,1982,12,0.0
Uzunköprü,SPEI12,1983,1,1.774
Uzunköprü,SPEI12,1983,2,3.428
Uzunköprü,SPEI12,1983,3,4.605
Uzunköprü,SPEI12,1983,4,5.713
Uzunköprü,SPEI12,1983,5,6.379
Uzunköprü,SPEI12,1983,6,7.389
Uzunköprü,SPEI12,1983,7,7.992
Uzunköprü,SPEI12,1983,8,8.481
Uzunköprü,SPEI12,1983,9,8.893
Uzunköprü,SPEI12,1983,10,9.001
Uzunköprü,SPEI12,1983,11,9.081
Uzunköprü,SPEI12,1983,12,9.241
Uzunköprü,SPEI12,1984,1,0.15
Uzunköprü,SPEI12,1984,2,0.527
Uzunköprü,SPEI12,1984,3,0.687
Uzunköprü,SPEI12,1984,4,0.79
Uzunköprü,SPEI12,1984,5,0.875
Uzunköprü,SPEI12,1984,6,1.287
Uzunköprü,SPEI12,1984,7,1.776
Uzunköprü,SPEI12,1984,8,2.953
Uzunköprü,SPEI12,1984,9,4.727
Uzunköprü,SPEI12,1984,10,6.381
Uzunköprü,SPEI12,1984,11,7.489
Uzunköprü,SPEI12,1984,12,8.155
Uzunköprü,SPEI12,1985,1,1.544
Uzunköprü,SPEI12,1985,2,3.008
Uzunköprü,SPEI12,1985,3,4.285
Uzunköprü,SPEI12,1985,4,5.56
Uzunköprü,SPEI12,1985,5,6.951
Uzunköprü,SPEI12,1985,6,8.152
Uzunköprü,SPEI12,1985,7,9.106
Uzunköprü,SPEI12,1985,8,10.015
Uzunköprü,SPEI12,1985,9,10.625
Uzunköprü,SPEI12,1985,10,11.441
Uzunköprü,SPEI12,1985,11,0.0
Uzunköprü,SPEI12,1985,12,0.0
Uzunköprü,SPEI12,1986,1,0.951
Uzunköprü,SPEI12,1986,2,1.767
Uzunköprü,SPEI12,1986,3,2.377
Uzunköprü,SPEI12,1986,4,3.286
Uzunköprü,SPEI12,1986,5,4.75
Uzunköprü,SPEI12,1986,6,6.294
Uzunköprü,SPEI12,1986,7,7.571
Uzunköprü,SPEI12,1986,8,8.846
Uzunköprü,SPEI12,1986,9,10.237
Uzunköprü,SPEI12,1986,10,11.438
Uzunköprü,SPEI12,1986,11,12.392
Uzunköprü,SPEI12,1986,12,12.914
Uzunköprü,SPEI12,1987,1,0.628
Uzunköprü,SPEI12,1987,2,0.898
Uzunköprü,SPEI12,1987,3,1.066
Uzunköprü,SPEI12,1987,4,1.285
Uzunköprü,SPEI12,1987,5,1.515
Uzunköprü,SPEI12,1987,6,0.0
Uzunköprü,SPEI12,1987,7,0.0
Uzunköprü,SPEI12,1987,8,0.0
Uzunköprü,SPEI12,1987,9,0.0
Uzunköprü,SPEI12,1987,10,0.0
Uzunköprü,SPEI12,1987,11,0.0
Uzunköprü,SPEI12,1987,12,0.0
Uzunköprü,SPEI12,1988,1,0.199
Uzunköprü,SPEI12,1988,2,0.174
Uzunköprü,SPEI12,1988,3,0.202
Uzunköprü,SPEI12,1988,4,0.0
Uzunköprü,SPEI12,1988,5,0.0
Uzunköprü,SPEI12,1988,6,0.0
Uzunköprü,SPEI12,1988,7,0.0
Uzunköprü,SPEI12,1988,8,0.0
Uzunköprü,SPEI12,1988,9,0.0
Uzunköprü,SPEI12,1988,10,0.0
Uzunköprü,SPEI12,1988,11,0.0
Uzunköprü,SPEI12,1988,12,0.0
Uzunköprü,SPEI12,1989,1,0.827
Uzunköprü,SPEI12,1989,2,1.412
Uzunköprü,SPEI12,1989,3,1.818
Uzunköprü,SPEI12,1989,4,2.211
Uzunköprü,SPEI12,1989,5,2.394
Uzunköprü,SPEI12,1989,6,2.478
Uzunköprü,SPEI12,1989,7,0.0
Uzunköprü,SPEI12,1989,8,0.0
Uzunköprü,SPEI12,1989,9,0.0
Uzunköprü,SPEI12,1989,10,0.0
Uzunköprü,SPEI12,1989,11,0.0
Uzunköprü,SPEI12,1989,12,0.0
Uzunköprü,SPEI12,1990,1,1.13
Uzunköprü,SPEI12,1990,2,2.085
Uzunköprü,SPEI12,1990,3,2.912
Uzunköprü,SPEI12,1990,4,3.795
Uzunköprü,SPEI12,1990,5,4.622
Uzunköprü,SPEI12,1990,6,5.322
Uzunköprü,SPEI12,1990,7,5.946
Uzunköprü,SPEI12,1990,8,0.0
Uzunköprü,SPEI12,1990,9,0.0
Uzunköprü,SPEI12,1990,10,0.0
Uzunköprü,SPEI12,1990,11,0.0
Uzunköprü,SPEI12,1990,12,0.0
Uzunköprü,SPEI12,1991,1,0.798
Uzunköprü,SPEI12,1991,2,1.498
Uzunköprü,SPEI12,1991,3,2.444
Uzunköprü,SPEI12,1991,4,3.208
Uzunköprü,SPEI12,1991,5,4.163
Uzunköprü,SPEI12,1991,6,5.293
Uzunköprü,SPEI12,1991,7,6.12
Uzunköprü,SPEI12,1991,8,6.744
Uzunköprü,SPEI12,1991,9,7.233
Uzunköprü,SPEI12,1991,10,7.563
Uzunköprü,SPEI12,1991,11,8.081
Uzunköprü,SPEI12,1991,12,8.569
Uzunköprü,SPEI12,1992,1,1.215
Uzunköprü,SPEI12,1992,2,2.21
Uzunköprü,SPEI12,1992,3,2.853
Uzunköprü,SPEI12,1992,4,3.027
Uzunköprü,SPEI12,1992,5,3.164
Uzunköprü,SPEI12,1992,6,0.0
Uzunköprü,SPEI12,1992,7,0.0
Uzunköprü,SPEI12,1992,8,0.0
Uzunköprü,SPEI12,1992,9,0.0
Uzunköprü,SPEI12,1992,10,0.0
Uzunköprü,SPEI12,1992,11,0.0
Uzunköprü,SPEI12,1992,12,0.0
Uzunköprü,SPEI12,1993,1,1.381
Uzunköprü,SPEI12,1993,2,2.691
Uzunköprü,SPEI12,1993,3,3.977
Uzunköprü,SPEI12,1993,4,5.121
Uzunköprü,SPEI12,1993,5,6.203
Uzunköprü,SPEI12,1993,6,7.327
Uzunköprü,SPEI12,1993,7,8.381
Uzunköprü,SPEI12,1993,8,8.988
Uzunköprü,SPEI12,1993,9,9.81
Uzunköprü,SPEI12,1993,10,10.451
Uzunköprü,SPEI12,1993,11,11.406
Uzunköprü,SPEI12,1993,12,12.669
Uzunköprü,SPEI12,1994,1,2.0
Uzunköprü,SPEI12,1994,2,3.665
Uzunköprü,SPEI12,1994,3,5.243
Uzunköprü,SPEI12,1994,4,6.82
Uzunköprü,SPEI12,1994,5,8.558
Uzunköprü,SPEI12,1994,6,10.037
Uzunköprü,SPEI12,1994,7,11.641
Uzunköprü,SPEI12,1994,8,13.178
Uzunköprü,SPEI12,1994,9,14.603
Uzunköprü,SPEI12,1994,10,15.889
Uzunköprü,SPEI12,1994,11,17.199
Uzunköprü,SPEI12,1994,12,18.58
Uzunköprü,SPEI12,1995,1,0.0
Uzunköprü,SPEI12,1995,2,0.0
Uzunköprü,SPEI12,1995,3,0.0
Uzunköprü,SPEI12,1995,4,0.0
Uzunköprü,SPEI12,1995,5,0.0
Uzunköprü,SPEI12,1995,6,0.0
Uzunköprü,SPEI12,1995,7,0.0
Uzunköprü,SPEI12,1995,8,0.0
Uzunköprü,SPEI12,1995,9,0.0
Uzunköprü,SPEI12,1995,10,0.0
Uzunköprü,SPEI12,1995,11,0.0
Uzunköprü,SPEI12,1995,12,0.0
Uzunköprü,SPEI12,1996,1,0.0
Uzunköprü,SPEI12,1996,2,0.0
Uzunköprü,SPEI12,1996,3,0.0
Uzunköprü,SPEI12,1996,4,0.0
Uzunköprü,SPEI12,1996,5,0.0
Uzunköprü,SPEI12,1996,6,0.0
Uzunköprü,SPEI12,1996,7,0.0
Uzunköprü,SPEI12,1996,8,0.0
Uzunköprü,SPEI12,1996,9,0.0
Uzunköprü,SPEI12,1996,10,0.0
Uzunköprü,SPEI12,1996,11,0.0
Uzunköprü,SPEI12,1996,12,0.0
Uzunköprü,SPEI12,1997,1,0.119
Uzunköprü,SPEI12,1997,2,0.0
Uzunköprü,SPEI12,1997,3,0.0
Uzunköprü,SPEI12,1997,4,0.0
Uzunköprü,SPEI12,1997,5,0.0
Uzunköprü,SPEI12,1997,6,0.0
Uzunköprü,SPEI12,1997,7,0.0
Uzunköprü,SPEI12,1997,8,0.0
Uzunköprü,SPEI12,1997,9,0.0
Uzunköprü,SPEI12,1997,10,0.0
Uzunköprü,SPEI12,1997,11,0.0
Uzunköprü,SPEI12,1997,12,0.0
Uzunköprü,SPEI12,1998,1,0.0
Uzunköprü,SPEI12,1998,2,0.0
Uzunköprü,SPEI12,1998,3,0.0
Uzunköprü,SPEI12,1998,4,0.0
Uzunköprü,SPEI12,1998,5,0.0
Uzunköprü,SPEI12,1998,6,0.0
Uzunköprü,SPEI12,1998,7,0.0
Uzunköprü,SPEI12,1998,8,0.0
Uzunköprü,SPEI12,1998,9,0.0
Uzunköprü,SPEI12,1998,10,0.0
Uzunköprü,SPEI12,1998,11,0.0
Uzunköprü,SPEI12,1998,12,0.0
Uzunköprü,SPEI12,1999,1,0.017
Uzunköprü,SPEI12,1999,2,0.0
Uzunköprü,SPEI12,1999,3,0.0
Uzunköprü,SPEI12,1999,4,0.0
Uzunköprü,SPEI12,1999,5,0.0
Uzunköprü,SPEI12,1999,6,0.0
Uzunköprü,SPEI12,1999,7,0.0
Uzunköprü,SPEI12,1999,8,0.0
Uzunköprü,SPEI12,1999,9,0.0
Uzunköprü,SPEI12,1999,10,0.0
Uzunköprü,SPEI12,1999,11,0.0
Uzunköprü,SPEI12,1999,12,0.0
Uzunköprü,SPEI12,2000,1,1.277
Uzunköprü,SPEI12,2000,2,1.786
Uzunköprü,SPEI12,2000,3,2.431
Uzunköprü,SPEI12,2000,4,3.009
Uzunköprü,SPEI12,2000,5,3.554
Uzunköprü,SPEI12,2000,6,4.087
Uzunköprü,SPEI12,2000,7,4.526
Uzunköprü,SPEI12,2000,8,4.846
Uzunköprü,SPEI12,2000,9,5.029
Uzunköprü,SPEI12,2000,10,5.578
Uzunköprü,SPEI12,2000,11,6.299
Uzunköprü,SPEI12,2000,12,6.877
Uzunköprü,SPEI12,2001,1,2.417
Uzunköprü,SPEI12,2001,2,4.556
Uzunköprü,SPEI12,2001,3,6.565
Uzunköprü,SPEI12,2001,4,8.447
Uzunköprü,SPEI12,2001,5,10.044
Uzunköprü,SPEI12,2001,6,11.639
Uzunköprü,SPEI12,2001,7,13.158
Uzunköprü,SPEI12,2001,8,14.574
Uzunköprü,SPEI12,2001,9,16.186
Uzunköprü,SPEI12,2001,10,17.638
Uzunköprü,SPEI12,2001,11,18.952
Uzunköprü,SPEI12,2001,12,20.229
Uzunköprü,SPEI12,2002,1,1.395
Uzunköprü,SPEI12,2002,2,2.612
Uzunköprü,SPEI12,2002,3,4.589
Uzunköprü,SPEI12,2002,4,7.006
Uzunköprü,SPEI12,2002,5,9.015
Uzunköprü,SPEI12,2002,6,10.897
Uzunköprü,SPEI12,2002,7,12.494
Uzunköprü,SPEI12,2002,8,14.089
Uzunköprü,SPEI12,2002,9,15.608
Uzunköprü,SPEI12,2002,10,17.024
Uzunköprü,SPEI12,2002,11,18.636
Uzunköprü,SPEI12,2002,12,20.088
Uzunköprü,SPEI12,2003,1,0.607
Uzunköprü,SPEI12,2003,2,1.051
Uzunköprü,SPEI12,2003,3,0.0
Uzunköprü,SPEI12,2003,4,0.0
Uzunköprü,SPEI12,2003,5,0.0
Uzunköprü,SPEI12,2003,6,0.0
Uzunköprü,SPEI12,2003,7,0.0
Uzunköprü,SPEI12,2003,8,0.0
Uzunköprü,SPEI12,2003,9,0.0
Uzunköprü,SPEI12,2003,10,0.0
Uzunköprü,SPEI12,2003,11,0.0
Uzunköprü,SPEI12,2003,12,0.0
Uzunköprü,SPEI12,2004,1,1.605
Uzunköprü,SPEI12,2004,2,3.012
Uzunköprü,SPEI12,2004,3,4.328
Uzunköprü,SPEI12,2004,4,5.269
Uzunköprü,SPEI12,2004,5,5.927
Uzunköprü,SPEI12,2004,6,6.675
Uzunköprü,SPEI12,2004,7,7.686
Uzunköprü,SPEI12,2004,8,8.822
Uzunköprü,SPEI12,2004,9,9.907
Uzunköprü,SPEI12,2004,10,10.505
Uzunköprü,SPEI12,2004,11,11.432
Uzunköprü,SPEI12,2004,12,12.069
Uzunköprü,SPEI12,2005,1,1.741
Uzunköprü,SPEI12,2005,2,3.057
Uzunköprü,SPEI12,2005,3,4.464
Uzunköprü,SPEI12,2005,4,6.069
Uzunköprü,SPEI12,2005,5,7.01
Uzunköprü,SPEI12,2005,6,7.854
Uzunköprü,SPEI12,2005,7,8.795
Uzunköprü,SPEI12,2005,8,9.699
Uzunköprü,SPEI12,2005,9,10.563
Uzunköprü,SPEI12,2005,10,11.648
Uzunköprü,SPEI12,2005,11,12.414
Uzunköprü,SPEI12,2005,12,13.433
Uzunköprü,SPEI12,2006,1,0.562
Uzunköprü,SPEI12,2006,2,0.754
Uzunköprü,SPEI12,2006,3,0.795
Uzunköprü,SPEI12,2006,4,0.803
Uzunköprü,SPEI12,2006,5,1.536
Uzunköprü,SPEI12,2006,6,2.373
Uzunköprü,SPEI12,2006,7,3.13
Uzunköprü,SPEI12,2006,8,3.966
Uzunköprü,SPEI12,2006,9,4.784
Uzunköprü,SPEI12,2006,10,5.688
Uzunköprü,SPEI12,2006,11,6.707
Uzunköprü,SPEI12,2006,12,7.473
Uzunköprü,SPEI12,2007,1,2.325
Uzunköprü,SPEI12,2007,2,4.234
Uzunköprü,SPEI12,2007,3,5.751
Uzunköprü,SPEI12,2007,4,7.184
Uzunköprü,SPEI12,2007,5,8.43
Uzunköprü,SPEI12,2007,6,9.239
Uzunköprü,SPEI12,2007,7,10.081
Uzunköprü,SPEI12,2007,8,10.708
Uzunköprü,SPEI12,2007,9,11.492
Uzunköprü,SPEI12,2007,10,12.306
Uzunköprü,SPEI12,2007,11,0.0
Uzunköprü,SPEI12,2007,12,0.0
Uzunköprü,SPEI12,2008,1,1.929
Uzunköprü,SPEI12,2008,2,3.795
Uzunköprü,SPEI12,2008,3,4.359
Uzunköprü,SPEI12,2008,4,4.939
Uzunköprü,SPEI12,2008,5,6.848
Uzunköprü,SPEI12,2008,6,8.365
Uzunköprü,SPEI12,2008,7,9.798
Uzunköprü,SPEI12,2008,8,11.044
Uzunköprü,SPEI12,2008,9,12.043
Uzunköprü,SPEI12,2008,10,12.691
Uzunköprü,SPEI12,2008,11,13.454
Uzunköprü,SPEI12,2008,12,14.268
Uzunköprü,SPEI12,2009,1,1.802
Uzunköprü,SPEI12,2009,2,3.731
Uzunköprü,SPEI12,2009,3,5.597
Uzunköprü,SPEI12,2009,4,6.995
Uzunköprü,SPEI12,2009,5,8.005
Uzunköprü,SPEI12,2009,6,8.958
Uzunköprü,SPEI12,2009,7,9.977
Uzunköprü,SPEI12,2009,8,11.124
Uzunköprü,SPEI12,2009,9,12.195
Uzunköprü,SPEI12,2009,10,13.239
Uzunköprü,SPEI12,2009,11,13.822
Uzunköprü,SPEI12,2009,12,14.386
Uzunköprü,SPEI12,2010,1,0.0
Uzunköprü,SPEI12,2010,2,0.0
Uzunköprü,SPEI12,2010,3,0.0
Uzunköprü,SPEI12,2010,4,0.0
Uzunköprü,SPEI12,2010,5,0.0
Uzunköprü,SPEI12,2010,6,0.0
Uzunköprü,SPEI12,2010,7,0.0
Uzunköprü,SPEI12,2010,8,0.0
Uzunköprü,SPEI12,2010,9,0.0
Uzunköprü,SPEI12,2010,10,0.0
Uzunköprü,SPEI12,2010,11,0.0
Uzunköprü,SPEI12,2010,12,0.0
Uzunköprü,SPEI12,2011,1,0.465
Uzunköprü,SPEI12,2011,2,0.711
Uzunköprü,SPEI12,2011,3,0.338
Uzunköprü,SPEI12,2011,4,0.0
Uzunköprü,SPEI12,2011,5,0.0
Uzunköprü,SPEI12,2011,6,0.0
Uzunköprü,SPEI12,2011,7,0.0
Uzunköprü,SPEI12,2011,8,0.0
Uzunköprü,SPEI12,2011,9,0.0
Uzunköprü,SPEI12,2011,10,0.0
Uzunköprü,SPEI12,2011,11,0.0
Uzunköprü,SPEI12,2011,12,0.0
Uzunköprü,SPEI12,2012,1,0.493
Uzunköprü,SPEI12,2012,2,0.776
Uzunköprü,SPEI12,2012,3,0.0
Uzunköprü,SPEI12,2012,4,0.0
Uzunköprü,SPEI12,2012,5,0.0
Uzunköprü,SPEI12,2012,6,0.0
Uzunköprü,SPEI12,2012,7,0.0
Uzunköprü,SPEI12,2012,8,0.0
Uzunköprü,SPEI12,2012,9,0.0
Uzunköprü,SPEI12,2012,10,0.0
Uzunköprü,SPEI12,2012,11,0.0
Uzunköprü,SPEI12,2012,12,0.0
Uzunköprü,SPEI12,2013,1,0.266
Uzunköprü,SPEI12,2013,2,0.0
Uzunköprü,SPEI12,2013,3,0.0
Uzunköprü,SPEI12,2013,4,0.0
Uzunköprü,SPEI12,2013,5,0.0
Uzunköprü,SPEI12,2013,6,0.0
Uzunköprü,SPEI12,2013,7,0.0
Uzunköprü,SPEI12,2013,8,0.0
Uzunköprü,SPEI12,2013,9,0.0
Uzunköprü,SPEI12,2013,10,0.0
Uzunköprü,SPEI12,2013,11,0.0
Uzunköprü,SPEI12,2013,12,0.0
Uzunköprü,SPEI12,2014,1,1.151
Uzunköprü,SPEI12,2014,2,1.984
Uzunköprü,SPEI12,2014,3,2.676
Uzunköprü,SPEI12,2014,4,3.004
Uzunköprü,SPEI12,2014,5,3.471
Uzunköprü,SPEI12,2014,6,3.741
Uzunköprü,SPEI12,2014,7,3.77
Uzunköprü,SPEI12,2014,8,0.0
Uzunköprü,SPEI12,2014,9,0.0
Uzunköprü,SPEI12,2014,10,0.0
Uzunköprü,SPEI12,2014,11,0.0
Uzunköprü,SPEI12,2014,12,0.0
Uzunköprü,SPEI12,2015,1,1.193
Uzunköprü,SPEI12,2015,2,1.423
Uzunköprü,SPEI12,2015,3,0.0
Uzunköprü,SPEI12,2015,4,0.0
Uzunköprü,SPEI12,2015,5,0.0
Uzunköprü,SPEI12,2015,6,0.0
Uzunköprü,SPEI12,2015,7,0.0
Uzunköprü,SPEI12,2015,8,0.0
Uzunköprü,SPEI12,2015,9,0.0
Uzunköprü,SPEI12,2015,10,0.0
Uzunköprü,SPEI12,2015,11,0.0
Uzunköprü,SPEI12,2015,12,0.0
Uzunköprü,SPEI12,2016,1,1.828
Uzunköprü,SPEI12,2016,2,3.295
Uzunköprü,SPEI12,2016,3,4.733
Uzunköprü,SPEI12,2016,4,6.126
Uzunköprü,SPEI12,2016,5,7.45
Uzunköprü,SPEI12,2016,6,8.613
Uzunköprü,SPEI12,2016,7,9.883
Uzunköprü,SPEI12,2016,8,11.355
Uzunköprü,SPEI12,2016,9,12.822
Uzunköprü,SPEI12,2016,10,14.272
Uzunköprü,SPEI12,2016,11,15.296
Uzunköprü,SPEI12,2016,12,16.565
Uzunköprü,SPEI12,2017,1,1.718
Uzunköprü,SPEI12,2017,2,3.304
Uzunköprü,SPEI12,2017,3,4.769
Uzunköprü,SPEI12,2017,4,6.219
Uzunköprü,SPEI12,2017,5,7.731
Uzunköprü,SPEI12,2017,6,9.317
Uzunköprü,SPEI12,2017,7,10.428
Uzunköprü,SPEI12,2017,8,11.591
Uzunköprü,SPEI12,2017,9,12.915
Uzunköprü,SPEI12,2017,10,14.308
Uzunköprü,SPEI12,2017,11,15.988
Uzunköprü,SPEI12,2017,12,17.574
Uzunköprü,SPEI12,2018,1,0.048
Uzunköprü,SPEI12,2018,2,0.0
Uzunköprü,SPEI12,2018,3,0.0
Uzunköprü,SPEI12,2018,4,0.0
Uzunköprü,SPEI12,2018,5,0.0
Uzunköprü,SPEI12,2018,6,0.0
Uzunköprü,SPEI12,2018,7,0.0
Uzunköprü,SPEI12,2018,8,0.0
Uzunköprü,SPEI12,2018,9,0.0
Uzunköprü,SPEI12,2018,10,0.0
Uzunköprü,SPEI12,2018,11,0.0
Uzunköprü,SPEI12,2018,12,0.0
Uzunköprü,SPEI12,2019,1,1.326
Uzunköprü,SPEI12,2019,2,2.105
Uzunköprü,SPEI12,2019,3,2.556
Uzunköprü,SPEI12,2019,4,2.937
Uzunköprü,SPEI12,2019,5,3.816
Uzunköprü,SPEI12,2019,6,4.244
Uzunköprü,SPEI12,2019,7,4.549
Uzunköprü,SPEI12,2019,8,4.598
Uzunköprü,SPEI12,2019,9,0.0
Uzunköprü,SPEI12,2019,10,0.0
Uzunköprü,SPEI12,2019,11,0.0
Uzunköprü,SPEI12,2019,12,0.0
Uzunköprü,SPEI12,2020,1,1.502
Uzunköprü,SPEI12,2020,2,2.942
Uzunköprü,SPEI12,2020,3,4.164
Uzunköprü,SPEI12,2020,4,5.292
Uzunköprü,SPEI12,2020,5,6.285
Uzunköprü,SPEI12,2020,6,6.866
Uzunköprü,SPEI12,2020,7,7.637
Uzunköprü,SPEI12,2020,8,8.473
Uzunköprü,SPEI12,2020,9,9.586
Uzunköprü,SPEI12,2020,10,11.007
Uzunköprü,SPEI12,2020,11,12.494
Uzunköprü,SPEI12,2020,12,13.665
Uzunköprü,SPEI12,2021,1,0.308
Uzunköprü,SPEI12,2021,2,1.479
Uzunköprü,SPEI12,2021,3,2.981
Uzunköprü,SPEI12,2021,4,4.421
Uzunköprü,SPEI12,2021,5,5.6
Uzunköprü,SPEI12,2021,6,6.593
Uzunköprü,SPEI12,2021,7,7.174
Uzunköprü,SPEI12,2021,8,7.945
Uzunköprü,SPEI12,2021,9,8.781
Uzunköprü,SPEI12,2021,10,9.809
Uzunköprü,SPEI12,2021,11,11.065
Uzunköprü,SPEI12,2021,12,12.486
Uzunköprü,SPEI12,2022,1,1.111
Uzunköprü,SPEI12,2022,2,0.0
Uzunköprü,SPEI12,2022,3,0.0
Uzunköprü,SPEI12,2022,4,0.0
Uzunköprü,SPEI12,2022,5,0.0
Uzunköprü,SPEI12,2022,6,0.0
Uzunköprü,SPEI12,2022,7,0.0
Uzunköprü,SPEI12,2022,8,0.0
Uzunköprü,SPEI12,2022,9,0.0
Uzunköprü,SPEI12,2022,10,0.0
Uzunköprü,SPEI12,2022,11,0.0
Uzunköprü,SPEI12,2022,12,0.0
Uzunköprü,SPEI12,2023,1,2.789
Uzunköprü,SPEI12,2023,2,4.923
Uzunköprü,SPEI12,2023,3,7.05
Uzunköprü,SPEI12,2023,4,9.045
Uzunköprü,SPEI12,2023,5,10.727
Uzunköprü,SPEI12,2023,6,12.248
Uzunköprü,SPEI12,2023,7,13.718
Uzunköprü,SPEI12,2023,8,15.104
Uzunköprü,SPEI12,2023,9,16.724
Uzunköprü,SPEI12,2023,10,18.688
Uzunköprü,SPEI12,2023,11,20.683
Uzunköprü,SPEI12,2023,12,21.931
Uzunköprü,SPEI12,2024,1,4.753
Uzunköprü,SPEI12,2024,2,9.506
Uzunköprü,SPEI12,2024,3,14.259
Uzunköprü,SPEI12,2024,4,19.012
Uzunköprü,SPEI12,2024,5,23.765
Uzunköprü,SPEI12,2024,6,26.291
Uzunköprü,SPEI12,2024,7,28.557
Uzunköprü,SPEI12,2024,8,30.718
Uzunköprü,SPEI12,2024,9,32.853
Uzunköprü,SPEI12,2024,10,34.715
Uzunköprü,SPEI12,2024,11,36.732
Uzunköprü,SPEI12,2024,12,38.846
Çorlu,SPI12,1966,1,0.0
Çorlu,SPI12,1966,2,0.0
Çorlu,SPI12,1966,3,0.0
Çorlu,SPI12,1966,4,0.0
Çorlu,SPI12,1966,5,0.0
Çorlu,SPI12,1966,6,0.0
Çorlu,SPI12,1966,7,0.0
Çorlu,SPI12,1966,8,0.0
Çorlu,SPI12,1966,9,0.0
Çorlu,SPI12,1966,10,0.0
Çorlu,SPI12,1966,11,0.0
Çorlu,SPI12,1966,12,0.0
Çorlu,SPI12,1967,1,0.906
Çorlu,SPI12,1967,2,1.468
Çorlu,SPI12,1967,3,0.0
Çorlu,SPI12,1967,4,0.0
Çorlu,SPI12,1967,5,0.0
Çorlu,SPI12,1967,6,0.0
Çorlu,SPI12,1967,7,0.0
Çorlu,SPI12,1967,8,0.0
Çorlu,SPI12,1967,9,0.0
Çorlu,SPI12,1967,10,0.0
Çorlu,SPI12,1967,11,0.0
Çorlu,SPI12,1967,12,0.0
Çorlu,SPI12,1968,1,0.514
Çorlu,SPI12,1968,2,1.42
Çorlu,SPI12,1968,3,1.982
Çorlu,SPI12,1968,4,2.423
Çorlu,SPI12,1968,5,2.545
Çorlu,SPI12,1968,6,2.904
Çorlu,SPI12,1968,7,3.3
Çorlu,SPI12,1968,8,3.586
Çorlu,SPI12,1968,9,3.936
Çorlu,SPI12,1968,10,4.093
Çorlu,SPI12,1968,11,0.0
Çorlu,SPI12,1968,12,0.0
Çorlu,SPI12,1969,1,0.324
Çorlu,SPI12,1969,2,0.632
Çorlu,SPI12,1969,3,0.877
Çorlu,SPI12,1969,4,1.028
Çorlu,SPI12,1969,5,0.0
Çorlu,SPI12,1969,6,0.0
Çorlu,SPI12,1969,7,0.0
Çorlu,SPI12,1969,8,0.0
Çorlu,SPI12,1969,9,0.0
Çorlu,SPI12,1969,10,0.0
Çorlu,SPI12,1969,11,0.0
Çorlu,SPI12,1969,12,0.0
Çorlu,SPI12,1970,1,0.585
Çorlu,SPI12,1970,2,0.876
Çorlu,SPI12,1970,3,1.138
Çorlu,SPI12,1970,4,1.462
Çorlu,SPI12,1970,5,1.753
Çorlu,SPI12,1970,6,1.904
Çorlu,SPI12,1970,7,0.0
Çorlu,SPI12,1970,8,0.0
Çorlu,SPI12,1970,9,0.0
Çorlu,SPI12,1970,10,0.0
Çorlu,SPI12,1970,11,0.0
Çorlu,SPI12,1970,12,0.0
Çorlu,SPI12,1971,1,0.077
Çorlu,SPI12,1971,2,0.0
Çorlu,SPI12,1971,3,0.0
Çorlu,SPI12,1971,4,0.0
Çorlu,SPI12,1971,5,0.0
Çorlu,SPI12,1971,6,0.0
Çorlu,SPI12,1971,7,0.0
Çorlu,SPI12,1971,8,0.0
Çorlu,SPI12,1971,9,0.0
Çorlu,SPI12,1971,10,0.0
Çorlu,SPI12,1971,11,0.0
Çorlu,SPI12,1971,12,0.0
Çorlu,SPI12,1972,1,2.175
Çorlu,SPI12,1972,2,4.265
Çorlu,SPI12,1972,3,6.272
Çorlu,SPI12,1972,4,8.125
Çorlu,SPI12,1972,5,9.985
Çorlu,SPI12,1972,6,11.809
Çorlu,SPI12,1972,7,12.848
Çorlu,SPI12,1972,8,13.63
Çorlu,SPI12,1972,9,14.297
Çorlu,SPI12,1972,10,15.033
Çorlu,SPI12,1972,11,15.815
Çorlu,SPI12,1972,12,16.482
Çorlu,SPI12,1973,1,0.893
Çorlu,SPI12,1973,2,1.894
Çorlu,SPI12,1973,3,2.558
Çorlu,SPI12,1973,4,3.078
Çorlu,SPI12,1973,5,4.117
Çorlu,SPI12,1973,6,5.941
Çorlu,SPI12,1973,7,8.031
Çorlu,SPI12,1973,8,10.206
Çorlu,SPI12,1973,9,12.213
Çorlu,SPI12,1973,10,14.066
Çorlu,SPI12,1973,11,15.926
Çorlu,SPI12,1973,12,16.708
Çorlu,SPI12,1974,1,1.215
Çorlu,SPI12,1974,2,2.385
Çorlu,SPI12,1974,3,3.471
Çorlu,SPI12,1974,4,4.021
Çorlu,SPI12,1974,5,4.344
Çorlu,SPI12,1974,6,4.918
Çorlu,SPI12,1974,7,5.151
Çorlu,SPI12,1974,8,5.775
Çorlu,SPI12,1974,9,6.803
Çorlu,SPI12,1974,10,7.367
Çorlu,SPI12,1974,11,7.917
Çorlu,SPI12,1974,12,8.454
Çorlu,SPI12,1975,1,0.353
Çorlu,SPI12,1975,2,0.791
Çorlu,SPI12,1975,3,1.355
Çorlu,SPI12,1975,4,2.383
Çorlu,SPI12,1975,5,3.109
Çorlu,SPI12,1975,6,3.861
Çorlu,SPI12,1975,7,4.236
Çorlu,SPI12,1975,8,4.589
Çorlu,SPI12,1975,9,4.807
Çorlu,SPI12,1975,10,5.902
Çorlu,SPI12,1975,11,7.072
Çorlu,SPI12,1975,12,8.158
Çorlu,SPI12,1976,1,0.0
Çorlu,SPI12,1976,2,0.0
Çorlu,SPI12,1976,3,0.0
Çorlu,SPI12,1976,4,0.0
Çorlu,SPI12,1976,5,0.0
Çorlu,SPI12,1976,6,0.0
Çorlu,SPI12,1976,7,0.0
Çorlu,SPI12,1976,8,0.0
Çorlu,SPI12,1976,9,0.0
Çorlu,SPI12,1976,10,0.0
Çorlu,SPI12,1976,11,0.0
Çorlu,SPI12,1976,12,0.0
Çorlu,SPI12,1977,1,0.233
Çorlu,SPI12,1977,2,0.312
Çorlu,SPI12,1977,3,0.376
Çorlu,SPI12,1977,4,0.0
Çorlu,SPI12,1977,5,0.0
Çorlu,SPI12,1977,6,0.0
Çorlu,SPI12,1977,7,0.0
Çorlu,SPI12,1977,8,0.0
Çorlu,SPI12,1977,9,0.0
Çorlu,SPI12,1977,10,0.0
Çorlu,SPI12,1977,11,0.0
Çorlu,SPI12,1977,12,0.0
Çorlu,SPI12,1978,1,0.0
Çorlu,SPI12,1978,2,0.0
Çorlu,SPI12,1978,3,0.0
Çorlu,SPI12,1978,4,0.0
Çorlu,SPI12,1978,5,0.0
Çorlu,SPI12,1978,6,0.0
Çorlu,SPI12,1978,7,0.0
Çorlu,SPI12,1978,8,0.0
Çorlu,SPI12,1978,9,0.0
Çorlu,SPI12,1978,10,0.0
Çorlu,SPI12,1978,11,0.0
Çorlu,SPI12,1978,12,0.0
Çorlu,SPI12,1979,1,0.225
Çorlu,SPI12,1979,2,0.438
Çorlu,SPI12,1979,3,0.339
Çorlu,SPI12,1979,4,0.0
Çorlu,SPI12,1979,5,0.0
Çorlu,SPI12,1979,6,0.0
Çorlu,SPI12,1979,7,0.0
Çorlu,SPI12,1979,8,0.0
Çorlu,SPI12,1979,9,0.0
Çorlu,SPI12,1979,10,0.0
Çorlu,SPI12,1979,11,0.0
Çorlu,SPI12,1979,12,0.0
Çorlu,SPI12,1980,1,0.0
Çorlu,SPI12,1980,2,0.0
Çorlu,SPI12,1980,3,0.0
Çorlu,SPI12,1980,4,0.0
Çorlu,SPI12,1980,5,0.0
Çorlu,SPI12,1980,6,0.0
Çorlu,SPI12,1980,7,0.0
Çorlu,SPI12,1980,8,0.0
Çorlu,SPI12,1980,9,0.0
Çorlu,SPI12,1980,10,0.0
Çorlu,SPI12,1980,11,0.0
Çorlu,SPI12,1980,12,0.0
Çorlu,SPI12,1981,1,0.0
Çorlu,SPI12,1981,2,0.0
Çorlu,SPI12,1981,3,0.0
Çorlu,SPI12,1981,4,0.0
Çorlu,SPI12,1981,5,0.0
Çorlu,SPI12,1981,6,0.0
Çorlu,SPI12,1981,7,0.0
Çorlu,SPI12,1981,8,0.0
Çorlu,SPI12,1981,9,0.0
Çorlu,SPI12,1981,10,0.0
Çorlu,SPI12,1981,11,0.0
Çorlu,SPI12,1981,12,0.0
Çorlu,SPI12,1982,1,0.928
Çorlu,SPI12,1982,2,1.076
Çorlu,SPI12,1982,3,0.0
Çorlu,SPI12,1982,4,0.0
Çorlu,SPI12,1982,5,0.0
Çorlu,SPI12,1982,6,0.0
Çorlu,SPI12,1982,7,0.0
Çorlu,SPI12,1982,8,0.0
Çorlu,SPI12,1982,9,0.0
Çorlu,SPI12,1982,10,0.0
Çorlu,SPI12,1982,11,0.0
Çorlu,SPI12,1982,12,0.0
Çorlu,SPI12,1983,1,1.587
Çorlu,SPI12,1983,2,3.111
Çorlu,SPI12,1983,3,4.295
Çorlu,SPI12,1983,4,5.274
Çorlu,SPI12,1983,5,6.075
Çorlu,SPI12,1983,6,6.736
Çorlu,SPI12,1983,7,7.532
Çorlu,SPI12,1983,8,8.46
Çorlu,SPI12,1983,9,9.261
Çorlu,SPI12,1983,10,9.922
Çorlu,SPI12,1983,11,10.503
Çorlu,SPI12,1983,12,11.406
Çorlu,SPI12,1984,1,0.947
Çorlu,SPI12,1984,2,2.106
Çorlu,SPI12,1984,3,3.053
Çorlu,SPI12,1984,4,3.687
Çorlu,SPI12,1984,5,4.268
Çorlu,SPI12,1984,6,4.929
Çorlu,SPI12,1984,7,5.762
Çorlu,SPI12,1984,8,7.286
Çorlu,SPI12,1984,9,8.873
Çorlu,SPI12,1984,10,10.057
Çorlu,SPI12,1984,11,11.004
Çorlu,SPI12,1984,12,11.612
Çorlu,SPI12,1985,1,1.508
Çorlu,SPI12,1985,2,2.856
Çorlu,SPI12,1985,3,4.139
Çorlu,SPI12,1985,4,5.386
Çorlu,SPI12,1985,5,6.576
Çorlu,SPI12,1985,6,7.823
Çorlu,SPI12,1985,7,8.815
Çorlu,SPI12,1985,8,9.702
Çorlu,SPI12,1985,9,10.494
Çorlu,SPI12,1985,10,11.166
Çorlu,SPI12,1985,11,11.396
Çorlu,SPI12,1985,12,11.616
Çorlu,SPI12,1986,1,0.467
Çorlu,SPI12,1986,2,1.121
Çorlu,SPI12,1986,3,1.913
Çorlu,SPI12,1986,4,3.16
Çorlu,SPI12,1986,5,4.508
Çorlu,SPI12,1986,6,6.016
Çorlu,SPI12,1986,7,7.299
Çorlu,SPI12,1986,8,8.461
Çorlu,SPI12,1986,9,9.736
Çorlu,SPI12,1986,10,10.728
Çorlu,SPI12,1986,11,11.615
Çorlu,SPI12,1986,12,11.845
Çorlu,SPI12,1987,1,1.922
Çorlu,SPI12,1987,2,3.663
Çorlu,SPI12,1987,3,5.206
Çorlu,SPI12,1987,4,6.808
Çorlu,SPI12,1987,5,8.528
Çorlu,SPI12,1987,6,10.071
Çorlu,SPI12,1987,7,11.419
Çorlu,SPI12,1987,8,12.917
Çorlu,SPI12,1987,9,14.46
Çorlu,SPI12,1987,10,15.991
Çorlu,SPI12,1987,11,17.211
Çorlu,SPI12,1987,12,18.009
Çorlu,SPI12,1988,1,1.414
Çorlu,SPI12,1988,2,2.307
Çorlu,SPI12,1988,3,3.755
Çorlu,SPI12,1988,4,5.677
Çorlu,SPI12,1988,5,7.418
Çorlu,SPI12,1988,6,8.922
Çorlu,SPI12,1988,7,10.563
Çorlu,SPI12,1988,8,12.283
Çorlu,SPI12,1988,9,13.631
Çorlu,SPI12,1988,10,15.027
Çorlu,SPI12,1988,11,16.672
Çorlu,SPI12,1988,12,18.203
Çorlu,SPI12,1989,1,1.396
Çorlu,SPI12,1989,2,2.649
Çorlu,SPI12,1989,3,2.899
Çorlu,SPI12,1989,4,3.239
Çorlu,SPI12,1989,5,3.564
Çorlu,SPI12,1989,6,4.053
Çorlu,SPI12,1989,7,4.456
Çorlu,SPI12,1989,8,4.983
Çorlu,SPI12,1989,9,5.814
Çorlu,SPI12,1989,10,6.243
Çorlu,SPI12,1989,11,6.77
Çorlu,SPI12,1989,12,6.93
Çorlu,SPI12,1990,1,1.676
Çorlu,SPI12,1990,2,2.987
Çorlu,SPI12,1990,3,4.47
Çorlu,SPI12,1990,4,5.866
Çorlu,SPI12,1990,5,7.119
Çorlu,SPI12,1990,6,8.5
Çorlu,SPI12,1990,7,9.789
Çorlu,SPI12,1990,8,11.056
Çorlu,SPI12,1990,9,12.452
Çorlu,SPI12,1990,10,13.705
Çorlu,SPI12,1990,11,14.753
Çorlu,SPI12,1990,12,15.622
Çorlu,SPI12,1991,1,0.273
Çorlu,SPI12,1991,2,0.646
Çorlu,SPI12,1991,3,1.504
Çorlu,SPI12,1991,4,2.373
Çorlu,SPI12,1991,5,3.421
Çorlu,SPI12,1991,6,4.824
Çorlu,SPI12,1991,7,6.084
Çorlu,SPI12,1991,8,7.373
Çorlu,SPI12,1991,9,8.8
Çorlu,SPI12,1991,10,10.007
Çorlu,SPI12,1991,11,11.683
Çorlu,SPI12,1991,12,12.994
Çorlu,SPI12,1992,1,1.585
Çorlu,SPI12,1992,2,3.067
Çorlu,SPI12,1992,3,4.355
Çorlu,SPI12,1992,4,5.284
Çorlu,SPI12,1992,5,6.09
Çorlu,SPI12,1992,6,6.836
Çorlu,SPI12,1992,7,7.632
Çorlu,SPI12,1992,8,8.67
Çorlu,SPI12,1992,9,8.673
Çorlu,SPI12,1992,10,0.0
Çorlu,SPI12,1992,11,0.0
Çorlu,SPI12,1992,12,0.0
Çorlu,SPI12,1993,1,1.195
Çorlu,SPI12,1993,2,2.348
Çorlu,SPI12,1993,3,3.83
Çorlu,SPI12,1993,4,5.415
Çorlu,SPI12,1993,5,6.344
Çorlu,SPI12,1993,6,7.15
Çorlu,SPI12,1993,7,7.896
Çorlu,SPI12,1993,8,8.692
Çorlu,SPI12,1993,9,9.73
Çorlu,SPI12,1993,10,10.218
Çorlu,SPI12,1993,11,10.945
Çorlu,SPI12,1993,12,11.742
Çorlu,SPI12,1994,1,1.693
Çorlu,SPI12,1994,2,3.36
Çorlu,SPI12,1994,3,4.838
Çorlu,SPI12,1994,4,6.282
Çorlu,SPI12,1994,5,7.849
Çorlu,SPI12,1994,6,9.056
Çorlu,SPI12,1994,7,10.361
Çorlu,SPI12,1994,8,11.582
Çorlu,SPI12,1994,9,12.64
Çorlu,SPI12,1994,10,13.73
Çorlu,SPI12,1994,11,14.729
Çorlu,SPI12,1994,12,15.72
Çorlu,SPI12,1995,1,0.0
Çorlu,SPI12,1995,2,0.0
Çorlu,SPI12,1995,3,0.0
Çorlu,SPI12,1995,4,0.0
Çorlu,SPI12,1995,5,0.0
Çorlu,SPI12,1995,6,0.0
Çorlu,SPI12,1995,7,0.0
Çorlu,SPI12,1995,8,0.0
Çorlu,SPI12,1995,9,0.0
Çorlu,SPI12,1995,10,0.0
Çorlu,SPI12,1995,11,0.0
Çorlu,SPI12,1995,12,0.0
Çorlu,SPI12,1996,1,0.617
Çorlu,SPI12,1996,2,0.883
Çorlu,SPI12,1996,3,1.155
Çorlu,SPI12,1996,4,1.406
Çorlu,SPI12,1996,5,1.837
Çorlu,SPI12,1996,6,2.257
Çorlu,SPI12,1996,7,2.464
Çorlu,SPI12,1996,8,2.629
Çorlu,SPI12,1996,9,2.694
Çorlu,SPI12,1996,10,2.856
Çorlu,SPI12,1996,11,3.243
Çorlu,SPI12,1996,12,3.45
Çorlu,SPI12,1997,1,0.7
Çorlu,SPI12,1997,2,0.946
Çorlu,SPI12,1997,3,1.152
Çorlu,SPI12,1997,4,1.353
Çorlu,SPI12,1997,5,1.863
Çorlu,SPI12,1997,6,2.129
Çorlu,SPI12,1997,7,2.348
Çorlu,SPI12,1997,8,2.652
Çorlu,SPI12,1997,9,3.083
Çorlu,SPI12,1997,10,3.503
Çorlu,SPI12,1997,11,3.709
Çorlu,SPI12,1997,12,3.88
Çorlu,SPI12,1998,1,0.0
Çorlu,SPI12,1998,2,0.0
Çorlu,SPI12,1998,3,0.0
Çorlu,SPI12,1998,4,0.0
Çorlu,SPI12,1998,5,0.0
Çorlu,SPI12,1998,6,0.0
Çorlu,SPI12,1998,7,0.0
Çorlu,SPI12,1998,8,0.0
Çorlu,SPI12,1998,9,0.0
Çorlu,SPI12,1998,10,0.0
Çorlu,SPI12,1998,11,0.0
Çorlu,SPI12,1998,12,0.0
Çorlu,SPI12,1999,1,0.0
Çorlu,SPI12,1999,2,0.0
Çorlu,SPI12,1999,3,0.0
Çorlu,SPI12,1999,4,0.0
Çorlu,SPI12,1999,5,0.0
Çorlu,SPI12,1999,6,0.0
Çorlu,SPI12,1999,7,0.0
Çorlu,SPI12,1999,8,0.0
Çorlu,SPI12,1999,9,0.0
Çorlu,SPI12,1999,10,0.0
Çorlu,SPI12,1999,11,0.0
Çorlu,SPI12,1999,12,0.0
Çorlu,SPI12,2000,1,1.096
Çorlu,SPI12,2000,2,1.432
Çorlu,SPI12,2000,3,0.0
Çorlu,SPI12,2000,4,0.0
Çorlu,SPI12,2000,5,0.0
Çorlu,SPI12,2000,6,0.0
Çorlu,SPI12,2000,7,0.0
Çorlu,SPI12,2000,8,0.0
Çorlu,SPI12,2000,9,0.0
Çorlu,SPI12,2000,10,0.0
Çorlu,SPI12,2000,11,0.0
Çorlu,SPI12,2000,12,0.0
Çorlu,SPI12,2001,1,1.546
Çorlu,SPI12,2001,2,2.757
Çorlu,SPI12,2001,3,4.149
Çorlu,SPI12,2001,4,5.495
Çorlu,SPI12,2001,5,6.721
Çorlu,SPI12,2001,6,8.161
Çorlu,SPI12,2001,7,9.089
Çorlu,SPI12,2001,8,10.081
Çorlu,SPI12,2001,9,11.005
Çorlu,SPI12,2001,10,11.936
Çorlu,SPI12,2001,11,13.032
Çorlu,SPI12,2001,12,13.956
Çorlu,SPI12,2002,1,0.0
Çorlu,SPI12,2002,2,0.0
Çorlu,SPI12,2002,3,0.0
Çorlu,SPI12,2002,4,0.0
Çorlu,SPI12,2002,5,0.0
Çorlu,SPI12,2002,6,0.0
Çorlu,SPI12,2002,7,0.0
Çorlu,SPI12,2002,8,0.0
Çorlu,SPI12,2002,9,0.0
Çorlu,SPI12,2002,10,0.0
Çorlu,SPI12,2002,11,0.0
Çorlu,SPI12,2002,12,0.0
Çorlu,SPI12,2003,1,0.452
Çorlu,SPI12,2003,2,0.776
Çorlu,SPI12,2003,3,0.0
Çorlu,SPI12,2003,4,0.0
Çorlu,SPI12,2003,5,0.0
Çorlu,SPI12,2003,6,0.0
Çorlu,SPI12,2003,7,0.0
Çorlu,SPI12,2003,8,0.0
Çorlu,SPI12,2003,9,0.0
Çorlu,SPI12,2003,10,0.0
Çorlu,SPI12,2003,11,0.0
Çorlu,SPI12,2003,12,0.0
Çorlu,SPI12,2004,1,0.985
Çorlu,SPI12,2004,2,1.752
Çorlu,SPI12,2004,3,2.605
Çorlu,SPI12,2004,4,3.414
Çorlu,SPI12,2004,5,3.794
Çorlu,SPI12,2004,6,4.118
Çorlu,SPI12,2004,7,4.57
Çorlu,SPI12,2004,8,4.855
Çorlu,SPI12,2004,9,5.149
Çorlu,SPI12,2004,10,0.0
Çorlu,SPI12,2004,11,0.0
Çorlu,SPI12,2004,12,0.0
Çorlu,SPI12,2005,1,0.978
Çorlu,SPI12,2005,2,1.889
Çorlu,SPI12,2005,3,2.547
Çorlu,SPI12,2005,4,2.959
Çorlu,SPI12,2005,5,3.491
Çorlu,SPI12,2005,6,3.756
Çorlu,SPI12,2005,7,4.404
Çorlu,SPI12,2005,8,5.037
Çorlu,SPI12,2005,9,5.501
Çorlu,SPI12,2005,10,6.159
Çorlu,SPI12,2005,11,6.412
Çorlu,SPI12,2005,12,6.646
Çorlu,SPI12,2006,1,0.447
Çorlu,SPI12,2006,2,0.515
Çorlu,SPI12,2006,3,0.0
Çorlu,SPI12,2006,4,0.0
Çorlu,SPI12,2006,5,0.0
Çorlu,SPI12,2006,6,0.0
Çorlu,SPI12,2006,7,0.0
Çorlu,SPI12,2006,8,0.0
Çorlu,SPI12,2006,9,0.0
Çorlu,SPI12,2006,10,0.0
Çorlu,SPI12,2006,11,0.0
Çorlu,SPI12,2006,12,0.0
Çorlu,SPI12,2007,1,2.131
Çorlu,SPI12,2007,2,4.199
Çorlu,SPI12,2007,3,6.256
Çorlu,SPI12,2007,4,8.223
Çorlu,SPI12,2007,5,9.154
Çorlu,SPI12,2007,6,9.762
Çorlu,SPI12,2007,7,10.411
Çorlu,SPI12,2007,8,11.38
Çorlu,SPI12,2007,9,11.988
Çorlu,SPI12,2007,10,12.474
Çorlu,SPI12,2007,11,12.988
Çorlu,SPI12,2007,12,13.435
Çorlu,SPI12,2008,1,1.604
Çorlu,SPI12,2008,2,2.921
Çorlu,SPI12,2008,3,1.473
Çorlu,SPI12,2008,4,3.53
Çorlu,SPI12,2008,5,5.598
Çorlu,SPI12,2008,6,7.729
Çorlu,SPI12,2008,7,9.696
Çorlu,SPI12,2008,8,10.627
Çorlu,SPI12,2008,9,11.056
Çorlu,SPI12,2008,10,11.884
Çorlu,SPI12,2008,11,12.853
Çorlu,SPI12,2008,12,13.339
Çorlu,SPI12,2009,1,1.132
Çorlu,SPI12,2009,2,2.736
Çorlu,SPI12,2009,3,4.053
Çorlu,SPI12,2009,4,4.522
Çorlu,SPI12,2009,5,4.765
Çorlu,SPI12,2009,6,4.813
Çorlu,SPI12,2009,7,4.912
Çorlu,SPI12,2009,8,5.258
Çorlu,SPI12,2009,9,0.0
Çorlu,SPI12,2009,10,0.0
Çorlu,SPI12,2009,11,0.0
Çorlu,SPI12,2009,12,0.0
Çorlu,SPI12,2010,1,0.0
Çorlu,SPI12,2010,2,0.0
Çorlu,SPI12,2010,3,0.0
Çorlu,SPI12,2010,4,0.0
Çorlu,SPI12,2010,5,0.0
Çorlu,SPI12,2010,6,0.0
Çorlu,SPI12,2010,7,0.0
Çorlu,SPI12,2010,8,0.0
Çorlu,SPI12,2010,9,0.0
Çorlu,SPI12,2010,10,0.0
Çorlu,SPI12,2010,11,0.0
Çorlu,SPI12,2010,12,0.0
Çorlu,SPI12,2011,1,0.0
Çorlu,SPI12,2011,2,0.0
Çorlu,SPI12,2011,3,0.0
Çorlu,SPI12,2011,4,0.0
Çorlu,SPI12,2011,5,0.0
Çorlu,SPI12,2011,6,0.0
Çorlu,SPI12,2011,7,0.0
Çorlu,SPI12,2011,8,0.0
Çorlu,SPI12,2011,9,0.0
Çorlu,SPI12,2011,10,0.0
Çorlu,SPI12,2011,11,0.0
Çorlu,SPI12,2011,12,0.0
Çorlu,SPI12,2012,1,0.58
Çorlu,SPI12,2012,2,1.018
Çorlu,SPI12,2012,3,1.287
Çorlu,SPI12,2012,4,1.451
Çorlu,SPI12,2012,5,1.732
Çorlu,SPI12,2012,6,1.906
Çorlu,SPI12,2012,7,0.0
Çorlu,SPI12,2012,8,0.0
Çorlu,SPI12,2012,9,0.0
Çorlu,SPI12,2012,10,0.0
Çorlu,SPI12,2012,11,0.0
Çorlu,SPI12,2012,12,0.0
Çorlu,SPI12,2013,1,0.0
Çorlu,SPI12,2013,2,0.0
Çorlu,SPI12,2013,3,0.0
Çorlu,SPI12,2013,4,0.0
Çorlu,SPI12,2013,5,0.0
Çorlu,SPI12,2013,6,0.0
Çorlu,SPI12,2013,7,0.0
Çorlu,SPI12,2013,8,0.0
Çorlu,SPI12,2013,9,0.0
Çorlu,SPI12,2013,10,0.0
Çorlu,SPI12,2013,11,0.0
Çorlu,SPI12,2013,12,0.0
Çorlu,SPI12,2014,1,0.803
Çorlu,SPI12,2014,2,1.438
Çorlu,SPI12,2014,3,1.962
Çorlu,SPI12,2014,4,2.214
Çorlu,SPI12,2014,5,2.392
Çorlu,SPI12,2014,6,0.0
Çorlu,SPI12,2014,7,0.0
Çorlu,SPI12,2014,8,0.0
Çorlu,SPI12,2014,9,0.0
Çorlu,SPI12,2014,10,0.0
Çorlu,SPI12,2014,11,0.0
Çorlu,SPI12,2014,12,0.0
Çorlu,SPI12,2015,1,0.034
Çorlu,SPI12,2015,2,0.0
Çorlu,SPI12,2015,3,0.0
Çorlu,SPI12,2015,4,0.0
Çorlu,SPI12,2015,5,0.0
Çorlu,SPI12,2015,6,0.0
Çorlu,SPI12,2015,7,0.0
Çorlu,SPI12,2015,8,0.0
Çorlu,SPI12,2015,9,0.0
Çorlu,SPI12,2015,10,0.0
Çorlu,SPI12,2015,11,0.0
Çorlu,SPI12,2015,12,0.0
Çorlu,SPI12,2016,1,1.502
Çorlu,SPI12,2016,2,2.817
Çorlu,SPI12,2016,3,3.899
Çorlu,SPI12,2016,4,4.885
Çorlu,SPI12,2016,5,5.44
Çorlu,SPI12,2016,6,6.043
Çorlu,SPI12,2016,7,6.668
Çorlu,SPI12,2016,8,7.159
Çorlu,SPI12,2016,9,7.999
Çorlu,SPI12,2016,10,8.509
Çorlu,SPI12,2016,11,8.913
Çorlu,SPI12,2016,12,9.03
Çorlu,SPI12,2017,1,0.847
Çorlu,SPI12,2017,2,1.755
Çorlu,SPI12,2017,3,3.07
Çorlu,SPI12,2017,4,4.572
Çorlu,SPI12,2017,5,5.558
Çorlu,SPI12,2017,6,6.405
Çorlu,SPI12,2017,7,7.088
Çorlu,SPI12,2017,8,7.643
Çorlu,SPI12,2017,9,8.354
Çorlu,SPI12,2017,10,8.909
Çorlu,SPI12,2017,11,9.519
Çorlu,SPI12,2017,12,10.202
Çorlu,SPI12,2018,1,0.0
Çorlu,SPI12,2018,2,0.0
Çorlu,SPI12,2018,3,0.0
Çorlu,SPI12,2018,4,0.0
Çorlu,SPI12,2018,5,0.0
Çorlu,SPI12,2018,6,0.0
Çorlu,SPI12,2018,7,0.0
Çorlu,SPI12,2018,8,0.0
Çorlu,SPI12,2018,9,0.0
Çorlu,SPI12,2018,10,0.0
Çorlu,SPI12,2018,11,0.0
Çorlu,SPI12,2018,12,0.0
Çorlu,SPI12,2019,1,1.852
Çorlu,SPI12,2019,2,3.032
Çorlu,SPI12,2019,3,3.515
Çorlu,SPI12,2019,4,3.965
Çorlu,SPI12,2019,5,4.022
Çorlu,SPI12,2019,6,4.091
Çorlu,SPI12,2019,7,0.0
Çorlu,SPI12,2019,8,0.0
Çorlu,SPI12,2019,9,0.0
Çorlu,SPI12,2019,10,0.0
Çorlu,SPI12,2019,11,0.0
Çorlu,SPI12,2019,12,0.0
Çorlu,SPI12,2020,1,2.489
Çorlu,SPI12,2020,2,4.745
Çorlu,SPI12,2020,3,7.022
Çorlu,SPI12,2020,4,9.358
Çorlu,SPI12,2020,5,11.31
Çorlu,SPI12,2020,6,13.162
Çorlu,SPI12,2020,7,14.342
Çorlu,SPI12,2020,8,15.366
Çorlu,SPI12,2020,9,16.546
Çorlu,SPI12,2020,10,17.626
Çorlu,SPI12,2020,11,18.623
Çorlu,SPI12,2020,12,19.515
Çorlu,SPI12,2021,1,0.0
Çorlu,SPI12,2021,2,0.0
Çorlu,SPI12,2021,3,0.0
Çorlu,SPI12,2021,4,0.0
Çorlu,SPI12,2021,5,0.0
Çorlu,SPI12,2021,6,0.0
Çorlu,SPI12,2021,7,0.0
Çorlu,SPI12,2021,8,0.0
Çorlu,SPI12,2021,9,0.0
Çorlu,SPI12,2021,10,0.0
Çorlu,SPI12,2021,11,0.0
Çorlu,SPI12,2021,12,0.0
Çorlu,SPI12,2022,1,2.079
Çorlu,SPI12,2022,2,3.568
Çorlu,SPI12,2022,3,4.676
Çorlu,SPI12,2022,4,5.609
Çorlu,SPI12,2022,5,6.491
Çorlu,SPI12,2022,6,7.491
Çorlu,SPI12,2022,7,8.46
Çorlu,SPI12,2022,8,8.699
Çorlu,SPI12,2022,9,0.0
Çorlu,SPI12,2022,10,0.0
Çorlu,SPI12,2022,11,0.0
Çorlu,SPI12,2022,12,0.0
Çorlu,SPI12,2023,1,3.043
Çorlu,SPI12,2023,2,5.902
Çorlu,SPI12,2023,3,8.715
Çorlu,SPI12,2023,4,11.213
Çorlu,SPI12,2023,5,13.703
Çorlu,SPI12,2023,6,16.066
Çorlu,SPI12,2023,7,18.843
Çorlu,SPI12,2023,8,21.575
Çorlu,SPI12,2023,9,24.189
Çorlu,SPI12,2023,10,26.4
Çorlu,SPI12,2023,11,28.479
Çorlu,SPI12,2023,12,29.968
Çorlu,SPI12,2024,1,1.83
Çorlu,SPI12,2024,2,3.386
Çorlu,SPI12,2024,3,3.795
Çorlu,SPI12,2024,4,5.577
Çorlu,SPI12,2024,5,8.309
Çorlu,SPI12,2024,6,11.086
Çorlu,SPI12,2024,7,13.449
Çorlu,SPI12,2024,8,15.939
Çorlu,SPI12,2024,9,18.437
Çorlu,SPI12,2024,10,21.25
Çorlu,SPI12,2024,11,24.109
Çorlu,SPI12,2024,12,27.152
Çorlu,SPEI12,1966,1,0.0
Çorlu,SPEI12,1966,2,0.0
Çorlu,SPEI12,1966,3,0.0
Çorlu,SPEI12,1966,4,0.0
Çorlu,SPEI12,1966,5,0.0
Çorlu,SPEI12,1966,6,0.0
Çorlu,SPEI12,1966,7,0.0
Çorlu,SPEI12,1966,8,0.0
Çorlu,SPEI12,1966,9,0.0
Çorlu,SPEI12,1966,10,0.0
Çorlu,SPEI12,1966,11,0.0
Çorlu,SPEI12,1966,12,0.0
Çorlu,SPEI12,1967,1,0.706
Çorlu,SPEI12,1967,2,1.095
Çorlu,SPEI12,1967,3,0.0
Çorlu,SPEI12,1967,4,0.0
Çorlu,SPEI12,1967,5,0.0
Çorlu,SPEI12,1967,6,0.0
Çorlu,SPEI12,1967,7,0.0
Çorlu,SPEI12,1967,8,0.0
Çorlu,SPEI12,1967,9,0.0
Çorlu,SPEI12,1967,10,0.0
Çorlu,SPEI12,1967,11,0.0
Çorlu,SPEI12,1967,12,0.0
Çorlu,SPEI12,1968,1,0.532
Çorlu,SPEI12,1968,2,1.009
Çorlu,SPEI12,1968,3,1.398
Çorlu,SPEI12,1968,4,1.742
Çorlu,SPEI12,1968,5,1.774
Çorlu,SPEI12,1968,6,2.27
Çorlu,SPEI12,1968,7,2.693
Çorlu,SPEI12,1968,8,3.082
Çorlu,SPEI12,1968,9,3.387
Çorlu,SPEI12,1968,10,3.476
Çorlu,SPEI12,1968,11,0.0
Çorlu,SPEI12,1968,12,0.0
Çorlu,SPEI12,1969,1,0.073
Çorlu,SPEI12,1969,2,0.134
Çorlu,SPEI12,1969,3,0.0
Çorlu,SPEI12,1969,4,0.0
Çorlu,SPEI12,1969,5,0.0
Çorlu,SPEI12,1969,6,0.0
Çorlu,SPEI12,1969,7,0.0
Çorlu,SPEI12,1969,8,0.0
Çorlu,SPEI12,1969,9,0.0
Çorlu,SPEI12,1969,10,0.0
Çorlu,SPEI12,1969,11,0.0
Çorlu,SPEI12,1969,12,0.0
Çorlu,SPEI12,1970,1,0.466
Çorlu,SPEI12,1970,2,0.663
Çorlu,SPEI12,1970,3,0.736
Çorlu,SPEI12,1970,4,0.797
Çorlu,SPEI12,1970,5,0.805
Çorlu,SPEI12,1970,6,0.837
Çorlu,SPEI12,1970,7,0.0
Çorlu,SPEI12,1970,8,0.0
Çorlu,SPEI12,1970,9,0.0
Çorlu,SPEI12,1970,10,0.0
Çorlu,SPEI12,1970,11,0.0
Çorlu,SPEI12,1970,12,0.0
Çorlu,SPEI12,1971,1,0.0
Çorlu,SPEI12,1971,2,0.0
Çorlu,SPEI12,1971,3,0.0
Çorlu,SPEI12,1971,4,0.0
Çorlu,SPEI12,1971,5,0.0
Çorlu,SPEI12,1971,6,0.0
Çorlu,SPEI12,1971,7,0.0
Çorlu,SPEI12,1971,8,0.0
Çorlu,SPEI12,1971,9,0.0
Çorlu,SPEI12,1971,10,0.0
Çorlu,SPEI12,1971,11,0.0
Çorlu,SPEI12,1971,12,0.0
Çorlu,SPEI12,1972,1,1.825
Çorlu,SPEI12,1972,2,3.46
Çorlu,SPEI12,1972,3,4.996
Çorlu,SPEI12,1972,4,6.443
Çorlu,SPEI12,1972,5,7.87
Çorlu,SPEI12,1972,6,9.198
Çorlu,SPEI12,1972,7,10.19
Çorlu,SPEI12,1972,8,10.567
Çorlu,SPEI12,1972,9,11.232
Çorlu,SPEI12,1972,10,12.19
Çorlu,SPEI12,1972,11,12.567
Çorlu,SPEI12,1972,12,12.798
Çorlu,SPEI12,1973,1,0.901
Çorlu,SPEI12,1973,2,1.859
Çorlu,SPEI12,1973,3,2.528
Çorlu,SPEI12,1973,4,2.901
Çorlu,SPEI12,1973,5,3.893
Çorlu,SPEI12,1973,6,5.429
Çorlu,SPEI12,1973,7,7.254
Çorlu,SPEI12,1973,8,8.889
Çorlu,SPEI12,1973,9,10.336
Çorlu,SPEI12,1973,10,11.763
Çorlu,SPEI12,1973,11,13.091
Çorlu,SPEI12,1973,12,13.468
Çorlu,SPEI12,1974,1,0.926
Çorlu,SPEI12,1974,2,1.816
Çorlu,SPEI12,1974,3,2.626
Çorlu,SPEI12,1974,4,2.876
Çorlu,SPEI12,1974,5,2.972
Çorlu,SPEI12,1974,6,3.274
Çorlu,SPEI12,1974,7,0.0
Çorlu,SPEI12,1974,8,0.0
Çorlu,SPEI12,1974,9,0.0
Çorlu,SPEI12,1974,10,0.0
Çorlu,SPEI12,1974,11,0.0
Çorlu,SPEI12,1974,12,0.0
Çorlu,SPEI12,1975,1,0.339
Çorlu,SPEI12,1975,2,0.403
Çorlu,SPEI12,1975,3,0.705
Çorlu,SPEI12,1975,4,1.27
Çorlu,SPEI12,1975,5,1.645
Çorlu,SPEI12,1975,6,1.874
Çorlu,SPEI12,1975,7,1.971
Çorlu,SPEI12,1975,8,0.0
Çorlu,SPEI12,1975,9,0.0
Çorlu,SPEI12,1975,10,0.0
Çorlu,SPEI12,1975,11,0.0
Çorlu,SPEI12,1975,12,0.0
Çorlu,SPEI12,1976,1,0.0
Çorlu,SPEI12,1976,2,0.0
Çorlu,SPEI12,1976,3,0.0
Çorlu,SPEI12,1976,4,0.0
Çorlu,SPEI12,1976,5,0.0
Çorlu,SPEI12,1976,6,0.0
Çorlu,SPEI12,1976,7,0.0
Çorlu,SPEI12,1976,8,0.0
Çorlu,SPEI12,1976,9,0.0
Çorlu,SPEI12,1976,10,0.0
Çorlu,SPEI12,1976,11,0.0
Çorlu,SPEI12,1976,12,0.0
Çorlu,SPEI12,1977,1,0.206
Çorlu,SPEI12,1977,2,0.294
Çorlu,SPEI12,1977,3,0.0
Çorlu,SPEI12,1977,4,0.0
Çorlu,SPEI12,1977,5,0.0
Çorlu,SPEI12,1977,6,0.0
Çorlu,SPEI12,1977,7,0.0
Çorlu,SPEI12,1977,8,0.0
Çorlu,SPEI12,1977,9,0.0
Çorlu,SPEI12,1977,10,0.0
Çorlu,SPEI12,1977,11,0.0
Çorlu,SPEI12,1977,12,0.0
Çorlu,SPEI12,1978,1,0.0
Çorlu,SPEI12,1978,2,0.0
Çorlu,SPEI12,1978,3,0.0
Çorlu,SPEI12,1978,4,0.0
Çorlu,SPEI12,1978,5,0.0
Çorlu,SPEI12,1978,6,0.0
Çorlu,SPEI12,1978,7,0.0
Çorlu,SPEI12,1978,8,0.0
Çorlu,SPEI12,1978,9,0.0
Çorlu,SPEI12,1978,10,0.0
Çorlu,SPEI12,1978,11,0.0
Çorlu,SPEI12,1978,12,0.0
Çorlu,SPEI12,1979,1,0.232
Çorlu,SPEI12,1979,2,0.305
Çorlu,SPEI12,1979,3,0.0
Çorlu,SPEI12,1979,4,0.0
Çorlu,SPEI12,1979,5,0.0
Çorlu,SPEI12,1979,6,0.0
Çorlu,SPEI12,1979,7,0.0
Çorlu,SPEI12,1979,8,0.0
Çorlu,SPEI12,1979,9,0.0
Çorlu,SPEI12,1979,10,0.0
Çorlu,SPEI12,1979,11,0.0
Çorlu,SPEI12,1979,12,0.0
Çorlu,SPEI12,1980,1,0.0
Çorlu,SPEI12,1980,2,0.0
Çorlu,SPEI12,1980,3,0.0
Çorlu,SPEI12,1980,4,0.0
Çorlu,SPEI12,1980,5,0.0
Çorlu,SPEI12,1980,6,0.0
Çorlu,SPEI12,1980,7,0.0
Çorlu,SPEI12,1980,8,0.0
Çorlu,SPEI12,1980,9,0.0
Çorlu,SPEI12,1980,10,0.0
Çorlu,SPEI12,1980,11,0.0
Çorlu,SPEI12,1980,12,0.0
Çorlu,SPEI12,1981,1,0.0
Çorlu,SPEI12,1981,2,0.0
Çorlu,SPEI12,1981,3,0.0
Çorlu,SPEI12,1981,4,0.0
Çorlu,SPEI12,1981,5,0.0
Çorlu,SPEI12,1981,6,0.0
Çorlu,SPEI12,1981,7,0.0
Çorlu,SPEI12,1981,8,0.0
Çorlu,SPEI12,1981,9,0.0
Çorlu,SPEI12,1981,10,0.0
Çorlu,SPEI12,1981,11,0.0
Çorlu,SPEI12,1981,12,0.0
Çorlu,SPEI12,1982,1,0.711
Çorlu,SPEI12,1982,2,0.0
Çorlu,SPEI12,1982,3,0.0
Çorlu,SPEI12,1982,4,0.0
Çorlu,SPEI12,1982,5,0.0
Çorlu,SPEI12,1982,6,0.0
Çorlu,SPEI12,1982,7,0.0
Çorlu,SPEI12,1982,8,0.0
Çorlu,SPEI12,1982,9,0.0
Çorlu,SPEI12,1982,10,0.0
Çorlu,SPEI12,1982,11,0.0
Çorlu,SPEI12,1982,12,0.0
Çorlu,SPEI12,1983,1,1.629
Çorlu,SPEI12,1983,2,3.153
Çorlu,SPEI12,1983,3,4.387
Çorlu,SPEI12,1983,4,5.324
Çorlu,SPEI12,1983,5,6.038
Çorlu,SPEI12,1983,6,6.737
Çorlu,SPEI12,1983,7,7.326
Çorlu,SPEI12,1983,8,7.925
Çorlu,SPEI12,1983,9,8.636
Çorlu,SPEI12,1983,10,9.335
Çorlu,SPEI12,1983,11,9.678
Çorlu,SPEI12,1983,12,10.452
Çorlu,SPEI12,1984,1,0.886
Çorlu,SPEI12,1984,2,1.769
Çorlu,SPEI12,1984,3,2.655
Çorlu,SPEI12,1984,4,3.166
Çorlu,SPEI12,1984,5,3.509
Çorlu,SPEI12,1984,6,4.208
Çorlu,SPEI12,1984,7,4.973
Çorlu,SPEI12,1984,8,6.497
Çorlu,SPEI12,1984,9,8.126
Çorlu,SPEI12,1984,10,9.36
Çorlu,SPEI12,1984,11,10.246
Çorlu,SPEI12,1984,12,10.835
Çorlu,SPEI12,1985,1,1.376
Çorlu,SPEI12,1985,2,2.615
Çorlu,SPEI12,1985,3,3.596
Çorlu,SPEI12,1985,4,4.68
Çorlu,SPEI12,1985,5,5.857
Çorlu,SPEI12,1985,6,6.792
Çorlu,SPEI12,1985,7,7.586
Çorlu,SPEI12,1985,8,8.259
Çorlu,SPEI12,1985,9,8.838
Çorlu,SPEI12,1985,10,9.38
Çorlu,SPEI12,1985,11,0.0
Çorlu,SPEI12,1985,12,0.0
Çorlu,SPEI12,1986,1,0.43
Çorlu,SPEI12,1986,2,0.878
Çorlu,SPEI12,1986,3,1.457
Çorlu,SPEI12,1986,4,2.251
Çorlu,SPEI12,1986,5,3.49
Çorlu,SPEI12,1986,6,4.866
Çorlu,SPEI12,1986,7,5.847
Çorlu,SPEI12,1986,8,6.931
Çorlu,SPEI12,1986,9,8.108
Çorlu,SPEI12,1986,10,9.043
Çorlu,SPEI12,1986,11,9.716
Çorlu,SPEI12,1986,12,9.888
Çorlu,SPEI12,1987,1,1.313
Çorlu,SPEI12,1987,2,2.595
Çorlu,SPEI12,1987,3,3.552
Çorlu,SPEI12,1987,4,4.47
Çorlu,SPEI12,1987,5,5.555
Çorlu,SPEI12,1987,6,6.549
Çorlu,SPEI12,1987,7,7.506
Çorlu,SPEI12,1987,8,8.473
Çorlu,SPEI12,1987,9,9.603
Çorlu,SPEI12,1987,10,10.657
Çorlu,SPEI12,1987,11,11.614
Çorlu,SPEI12,1987,12,12.094
Çorlu,SPEI12,1988,1,1.122
Çorlu,SPEI12,1988,2,1.763
Çorlu,SPEI12,1988,3,2.656
Çorlu,SPEI12,1988,4,3.786
Çorlu,SPEI12,1988,5,4.948
Çorlu,SPEI12,1988,6,5.71
Çorlu,SPEI12,1988,7,6.704
Çorlu,SPEI12,1988,8,7.873
Çorlu,SPEI12,1988,9,8.746
Çorlu,SPEI12,1988,10,9.664
Çorlu,SPEI12,1988,11,10.946
Çorlu,SPEI12,1988,12,12.259
Çorlu,SPEI12,1989,1,1.128
Çorlu,SPEI12,1989,2,2.126
Çorlu,SPEI12,1989,3,1.882
Çorlu,SPEI12,1989,4,2.216
Çorlu,SPEI12,1989,5,2.551
Çorlu,SPEI12,1989,6,2.68
Çorlu,SPEI12,1989,7,2.695
Çorlu,SPEI12,1989,8,2.815
Çorlu,SPEI12,1989,9,0.0
Çorlu,SPEI12,1989,10,0.0
Çorlu,SPEI12,1989,11,0.0
Çorlu,SPEI12,1989,12,0.0
Çorlu,SPEI12,1990,1,1.425
Çorlu,SPEI12,1990,2,2.597
Çorlu,SPEI12,1990,3,3.878
Çorlu,SPEI12,1990,4,5.006
Çorlu,SPEI12,1990,5,6.004
Çorlu,SPEI12,1990,6,6.963
Çorlu,SPEI12,1990,7,7.961
Çorlu,SPEI12,1990,8,8.898
Çorlu,SPEI12,1990,9,9.625
Çorlu,SPEI12,1990,10,10.468
Çorlu,SPEI12,1990,11,11.169
Çorlu,SPEI12,1990,12,11.578
Çorlu,SPEI12,1991,1,0.167
Çorlu,SPEI12,1991,2,0.466
Çorlu,SPEI12,1991,3,1.152
Çorlu,SPEI12,1991,4,1.561
Çorlu,SPEI12,1991,5,2.262
Çorlu,SPEI12,1991,6,3.105
Çorlu,SPEI12,1991,7,3.832
Çorlu,SPEI12,1991,8,4.769
Çorlu,SPEI12,1991,9,5.803
Çorlu,SPEI12,1991,10,6.726
Çorlu,SPEI12,1991,11,8.151
Çorlu,SPEI12,1991,12,9.323
Çorlu,SPEI12,1992,1,1.093
Çorlu,SPEI12,1992,2,2.177
Çorlu,SPEI12,1992,3,3.167
Çorlu,SPEI12,1992,4,3.786
Çorlu,SPEI12,1992,5,4.149
Çorlu,SPEI12,1992,6,4.352
Çorlu,SPEI12,1992,7,4.869
Çorlu,SPEI12,1992,8,5.622
Çorlu,SPEI12,1992,9,0.0
Çorlu,SPEI12,1992,10,0.0
Çorlu,SPEI12,1992,11,0.0
Çorlu,SPEI12,1992,12,0.0
Çorlu,SPEI12,1993,1,0.821
Çorlu,SPEI12,1993,2,1.811
Çorlu,SPEI12,1993,3,2.904
Çorlu,SPEI12,1993,4,3.988
Çorlu,SPEI12,1993,5,4.607
Çorlu,SPEI12,1993,6,4.97
Çorlu,SPEI12,1993,7,5.408
Çorlu,SPEI12,1993,8,5.977
Çorlu,SPEI12,1993,9,6.443
Çorlu,SPEI12,1993,10,6.704
Çorlu,SPEI12,1993,11,7.244
Çorlu,SPEI12,1993,12,7.813
Çorlu,SPEI12,1994,1,1.77
Çorlu,SPEI12,1994,2,3.347
Çorlu,SPEI12,1994,3,4.875
Çorlu,SPEI12,1994,4,6.501
Çorlu,SPEI12,1994,5,8.106
Çorlu,SPEI12,1994,6,9.359
Çorlu,SPEI12,1994,7,10.728
Çorlu,SPEI12,1994,8,11.986
Çorlu,SPEI12,1994,9,13.201
Çorlu,SPEI12,1994,10,14.459
Çorlu,SPEI12,1994,11,15.641
Çorlu,SPEI12,1994,12,16.505
Çorlu,SPEI12,1995,1,0.108
Çorlu,SPEI12,1995,2,1.265
Çorlu,SPEI12,1995,3,2.634
Çorlu,SPEI12,1995,4,3.887
Çorlu,SPEI12,1995,5,5.657
Çorlu,SPEI12,1995,6,7.234
Çorlu,SPEI12,1995,7,8.762
Çorlu,SPEI12,1995,8,10.388
Çorlu,SPEI12,1995,9,11.993
Çorlu,SPEI12,1995,10,13.206
Çorlu,SPEI12,1995,11,14.466
Çorlu,SPEI12,1995,12,15.648
Çorlu,SPEI12,1996,1,0.349
Çorlu,SPEI12,1996,2,0.351
Çorlu,SPEI12,1996,3,0.0
Çorlu,SPEI12,1996,4,0.0
Çorlu,SPEI12,1996,5,0.0
Çorlu,SPEI12,1996,6,0.0
Çorlu,SPEI12,1996,7,0.0
Çorlu,SPEI12,1996,8,0.0
Çorlu,SPEI12,1996,9,0.0
Çorlu,SPEI12,1996,10,0.0
Çorlu,SPEI12,1996,11,0.0
Çorlu,SPEI12,1996,12,0.0
Çorlu,SPEI12,1997,1,0.508
Çorlu,SPEI12,1997,2,0.823
Çorlu,SPEI12,1997,3,0.961
Çorlu,SPEI12,1997,4,0.0
Çorlu,SPEI12,1997,5,0.0
Çorlu,SPEI12,1997,6,0.0
Çorlu,SPEI12,1997,7,0.0
Çorlu,SPEI12,1997,8,0.0
Çorlu,SPEI12,1997,9,0.0
Çorlu,SPEI12,1997,10,0.0
Çorlu,SPEI12,1997,11,0.0
Çorlu,SPEI12,1997,12,0.0
Çorlu,SPEI12,1998,1,0.0
Çorlu,SPEI12,1998,2,0.0
Çorlu,SPEI12,1998,3,0.0
Çorlu,SPEI12,1998,4,0.0
Çorlu,SPEI12,1998,5,0.0
Çorlu,SPEI12,1998,6,0.0
Çorlu,SPEI12,1998,7,0.0
Çorlu,SPEI12,1998,8,0.0
Çorlu,SPEI12,1998,9,0.0
Çorlu,SPEI12,1998,10,0.0
Çorlu,SPEI12,1998,11,0.0
Çorlu,SPEI12,1998,12,0.0
Çorlu,SPEI12,1999,1,0.0
Çorlu,SPEI12,1999,2,0.0
Çorlu,SPEI12,1999,3,0.0
Çorlu,SPEI12,1999,4,0.0
Çorlu,SPEI12,1999,5,0.0
Çorlu,SPEI12,1999,6,0.0
Çorlu,SPEI12,1999,7,0.0
Çorlu,SPEI12,1999,8,0.0
Çorlu,SPEI12,1999,9,0.0
Çorlu,SPEI12,1999,10,0.0
Çorlu,SPEI12,1999,11,0.0
Çorlu,SPEI12,1999,12,0.0
Çorlu,SPEI12,2000,1,1.04
Çorlu,SPEI12,2000,2,1.423
Çorlu,SPEI12,2000,3,0.0
Çorlu,SPEI12,2000,4,0.0
Çorlu,SPEI12,2000,5,0.0
Çorlu,SPEI12,2000,6,0.0
Çorlu,SPEI12,2000,7,0.0
Çorlu,SPEI12,2000,8,0.0
Çorlu,SPEI12,2000,9,0.0
Çorlu,SPEI12,2000,10,0.0
Çorlu,SPEI12,2000,11,0.0
Çorlu,SPEI12,2000,12,0.0
Çorlu,SPEI12,2001,1,1.939
Çorlu,SPEI12,2001,2,3.398
Çorlu,SPEI12,2001,3,4.983
Çorlu,SPEI12,2001,4,6.612
Çorlu,SPEI12,2001,5,8.143
Çorlu,SPEI12,2001,6,9.694
Çorlu,SPEI12,2001,7,10.925
Çorlu,SPEI12,2001,8,12.149
Çorlu,SPEI12,2001,9,13.38
Çorlu,SPEI12,2001,10,14.354
Çorlu,SPEI12,2001,11,15.516
Çorlu,SPEI12,2001,12,16.556
Çorlu,SPEI12,2002,1,0.164
Çorlu,SPEI12,2002,2,0.0
Çorlu,SPEI12,2002,3,0.0
Çorlu,SPEI12,2002,4,0.0
Çorlu,SPEI12,2002,5,0.0
Çorlu,SPEI12,2002,6,0.0
Çorlu,SPEI12,2002,7,0.0
Çorlu,SPEI12,2002,8,0.0
Çorlu,SPEI12,2002,9,0.0
Çorlu,SPEI12,2002,10,0.0
Çorlu,SPEI12,2002,11,0.0
Çorlu,SPEI12,2002,12,0.0
Çorlu,SPEI12,2003,1,0.408
Çorlu,SPEI12,2003,2,0.743
Çorlu,SPEI12,2003,3,0.0
Çorlu,SPEI12,2003,4,0.0
Çorlu,SPEI12,2003,5,0.0
Çorlu,SPEI12,2003,6,0.0
Çorlu,SPEI12,2003,7,0.0
Çorlu,SPEI12,2003,8,0.0
Çorlu,SPEI12,2003,9,0.0
Çorlu,SPEI12,2003,10,0.0
Çorlu,SPEI12,2003,11,0.0
Çorlu,SPEI12,2003,12,0.0
Çorlu,SPEI12,2004,1,1.213
Çorlu,SPEI12,2004,2,2.185
Çorlu,SPEI12,2004,3,3.12
Çorlu,SPEI12,2004,4,4.092
Çorlu,SPEI12,2004,5,4.407
Çorlu,SPEI12,2004,6,4.715
Çorlu,SPEI12,2004,7,5.123
Çorlu,SPEI12,2004,8,5.438
Çorlu,SPEI12,2004,9,5.525
Çorlu,SPEI12,2004,10,0.0
Çorlu,SPEI12,2004,11,0.0
Çorlu,SPEI12,2004,12,0.0
Çorlu,SPEI12,2005,1,1.049
Çorlu,SPEI12,2005,2,1.966
Çorlu,SPEI12,2005,3,2.484
Çorlu,SPEI12,2005,4,2.849
Çorlu,SPEI12,2005,5,3.367
Çorlu,SPEI12,2005,6,4.026
Çorlu,SPEI12,2005,7,4.737
Çorlu,SPEI12,2005,8,5.255
Çorlu,SPEI12,2005,9,5.999
Çorlu,SPEI12,2005,10,6.517
Çorlu,SPEI12,2005,11,6.801
Çorlu,SPEI12,2005,12,7.036
Çorlu,SPEI12,2006,1,0.496
Çorlu,SPEI12,2006,2,0.51
Çorlu,SPEI12,2006,3,0.0
Çorlu,SPEI12,2006,4,0.0
Çorlu,SPEI12,2006,5,0.0
Çorlu,SPEI12,2006,6,0.0
Çorlu,SPEI12,2006,7,0.0
Çorlu,SPEI12,2006,8,0.0
Çorlu,SPEI12,2006,9,0.0
Çorlu,SPEI12,2006,10,0.0
Çorlu,SPEI12,2006,11,0.0
Çorlu,SPEI12,2006,12,0.0
Çorlu,SPEI12,2007,1,2.998
Çorlu,SPEI12,2007,2,5.785
Çorlu,SPEI12,2007,3,7.851
Çorlu,SPEI12,2007,4,10.446
Çorlu,SPEI12,2007,5,11.674
Çorlu,SPEI12,2007,6,12.735
Çorlu,SPEI12,2007,7,13.596
Çorlu,SPEI12,2007,8,14.367
Çorlu,SPEI12,2007,9,15.428
Çorlu,SPEI12,2007,10,16.289
Çorlu,SPEI12,2007,11,16.993
Çorlu,SPEI12,2007,12,17.665
Çorlu,SPEI12,2008,1,1.616
Çorlu,SPEI12,2008,2,2.966
Çorlu,SPEI12,2008,3,2.788
Çorlu,SPEI12,2008,4,5.383
Çorlu,SPEI12,2008,5,7.449
Çorlu,SPEI12,2008,6,10.236
Çorlu,SPEI12,2008,7,13.234
Çorlu,SPEI12,2008,8,14.462
Çorlu,SPEI12,2008,9,15.257
Çorlu,SPEI12,2008,10,15.989
Çorlu,SPEI12,2008,11,17.155
Çorlu,SPEI12,2008,12,17.95
Çorlu,SPEI12,2009,1,1.486
Çorlu,SPEI12,2009,2,3.102
Çorlu,SPEI12,2009,3,4.452
Çorlu,SPEI12,2009,4,5.305
Çorlu,SPEI12,2009,5,5.825
Çorlu,SPEI12,2009,6,5.988
Çorlu,SPEI12,2009,7,6.242
Çorlu,SPEI12,2009,8,6.744
Çorlu,SPEI12,2009,9,6.764
Çorlu,SPEI12,2009,10,0.0
Çorlu,SPEI12,2009,11,0.0
Çorlu,SPEI12,2009,12,0.0
Çorlu,SPEI12,2010,1,0.0
Çorlu,SPEI12,2010,2,0.0
Çorlu,SPEI12,2010,3,0.0
Çorlu,SPEI12,2010,4,0.0
Çorlu,SPEI12,2010,5,0.0
Çorlu,SPEI12,2010,6,0.0
Çorlu,SPEI12,2010,7,0.0
Çorlu,SPEI12,2010,8,0.0
Çorlu,SPEI12,2010,9,0.0
Çorlu,SPEI12,2010,10,0.0
Çorlu,SPEI12,2010,11,0.0
Çorlu,SPEI12,2010,12,0.0
Çorlu,SPEI12,2011,1,0.0
Çorlu,SPEI12,2011,2,0.0
Çorlu,SPEI12,2011,3,0.0
Çorlu,SPEI12,2011,4,0.0
Çorlu,SPEI12,2011,5,0.0
Çorlu,SPEI12,2011,6,0.0
Çorlu,SPEI12,2011,7,0.0
Çorlu,SPEI12,2011,8,0.0
Çorlu,SPEI12,2011,9,0.0
Çorlu,SPEI12,2011,10,0.0
Çorlu,SPEI12,2011,11,0.0
Çorlu,SPEI12,2011,12,0.0
Çorlu,SPEI12,2012,1,1.118
Çorlu,SPEI12,2012,2,2.055
Çorlu,SPEI12,2012,3,2.704
Çorlu,SPEI12,2012,4,3.115
Çorlu,SPEI12,2012,5,3.498
Çorlu,SPEI12,2012,6,3.9
Çorlu,SPEI12,2012,7,3.925
Çorlu,SPEI12,2012,8,0.0
Çorlu,SPEI12,2012,9,0.0
Çorlu,SPEI12,2012,10,0.0
Çorlu,SPEI12,2012,11,0.0
Çorlu,SPEI12,2012,12,0.0
Çorlu,SPEI12,2013,1,0.137
Çorlu,SPEI12,2013,2,0.0
Çorlu,SPEI12,2013,3,0.0
Çorlu,SPEI12,2013,4,0.0
Çorlu,SPEI12,2013,5,0.0
Çorlu,SPEI12,2013,6,0.0
Çorlu,SPEI12,2013,7,0.0
Çorlu,SPEI12,2013,8,0.0
Çorlu,SPEI12,2013,9,0.0
Çorlu,SPEI12,2013,10,0.0
Çorlu,SPEI12,2013,11,0.0
Çorlu,SPEI12,2013,12,0.0
Çorlu,SPEI12,2014,1,1.407
Çorlu,SPEI12,2014,2,2.66
Çorlu,SPEI12,2014,3,3.769
Çorlu,SPEI12,2014,4,4.507
Çorlu,SPEI12,2014,5,5.203
Çorlu,SPEI12,2014,6,5.34
Çorlu,SPEI12,2014,7,5.35
Çorlu,SPEI12,2014,8,0.0
Çorlu,SPEI12,2014,9,0.0
Çorlu,SPEI12,2014,10,0.0
Çorlu,SPEI12,2014,11,0.0
Çorlu,SPEI12,2014,12,0.0
Çorlu,SPEI12,2015,1,0.31
Çorlu,SPEI12,2015,2,0.0
Çorlu,SPEI12,2015,3,0.0
Çorlu,SPEI12,2015,4,0.0
Çorlu,SPEI12,2015,5,0.0
Çorlu,SPEI12,2015,6,0.0
Çorlu,SPEI12,2015,7,0.0
Çorlu,SPEI12,2015,8,0.0
Çorlu,SPEI12,2015,9,0.0
Çorlu,SPEI12,2015,10,0.0
Çorlu,SPEI12,2015,11,0.0
Çorlu,SPEI12,2015,12,0.0
Çorlu,SPEI12,2016,1,1.898
Çorlu,SPEI12,2016,2,3.455
Çorlu,SPEI12,2016,3,4.871
Çorlu,SPEI12,2016,4,6.244
Çorlu,SPEI12,2016,5,7.232
Çorlu,SPEI12,2016,6,8.324
Çorlu,SPEI12,2016,7,9.626
Çorlu,SPEI12,2016,8,10.681
Çorlu,SPEI12,2016,9,12.054
Çorlu,SPEI12,2016,10,13.026
Çorlu,SPEI12,2016,11,13.82
Çorlu,SPEI12,2016,12,14.186
Çorlu,SPEI12,2017,1,1.169
Çorlu,SPEI12,2017,2,2.455
Çorlu,SPEI12,2017,3,4.012
Çorlu,SPEI12,2017,4,5.91
Çorlu,SPEI12,2017,5,7.326
Çorlu,SPEI12,2017,6,8.495
Çorlu,SPEI12,2017,7,9.487
Çorlu,SPEI12,2017,8,10.708
Çorlu,SPEI12,2017,9,11.877
Çorlu,SPEI12,2017,10,13.136
Çorlu,SPEI12,2017,11,14.305
Çorlu,SPEI12,2017,12,15.297
Çorlu,SPEI12,2018,1,0.0
Çorlu,SPEI12,2018,2,0.0
Çorlu,SPEI12,2018,3,0.0
Çorlu,SPEI12,2018,4,0.0
Çorlu,SPEI12,2018,5,0.0
Çorlu,SPEI12,2018,6,0.0
Çorlu,SPEI12,2018,7,0.0
Çorlu,SPEI12,2018,8,0.0
Çorlu,SPEI12,2018,9,0.0
Çorlu,SPEI12,2018,10,0.0
Çorlu,SPEI12,2018,11,0.0
Çorlu,SPEI12,2018,12,0.0
Çorlu,SPEI12,2019,1,1.928
Çorlu,SPEI12,2019,2,3.356
Çorlu,SPEI12,2019,3,3.904
Çorlu,SPEI12,2019,4,4.589
Çorlu,SPEI12,2019,5,4.743
Çorlu,SPEI12,2019,6,4.889
Çorlu,SPEI12,2019,7,0.0
Çorlu,SPEI12,2019,8,0.0
Çorlu,SPEI12,2019,9,0.0
Çorlu,SPEI12,2019,10,0.0
Çorlu,SPEI12,2019,11,0.0
Çorlu,SPEI12,2019,12,0.0
Çorlu,SPEI12,2020,1,2.536
Çorlu,SPEI12,2020,2,5.014
Çorlu,SPEI12,2020,3,7.255
Çorlu,SPEI12,2020,4,9.515
Çorlu,SPEI12,2020,5,11.443
Çorlu,SPEI12,2020,6,13.331
Çorlu,SPEI12,2020,7,14.759
Çorlu,SPEI12,2020,8,15.878
Çorlu,SPEI12,2020,9,17.144
Çorlu,SPEI12,2020,10,18.306
Çorlu,SPEI12,2020,11,19.669
Çorlu,SPEI12,2020,12,20.986
Çorlu,SPEI12,2021,1,0.525
Çorlu,SPEI12,2021,2,1.738
Çorlu,SPEI12,2021,3,3.056
Çorlu,SPEI12,2021,4,4.373
Çorlu,SPEI12,2021,5,5.736
Çorlu,SPEI12,2021,6,6.898
Çorlu,SPEI12,2021,7,8.164
Çorlu,SPEI12,2021,8,9.283
Çorlu,SPEI12,2021,9,11.171
Çorlu,SPEI12,2021,10,13.431
Çorlu,SPEI12,2021,11,15.672
Çorlu,SPEI12,2021,12,18.15
Çorlu,SPEI12,2022,1,1.968
Çorlu,SPEI12,2022,2,3.541
Çorlu,SPEI12,2022,3,4.715
Çorlu,SPEI12,2022,4,5.83
Çorlu,SPEI12,2022,5,6.665
Çorlu,SPEI12,2022,6,7.603
Çorlu,SPEI12,2022,7,8.825
Çorlu,SPEI12,2022,8,9.295
Çorlu,SPEI12,2022,9,9.455
Çorlu,SPEI12,2022,10,9.999
Çorlu,SPEI12,2022,11,10.372
Çorlu,SPEI12,2022,12,11.014
Çorlu,SPEI12,2023,1,4.753
Çorlu,SPEI12,2023,2,9.506
Çorlu,SPEI12,2023,3,11.921
Çorlu,SPEI12,2023,4,16.674
Çorlu,SPEI12,2023,5,18.951
Çorlu,SPEI12,2023,6,21.165
Çorlu,SPEI12,2023,7,23.613
Çorlu,SPEI12,2023,8,26.191
Çorlu,SPEI12,2023,9,29.103
Çorlu,SPEI12,2023,10,31.525
Çorlu,SPEI12,2023,11,33.493
Çorlu,SPEI12,2023,12,35.16
Çorlu,SPEI12,2024,1,2.902
Çorlu,SPEI12,2024,2,5.005
Çorlu,SPEI12,2024,3,7.033
Çorlu,SPEI12,2024,4,9.318
Çorlu,SPEI12,2024,5,11.733
Çorlu,SPEI12,2024,6,16.486
Çorlu,SPEI12,2024,7,21.239
Çorlu,SPEI12,2024,8,23.516
Çorlu,SPEI12,2024,9,25.73
Çorlu,SPEI12,2024,10,28.178
Çorlu,SPEI12,2024,11,30.756
Çorlu,SPEI12,2024,12,33.668
İpsala,SPI12,1966,1,0.0
İpsala,SPI12,1966,2,0.0
İpsala,SPI12,1966,3,0.0
İpsala,SPI12,1966,4,0.0
İpsala,SPI12,1966,5,0.0
İpsala,SPI12,1966,6,0.0
İpsala,SPI12,1966,7,0.0
İpsala,SPI12,1966,8,0.0
İpsala,SPI12,1966,9,0.0
İpsala,SPI12,1966,10,0.0
İpsala,SPI12,1966,11,0.0
İpsala,SPI12,1966,12,0.0
İpsala,SPI12,1967,1,0.339
İpsala,SPI12,1967,2,0.0
İpsala,SPI12,1967,3,0.0
İpsala,SPI12,1967,4,0.0
İpsala,SPI12,1967,5,0.0
İpsala,SPI12,1967,6,0.0
İpsala,SPI12,1967,7,0.0
İpsala,SPI12,1967,8,0.0
İpsala,SPI12,1967,9,0.0
İpsala,SPI12,1967,10,0.0
İpsala,SPI12,1967,11,0.0
İpsala,SPI12,1967,12,0.0
İpsala,SPI12,1968,1,0.498
İpsala,SPI12,1968,2,0.876
İpsala,SPI12,1968,3,1.055
İpsala,SPI12,1968,4,1.23
İpsala,SPI12,1968,5,1.367
İpsala,SPI12,1968,6,0.0
İpsala,SPI12,1968,7,0.0
İpsala,SPI12,1968,8,0.0
İpsala,SPI12,1968,9,0.0
İpsala,SPI12,1968,10,0.0
İpsala,SPI12,1968,11,0.0
İpsala,SPI12,1968,12,0.0
İpsala,SPI12,1969,1,0.131
İpsala,SPI12,1969,2,0.0
İpsala,SPI12,1969,3,0.0
İpsala,SPI12,1969,4,0.0
İpsala,SPI12,1969,5,0.0
İpsala,SPI12,1969,6,0.0
İpsala,SPI12,1969,7,0.0
İpsala,SPI12,1969,8,0.0
İpsala,SPI12,1969,9,0.0
İpsala,SPI12,1969,10,0.0
İpsala,SPI12,1969,11,0.0
İpsala,SPI12,1969,12,0.0
İpsala,SPI12,1970,1,0.0
İpsala,SPI12,1970,2,0.0
İpsala,SPI12,1970,3,0.0
İpsala,SPI12,1970,4,0.0
İpsala,SPI12,1970,5,0.0
İpsala,SPI12,1970,6,0.0
İpsala,SPI12,1970,7,0.0
İpsala,SPI12,1970,8,0.0
İpsala,SPI12,1970,9,0.0
İpsala,SPI12,1970,10,0.0
İpsala,SPI12,1970,11,0.0
İpsala,SPI12,1970,12,0.0
İpsala,SPI12,1971,1,0.211
İpsala,SPI12,1971,2,0.366
İpsala,SPI12,1971,3,0.0
İpsala,SPI12,1971,4,0.0
İpsala,SPI12,1971,5,0.0
İpsala,SPI12,1971,6,0.0
İpsala,SPI12,1971,7,0.0
İpsala,SPI12,1971,8,0.0
İpsala,SPI12,1971,9,0.0
İpsala,SPI12,1971,10,0.0
İpsala,SPI12,1971,11,0.0
İpsala,SPI12,1971,12,0.0
İpsala,SPI12,1972,1,0.927
İpsala,SPI12,1972,2,1.599
İpsala,SPI12,1972,3,2.11
İpsala,SPI12,1972,4,2.65
İpsala,SPI12,1972,5,3.386
İpsala,SPI12,1972,6,4.029
İpsala,SPI12,1972,7,4.54
İpsala,SPI12,1972,8,4.768
İpsala,SPI12,1972,9,4.889
İpsala,SPI12,1972,10,0.0
İpsala,SPI12,1972,11,0.0
İpsala,SPI12,1972,12,0.0
İpsala,SPI12,1973,1,0.0
İpsala,SPI12,1973,2,0.0
İpsala,SPI12,1973,3,0.0
İpsala,SPI12,1973,4,0.0
İpsala,SPI12,1973,5,0.0
İpsala,SPI12,1973,6,0.0
İpsala,SPI12,1973,7,0.0
İpsala,SPI12,1973,8,0.0
İpsala,SPI12,1973,9,0.0
İpsala,SPI12,1973,10,0.0
İpsala,SPI12,1973,11,0.0
İpsala,SPI12,1973,12,0.0
İpsala,SPI12,1974,1,0.764
İpsala,SPI12,1974,2,1.502
İpsala,SPI12,1974,3,2.232
İpsala,SPI12,1974,4,2.836
İpsala,SPI12,1974,5,3.302
İpsala,SPI12,1974,6,4.029
İpsala,SPI12,1974,7,4.633
İpsala,SPI12,1974,8,5.111
İpsala,SPI12,1974,9,5.57
İpsala,SPI12,1974,10,5.714
İpsala,SPI12,1974,11,0.0
İpsala,SPI12,1974,12,0.0
İpsala,SPI12,1975,1,0.0
İpsala,SPI12,1975,2,0.0
İpsala,SPI12,1975,3,0.0
İpsala,SPI12,1975,4,0.0
İpsala,SPI12,1975,5,0.0
İpsala,SPI12,1975,6,0.0
İpsala,SPI12,1975,7,0.0
İpsala,SPI12,1975,8,0.0
İpsala,SPI12,1975,9,0.0
İpsala,SPI12,1975,10,0.0
İpsala,SPI12,1975,11,0.0
İpsala,SPI12,1975,12,0.0
İpsala,SPI12,1976,1,0.0
İpsala,SPI12,1976,2,0.0
İpsala,SPI12,1976,3,0.0
İpsala,SPI12,1976,4,0.0
İpsala,SPI12,1976,5,0.0
İpsala,SPI12,1976,6,0.0
İpsala,SPI12,1976,7,0.0
İpsala,SPI12,1976,8,0.0
İpsala,SPI12,1976,9,0.0
İpsala,SPI12,1976,10,0.0
İpsala,SPI12,1976,11,0.0
İpsala,SPI12,1976,12,0.0
İpsala,SPI12,1977,1,0.601
İpsala,SPI12,1977,2,0.798
İpsala,SPI12,1977,3,1.086
İpsala,SPI12,1977,4,1.213
İpsala,SPI12,1977,5,1.551
İpsala,SPI12,1977,6,1.651
İpsala,SPI12,1977,7,1.672
İpsala,SPI12,1977,8,0.0
İpsala,SPI12,1977,9,0.0
İpsala,SPI12,1977,10,0.0
İpsala,SPI12,1977,11,0.0
İpsala,SPI12,1977,12,0.0
İpsala,SPI12,1978,1,0.774
İpsala,SPI12,1978,2,1.461
İpsala,SPI12,1978,3,2.062
İpsala,SPI12,1978,4,2.454
İpsala,SPI12,1978,5,2.651
İpsala,SPI12,1978,6,2.939
İpsala,SPI12,1978,7,3.066
İpsala,SPI12,1978,8,3.404
İpsala,SPI12,1978,9,3.504
İpsala,SPI12,1978,10,3.78
İpsala,SPI12,1978,11,3.977
İpsala,SPI12,1978,12,4.265
İpsala,SPI12,1979,1,0.0
İpsala,SPI12,1979,2,0.0
İpsala,SPI12,1979,3,0.0
İpsala,SPI12,1979,4,0.0
İpsala,SPI12,1979,5,0.0
İpsala,SPI12,1979,6,0.0
İpsala,SPI12,1979,7,0.0
İpsala,SPI12,1979,8,0.0
İpsala,SPI12,1979,9,0.0
İpsala,SPI12,1979,10,0.0
İpsala,SPI12,1979,11,0.0
İpsala,SPI12,1979,12,0.0
İpsala,SPI12,1980,1,0.167
İpsala,SPI12,1980,2,0.0
İpsala,SPI12,1980,3,0.0
İpsala,SPI12,1980,4,0.0
İpsala,SPI12,1980,5,0.0
İpsala,SPI12,1980,6,0.0
İpsala,SPI12,1980,7,0.0
İpsala,SPI12,1980,8,0.0
İpsala,SPI12,1980,9,0.0
İpsala,SPI12,1980,10,0.0
İpsala,SPI12,1980,11,0.0
İpsala,SPI12,1980,12,0.0
İpsala,SPI12,1981,1,0.0
İpsala,SPI12,1981,2,0.0
İpsala,SPI12,1981,3,0.0
İpsala,SPI12,1981,4,0.0
İpsala,SPI12,1981,5,0.0
İpsala,SPI12,1981,6,0.0
İpsala,SPI12,1981,7,0.0
İpsala,SPI12,1981,8,0.0
İpsala,SPI12,1981,9,0.0
İpsala,SPI12,1981,10,0.0
İpsala,SPI12,1981,11,0.0
İpsala,SPI12,1981,12,0.0
İpsala,SPI12,1982,1,0.193
İpsala,SPI12,1982,2,0.0
İpsala,SPI12,1982,3,0.0
İpsala,SPI12,1982,4,0.0
İpsala,SPI12,1982,5,0.0
İpsala,SPI12,1982,6,0.0
İpsala,SPI12,1982,7,0.0
İpsala,SPI12,1982,8,0.0
İpsala,SPI12,1982,9,0.0
İpsala,SPI12,1982,10,0.0
İpsala,SPI12,1982,11,0.0
İpsala,SPI12,1982,12,0.0
İpsala,SPI12,1983,1,1.193
İpsala,SPI12,1983,2,2.374
İpsala,SPI12,1983,3,3.076
İpsala,SPI12,1983,4,3.651
İpsala,SPI12,1983,5,3.874
İpsala,SPI12,1983,6,4.174
İpsala,SPI12,1983,7,4.367
İpsala,SPI12,1983,8,4.433
İpsala,SPI12,1983,9,4.514
İpsala,SPI12,1983,10,0.0
İpsala,SPI12,1983,11,0.0
İpsala,SPI12,1983,12,0.0
İpsala,SPI12,1984,1,0.102
İpsala,SPI12,1984,2,0.0
İpsala,SPI12,1984,3,0.0
İpsala,SPI12,1984,4,0.0
İpsala,SPI12,1984,5,0.0
İpsala,SPI12,1984,6,0.0
İpsala,SPI12,1984,7,0.0
İpsala,SPI12,1984,8,0.0
İpsala,SPI12,1984,9,0.0
İpsala,SPI12,1984,10,0.0
İpsala,SPI12,1984,11,0.0
İpsala,SPI12,1984,12,0.0
İpsala,SPI12,1985,1,1.718
İpsala,SPI12,1985,2,3.429
İpsala,SPI12,1985,3,4.999
İpsala,SPI12,1985,4,6.471
İpsala,SPI12,1985,5,8.135
İpsala,SPI12,1985,6,9.678
İpsala,SPI12,1985,7,11.15
İpsala,SPI12,1985,8,12.332
İpsala,SPI12,1985,9,13.758
İpsala,SPI12,1985,10,14.872
İpsala,SPI12,1985,11,14.946
İpsala,SPI12,1985,12,14.97
İpsala,SPI12,1986,1,1.138
İpsala,SPI12,1986,2,2.564
İpsala,SPI12,1986,3,3.746
İpsala,SPI12,1986,4,5.218
İpsala,SPI12,1986,5,6.936
İpsala,SPI12,1986,6,8.647
İpsala,SPI12,1986,7,10.217
İpsala,SPI12,1986,8,11.658
İpsala,SPI12,1986,9,13.353
İpsala,SPI12,1986,10,14.896
İpsala,SPI12,1986,11,16.01
İpsala,SPI12,1986,12,16.469
İpsala,SPI12,1987,1,1.73
İpsala,SPI12,1987,2,3.197
İpsala,SPI12,1987,3,4.328
İpsala,SPI12,1987,4,5.552
İpsala,SPI12,1987,5,6.653
İpsala,SPI12,1987,6,7.715
İpsala,SPI12,1987,7,8.715
İpsala,SPI12,1987,8,9.585
İpsala,SPI12,1987,9,10.524
İpsala,SPI12,1987,10,11.275
İpsala,SPI12,1987,11,11.844
İpsala,SPI12,1987,12,12.591
İpsala,SPI12,1988,1,0.136
İpsala,SPI12,1988,2,0.0
İpsala,SPI12,1988,3,0.0
İpsala,SPI12,1988,4,0.0
İpsala,SPI12,1988,5,0.0
İpsala,SPI12,1988,6,0.0
İpsala,SPI12,1988,7,0.0
İpsala,SPI12,1988,8,0.0
İpsala,SPI12,1988,9,0.0
İpsala,SPI12,1988,10,0.0
İpsala,SPI12,1988,11,0.0
İpsala,SPI12,1988,12,0.0
İpsala,SPI12,1989,1,0.598
İpsala,SPI12,1989,2,1.049
İpsala,SPI12,1989,3,1.57
İpsala,SPI12,1989,4,1.936
İpsala,SPI12,1989,5,2.223
İpsala,SPI12,1989,6,2.415
İpsala,SPI12,1989,7,2.648
İpsala,SPI12,1989,8,2.784
İpsala,SPI12,1989,9,2.843
İpsala,SPI12,1989,10,2.884
İpsala,SPI12,1989,11,0.0
İpsala,SPI12,1989,12,0.0
İpsala,SPI12,1990,1,1.242
İpsala,SPI12,1990,2,2.462
İpsala,SPI12,1990,3,3.514
İpsala,SPI12,1990,4,4.598
İpsala,SPI12,1990,5,5.162
İpsala,SPI12,1990,6,5.679
İpsala,SPI12,1990,7,6.148
İpsala,SPI12,1990,8,6.556
İpsala,SPI12,1990,9,6.945
İpsala,SPI12,1990,10,7.509
İpsala,SPI12,1990,11,7.699
İpsala,SPI12,1990,12,8.06
İpsala,SPI12,1991,1,0.575
İpsala,SPI12,1991,2,1.139
İpsala,SPI12,1991,3,2.359
İpsala,SPI12,1991,4,3.601
İpsala,SPI12,1991,5,4.653
İpsala,SPI12,1991,6,5.737
İpsala,SPI12,1991,7,6.254
İpsala,SPI12,1991,8,6.723
İpsala,SPI12,1991,9,7.142
İpsala,SPI12,1991,10,7.55
İpsala,SPI12,1991,11,8.084
İpsala,SPI12,1991,12,8.503
İpsala,SPI12,1992,1,1.299
İpsala,SPI12,1992,2,2.395
İpsala,SPI12,1992,3,3.151
İpsala,SPI12,1992,4,3.753
İpsala,SPI12,1992,5,4.329
İpsala,SPI12,1992,6,4.899
İpsala,SPI12,1992,7,5.419
İpsala,SPI12,1992,8,6.2
İpsala,SPI12,1992,9,6.676
İpsala,SPI12,1992,10,7.043
İpsala,SPI12,1992,11,7.623
İpsala,SPI12,1992,12,8.053
İpsala,SPI12,1993,1,1.396
İpsala,SPI12,1993,2,2.648
İpsala,SPI12,1993,3,3.744
İpsala,SPI12,1993,4,4.724
İpsala,SPI12,1993,5,6.015
İpsala,SPI12,1993,6,7.249
İpsala,SPI12,1993,7,8.345
İpsala,SPI12,1993,8,9.211
İpsala,SPI12,1993,9,10.087
İpsala,SPI12,1993,10,10.964
İpsala,SPI12,1993,11,11.875
İpsala,SPI12,1993,12,12.969
İpsala,SPI12,1994,1,1.436
İpsala,SPI12,1994,2,2.584
İpsala,SPI12,1994,3,3.689
İpsala,SPI12,1994,4,4.892
İpsala,SPI12,1994,5,5.814
İpsala,SPI12,1994,6,6.448
İpsala,SPI12,1994,7,7.313
İpsala,SPI12,1994,8,8.079
İpsala,SPI12,1994,9,8.809
İpsala,SPI12,1994,10,9.838
İpsala,SPI12,1994,11,10.829
İpsala,SPI12,1994,12,11.809
İpsala,SPI12,1995,1,0.0
İpsala,SPI12,1995,2,0.0
İpsala,SPI12,1995,3,0.0
İpsala,SPI12,1995,4,0.0
İpsala,SPI12,1995,5,0.0
İpsala,SPI12,1995,6,0.0
İpsala,SPI12,1995,7,0.0
İpsala,SPI12,1995,8,0.0
İpsala,SPI12,1995,9,0.0
İpsala,SPI12,1995,10,0.0
İpsala,SPI12,1995,11,0.0
İpsala,SPI12,1995,12,0.0
İpsala,SPI12,1996,1,0.0
İpsala,SPI12,1996,2,0.0
İpsala,SPI12,1996,3,0.0
İpsala,SPI12,1996,4,0.0
İpsala,SPI12,1996,5,0.0
İpsala,SPI12,1996,6,0.0
İpsala,SPI12,1996,7,0.0
İpsala,SPI12,1996,8,0.0
İpsala,SPI12,1996,9,0.0
İpsala,SPI12,1996,10,0.0
İpsala,SPI12,1996,11,0.0
İpsala,SPI12,1996,12,0.0
İpsala,SPI12,1997,1,0.292
İpsala,SPI12,1997,2,0.315
İpsala,SPI12,1997,3,0.0
İpsala,SPI12,1997,4,0.0
İpsala,SPI12,1997,5,0.0
İpsala,SPI12,1997,6,0.0
İpsala,SPI12,1997,7,0.0
İpsala,SPI12,1997,8,0.0
İpsala,SPI12,1997,9,0.0
İpsala,SPI12,1997,10,0.0
İpsala,SPI12,1997,11,0.0
İpsala,SPI12,1997,12,0.0
İpsala,SPI12,1998,1,0.0
İpsala,SPI12,1998,2,0.0
İpsala,SPI12,1998,3,0.0
İpsala,SPI12,1998,4,0.0
İpsala,SPI12,1998,5,0.0
İpsala,SPI12,1998,6,0.0
İpsala,SPI12,1998,7,0.0
İpsala,SPI12,1998,8,0.0
İpsala,SPI12,1998,9,0.0
İpsala,SPI12,1998,10,0.0
İpsala,SPI12,1998,11,0.0
İpsala,SPI12,1998,12,0.0
İpsala,SPI12,1999,1,0.0
İpsala,SPI12,1999,2,0.0
İpsala,SPI12,1999,3,0.0
İpsala,SPI12,1999,4,0.0
İpsala,SPI12,1999,5,0.0
İpsala,SPI12,1999,6,0.0
İpsala,SPI12,1999,7,0.0
İpsala,SPI12,1999,8,0.0
İpsala,SPI12,1999,9,0.0
İpsala,SPI12,1999,10,0.0
İpsala,SPI12,1999,11,0.0
İpsala,SPI12,1999,12,0.0
İpsala,SPI12,2000,1,0.366
İpsala,SPI12,2000,2,0.182
İpsala,SPI12,2000,3,0.0
İpsala,SPI12,2000,4,0.0
İpsala,SPI12,2000,5,0.0
İpsala,SPI12,2000,6,0.0
İpsala,SPI12,2000,7,0.0
İpsala,SPI12,2000,8,0.0
İpsala,SPI12,2000,9,0.0
İpsala,SPI12,2000,10,0.0
İpsala,SPI12,2000,11,0.0
İpsala,SPI12,2000,12,0.0
İpsala,SPI12,2001,1,0.843
İpsala,SPI12,2001,2,1.163
İpsala,SPI12,2001,3,0.0
İpsala,SPI12,2001,4,0.0
İpsala,SPI12,2001,5,0.0
İpsala,SPI12,2001,6,0.0
İpsala,SPI12,2001,7,0.0
İpsala,SPI12,2001,8,0.0
İpsala,SPI12,2001,9,0.0
İpsala,SPI12,2001,10,0.0
İpsala,SPI12,2001,11,0.0
İpsala,SPI12,2001,12,0.0
İpsala,SPI12,2002,1,0.545
İpsala,SPI12,2002,2,1.014
İpsala,SPI12,2002,3,1.526
İpsala,SPI12,2002,4,1.976
İpsala,SPI12,2002,5,2.343
İpsala,SPI12,2002,6,2.455
İpsala,SPI12,2002,7,0.0
İpsala,SPI12,2002,8,0.0
İpsala,SPI12,2002,9,0.0
İpsala,SPI12,2002,10,0.0
İpsala,SPI12,2002,11,0.0
İpsala,SPI12,2002,12,0.0
İpsala,SPI12,2003,1,0.273
İpsala,SPI12,2003,2,0.362
İpsala,SPI12,2003,3,0.0
İpsala,SPI12,2003,4,0.0
İpsala,SPI12,2003,5,0.0
İpsala,SPI12,2003,6,0.0
İpsala,SPI12,2003,7,0.0
İpsala,SPI12,2003,8,0.0
İpsala,SPI12,2003,9,0.0
İpsala,SPI12,2003,10,0.0
İpsala,SPI12,2003,11,0.0
İpsala,SPI12,2003,12,0.0
İpsala,SPI12,2004,1,1.396
İpsala,SPI12,2004,2,2.581
İpsala,SPI12,2004,3,3.519
İpsala,SPI12,2004,4,4.116
İpsala,SPI12,2004,5,4.56
İpsala,SPI12,2004,6,4.993
İpsala,SPI12,2004,7,5.607
İpsala,SPI12,2004,8,6.255
İpsala,SPI12,2004,9,6.744
İpsala,SPI12,2004,10,7.049
İpsala,SPI12,2004,11,7.977
İpsala,SPI12,2004,12,8.366
İpsala,SPI12,2005,1,0.933
İpsala,SPI12,2005,2,1.871
İpsala,SPI12,2005,3,3.056
İpsala,SPI12,2005,4,4.452
İpsala,SPI12,2005,5,5.049
İpsala,SPI12,2005,6,5.493
İpsala,SPI12,2005,7,5.926
İpsala,SPI12,2005,8,6.54
İpsala,SPI12,2005,9,7.188
İpsala,SPI12,2005,10,7.677
İpsala,SPI12,2005,11,7.982
İpsala,SPI12,2005,12,8.91
İpsala,SPI12,2006,1,0.0
İpsala,SPI12,2006,2,0.0
İpsala,SPI12,2006,3,0.0
İpsala,SPI12,2006,4,0.0
İpsala,SPI12,2006,5,0.0
İpsala,SPI12,2006,6,0.0
İpsala,SPI12,2006,7,0.0
İpsala,SPI12,2006,8,0.0
İpsala,SPI12,2006,9,0.0
İpsala,SPI12,2006,10,0.0
İpsala,SPI12,2006,11,0.0
İpsala,SPI12,2006,12,0.0
İpsala,SPI12,2007,1,1.28
İpsala,SPI12,2007,2,2.422
İpsala,SPI12,2007,3,3.405
İpsala,SPI12,2007,4,4.409
İpsala,SPI12,2007,5,5.152
İpsala,SPI12,2007,6,5.842
İpsala,SPI12,2007,7,6.731
İpsala,SPI12,2007,8,7.638
İpsala,SPI12,2007,9,8.074
İpsala,SPI12,2007,10,8.449
İpsala,SPI12,2007,11,8.732
İpsala,SPI12,2007,12,8.981
İpsala,SPI12,2008,1,2.016
İpsala,SPI12,2008,2,3.45
İpsala,SPI12,2008,3,4.254
İpsala,SPI12,2008,4,4.623
İpsala,SPI12,2008,5,4.972
İpsala,SPI12,2008,6,5.309
İpsala,SPI12,2008,7,5.727
İpsala,SPI12,2008,8,6.266
İpsala,SPI12,2008,9,6.795
İpsala,SPI12,2008,10,7.684
İpsala,SPI12,2008,11,8.591
İpsala,SPI12,2008,12,9.027
İpsala,SPI12,2009,1,1.427
İpsala,SPI12,2009,2,3.443
İpsala,SPI12,2009,3,4.877
İpsala,SPI12,2009,4,5.729
İpsala,SPI12,2009,5,6.533
İpsala,SPI12,2009,6,6.99
İpsala,SPI12,2009,7,7.526
İpsala,SPI12,2009,8,8.143
İpsala,SPI12,2009,9,8.905
İpsala,SPI12,2009,10,9.772
İpsala,SPI12,2009,11,10.576
İpsala,SPI12,2009,12,10.945
İpsala,SPI12,2010,1,0.0
İpsala,SPI12,2010,2,0.0
İpsala,SPI12,2010,3,0.0
İpsala,SPI12,2010,4,0.0
İpsala,SPI12,2010,5,0.0
İpsala,SPI12,2010,6,0.0
İpsala,SPI12,2010,7,0.0
İpsala,SPI12,2010,8,0.0
İpsala,SPI12,2010,9,0.0
İpsala,SPI12,2010,10,0.0
İpsala,SPI12,2010,11,0.0
İpsala,SPI12,2010,12,0.0
İpsala,SPI12,2011,1,2.554
İpsala,SPI12,2011,2,4.46
İpsala,SPI12,2011,3,6.159
İpsala,SPI12,2011,4,7.735
İpsala,SPI12,2011,5,9.406
İpsala,SPI12,2011,6,10.956
İpsala,SPI12,2011,7,12.405
İpsala,SPI12,2011,8,13.277
İpsala,SPI12,2011,9,13.985
İpsala,SPI12,2011,10,14.544
İpsala,SPI12,2011,11,14.753
İpsala,SPI12,2011,12,0.0
İpsala,SPI12,2012,1,1.367
İpsala,SPI12,2012,2,2.917
İpsala,SPI12,2012,3,5.471
İpsala,SPI12,2012,4,7.377
İpsala,SPI12,2012,5,9.076
İpsala,SPI12,2012,6,10.652
İpsala,SPI12,2012,7,12.323
İpsala,SPI12,2012,8,13.772
İpsala,SPI12,2012,9,14.647
İpsala,SPI12,2012,10,15.519
İpsala,SPI12,2012,11,16.229
İpsala,SPI12,2012,12,16.937
İpsala,SPI12,2013,1,0.0
İpsala,SPI12,2013,2,0.0
İpsala,SPI12,2013,3,0.0
İpsala,SPI12,2013,4,0.0
İpsala,SPI12,2013,5,0.0
İpsala,SPI12,2013,6,0.0
İpsala,SPI12,2013,7,0.0
İpsala,SPI12,2013,8,0.0
İpsala,SPI12,2013,9,0.0
İpsala,SPI12,2013,10,0.0
İpsala,SPI12,2013,11,0.0
İpsala,SPI12,2013,12,0.0
İpsala,SPI12,2014,1,0.0
İpsala,SPI12,2014,2,0.0
İpsala,SPI12,2014,3,0.0
İpsala,SPI12,2014,4,0.0
İpsala,SPI12,2014,5,0.0
İpsala,SPI12,2014,6,0.0
İpsala,SPI12,2014,7,0.0
İpsala,SPI12,2014,8,0.0
İpsala,SPI12,2014,9,0.0
İpsala,SPI12,2014,10,0.0
İpsala,SPI12,2014,11,0.0
İpsala,SPI12,2014,12,0.0
İpsala,SPI12,2015,1,0.148
İpsala,SPI12,2015,2,0.0
İpsala,SPI12,2015,3,0.0
İpsala,SPI12,2015,4,0.0
İpsala,SPI12,2015,5,0.0
İpsala,SPI12,2015,6,0.0
İpsala,SPI12,2015,7,0.0
İpsala,SPI12,2015,8,0.0
İpsala,SPI12,2015,9,0.0
İpsala,SPI12,2015,10,0.0
İpsala,SPI12,2015,11,0.0
İpsala,SPI12,2015,12,0.0
İpsala,SPI12,2016,1,1.582
İpsala,SPI12,2016,2,2.888
İpsala,SPI12,2016,3,4.366
İpsala,SPI12,2016,4,5.077
İpsala,SPI12,2016,5,5.392
İpsala,SPI12,2016,6,5.556
İpsala,SPI12,2016,7,5.796
İpsala,SPI12,2016,8,5.828
İpsala,SPI12,2016,9,6.212
İpsala,SPI12,2016,10,6.365
İpsala,SPI12,2016,11,0.0
İpsala,SPI12,2016,12,0.0
İpsala,SPI12,2017,1,2.583
İpsala,SPI12,2017,2,5.106
İpsala,SPI12,2017,3,7.551
İpsala,SPI12,2017,4,9.845
İpsala,SPI12,2017,5,12.299
İpsala,SPI12,2017,6,14.744
İpsala,SPI12,2017,7,17.038
İpsala,SPI12,2017,8,19.363
İpsala,SPI12,2017,9,21.267
İpsala,SPI12,2017,10,22.745
İpsala,SPI12,2017,11,24.228
İpsala,SPI12,2017,12,25.769
İpsala,SPI12,2018,1,1.98
İpsala,SPI12,2018,2,3.521
İpsala,SPI12,2018,3,5.193
İpsala,SPI12,2018,4,6.596
İpsala,SPI12,2018,5,8.807
İpsala,SPI12,2018,6,11.101
İpsala,SPI12,2018,7,13.546
İpsala,SPI12,2018,8,16.069
İpsala,SPI12,2018,9,18.652
İpsala,SPI12,2018,10,20.875
İpsala,SPI12,2018,11,23.329
İpsala,SPI12,2018,12,25.845
İpsala,SPI12,2019,1,1.622
İpsala,SPI12,2019,2,2.915
İpsala,SPI12,2019,3,4.269
İpsala,SPI12,2019,4,5.573
İpsala,SPI12,2019,5,6.863
İpsala,SPI12,2019,6,8.485
İpsala,SPI12,2019,7,9.756
İpsala,SPI12,2019,8,10.827
İpsala,SPI12,2019,9,12.05
İpsala,SPI12,2019,10,13.407
İpsala,SPI12,2019,11,14.96
İpsala,SPI12,2019,12,16.322
İpsala,SPI12,2020,1,1.425
İpsala,SPI12,2020,2,2.754
İpsala,SPI12,2020,3,3.958
İpsala,SPI12,2020,4,5.15
İpsala,SPI12,2020,5,6.198
İpsala,SPI12,2020,6,7.158
İpsala,SPI12,2020,7,8.339
İpsala,SPI12,2020,8,9.366
İpsala,SPI12,2020,9,10.29
İpsala,SPI12,2020,10,11.434
İpsala,SPI12,2020,11,12.863
İpsala,SPI12,2020,12,14.192
İpsala,SPI12,2021,1,0.978
İpsala,SPI12,2021,2,1.919
İpsala,SPI12,2021,3,3.094
İpsala,SPI12,2021,4,4.14
İpsala,SPI12,2021,5,5.255
İpsala,SPI12,2021,6,6.256
İpsala,SPI12,2021,7,7.318
İpsala,SPI12,2021,8,8.102
İpsala,SPI12,2021,9,8.788
İpsala,SPI12,2021,10,9.592
İpsala,SPI12,2021,11,10.784
İpsala,SPI12,2021,12,12.113
İpsala,SPI12,2022,1,2.218
İpsala,SPI12,2022,2,3.285
İpsala,SPI12,2022,3,3.93
İpsala,SPI12,2022,4,4.351
İpsala,SPI12,2022,5,4.728
İpsala,SPI12,2022,6,5.181
İpsala,SPI12,2022,7,5.758
İpsala,SPI12,2022,8,6.179
İpsala,SPI12,2022,9,6.369
İpsala,SPI12,2022,10,6.683
İpsala,SPI12,2022,11,6.752
İpsala,SPI12,2022,12,7.457
İpsala,SPI12,2023,1,3.057
İpsala,SPI12,2023,2,5.826
İpsala,SPI12,2023,3,8.383
İpsala,SPI12,2023,4,10.7
İpsala,SPI12,2023,5,13.034
İpsala,SPI12,2023,6,15.466
İpsala,SPI12,2023,7,18.134
İpsala,SPI12,2023,8,20.86
İpsala,SPI12,2023,9,23.46
İpsala,SPI12,2023,10,25.633
İpsala,SPI12,2023,11,27.851
İpsala,SPI12,2023,12,28.918
İpsala,SPI12,2024,1,1.866
İpsala,SPI12,2024,2,3.37
İpsala,SPI12,2024,3,3.86
İpsala,SPI12,2024,4,5.353
İpsala,SPI12,2024,5,8.079
İpsala,SPI12,2024,6,10.747
İpsala,SPI12,2024,7,13.179
İpsala,SPI12,2024,8,15.513
İpsala,SPI12,2024,9,17.83
İpsala,SPI12,2024,10,20.387
İpsala,SPI12,2024,11,23.156
İpsala,SPI12,2024,12,26.213
İpsala,SPEI12,1966,1,0.0
İpsala,SPEI12,1966,2,0.0
İpsala,SPEI12,1966,3,0.0
İpsala,SPEI12,1966,4,0.0
İpsala,SPEI12,1966,5,0.0
İpsala,SPEI12,1966,6,0.0
İpsala,SPEI12,1966,7,0.0
İpsala,SPEI12,1966,8,0.0
İpsala,SPEI12,1966,9,0.0
İpsala,SPEI12,1966,10,0.0
İpsala,SPEI12,1966,11,0.0
İpsala,SPEI12,1966,12,0.0
İpsala,SPEI12,1967,1,0.077
İpsala,SPEI12,1967,2,0.0
İpsala,SPEI12,1967,3,0.0
İpsala,SPEI12,1967,4,0.0
İpsala,SPEI12,1967,5,0.0
İpsala,SPEI12,1967,6,0.0
İpsala,SPEI12,1967,7,0.0
İpsala,SPEI12,1967,8,0.0
İpsala,SPEI12,1967,9,0.0
İpsala,SPEI12,1967,10,0.0
İpsala,SPEI12,1967,11,0.0
İpsala,SPEI12,1967,12,0.0
İpsala,SPEI12,1968,1,0.717
İpsala,SPEI12,1968,2,1.296
İpsala,SPEI12,1968,3,1.629
İpsala,SPEI12,1968,4,1.955
İpsala,SPEI12,1968,5,2.067
İpsala,SPEI12,1968,6,2.17
İpsala,SPEI12,1968,7,2.191
İpsala,SPEI12,1968,8,2.215
İpsala,SPEI12,1968,9,0.0
İpsala,SPEI12,1968,10,0.0
İpsala,SPEI12,1968,11,0.0
İpsala,SPEI12,1968,12,0.0
İpsala,SPEI12,1969,1,0.131
İpsala,SPEI12,1969,2,0.0
İpsala,SPEI12,1969,3,0.0
İpsala,SPEI12,1969,4,0.0
İpsala,SPEI12,1969,5,0.0
İpsala,SPEI12,1969,6,0.0
İpsala,SPEI12,1969,7,0.0
İpsala,SPEI12,1969,8,0.0
İpsala,SPEI12,1969,9,0.0
İpsala,SPEI12,1969,10,0.0
İpsala,SPEI12,1969,11,0.0
İpsala,SPEI12,1969,12,0.0
İpsala,SPEI12,1970,1,0.157
İpsala,SPEI12,1970,2,0.225
İpsala,SPEI12,1970,3,0.273
İpsala,SPEI12,1970,4,0.0
İpsala,SPEI12,1970,5,0.0
İpsala,SPEI12,1970,6,0.0
İpsala,SPEI12,1970,7,0.0
İpsala,SPEI12,1970,8,0.0
İpsala,SPEI12,1970,9,0.0
İpsala,SPEI12,1970,10,0.0
İpsala,SPEI12,1970,11,0.0
İpsala,SPEI12,1970,12,0.0
İpsala,SPEI12,1971,1,0.269
İpsala,SPEI12,1971,2,0.436
İpsala,SPEI12,1971,3,0.0
İpsala,SPEI12,1971,4,0.0
İpsala,SPEI12,1971,5,0.0
İpsala,SPEI12,1971,6,0.0
İpsala,SPEI12,1971,7,0.0
İpsala,SPEI12,1971,8,0.0
İpsala,SPEI12,1971,9,0.0
İpsala,SPEI12,1971,10,0.0
İpsala,SPEI12,1971,11,0.0
İpsala,SPEI12,1971,12,0.0
İpsala,SPEI12,1972,1,0.663
İpsala,SPEI12,1972,2,1.268
İpsala,SPEI12,1972,3,1.661
İpsala,SPEI12,1972,4,1.907
İpsala,SPEI12,1972,5,2.369
İpsala,SPEI12,1972,6,2.974
İpsala,SPEI12,1972,7,3.204
İpsala,SPEI12,1972,8,3.423
İpsala,SPEI12,1972,9,0.0
İpsala,SPEI12,1972,10,0.0
İpsala,SPEI12,1972,11,0.0
İpsala,SPEI12,1972,12,0.0
İpsala,SPEI12,1973,1,0.0
İpsala,SPEI12,1973,2,0.0
İpsala,SPEI12,1973,3,0.0
İpsala,SPEI12,1973,4,0.0
İpsala,SPEI12,1973,5,0.0
İpsala,SPEI12,1973,6,0.0
İpsala,SPEI12,1973,7,0.0
İpsala,SPEI12,1973,8,0.0
İpsala,SPEI12,1973,9,0.0
İpsala,SPEI12,1973,10,0.0
İpsala,SPEI12,1973,11,0.0
İpsala,SPEI12,1973,12,0.0
İpsala,SPEI12,1974,1,0.541
İpsala,SPEI12,1974,2,0.922
İpsala,SPEI12,1974,3,1.349
İpsala,SPEI12,1974,4,1.727
İpsala,SPEI12,1974,5,1.891
İpsala,SPEI12,1974,6,2.304
İpsala,SPEI12,1974,7,2.682
İpsala,SPEI12,1974,8,2.975
İpsala,SPEI12,1974,9,3.139
İpsala,SPEI12,1974,10,0.0
İpsala,SPEI12,1974,11,0.0
İpsala,SPEI12,1974,12,0.0
İpsala,SPEI12,1975,1,0.0
İpsala,SPEI12,1975,2,0.0
İpsala,SPEI12,1975,3,0.0
İpsala,SPEI12,1975,4,0.0
İpsala,SPEI12,1975,5,0.0
İpsala,SPEI12,1975,6,0.0
İpsala,SPEI12,1975,7,0.0
İpsala,SPEI12,1975,8,0.0
İpsala,SPEI12,1975,9,0.0
İpsala,SPEI12,1975,10,0.0
İpsala,SPEI12,1975,11,0.0
İpsala,SPEI12,1975,12,0.0
İpsala,SPEI12,1976,1,0.0
İpsala,SPEI12,1976,2,0.0
İpsala,SPEI12,1976,3,0.0
İpsala,SPEI12,1976,4,0.0
İpsala,SPEI12,1976,5,0.0
İpsala,SPEI12,1976,6,0.0
İpsala,SPEI12,1976,7,0.0
İpsala,SPEI12,1976,8,0.0
İpsala,SPEI12,1976,9,0.0
İpsala,SPEI12,1976,10,0.0
İpsala,SPEI12,1976,11,0.0
İpsala,SPEI12,1976,12,0.0
İpsala,SPEI12,1977,1,0.414
İpsala,SPEI12,1977,2,0.612
İpsala,SPEI12,1977,3,0.701
İpsala,SPEI12,1977,4,0.873
İpsala,SPEI12,1977,5,1.147
İpsala,SPEI12,1977,6,0.0
İpsala,SPEI12,1977,7,0.0
İpsala,SPEI12,1977,8,0.0
İpsala,SPEI12,1977,9,0.0
İpsala,SPEI12,1977,10,0.0
İpsala,SPEI12,1977,11,0.0
İpsala,SPEI12,1977,12,0.0
İpsala,SPEI12,1978,1,0.662
İpsala,SPEI12,1978,2,1.189
İpsala,SPEI12,1978,3,1.463
İpsala,SPEI12,1978,4,1.702
İpsala,SPEI12,1978,5,1.874
İpsala,SPEI12,1978,6,1.963
İpsala,SPEI12,1978,7,2.336
İpsala,SPEI12,1978,8,2.575
İpsala,SPEI12,1978,9,0.0
İpsala,SPEI12,1978,10,0.0
İpsala,SPEI12,1978,11,0.0
İpsala,SPEI12,1978,12,0.0
İpsala,SPEI12,1979,1,0.0
İpsala,SPEI12,1979,2,0.0
İpsala,SPEI12,1979,3,0.0
İpsala,SPEI12,1979,4,0.0
İpsala,SPEI12,1979,5,0.0
İpsala,SPEI12,1979,6,0.0
İpsala,SPEI12,1979,7,0.0
İpsala,SPEI12,1979,8,0.0
İpsala,SPEI12,1979,9,0.0
İpsala,SPEI12,1979,10,0.0
İpsala,SPEI12,1979,11,0.0
İpsala,SPEI12,1979,12,0.0
İpsala,SPEI12,1980,1,0.0
İpsala,SPEI12,1980,2,0.0
İpsala,SPEI12,1980,3,0.0
İpsala,SPEI12,1980,4,0.0
İpsala,SPEI12,1980,5,0.0
İpsala,SPEI12,1980,6,0.0
İpsala,SPEI12,1980,7,0.0
İpsala,SPEI12,1980,8,0.0
İpsala,SPEI12,1980,9,0.0
İpsala,SPEI12,1980,10,0.0
İpsala,SPEI12,1980,11,0.0
İpsala,SPEI12,1980,12,0.0
İpsala,SPEI12,1981,1,0.0
İpsala,SPEI12,1981,2,0.0
İpsala,SPEI12,1981,3,0.0
İpsala,SPEI12,1981,4,0.0
İpsala,SPEI12,1981,5,0.0
İpsala,SPEI12,1981,6,0.0
İpsala,SPEI12,1981,7,0.0
İpsala,SPEI12,1981,8,0.0
İpsala,SPEI12,1981,9,0.0
İpsala,SPEI12,1981,10,0.0
İpsala,SPEI12,1981,11,0.0
İpsala,SPEI12,1981,12,0.0
İpsala,SPEI12,1982,1,0.0
İpsala,SPEI12,1982,2,0.0
İpsala,SPEI12,1982,3,0.0
İpsala,SPEI12,1982,4,0.0
İpsala,SPEI12,1982,5,0.0
İpsala,SPEI12,1982,6,0.0
İpsala,SPEI12,1982,7,0.0
İpsala,SPEI12,1982,8,0.0
İpsala,SPEI12,1982,9,0.0
İpsala,SPEI12,1982,10,0.0
İpsala,SPEI12,1982,11,0.0
İpsala,SPEI12,1982,12,0.0
İpsala,SPEI12,1983,1,1.264
İpsala,SPEI12,1983,2,2.481
İpsala,SPEI12,1983,3,3.229
İpsala,SPEI12,1983,4,3.768
İpsala,SPEI12,1983,5,3.945
İpsala,SPEI12,1983,6,4.113
İpsala,SPEI12,1983,7,4.29
İpsala,SPEI12,1983,8,4.429
İpsala,SPEI12,1983,9,0.0
İpsala,SPEI12,1983,10,0.0
İpsala,SPEI12,1983,11,0.0
İpsala,SPEI12,1983,12,0.0
İpsala,SPEI12,1984,1,0.0
İpsala,SPEI12,1984,2,0.0
İpsala,SPEI12,1984,3,0.0
İpsala,SPEI12,1984,4,0.0
İpsala,SPEI12,1984,5,0.0
İpsala,SPEI12,1984,6,0.0
İpsala,SPEI12,1984,7,0.0
İpsala,SPEI12,1984,8,0.0
İpsala,SPEI12,1984,9,0.0
İpsala,SPEI12,1984,10,0.0
İpsala,SPEI12,1984,11,0.0
İpsala,SPEI12,1984,12,0.0
İpsala,SPEI12,1985,1,1.593
İpsala,SPEI12,1985,2,3.12
İpsala,SPEI12,1985,3,4.46
İpsala,SPEI12,1985,4,5.72
İpsala,SPEI12,1985,5,7.132
İpsala,SPEI12,1985,6,8.431
İpsala,SPEI12,1985,7,9.499
İpsala,SPEI12,1985,8,10.538
İpsala,SPEI12,1985,9,11.645
İpsala,SPEI12,1985,10,12.503
İpsala,SPEI12,1985,11,0.0
İpsala,SPEI12,1985,12,0.0
İpsala,SPEI12,1986,1,1.088
İpsala,SPEI12,1986,2,2.195
İpsala,SPEI12,1986,3,3.234
İpsala,SPEI12,1986,4,4.302
İpsala,SPEI12,1986,5,5.829
İpsala,SPEI12,1986,6,7.422
İpsala,SPEI12,1986,7,8.762
İpsala,SPEI12,1986,8,10.022
İpsala,SPEI12,1986,9,11.434
İpsala,SPEI12,1986,10,12.733
İpsala,SPEI12,1986,11,13.591
İpsala,SPEI12,1986,12,14.145
İpsala,SPEI12,1987,1,1.528
İpsala,SPEI12,1987,2,2.81
İpsala,SPEI12,1987,3,3.785
İpsala,SPEI12,1987,4,4.594
İpsala,SPEI12,1987,5,5.433
İpsala,SPEI12,1987,6,6.139
İpsala,SPEI12,1987,7,6.857
İpsala,SPEI12,1987,8,7.359
İpsala,SPEI12,1987,9,8.017
İpsala,SPEI12,1987,10,8.519
İpsala,SPEI12,1987,11,9.111
İpsala,SPEI12,1987,12,9.409
İpsala,SPEI12,1988,1,0.0
İpsala,SPEI12,1988,2,0.0
İpsala,SPEI12,1988,3,0.0
İpsala,SPEI12,1988,4,0.0
İpsala,SPEI12,1988,5,0.0
İpsala,SPEI12,1988,6,0.0
İpsala,SPEI12,1988,7,0.0
İpsala,SPEI12,1988,8,0.0
İpsala,SPEI12,1988,9,0.0
İpsala,SPEI12,1988,10,0.0
İpsala,SPEI12,1988,11,0.0
İpsala,SPEI12,1988,12,0.0
İpsala,SPEI12,1989,1,0.586
İpsala,SPEI12,1989,2,1.016
İpsala,SPEI12,1989,3,1.427
İpsala,SPEI12,1989,4,1.857
İpsala,SPEI12,1989,5,2.022
İpsala,SPEI12,1989,6,2.18
İpsala,SPEI12,1989,7,2.251
İpsala,SPEI12,1989,8,0.0
İpsala,SPEI12,1989,9,0.0
İpsala,SPEI12,1989,10,0.0
İpsala,SPEI12,1989,11,0.0
İpsala,SPEI12,1989,12,0.0
İpsala,SPEI12,1990,1,1.161
İpsala,SPEI12,1990,2,2.055
İpsala,SPEI12,1990,3,2.956
İpsala,SPEI12,1990,4,3.899
İpsala,SPEI12,1990,5,4.332
İpsala,SPEI12,1990,6,4.71
İpsala,SPEI12,1990,7,4.982
İpsala,SPEI12,1990,8,5.165
İpsala,SPEI12,1990,9,5.327
İpsala,SPEI12,1990,10,5.705
İpsala,SPEI12,1990,11,5.784
İpsala,SPEI12,1990,12,6.022
İpsala,SPEI12,1991,1,0.656
İpsala,SPEI12,1991,2,1.129
İpsala,SPEI12,1991,3,2.195
İpsala,SPEI12,1991,4,3.089
İpsala,SPEI12,1991,5,3.99
İpsala,SPEI12,1991,6,4.933
İpsala,SPEI12,1991,7,5.406
İpsala,SPEI12,1991,8,5.839
İpsala,SPEI12,1991,9,6.12
İpsala,SPEI12,1991,10,6.392
İpsala,SPEI12,1991,11,6.575
İpsala,SPEI12,1991,12,6.834
İpsala,SPEI12,1992,1,0.965
İpsala,SPEI12,1992,2,1.919
İpsala,SPEI12,1992,3,2.333
İpsala,SPEI12,1992,4,2.747
İpsala,SPEI12,1992,5,3.127
İpsala,SPEI12,1992,6,3.368
İpsala,SPEI12,1992,7,3.615
İpsala,SPEI12,1992,8,4.238
İpsala,SPEI12,1992,9,4.609
İpsala,SPEI12,1992,10,4.859
İpsala,SPEI12,1992,11,5.376
İpsala,SPEI12,1992,12,5.759
İpsala,SPEI12,1993,1,1.203
İpsala,SPEI12,1993,2,2.249
İpsala,SPEI12,1993,3,3.178
İpsala,SPEI12,1993,4,4.263
İpsala,SPEI12,1993,5,5.327
İpsala,SPEI12,1993,6,6.292
İpsala,SPEI12,1993,7,7.246
İpsala,SPEI12,1993,8,8.045
İpsala,SPEI12,1993,9,8.88
İpsala,SPEI12,1993,10,9.695
İpsala,SPEI12,1993,11,10.635
İpsala,SPEI12,1993,12,11.543
İpsala,SPEI12,1994,1,1.505
İpsala,SPEI12,1994,2,2.803
İpsala,SPEI12,1994,3,4.104
İpsala,SPEI12,1994,4,5.562
İpsala,SPEI12,1994,5,6.736
İpsala,SPEI12,1994,6,7.552
İpsala,SPEI12,1994,7,8.529
İpsala,SPEI12,1994,8,9.385
İpsala,SPEI12,1994,9,10.169
İpsala,SPEI12,1994,10,10.904
İpsala,SPEI12,1994,11,11.731
İpsala,SPEI12,1994,12,12.639
İpsala,SPEI12,1995,1,0.0
İpsala,SPEI12,1995,2,0.0
İpsala,SPEI12,1995,3,0.0
İpsala,SPEI12,1995,4,0.0
İpsala,SPEI12,1995,5,0.0
İpsala,SPEI12,1995,6,0.0
İpsala,SPEI12,1995,7,0.0
İpsala,SPEI12,1995,8,0.0
İpsala,SPEI12,1995,9,0.0
İpsala,SPEI12,1995,10,0.0
İpsala,SPEI12,1995,11,0.0
İpsala,SPEI12,1995,12,0.0
İpsala,SPEI12,1996,1,0.0
İpsala,SPEI12,1996,2,0.0
İpsala,SPEI12,1996,3,0.0
İpsala,SPEI12,1996,4,0.0
İpsala,SPEI12,1996,5,0.0
İpsala,SPEI12,1996,6,0.0
İpsala,SPEI12,1996,7,0.0
İpsala,SPEI12,1996,8,0.0
İpsala,SPEI12,1996,9,0.0
İpsala,SPEI12,1996,10,0.0
İpsala,SPEI12,1996,11,0.0
İpsala,SPEI12,1996,12,0.0
İpsala,SPEI12,1997,1,0.34
İpsala,SPEI12,1997,2,0.435
İpsala,SPEI12,1997,3,0.0
İpsala,SPEI12,1997,4,0.0
İpsala,SPEI12,1997,5,0.0
İpsala,SPEI12,1997,6,0.0
İpsala,SPEI12,1997,7,0.0
İpsala,SPEI12,1997,8,0.0
İpsala,SPEI12,1997,9,0.0
İpsala,SPEI12,1997,10,0.0
İpsala,SPEI12,1997,11,0.0
İpsala,SPEI12,1997,12,0.0
İpsala,SPEI12,1998,1,0.0
İpsala,SPEI12,1998,2,0.0
İpsala,SPEI12,1998,3,0.0
İpsala,SPEI12,1998,4,0.0
İpsala,SPEI12,1998,5,0.0
İpsala,SPEI12,1998,6,0.0
İpsala,SPEI12,1998,7,0.0
İpsala,SPEI12,1998,8,0.0
İpsala,SPEI12,1998,9,0.0
İpsala,SPEI12,1998,10,0.0
İpsala,SPEI12,1998,11,0.0
İpsala,SPEI12,1998,12,0.0
İpsala,SPEI12,1999,1,0.0
İpsala,SPEI12,1999,2,0.0
İpsala,SPEI12,1999,3,0.0
İpsala,SPEI12,1999,4,0.0
İpsala,SPEI12,1999,5,0.0
İpsala,SPEI12,1999,6,0.0
İpsala,SPEI12,1999,7,0.0
İpsala,SPEI12,1999,8,0.0
İpsala,SPEI12,1999,9,0.0
İpsala,SPEI12,1999,10,0.0
İpsala,SPEI12,1999,11,0.0
İpsala,SPEI12,1999,12,0.0
İpsala,SPEI12,2000,1,0.384
İpsala,SPEI12,2000,2,0.625
İpsala,SPEI12,2000,3,0.761
İpsala,SPEI12,2000,4,0.914
İpsala,SPEI12,2000,5,1.09
İpsala,SPEI12,2000,6,1.232
İpsala,SPEI12,2000,7,1.349
İpsala,SPEI12,2000,8,0.0
İpsala,SPEI12,2000,9,0.0
İpsala,SPEI12,2000,10,0.0
İpsala,SPEI12,2000,11,0.0
İpsala,SPEI12,2000,12,0.0
İpsala,SPEI12,2001,1,1.125
İpsala,SPEI12,2001,2,1.84
İpsala,SPEI12,2001,3,2.225
İpsala,SPEI12,2001,4,2.578
İpsala,SPEI12,2001,5,2.773
İpsala,SPEI12,2001,6,3.134
İpsala,SPEI12,2001,7,3.404
İpsala,SPEI12,2001,8,3.562
İpsala,SPEI12,2001,9,4.277
İpsala,SPEI12,2001,10,4.617
İpsala,SPEI12,2001,11,4.843
İpsala,SPEI12,2001,12,5.134
İpsala,SPEI12,2002,1,0.78
İpsala,SPEI12,2002,2,1.528
İpsala,SPEI12,2002,3,2.292
İpsala,SPEI12,2002,4,2.92
İpsala,SPEI12,2002,5,3.452
İpsala,SPEI12,2002,6,3.719
İpsala,SPEI12,2002,7,0.0
İpsala,SPEI12,2002,8,0.0
İpsala,SPEI12,2002,9,0.0
İpsala,SPEI12,2002,10,0.0
İpsala,SPEI12,2002,11,0.0
İpsala,SPEI12,2002,12,0.0
İpsala,SPEI12,2003,1,0.21
İpsala,SPEI12,2003,2,0.409
İpsala,SPEI12,2003,3,0.0
İpsala,SPEI12,2003,4,0.0
İpsala,SPEI12,2003,5,0.0
İpsala,SPEI12,2003,6,0.0
İpsala,SPEI12,2003,7,0.0
İpsala,SPEI12,2003,8,0.0
İpsala,SPEI12,2003,9,0.0
İpsala,SPEI12,2003,10,0.0
İpsala,SPEI12,2003,11,0.0
İpsala,SPEI12,2003,12,0.0
İpsala,SPEI12,2004,1,1.089
İpsala,SPEI12,2004,2,2.059
İpsala,SPEI12,2004,3,2.675
İpsala,SPEI12,2004,4,3.261
İpsala,SPEI12,2004,5,3.877
İpsala,SPEI12,2004,6,4.374
İpsala,SPEI12,2004,7,4.75
İpsala,SPEI12,2004,8,5.392
İpsala,SPEI12,2004,9,6.008
İpsala,SPEI12,2004,10,7.034
İpsala,SPEI12,2004,11,7.65
İpsala,SPEI12,2004,12,8.147
İpsala,SPEI12,2005,1,0.892
İpsala,SPEI12,2005,2,1.508
İpsala,SPEI12,2005,3,2.554
İpsala,SPEI12,2005,4,3.567
İpsala,SPEI12,2005,5,4.031
İpsala,SPEI12,2005,6,4.289
İpsala,SPEI12,2005,7,4.665
İpsala,SPEI12,2005,8,5.281
İpsala,SPEI12,2005,9,6.083
İpsala,SPEI12,2005,10,6.9
İpsala,SPEI12,2005,11,7.453
İpsala,SPEI12,2005,12,8.542
İpsala,SPEI12,2006,1,0.0
İpsala,SPEI12,2006,2,0.0
İpsala,SPEI12,2006,3,0.0
İpsala,SPEI12,2006,4,0.0
İpsala,SPEI12,2006,5,0.0
İpsala,SPEI12,2006,6,0.0
İpsala,SPEI12,2006,7,0.0
İpsala,SPEI12,2006,8,0.0
İpsala,SPEI12,2006,9,0.0
İpsala,SPEI12,2006,10,0.0
İpsala,SPEI12,2006,11,0.0
İpsala,SPEI12,2006,12,0.0
İpsala,SPEI12,2007,1,1.453
İpsala,SPEI12,2007,2,2.723
İpsala,SPEI12,2007,3,3.998
İpsala,SPEI12,2007,4,5.263
İpsala,SPEI12,2007,5,6.213
İpsala,SPEI12,2007,6,6.988
İpsala,SPEI12,2007,7,7.864
İpsala,SPEI12,2007,8,8.866
İpsala,SPEI12,2007,9,9.565
İpsala,SPEI12,2007,10,10.136
İpsala,SPEI12,2007,11,10.516
İpsala,SPEI12,2007,12,10.844
İpsala,SPEI12,2008,1,2.657
İpsala,SPEI12,2008,2,4.121
İpsala,SPEI12,2008,3,4.83
İpsala,SPEI12,2008,4,5.362
İpsala,SPEI12,2008,5,5.824
İpsala,SPEI12,2008,6,6.249
İpsala,SPEI12,2008,7,6.9
İpsala,SPEI12,2008,8,7.85
İpsala,SPEI12,2008,9,8.625
İpsala,SPEI12,2008,10,9.501
İpsala,SPEI12,2008,11,10.503
İpsala,SPEI12,2008,12,11.101
İpsala,SPEI12,2009,1,1.577
İpsala,SPEI12,2009,2,4.234
İpsala,SPEI12,2009,3,5.698
İpsala,SPEI12,2009,4,6.891
İpsala,SPEI12,2009,5,7.6
İpsala,SPEI12,2009,6,8.289
İpsala,SPEI12,2009,7,9.056
İpsala,SPEI12,2009,8,9.951
İpsala,SPEI12,2009,9,10.941
İpsala,SPEI12,2009,10,11.909
İpsala,SPEI12,2009,11,12.618
İpsala,SPEI12,2009,12,13.15
İpsala,SPEI12,2010,1,0.0
İpsala,SPEI12,2010,2,0.0
İpsala,SPEI12,2010,3,0.0
İpsala,SPEI12,2010,4,0.0
İpsala,SPEI12,2010,5,0.0
İpsala,SPEI12,2010,6,0.0
İpsala,SPEI12,2010,7,0.0
İpsala,SPEI12,2010,8,0.0
İpsala,SPEI12,2010,9,0.0
İpsala,SPEI12,2010,10,0.0
İpsala,SPEI12,2010,11,0.0
İpsala,SPEI12,2010,12,0.0
İpsala,SPEI12,2011,1,1.887
İpsala,SPEI12,2011,2,3.742
İpsala,SPEI12,2011,3,5.305
İpsala,SPEI12,2011,4,6.717
İpsala,SPEI12,2011,5,8.327
İpsala,SPEI12,2011,6,9.783
İpsala,SPEI12,2011,7,11.015
İpsala,SPEI12,2011,8,12.024
İpsala,SPEI12,2011,9,12.954
İpsala,SPEI12,2011,10,13.848
İpsala,SPEI12,2011,11,14.415
İpsala,SPEI12,2011,12,0.0
İpsala,SPEI12,2012,1,1.191
İpsala,SPEI12,2012,2,2.423
İpsala,SPEI12,2012,3,4.31
İpsala,SPEI12,2012,4,6.165
İpsala,SPEI12,2012,5,7.728
İpsala,SPEI12,2012,6,9.14
İpsala,SPEI12,2012,7,10.75
İpsala,SPEI12,2012,8,12.206
İpsala,SPEI12,2012,9,13.215
İpsala,SPEI12,2012,10,14.145
İpsala,SPEI12,2012,11,15.039
İpsala,SPEI12,2012,12,15.828
İpsala,SPEI12,2013,1,0.0
İpsala,SPEI12,2013,2,0.0
İpsala,SPEI12,2013,3,0.0
İpsala,SPEI12,2013,4,0.0
İpsala,SPEI12,2013,5,0.0
İpsala,SPEI12,2013,6,0.0
İpsala,SPEI12,2013,7,0.0
İpsala,SPEI12,2013,8,0.0
İpsala,SPEI12,2013,9,0.0
İpsala,SPEI12,2013,10,0.0
İpsala,SPEI12,2013,11,0.0
İpsala,SPEI12,2013,12,0.0
İpsala,SPEI12,2014,1,0.0
İpsala,SPEI12,2014,2,0.0
İpsala,SPEI12,2014,3,0.0
İpsala,SPEI12,2014,4,0.0
İpsala,SPEI12,2014,5,0.0
İpsala,SPEI12,2014,6,0.0
İpsala,SPEI12,2014,7,0.0
İpsala,SPEI12,2014,8,0.0
İpsala,SPEI12,2014,9,0.0
İpsala,SPEI12,2014,10,0.0
İpsala,SPEI12,2014,11,0.0
İpsala,SPEI12,2014,12,0.0
İpsala,SPEI12,2015,1,0.158
İpsala,SPEI12,2015,2,0.0
İpsala,SPEI12,2015,3,0.0
İpsala,SPEI12,2015,4,0.0
İpsala,SPEI12,2015,5,0.0
İpsala,SPEI12,2015,6,0.0
İpsala,SPEI12,2015,7,0.0
İpsala,SPEI12,2015,8,0.0
İpsala,SPEI12,2015,9,0.0
İpsala,SPEI12,2015,10,0.0
İpsala,SPEI12,2015,11,0.0
İpsala,SPEI12,2015,12,0.0
İpsala,SPEI12,2016,1,1.901
İpsala,SPEI12,2016,2,3.384
İpsala,SPEI12,2016,3,5.099
İpsala,SPEI12,2016,4,6.199
İpsala,SPEI12,2016,5,6.98
İpsala,SPEI12,2016,6,7.611
İpsala,SPEI12,2016,7,8.322
İpsala,SPEI12,2016,8,8.679
İpsala,SPEI12,2016,9,9.53
İpsala,SPEI12,2016,10,9.997
İpsala,SPEI12,2016,11,10.134
İpsala,SPEI12,2016,12,10.479
İpsala,SPEI12,2017,1,2.327
İpsala,SPEI12,2017,2,4.556
İpsala,SPEI12,2017,3,6.579
İpsala,SPEI12,2017,4,8.707
İpsala,SPEI12,2017,5,10.765
İpsala,SPEI12,2017,6,12.677
İpsala,SPEI12,2017,7,14.515
İpsala,SPEI12,2017,8,16.374
İpsala,SPEI12,2017,9,18.212
İpsala,SPEI12,2017,10,19.927
İpsala,SPEI12,2017,11,21.45
İpsala,SPEI12,2017,12,23.311
İpsala,SPEI12,2018,1,2.164
İpsala,SPEI12,2018,2,3.692
İpsala,SPEI12,2018,3,5.318
İpsala,SPEI12,2018,4,6.728
İpsala,SPEI12,2018,5,8.232
İpsala,SPEI12,2018,6,9.985
İpsala,SPEI12,2018,7,11.756
İpsala,SPEI12,2018,8,13.814
İpsala,SPEI12,2018,9,15.942
İpsala,SPEI12,2018,10,17.965
İpsala,SPEI12,2018,11,20.292
İpsala,SPEI12,2018,12,22.521
İpsala,SPEI12,2019,1,1.867
İpsala,SPEI12,2019,2,3.461
İpsala,SPEI12,2019,3,5.063
İpsala,SPEI12,2019,4,6.92
İpsala,SPEI12,2019,5,8.514
İpsala,SPEI12,2019,6,10.381
İpsala,SPEI12,2019,7,11.791
İpsala,SPEI12,2019,8,13.295
İpsala,SPEI12,2019,9,14.845
İpsala,SPEI12,2019,10,16.419
İpsala,SPEI12,2019,11,18.202
İpsala,SPEI12,2019,12,19.768
İpsala,SPEI12,2020,1,1.593
İpsala,SPEI12,2020,2,3.177
İpsala,SPEI12,2020,3,4.687
İpsala,SPEI12,2020,4,6.049
İpsala,SPEI12,2020,5,7.279
İpsala,SPEI12,2020,6,8.369
İpsala,SPEI12,2020,7,9.348
İpsala,SPEI12,2020,8,10.438
İpsala,SPEI12,2020,9,11.507
İpsala,SPEI12,2020,10,12.625
İpsala,SPEI12,2020,11,13.862
İpsala,SPEI12,2020,12,15.456
İpsala,SPEI12,2021,1,1.246
İpsala,SPEI12,2021,2,2.394
İpsala,SPEI12,2021,3,3.694
İpsala,SPEI12,2021,4,4.87
İpsala,SPEI12,2021,5,6.179
İpsala,SPEI12,2021,6,7.325
İpsala,SPEI12,2021,7,8.502
İpsala,SPEI12,2021,8,9.405
İpsala,SPEI12,2021,9,10.352
İpsala,SPEI12,2021,10,11.442
İpsala,SPEI12,2021,11,12.952
İpsala,SPEI12,2021,12,14.545
İpsala,SPEI12,2022,1,2.838
İpsala,SPEI12,2022,2,3.994
İpsala,SPEI12,2022,3,4.54
İpsala,SPEI12,2022,4,5.051
İpsala,SPEI12,2022,5,5.475
İpsala,SPEI12,2022,6,5.993
İpsala,SPEI12,2022,7,6.733
İpsala,SPEI12,2022,8,7.245
İpsala,SPEI12,2022,9,7.5
İpsala,SPEI12,2022,10,7.819
İpsala,SPEI12,2022,11,7.962
İpsala,SPEI12,2022,12,8.758
İpsala,SPEI12,2023,1,4.753
İpsala,SPEI12,2023,2,6.998
İpsala,SPEI12,2023,3,9.183
İpsala,SPEI12,2023,4,11.207
İpsala,SPEI12,2023,5,13.15
İpsala,SPEI12,2023,6,15.144
İpsala,SPEI12,2023,7,17.492
İpsala,SPEI12,2023,8,20.065
İpsala,SPEI12,2023,9,22.533
İpsala,SPEI12,2023,10,24.508
İpsala,SPEI12,2023,11,27.346
İpsala,SPEI12,2023,12,28.643
İpsala,SPEI12,2024,1,4.753
İpsala,SPEI12,2024,2,6.903
İpsala,SPEI12,2024,3,8.106
İpsala,SPEI12,2024,4,9.457
İpsala,SPEI12,2024,5,11.089
İpsala,SPEI12,2024,6,13.063
İpsala,SPEI12,2024,7,15.087
İpsala,SPEI12,2024,8,17.03
İpsala,SPEI12,2024,9,19.024
İpsala,SPEI12,2024,10,21.372
İpsala,SPEI12,2024,11,23.945
İpsala,SPEI12,2024,12,26.413
