name,indeks,k,bas_yil,bas_ay,son_yil,son_ay,L_ay,S,I,tepe
Edirne,SPI,1,1965,1,1965,1,1,0.401,0.401,0.401
Edirne,SPI,1,1965,4,1965,4,1,0.108,0.108,0.108
Edirne,SPI,1,1965,6,1965,7,2,2.447,1.224,1.427
Edirne,SPI,1,1965,9,1965,10,2,3.904,1.952,2.211
Edirne,SPI,1,1966,2,1966,2,1,0.723,0.723,0.723
Edirne,SPI,1,1967,2,1967,4,3,1.032,0.344,0.807
Edirne,SPI,1,1967,8,1967,8,1,0.495,0.495,0.495
Edirne,SPI,1,1967,11,1967,12,2,0.686,0.343,0.599
Edirne,SPI,1,1968,3,1968,5,3,6.505,2.168,2.918
Edirne,SPI,1,1968,7,1968,7,1,1.077,1.077,1.077
Edirne,SPI,1,1968,10,1968,11,2,1.044,0.522,0.899
Edirne,SPI,1,1969,5,1969,7,3,2.366,0.789,1.637
Edirne,SPI,1,1969,9,1969,11,3,3.363,1.121,2.042
Edirne,SPI,1,1970,1,1970,1,1,0.03,0.03,0.03
Edirne,SPI,1,1970,6,1970,6,1,0.288,0.288,0.288
Edirne,SPI,1,1970,8,1970,9,2,1.606,0.803,1.288
Edirne,SPI,1,1970,12,1970,12,1,0.714,0.714,0.714
Edirne,SPI,1,1971,5,1971,5,1,0.589,0.589,0.589
Edirne,SPI,1,1971,8,1971,8,1,1.342,1.342,1.342
Edirne,SPI,1,1971,10,1972,3,6,2.986,0.498,1.441
Edirne,SPI,1,1972,6,1972,6,1,0.879,0.879,0.879
Edirne,SPI,1,1972,11,1972,12,2,2.88,1.44,1.978
Edirne,SPI,1,1973,5,1973,5,1,1.173,1.173,1.173
Edirne,SPI,1,1973,7,1973,9,3,1.581,0.527,0.872
Edirne,SPI,1,1973,11,1973,11,1,1.282,1.282,1.282
Edirne,SPI,1,1974,1,1974,1,1,0.974,0.974,0.974
Edirne,SPI,1,1974,4,1974,4,1,0.624,0.624,0.624
Edirne,SPI,1,1974,7,1974,8,2,0.972,0.486,0.517
Edirne,SPI,1,1974,12,1974,12,1,0.484,0.484,0.484
Edirne,SPI,1,1975,2,1975,2,1,1.2,1.2,1.2
Edirne,SPI,1,1975,7,1975,7,1,0.874,0.874,0.874
Edirne,SPI,1,1975,9,1975,9,1,0.689,0.689,0.689
Edirne,SPI,1,1975,12,1976,4,5,3.448,0.69,0.984
Edirne,SPI,1,1976,6,1976,7,2,0.309,0.154,0.195
Edirne,SPI,1,1976,9,1976,9,1,0.241,0.241,0.241
Edirne,SPI,1,1976,11,1976,11,1,0.113,0.113,0.113
Edirne,SPI,1,1977,3,1977,3,1,0.01,0.01,0.01
Edirne,SPI,1,1977,5,1977,5,1,0.084,0.084,0.084
Edirne,SPI,1,1977,8,1977,8,1,1.36,1.36,1.36
Edirne,SPI,1,1977,10,1978,1,4,1.661,0.415,0.653
Edirne,SPI,1,1978,6,1978,8,3,2.016,0.672,1.077
Edirne,SPI,1,1978,10,1978,12,3,1.955,0.652,1.057
Edirne,SPI,1,1979,3,1979,4,2,2.626,1.313,2.075
Edirne,SPI,1,1979,6,1979,6,1,1.798,1.798,1.798
Edirne,SPI,1,1979,8,1979,9,2,0.836,0.418,0.705
Edirne,SPI,1,1980,2,1980,3,2,0.7,0.35,0.446
Edirne,SPI,1,1980,7,1980,7,1,0.405,0.405,0.405
Edirne,SPI,1,1980,9,1980,10,2,1.213,0.607,0.923
Edirne,SPI,1,1981,4,1981,4,1,1.436,1.436,1.436
Edirne,SPI,1,1981,6,1981,6,1,1.406,1.406,1.406
Edirne,SPI,1,1981,9,1981,9,1,0.594,0.594,0.594
Edirne,SPI,1,1982,1,1982,1,1,0.351,0.351,0.351
Edirne,SPI,1,1982,5,1982,7,3,1.151,0.384,0.416
Edirne,SPI,1,1982,9,1982,9,1,1.265,1.265,1.265
Edirne,SPI,1,1982,11,1982,11,1,0.193,0.193,0.193
Edirne,SPI,1,1983,1,1983,5,5,4.088,0.818,1.318
Edirne,SPI,1,1983,10,1983,12,3,1.799,0.6,0.838
Edirne,SPI,1,1984,6,1984,6,1,1.137,1.137,1.137
Edirne,SPI,1,1984,9,1984,10,2,4.185,2.093,2.794
Edirne,SPI,1,1984,12,1984,12,1,1.342,1.342,1.342
Edirne,SPI,1,1985,3,1985,3,1,1.03,1.03,1.03
Edirne,SPI,1,1985,5,1985,5,1,1.434,1.434,1.434
Edirne,SPI,1,1985,7,1985,7,1,0.394,0.394,0.394
Edirne,SPI,1,1985,9,1985,10,2,1.284,0.642,0.681
Edirne,SPI,1,1985,12,1985,12,1,1.715,1.715,1.715
Edirne,SPI,1,1986,3,1986,9,7,5.804,0.829,2.013
Edirne,SPI,1,1986,11,1986,12,2,1.111,0.555,0.712
Edirne,SPI,1,1987,2,1987,3,2,0.911,0.456,0.788
Edirne,SPI,1,1987,5,1987,5,1,0.947,0.947,0.947
Edirne,SPI,1,1987,7,1987,7,1,0.683,0.683,0.683
Edirne,SPI,1,1987,9,1987,9,1,1.312,1.312,1.312
Edirne,SPI,1,1988,1,1988,2,2,1.556,0.778,1.363
Edirne,SPI,1,1988,4,1988,8,5,4.501,0.9,2.128
Edirne,SPI,1,1988,10,1988,10,1,0.555,0.555,0.555
Edirne,SPI,1,1988,12,1989,2,3,5.471,1.824,3.32
Edirne,SPI,1,1989,4,1989,4,1,0.927,0.927,0.927
Edirne,SPI,1,1989,7,1989,7,1,0.932,0.932,0.932
Edirne,SPI,1,1990,1,1990,3,3,5.676,1.892,2.17
Edirne,SPI,1,1990,6,1990,8,3,1.433,0.478,1.075
Edirne,SPI,1,1990,11,1990,11,1,0.609,0.609,0.609
Edirne,SPI,1,1991,1,1991,4,4,2.45,0.613,1.289
Edirne,SPI,1,1991,6,1991,7,2,1.535,0.768,1.254
Edirne,SPI,1,1991,9,1991,9,1,0.241,0.241,0.241
Edirne,SPI,1,1991,12,1992,4,5,4.463,0.893,2.17
Edirne,SPI,1,1992,7,1992,9,3,1.273,0.424,0.791
Edirne,SPI,1,1992,12,1993,4,5,4.584,0.917,1.37
Edirne,SPI,1,1993,7,1993,7,1,0.858,0.858,0.858
Edirne,SPI,1,1993,9,1993,9,1,1.039,1.039,1.039
Edirne,SPI,1,1993,12,1994,4,5,2.726,0.545,1.234
Edirne,SPI,1,1994,8,1994,9,2,2.743,1.371,2.211
Edirne,SPI,1,1995,2,1995,2,1,0.3,0.3,0.3
Edirne,SPI,1,1995,5,1995,6,2,1.601,0.8,1.56
Edirne,SPI,1,1995,10,1995,10,1,0.324,0.324,0.324
Edirne,SPI,1,1996,1,1996,1,1,0.704,0.704,0.704
Edirne,SPI,1,1996,5,1996,7,3,4.7,1.567,2.436
Edirne,SPI,1,1996,10,1996,10,1,1.08,1.08,1.08
Edirne,SPI,1,1997,1,1997,2,2,1.329,0.664,0.711
Edirne,SPI,1,1997,5,1997,6,2,0.555,0.277,0.307
Edirne,SPI,1,1997,9,1997,9,1,1.098,1.098,1.098
Edirne,SPI,1,1998,1,1998,1,1,0.427,0.427,0.427
Edirne,SPI,1,1998,4,1998,4,1,0.684,0.684,0.684
Edirne,SPI,1,1998,6,1998,6,1,0.854,0.854,0.854
Edirne,SPI,1,1999,4,1999,4,1,0.57,0.57,0.57
Edirne,SPI,1,1999,9,1999,11,3,2.032,0.677,1.119
Edirne,SPI,1,2000,1,2000,3,3,1.065,0.355,0.456
Edirne,SPI,1,2000,6,2000,7,2,2.437,1.218,1.722
Edirne,SPI,1,2000,10,2000,10,1,0.005,0.005,0.005
Edirne,SPI,1,2000,12,2001,3,4,2.208,0.552,1.004
Edirne,SPI,1,2001,5,2001,6,2,1.426,0.713,0.715
Edirne,SPI,1,2001,8,2001,8,1,0.563,0.563,0.563
Edirne,SPI,1,2001,10,2001,10,1,1.302,1.302,1.302
Edirne,SPI,1,2002,1,2002,2,2,1.494,0.747,0.847
Edirne,SPI,1,2002,4,2002,6,3,2.093,0.698,1.257
Edirne,SPI,1,2002,8,2002,8,1,0.324,0.324,0.324
Edirne,SPI,1,2002,12,2002,12,1,0.13,0.13,0.13
Edirne,SPI,1,2003,2,2003,3,2,1.201,0.601,1.195
Edirne,SPI,1,2003,6,2003,6,1,1.638,1.638,1.638
Edirne,SPI,1,2003,8,2003,8,1,0.287,0.287,0.287
Edirne,SPI,1,2003,11,2003,12,2,1.974,0.987,1.788
Edirne,SPI,1,2004,2,2004,4,3,3.175,1.058,1.514
Edirne,SPI,1,2004,9,2004,11,3,3.752,1.251,1.728
Edirne,SPI,1,2005,3,2005,4,2,1.713,0.856,1.289
Edirne,SPI,1,2005,6,2005,6,1,0.806,0.806,0.806
Edirne,SPI,1,2006,4,2006,5,2,1.157,0.579,0.887
Edirne,SPI,1,2006,11,2006,12,2,1.467,0.734,0.838
Edirne,SPI,1,2007,2,2007,4,3,1.504,0.501,1.331
Edirne,SPI,1,2007,6,2007,8,3,3.617,1.206,1.722
Edirne,SPI,1,2008,1,2008,3,3,2.992,0.997,2.214
Edirne,SPI,1,2008,5,2008,5,1,0.387,0.387,0.387
Edirne,SPI,1,2008,8,2008,8,1,0.67,0.67,0.67
Edirne,SPI,1,2008,10,2008,12,3,1.821,0.607,0.712
Edirne,SPI,1,2009,4,2009,6,3,2.0,0.667,1.405
Edirne,SPI,1,2009,8,2009,8,1,0.083,0.083,0.083
Edirne,SPI,1,2009,11,2009,11,1,0.032,0.032,0.032
Edirne,SPI,1,2010,4,2010,5,2,1.936,0.968,1.628
Edirne,SPI,1,2010,11,2010,12,2,0.419,0.21,0.323
Edirne,SPI,1,2011,2,2011,3,2,1.755,0.877,1.162
Edirne,SPI,1,2011,5,2011,5,1,1.148,1.148,1.148
Edirne,SPI,1,2011,7,2011,7,1,0.195,0.195,0.195
Edirne,SPI,1,2011,11,2011,11,1,3.609,3.609,3.609
Edirne,SPI,1,2012,3,2012,3,1,1.986,1.986,1.986
Edirne,SPI,1,2012,6,2012,9,4,6.214,1.553,1.989
Edirne,SPI,1,2012,11,2012,11,1,1.373,1.373,1.373
Edirne,SPI,1,2013,4,2013,5,2,2.115,1.058,1.747
Edirne,SPI,1,2013,7,2013,9,3,2.099,0.7,1.116
Edirne,SPI,1,2013,12,2013,12,1,1.959,1.959,1.959
Edirne,SPI,1,2014,2,2014,2,1,1.931,1.931,1.931
Edirne,SPI,1,2014,8,2014,8,1,0.33,0.33,0.33
Edirne,SPI,1,2014,11,2014,11,1,0.44,0.44,0.44
Edirne,SPI,1,2015,4,2015,5,2,1.928,0.964,1.611
Edirne,SPI,1,2015,7,2015,7,1,1.002,1.002,1.002
Edirne,SPI,1,2015,11,2015,12,2,2.432,1.216,2.128
Edirne,SPI,1,2016,3,2016,3,1,0.075,0.075,0.075
Edirne,SPI,1,2016,6,2016,12,7,8.712,1.245,2.575
Edirne,SPI,1,2017,2,2017,2,1,0.3,0.3,0.3
Edirne,SPI,1,2017,8,2017,9,2,0.758,0.379,0.473
Edirne,SPI,1,2018,4,2018,5,2,3.797,1.899,3.019
Edirne,SPI,1,2018,8,2018,9,2,1.323,0.661,1.01
Edirne,SPI,1,2018,12,2018,12,1,0.708,0.708,0.708
Edirne,SPI,1,2019,2,2019,3,2,2.869,1.435,2.329
Edirne,SPI,1,2019,9,2020,3,7,4.058,0.58,1.384
Edirne,SPI,1,2020,7,2020,9,3,4.958,1.653,1.834
Edirne,SPI,1,2020,11,2020,11,1,2.275,2.275,2.275
Edirne,SPI,1,2021,3,2021,3,1,0.148,0.148,0.148
Edirne,SPI,1,2021,5,2021,5,1,0.525,0.525,0.525
Edirne,SPI,1,2021,7,2021,9,3,0.834,0.278,0.457
Edirne,SPI,1,2021,11,2021,11,1,0.603,0.603,0.603
Edirne,SPI,1,2022,1,2022,1,1,0.86,0.86,0.86
Edirne,SPI,1,2022,3,2022,3,1,1.598,1.598,1.598
Edirne,SPI,1,2022,5,2022,5,1,0.584,0.584,0.584
Edirne,SPI,1,2022,7,2022,7,1,1.532,1.532,1.532
Edirne,SPI,1,2022,10,2022,10,1,1.346,1.346,1.346
Edirne,SPI,1,2022,12,2022,12,1,0.607,0.607,0.607
Edirne,SPI,1,2023,2,2023,2,1,1.82,1.82,1.82
Edirne,SPI,1,2023,6,2023,7,2,0.491,0.245,0.444
Edirne,SPI,1,2023,9,2023,10,2,1.749,0.875,1.346
Edirne,SPI,1,2024,1,2024,2,2,1.659,0.83,0.872
Edirne,SPI,1,2024,4,2024,4,1,0.212,0.212,0.212
Edirne,SPI,1,2024,6,2024,6,1,1.47,1.47,1.47
Edirne,SPI,1,2024,8,2024,8,1,1.305,1.305,1.305
Edirne,SPI,1,2024,10,2024,11,2,2.515,1.258,1.76
Edirne,SPI,3,1965,6,1965,11,6,5.766,0.961,1.605
Edirne,SPI,3,1966,4,1966,4,1,0.106,0.106,0.106
Edirne,SPI,3,1966,7,1966,7,1,0.088,0.088,0.088
Edirne,SPI,3,1967,4,1967,5,2,1.246,0.623,0.924
Edirne,SPI,3,1967,10,1967,12,3,1.648,0.549,0.847
Edirne,SPI,3,1968,4,1968,7,4,9.952,2.488,3.599
Edirne,SPI,3,1968,11,1968,12,2,0.87,0.435,0.525
Edirne,SPI,3,1969,5,1969,8,4,3.032,0.758,1.749
Edirne,SPI,3,1969,10,1969,12,3,3.106,1.035,2.35
Edirne,SPI,3,1970,7,1971,2,8,3.641,0.455,0.796
Edirne,SPI,3,1971,12,1972,7,8,6.757,0.845,1.375
Edirne,SPI,3,1973,1,1973,1,1,1.317,1.317,1.317
Edirne,SPI,3,1973,6,1974,4,11,8.255,0.75,1.79
Edirne,SPI,3,1974,8,1974,10,3,1.528,0.509,0.756
Edirne,SPI,3,1974,12,1975,3,4,1.714,0.428,0.912
Edirne,SPI,3,1976,1,1976,9,9,7.982,0.887,1.696
Edirne,SPI,3,1976,11,1976,11,1,0.173,0.173,0.173
Edirne,SPI,3,1977,1,1977,1,1,0.287,0.287,0.287
Edirne,SPI,3,1977,12,1978,2,3,3.232,1.077,1.333
Edirne,SPI,3,1978,7,1978,8,2,1.544,0.772,1.196
Edirne,SPI,3,1978,12,1979,1,2,2.232,1.116,1.678
Edirne,SPI,3,1979,4,1979,6,3,3.363,1.121,1.324
Edirne,SPI,3,1980,3,1980,3,1,0.133,0.133,0.133
Edirne,SPI,3,1980,9,1980,11,3,2.078,0.693,1.078
Edirne,SPI,3,1981,4,1981,11,8,4.996,0.624,1.658
Edirne,SPI,3,1982,7,1983,5,11,10.618,0.965,1.882
Edirne,SPI,3,1983,12,1984,1,2,2.166,1.083,1.617
Edirne,SPI,3,1984,6,1984,6,1,0.051,0.051,0.051
Edirne,SPI,3,1984,10,1984,12,3,2.12,0.707,1.358
Edirne,SPI,3,1985,2,1985,2,1,0.009,0.009,0.009
Edirne,SPI,3,1985,5,1985,7,3,2.747,0.916,1.322
Edirne,SPI,3,1985,9,1986,1,5,3.287,0.657,1.053
Edirne,SPI,3,1986,5,1987,3,11,10.176,0.925,2.099
Edirne,SPI,3,1987,7,1987,10,4,2.545,0.636,1.109
Edirne,SPI,3,1988,2,1988,3,2,0.143,0.072,0.129
Edirne,SPI,3,1988,6,1988,10,5,6.821,1.364,1.731
Edirne,SPI,3,1989,1,1989,3,3,2.418,0.806,1.977
Edirne,SPI,3,1989,9,1989,11,3,1.11,0.37,0.571
Edirne,SPI,3,1990,1,1990,5,5,6.615,1.323,3.146
Edirne,SPI,3,1990,7,1990,9,3,1.003,0.334,0.868
Edirne,SPI,3,1991,1,1991,4,4,2.724,0.681,1.376
Edirne,SPI,3,1991,8,1991,9,2,1.187,0.594,0.801
Edirne,SPI,3,1992,1,1992,5,5,6.413,1.283,2.203
Edirne,SPI,3,1992,9,1992,10,2,1.443,0.722,0.957
Edirne,SPI,3,1992,12,1993,4,5,5.833,1.167,1.953
Edirne,SPI,3,1993,9,1994,6,10,7.262,0.726,1.576
Edirne,SPI,3,1994,8,1994,9,2,1.058,0.529,0.954
Edirne,SPI,3,1995,5,1995,7,3,1.346,0.449,1.078
Edirne,SPI,3,1995,10,1995,10,1,0.048,0.048,0.048
Edirne,SPI,3,1996,1,1996,1,1,0.177,0.177,0.177
Edirne,SPI,3,1996,6,1996,8,3,4.394,1.465,2.449
Edirne,SPI,3,1997,2,1997,4,3,1.235,0.412,0.766
Edirne,SPI,3,1997,6,1997,7,2,0.742,0.371,0.504
Edirne,SPI,3,1999,10,2000,4,7,5.887,0.841,1.638
Edirne,SPI,3,2000,6,2000,9,4,2.455,0.614,1.14
Edirne,SPI,3,2000,11,2001,8,10,8.123,0.812,1.131
Edirne,SPI,3,2001,10,2002,3,6,1.247,0.208,0.466
Edirne,SPI,3,2002,5,2002,8,4,3.037,0.759,1.668
Edirne,SPI,3,2003,4,2003,4,1,0.667,0.667,0.667
Edirne,SPI,3,2003,8,2003,8,1,0.596,0.596,0.596
Edirne,SPI,3,2003,11,2004,5,7,5.564,0.795,1.992
Edirne,SPI,3,2004,9,2004,12,4,5.137,1.284,2.478
Edirne,SPI,3,2005,5,2005,6,2,2.066,1.033,1.194
Edirne,SPI,3,2006,12,2007,2,3,1.74,0.58,1.009
Edirne,SPI,3,2007,4,2007,4,1,0.988,0.988,0.988
Edirne,SPI,3,2007,8,2007,10,3,2.882,0.961,2.255
Edirne,SPI,3,2008,2,2008,8,7,4.534,0.648,1.365
Edirne,SPI,3,2008,10,2009,1,4,2.864,0.716,1.658
Edirne,SPI,3,2009,5,2009,6,2,2.348,1.174,1.501
Edirne,SPI,3,2010,5,2010,6,2,1.332,0.666,0.845
Edirne,SPI,3,2011,1,2011,7,7,5.324,0.761,1.293
Edirne,SPI,3,2011,9,2011,9,1,0.219,0.219,0.219
Edirne,SPI,3,2012,1,2012,1,1,0.102,0.102,0.102
Edirne,SPI,3,2012,4,2012,4,1,0.79,0.79,0.79
Edirne,SPI,3,2012,7,2012,11,5,7.639,1.528,3.311
Edirne,SPI,3,2013,5,2013,5,1,0.773,0.773,0.773
Edirne,SPI,3,2013,9,2014,2,6,3.685,0.614,1.346
Edirne,SPI,3,2015,5,2015,7,3,1.336,0.445,0.703
Edirne,SPI,3,2015,12,2015,12,1,0.828,0.828,0.828
Edirne,SPI,3,2016,7,2017,2,8,12.556,1.57,3.187
Edirne,SPI,3,2017,4,2017,4,1,0.188,0.188,0.188
Edirne,SPI,3,2018,6,2018,6,1,0.411,0.411,0.411
Edirne,SPI,3,2018,10,2018,10,1,0.879,0.879,0.879
Edirne,SPI,3,2019,2,2019,5,4,3.247,0.812,1.187
Edirne,SPI,3,2019,10,2020,3,6,8.764,1.461,2.498
Edirne,SPI,3,2020,8,2020,12,5,6.647,1.329,3.334
Edirne,SPI,3,2021,5,2021,5,1,0.27,0.27,0.27
Edirne,SPI,3,2021,9,2021,11,3,1.223,0.408,0.748
Edirne,SPI,3,2022,3,2022,7,5,3.818,0.764,1.394
Edirne,SPI,3,2022,11,2023,3,5,4.156,0.831,1.197
Edirne,SPI,3,2023,7,2023,11,5,3.081,0.616,1.489
Edirne,SPI,3,2024,2,2024,8,7,5.48,0.783,1.166
Edirne,SPI,3,2024,10,2024,12,3,2.44,0.813,1.074
Edirne,SPI,6,1965,8,1965,12,5,4.604,0.921,1.56
Edirne,SPI,6,1966,7,1966,7,1,0.247,0.247,0.247
Edirne,SPI,6,1966,9,1966,9,1,0.054,0.054,0.054
Edirne,SPI,6,1967,7,1967,7,1,0.174,0.174,0.174
Edirne,SPI,6,1967,11,1967,12,2,0.742,0.371,0.609
Edirne,SPI,6,1968,3,1968,11,9,8.827,0.981,2.644
Edirne,SPI,6,1969,8,1970,2,7,4.889,0.698,1.605
Edirne,SPI,6,1970,9,1971,2,6,3.969,0.662,1.032
Edirne,SPI,6,1972,1,1972,8,8,8.636,1.079,1.669
Edirne,SPI,6,1973,8,1974,6,11,11.166,1.015,1.897
Edirne,SPI,6,1974,8,1975,4,9,3.015,0.335,0.66
Edirne,SPI,6,1976,2,1977,1,12,10.741,0.895,2.066
Edirne,SPI,6,1977,12,1978,5,6,2.824,0.471,0.863
Edirne,SPI,6,1978,8,1978,8,1,0.064,0.064,0.064
Edirne,SPI,6,1978,11,1978,12,2,0.917,0.459,0.645
Edirne,SPI,6,1979,3,1979,9,7,4.318,0.617,0.901
Edirne,SPI,6,1980,10,1980,11,2,1.065,0.532,0.824
Edirne,SPI,6,1981,7,1981,11,5,5.233,1.047,1.872
Edirne,SPI,6,1982,1,1982,2,2,0.355,0.177,0.257
Edirne,SPI,6,1982,9,1983,8,12,10.881,0.907,1.498
Edirne,SPI,6,1983,12,1984,1,2,0.413,0.206,0.373
Edirne,SPI,6,1984,9,1985,3,7,2.616,0.374,0.786
Edirne,SPI,6,1985,5,1987,10,30,24.164,0.805,2.385
Edirne,SPI,6,1988,6,1989,6,13,9.544,0.734,1.937
Edirne,SPI,6,1989,9,1989,9,1,0.25,0.25,0.25
Edirne,SPI,6,1989,11,1990,8,10,10.605,1.06,1.888
Edirne,SPI,6,1990,11,1990,11,1,0.132,0.132,0.132
Edirne,SPI,6,1991,3,1991,4,2,1.136,0.568,0.858
Edirne,SPI,6,1991,6,1991,9,4,2.857,0.714,1.247
Edirne,SPI,6,1992,1,1992,6,6,5.622,0.937,1.918
Edirne,SPI,6,1992,12,1993,6,7,7.19,1.027,1.621
Edirne,SPI,6,1993,12,1994,9,10,11.184,1.118,1.563
Edirne,SPI,6,1995,7,1995,7,1,0.016,0.016,0.016
Edirne,SPI,6,1995,10,1995,10,1,0.238,0.238,0.238
Edirne,SPI,6,1996,1,1996,1,1,0.288,0.288,0.288
Edirne,SPI,6,1996,8,1996,11,4,2.162,0.54,1.125
Edirne,SPI,6,1997,3,1997,3,1,0.144,0.144,0.144
Edirne,SPI,6,1997,5,1997,7,3,1.943,0.648,1.043
Edirne,SPI,6,2000,1,2002,8,32,27.722,0.866,1.683
Edirne,SPI,6,2003,7,2003,9,3,1.088,0.363,0.531
Edirne,SPI,6,2003,11,2004,7,9,6.598,0.733,2.035
Edirne,SPI,6,2004,9,2005,1,5,2.253,0.451,0.842
Edirne,SPI,6,2007,3,2007,4,2,1.66,0.83,1.071
Edirne,SPI,6,2007,7,2007,10,4,1.852,0.463,0.747
Edirne,SPI,6,2008,3,2008,3,1,0.053,0.053,0.053
Edirne,SPI,6,2008,5,2008,8,4,4.628,1.157,1.566
Edirne,SPI,6,2008,10,2009,6,9,3.729,0.414,0.899
Edirne,SPI,6,2009,8,2009,8,1,0.192,0.192,0.192
Edirne,SPI,6,2011,2,2011,9,8,7.478,0.935,1.384
Edirne,SPI,6,2012,4,2012,4,1,0.567,0.567,0.567
Edirne,SPI,6,2012,7,2012,12,6,5.998,1.0,2.236
Edirne,SPI,6,2013,8,2013,10,3,1.616,0.539,0.869
Edirne,SPI,6,2013,12,2014,2,3,2.742,0.914,1.31
Edirne,SPI,6,2015,8,2015,8,1,0.003,0.003,0.003
Edirne,SPI,6,2015,12,2015,12,1,0.363,0.363,0.363
Edirne,SPI,6,2016,9,2017,5,9,13.846,1.538,3.271
Edirne,SPI,6,2018,9,2018,9,1,0.437,0.437,0.437
Edirne,SPI,6,2019,3,2019,3,1,0.134,0.134,0.134
Edirne,SPI,6,2019,5,2019,8,4,2.948,0.737,1.062
Edirne,SPI,6,2019,10,2020,5,8,10.526,1.316,2.369
Edirne,SPI,6,2020,10,2020,12,3,3.425,1.142,1.715
Edirne,SPI,6,2021,8,2021,11,4,0.685,0.171,0.296
Edirne,SPI,6,2022,1,2022,1,1,0.108,0.108,0.108
Edirne,SPI,6,2022,4,2022,4,1,0.034,0.034,0.034
Edirne,SPI,6,2022,6,2023,5,12,7.697,0.641,1.438
Edirne,SPI,6,2023,7,2023,7,1,0.002,0.002,0.002
Edirne,SPI,6,2023,10,2024,12,15,13.316,0.888,1.692
Edirne,SPI,9,1965,9,1965,12,4,1.932,0.483,0.864
Edirne,SPI,9,1966,2,1966,2,1,0.162,0.162,0.162
Edirne,SPI,9,1967,10,1967,12,3,1.178,0.393,0.404
Edirne,SPI,9,1968,3,1969,1,11,9.834,0.894,1.678
Edirne,SPI,9,1969,10,1970,2,5,3.785,0.757,1.594
Edirne,SPI,9,1970,12,1971,2,3,2.292,0.764,0.923
Edirne,SPI,9,1972,3,1972,9,7,7.107,1.015,1.857
Edirne,SPI,9,1973,7,1973,8,2,0.459,0.23,0.34
Edirne,SPI,9,1973,11,1974,10,12,12.771,1.064,2.035
Edirne,SPI,9,1974,12,1975,4,5,2.73,0.546,0.901
Edirne,SPI,9,1976,3,1977,3,13,10.483,0.806,1.855
Edirne,SPI,9,1977,5,1977,5,1,0.065,0.065,0.065
Edirne,SPI,9,1977,12,1978,4,5,1.51,0.302,0.508
Edirne,SPI,9,1978,6,1978,8,3,1.825,0.608,0.661
Edirne,SPI,9,1978,12,1979,10,11,3.988,0.363,1.399
Edirne,SPI,9,1980,10,1980,11,2,0.385,0.193,0.265
Edirne,SPI,9,1981,10,1982,3,6,3.789,0.631,1.115
Edirne,SPI,9,1982,8,1983,8,13,11.358,0.874,1.938
Edirne,SPI,9,1983,11,1983,11,1,0.02,0.02,0.02
Edirne,SPI,9,1984,12,1987,10,35,30.418,0.869,2.08
Edirne,SPI,9,1988,1,1988,2,2,0.477,0.238,0.319
Edirne,SPI,9,1988,8,1989,6,11,8.803,0.8,1.543
Edirne,SPI,9,1989,8,1989,10,3,1.261,0.42,0.613
Edirne,SPI,9,1989,12,1990,11,12,12.49,1.041,1.663
Edirne,SPI,9,1991,2,1991,4,3,0.944,0.315,0.364
Edirne,SPI,9,1991,6,1991,10,5,2.98,0.596,1.372
Edirne,SPI,9,1992,1,1992,10,10,6.765,0.676,1.087
Edirne,SPI,9,1993,1,1993,10,10,7.469,0.747,1.711
Edirne,SPI,9,1994,2,1994,11,10,12.122,1.212,1.903
Edirne,SPI,9,1995,10,1995,10,1,0.152,0.152,0.152
Edirne,SPI,9,1995,12,1996,1,2,0.433,0.216,0.391
Edirne,SPI,9,1996,6,1996,8,3,0.333,0.111,0.21
Edirne,SPI,9,1997,1,1997,3,3,0.807,0.269,0.402
Edirne,SPI,9,1997,6,1997,6,1,0.327,0.327,0.327
Edirne,SPI,9,1997,9,1997,9,1,0.587,0.587,0.587
Edirne,SPI,9,2000,1,2002,9,33,32.081,0.972,1.852
Edirne,SPI,9,2003,10,2004,12,15,10.54,0.703,1.264
Edirne,SPI,9,2005,4,2005,6,3,0.26,0.087,0.123
Edirne,SPI,9,2007,4,2007,4,1,0.243,0.243,0.243
Edirne,SPI,9,2007,6,2007,10,5,3.032,0.606,0.907
Edirne,SPI,9,2008,2,2009,7,18,10.134,0.563,1.151
Edirne,SPI,9,2011,3,2011,9,7,6.044,0.863,1.42
Edirne,SPI,9,2011,11,2011,11,1,0.345,0.345,0.345
Edirne,SPI,9,2012,7,2012,11,5,4.268,0.854,1.525
Edirne,SPI,9,2013,11,2014,4,6,2.948,0.491,1.1
Edirne,SPI,9,2015,12,2015,12,1,0.655,0.655,0.655
Edirne,SPI,9,2016,10,2017,6,9,12.841,1.427,2.176
Edirne,SPI,9,2019,3,2019,6,4,0.978,0.244,0.431
Edirne,SPI,9,2019,8,2020,12,17,16.832,0.99,1.753
Edirne,SPI,9,2021,10,2021,11,2,0.526,0.263,0.403
Edirne,SPI,9,2022,1,2022,1,1,0.1,0.1,0.1
Edirne,SPI,9,2022,3,2022,7,5,1.322,0.264,0.614
Edirne,SPI,9,2022,9,2023,10,14,9.444,0.675,1.019
Edirne,SPI,9,2024,1,2024,12,12,13.335,1.111,1.517
Edirne,SPI,12,1966,5,1966,5,1,0.026,0.026,0.026
Edirne,SPI,12,1967,12,1968,1,2,0.558,0.279,0.385
Edirne,SPI,12,1968,3,1969,3,13,8.927,0.687,1.382
Edirne,SPI,12,1969,9,1969,11,3,0.487,0.162,0.331
Edirne,SPI,12,1970,1,1970,3,3,0.758,0.253,0.398
Edirne,SPI,12,1970,12,1970,12,1,0.126,0.126,0.126
Edirne,SPI,12,1971,2,1971,2,1,0.123,0.123,0.123
Edirne,SPI,12,1971,5,1971,5,1,0.088,0.088,0.088
Edirne,SPI,12,1972,3,1972,9,7,3.677,0.525,1.181
Edirne,SPI,12,1972,12,1972,12,1,0.273,0.273,0.273
Edirne,SPI,12,1973,10,1975,5,20,16.743,0.837,1.762
Edirne,SPI,12,1976,6,1977,5,12,9.403,0.784,1.521
Edirne,SPI,12,1977,8,1977,8,1,0.016,0.016,0.016
Edirne,SPI,12,1977,12,1978,4,5,0.999,0.2,0.346
Edirne,SPI,12,1978,6,1978,12,7,2.025,0.289,0.48
Edirne,SPI,12,1979,3,1979,10,8,3.858,0.482,1.059
Edirne,SPI,12,1980,11,1980,11,1,0.082,0.082,0.082
Edirne,SPI,12,1982,1,1984,2,26,15.427,0.593,2.091
Edirne,SPI,12,1984,10,1984,10,1,0.023,0.023,0.023
Edirne,SPI,12,1985,3,1987,11,33,33.534,1.016,2.13
Edirne,SPI,12,1988,1,1988,2,2,0.422,0.211,0.294
Edirne,SPI,12,1988,4,1991,10,43,27.068,0.629,1.511
Edirne,SPI,12,1991,12,1994,12,37,29.956,0.81,1.605
Edirne,SPI,12,1996,1,1996,1,1,0.308,0.308,0.308
Edirne,SPI,12,1996,7,1996,8,2,0.385,0.193,0.204
Edirne,SPI,12,1996,10,1996,10,1,0.1,0.1,0.1
Edirne,SPI,12,1997,2,1997,6,5,1.655,0.331,0.412
Edirne,SPI,12,1997,9,1997,9,1,0.116,0.116,0.116
Edirne,SPI,12,1997,11,1997,11,1,0.013,0.013,0.013
Edirne,SPI,12,2000,2,2002,9,32,35.503,1.109,1.811
Edirne,SPI,12,2003,11,2005,1,15,12.031,0.802,1.683
Edirne,SPI,12,2005,6,2005,6,1,0.306,0.306,0.306
Edirne,SPI,12,2007,7,2007,10,4,2.405,0.601,0.954
Edirne,SPI,12,2008,1,2009,9,21,10.888,0.518,1.776
Edirne,SPI,12,2011,3,2012,1,11,5.56,0.505,0.881
Edirne,SPI,12,2012,3,2012,4,2,0.023,0.011,0.019
Edirne,SPI,12,2012,9,2012,12,4,1.991,0.498,0.974
Edirne,SPI,12,2014,1,2014,4,4,1.453,0.363,0.827
Edirne,SPI,12,2016,10,2017,9,12,10.349,0.862,1.772
Edirne,SPI,12,2019,3,2019,3,1,0.395,0.395,0.395
Edirne,SPI,12,2019,6,2020,12,19,20.496,1.079,2.178
Edirne,SPI,12,2022,1,2022,1,1,0.135,0.135,0.135
Edirne,SPI,12,2022,3,2022,8,6,1.634,0.272,0.661
Edirne,SPI,12,2022,10,2024,12,27,24.227,0.897,1.757
Edirne,SPEI,1,1965,1,1965,1,1,0.731,0.731,0.731
Edirne,SPEI,1,1965,6,1965,7,2,1.884,0.942,1.152
Edirne,SPEI,1,1965,9,1965,10,2,2.225,1.112,1.148
Edirne,SPEI,1,1966,2,1966,2,1,1.326,1.326,1.326
Edirne,SPEI,1,1967,2,1967,5,4,1.127,0.282,0.638
Edirne,SPEI,1,1967,8,1967,8,1,0.386,0.386,0.386
Edirne,SPEI,1,1967,10,1967,12,3,1.437,0.479,0.843
Edirne,SPEI,1,1968,3,1968,5,3,5.004,1.668,2.137
Edirne,SPEI,1,1968,7,1968,7,1,0.789,0.789,0.789
Edirne,SPEI,1,1968,10,1968,11,2,1.203,0.601,0.82
Edirne,SPEI,1,1969,5,1969,6,2,2.194,1.097,1.677
Edirne,SPEI,1,1969,9,1969,11,3,3.205,1.068,1.599
Edirne,SPEI,1,1970,1,1970,1,1,0.36,0.36,0.36
Edirne,SPEI,1,1970,6,1970,6,1,0.214,0.214,0.214
Edirne,SPEI,1,1970,8,1970,9,2,0.863,0.431,0.6
Edirne,SPEI,1,1970,12,1970,12,1,0.946,0.946,0.946
Edirne,SPEI,1,1971,5,1971,5,1,0.943,0.943,0.943
Edirne,SPEI,1,1971,8,1971,8,1,0.655,0.655,0.655
Edirne,SPEI,1,1971,10,1972,4,7,3.804,0.543,1.333
Edirne,SPEI,1,1972,6,1972,6,1,1.096,1.096,1.096
Edirne,SPEI,1,1972,11,1972,12,2,2.653,1.327,1.564
Edirne,SPEI,1,1973,5,1973,5,1,1.173,1.173,1.173
Edirne,SPEI,1,1973,7,1973,7,1,0.148,0.148,0.148
Edirne,SPEI,1,1973,9,1973,9,1,0.653,0.653,0.653
Edirne,SPEI,1,1973,11,1974,1,3,2.193,0.731,1.059
Edirne,SPEI,1,1974,4,1974,4,1,0.338,0.338,0.338
Edirne,SPEI,1,1974,7,1974,10,4,0.673,0.168,0.35
Edirne,SPEI,1,1974,12,1974,12,1,0.723,0.723,0.723
Edirne,SPEI,1,1975,2,1975,3,2,1.366,0.683,0.962
Edirne,SPEI,1,1975,7,1975,7,1,0.622,0.622,0.622
Edirne,SPEI,1,1975,9,1975,9,1,1.045,1.045,1.045
Edirne,SPEI,1,1975,12,1976,5,6,3.823,0.637,0.994
Edirne,SPEI,1,1976,9,1976,9,1,0.128,0.128,0.128
Edirne,SPEI,1,1976,11,1976,11,1,0.445,0.445,0.445
Edirne,SPEI,1,1977,1,1977,1,1,0.146,0.146,0.146
Edirne,SPEI,1,1977,3,1977,3,1,0.201,0.201,0.201
Edirne,SPEI,1,1977,5,1977,5,1,0.248,0.248,0.248
Edirne,SPEI,1,1977,8,1977,8,1,0.591,0.591,0.591
Edirne,SPEI,1,1977,10,1978,1,4,2.287,0.572,0.758
Edirne,SPEI,1,1978,6,1978,7,2,0.584,0.292,0.448
Edirne,SPEI,1,1978,10,1978,12,3,2.444,0.815,1.088
Edirne,SPEI,1,1979,3,1979,6,4,3.911,0.978,2.027
Edirne,SPEI,1,1979,9,1979,9,1,0.641,0.641,0.641
Edirne,SPEI,1,1980,2,1980,3,2,0.593,0.296,0.43
Edirne,SPEI,1,1980,7,1980,7,1,0.29,0.29,0.29
Edirne,SPEI,1,1980,9,1980,11,3,1.538,0.513,1.419
Edirne,SPEI,1,1981,4,1981,4,1,1.123,1.123,1.123
Edirne,SPEI,1,1981,6,1981,6,1,1.408,1.408,1.408
Edirne,SPEI,1,1981,9,1981,10,2,0.947,0.473,0.591
Edirne,SPEI,1,1982,1,1982,1,1,0.5,0.5,0.5
Edirne,SPEI,1,1982,5,1982,6,2,0.692,0.346,0.415
Edirne,SPEI,1,1982,9,1982,11,3,1.855,0.618,1.263
Edirne,SPEI,1,1983,1,1983,5,5,5.185,1.037,1.39
Edirne,SPEI,1,1983,10,1983,12,3,2.022,0.674,0.766
Edirne,SPEI,1,1984,6,1984,6,1,0.534,0.534,0.534
Edirne,SPEI,1,1984,9,1984,10,2,3.168,1.584,1.849
Edirne,SPEI,1,1984,12,1984,12,1,1.326,1.326,1.326
Edirne,SPEI,1,1985,3,1985,3,1,0.8,0.8,0.8
Edirne,SPEI,1,1985,5,1985,5,1,1.452,1.452,1.452
Edirne,SPEI,1,1985,9,1985,10,2,1.043,0.522,0.526
Edirne,SPEI,1,1985,12,1985,12,1,1.664,1.664,1.664
Edirne,SPEI,1,1986,3,1986,6,4,3.599,0.9,1.591
Edirne,SPEI,1,1986,8,1986,9,2,1.548,0.774,1.083
Edirne,SPEI,1,1986,11,1986,12,2,1.067,0.533,0.571
Edirne,SPEI,1,1987,2,1987,2,1,0.956,0.956,0.956
Edirne,SPEI,1,1987,5,1987,5,1,0.552,0.552,0.552
Edirne,SPEI,1,1987,7,1987,7,1,0.847,0.847,0.847
Edirne,SPEI,1,1987,9,1987,9,1,1.227,1.227,1.227
Edirne,SPEI,1,1988,1,1988,2,2,1.782,0.891,1.498
Edirne,SPEI,1,1988,5,1988,8,4,3.12,0.78,1.27
Edirne,SPEI,1,1988,10,1988,10,1,0.593,0.593,0.593
Edirne,SPEI,1,1988,12,1989,2,3,3.635,1.212,1.642
Edirne,SPEI,1,1989,4,1989,4,1,1.615,1.615,1.615
Edirne,SPEI,1,1989,7,1989,7,1,0.182,0.182,0.182
Edirne,SPEI,1,1989,10,1989,10,1,0.019,0.019,0.019
Edirne,SPEI,1,1990,1,1990,3,3,4.984,1.661,1.941
Edirne,SPEI,1,1990,6,1990,8,3,0.469,0.156,0.324
Edirne,SPEI,1,1990,11,1990,11,1,1.118,1.118,1.118
Edirne,SPEI,1,1991,1,1991,4,4,2.375,0.594,1.29
Edirne,SPEI,1,1991,6,1991,7,2,1.115,0.557,0.948
Edirne,SPEI,1,1991,9,1991,9,1,0.378,0.378,0.378
Edirne,SPEI,1,1991,12,1992,4,5,4.02,0.804,1.563
Edirne,SPEI,1,1992,8,1992,10,3,1.174,0.391,0.654
Edirne,SPEI,1,1992,12,1993,4,5,4.067,0.813,1.264
Edirne,SPEI,1,1993,7,1993,7,1,0.253,0.253,0.253
Edirne,SPEI,1,1993,9,1993,10,2,1.277,0.639,0.785
Edirne,SPEI,1,1993,12,1994,5,6,4.023,0.67,1.123
Edirne,SPEI,1,1994,8,1994,9,2,3.06,1.53,2.266
Edirne,SPEI,1,1995,2,1995,2,1,0.726,0.726,0.726
Edirne,SPEI,1,1995,5,1995,6,2,1.611,0.806,1.062
Edirne,SPEI,1,1995,10,1995,10,1,0.421,0.421,0.421
Edirne,SPEI,1,1995,12,1996,1,2,0.987,0.493,0.837
Edirne,SPEI,1,1996,5,1996,7,3,3.506,1.169,1.326
Edirne,SPEI,1,1996,10,1996,10,1,1.009,1.009,1.009
Edirne,SPEI,1,1997,1,1997,2,2,1.653,0.827,0.972
Edirne,SPEI,1,1997,5,1997,6,2,1.232,0.616,0.723
Edirne,SPEI,1,1997,9,1997,9,1,0.242,0.242,0.242
Edirne,SPEI,1,1998,1,1998,1,1,0.725,0.725,0.725
Edirne,SPEI,1,1998,4,1998,4,1,1.092,1.092,1.092
Edirne,SPEI,1,1998,6,1998,6,1,0.877,0.877,0.877
Edirne,SPEI,1,1999,4,1999,4,1,0.844,0.844,0.844
Edirne,SPEI,1,1999,6,1999,6,1,0.291,0.291,0.291
Edirne,SPEI,1,1999,9,2000,3,7,3.855,0.551,1.291
Edirne,SPEI,1,2000,6,2000,7,2,2.135,1.067,1.565
Edirne,SPEI,1,2000,10,2001,3,6,3.923,0.654,1.285
Edirne,SPEI,1,2001,5,2001,8,4,2.894,0.724,1.095
Edirne,SPEI,1,2001,10,2001,10,1,1.368,1.368,1.368
Edirne,SPEI,1,2002,1,2002,2,2,2.038,1.019,1.247
Edirne,SPEI,1,2002,4,2002,8,5,2.22,0.444,0.996
Edirne,SPEI,1,2002,12,2002,12,1,0.245,0.245,0.245
Edirne,SPEI,1,2003,3,2003,3,1,0.739,0.739,0.739
Edirne,SPEI,1,2003,6,2003,6,1,1.577,1.577,1.577
Edirne,SPEI,1,2003,8,2003,8,1,0.778,0.778,0.778
Edirne,SPEI,1,2003,11,2003,12,2,1.987,0.993,1.632
Edirne,SPEI,1,2004,2,2004,4,3,3.026,1.009,1.267
Edirne,SPEI,1,2004,9,2004,11,3,3.606,1.202,1.552
Edirne,SPEI,1,2005,3,2005,4,2,1.796,0.898,1.233
Edirne,SPEI,1,2005,6,2005,6,1,0.355,0.355,0.355
Edirne,SPEI,1,2006,4,2006,5,2,1.49,0.745,1.138
Edirne,SPEI,1,2006,11,2006,12,2,1.694,0.847,0.877
Edirne,SPEI,1,2007,2,2007,4,3,1.379,0.46,0.897
Edirne,SPEI,1,2007,6,2007,8,3,4.426,1.475,1.746
Edirne,SPEI,1,2007,10,2007,10,1,0.189,0.189,0.189
Edirne,SPEI,1,2008,1,2008,5,5,3.55,0.71,1.461
Edirne,SPEI,1,2008,8,2008,8,1,1.196,1.196,1.196
Edirne,SPEI,1,2008,10,2008,12,3,2.714,0.905,0.968
Edirne,SPEI,1,2009,4,2009,6,3,2.214,0.738,1.067
Edirne,SPEI,1,2009,8,2009,8,1,0.262,0.262,0.262
Edirne,SPEI,1,2009,11,2009,11,1,0.144,0.144,0.144
Edirne,SPEI,1,2010,4,2010,5,2,1.822,0.911,1.377
Edirne,SPEI,1,2010,8,2010,8,1,1.286,1.286,1.286
Edirne,SPEI,1,2010,11,2010,12,2,1.359,0.679,0.988
Edirne,SPEI,1,2011,2,2011,3,2,1.626,0.813,1.118
Edirne,SPEI,1,2011,5,2011,5,1,0.974,0.974,0.974
Edirne,SPEI,1,2011,7,2011,9,3,1.571,0.524,0.914
Edirne,SPEI,1,2011,11,2011,11,1,1.542,1.542,1.542
Edirne,SPEI,1,2012,3,2012,3,1,1.421,1.421,1.421
Edirne,SPEI,1,2012,6,2012,9,4,7.282,1.821,2.326
Edirne,SPEI,1,2012,11,2012,11,1,1.554,1.554,1.554
Edirne,SPEI,1,2013,4,2013,5,2,2.7,1.35,1.892
Edirne,SPEI,1,2013,7,2013,9,3,2.866,0.955,1.504
Edirne,SPEI,1,2013,12,2013,12,1,1.502,1.502,1.502
Edirne,SPEI,1,2014,2,2014,2,1,1.86,1.86,1.86
Edirne,SPEI,1,2014,4,2014,4,1,0.05,0.05,0.05
Edirne,SPEI,1,2014,8,2014,8,1,0.631,0.631,0.631
Edirne,SPEI,1,2014,11,2014,11,1,0.544,0.544,0.544
Edirne,SPEI,1,2015,4,2015,5,2,1.886,0.943,1.704
Edirne,SPEI,1,2015,7,2015,8,2,1.416,0.708,1.31
Edirne,SPEI,1,2015,11,2015,12,2,2.407,1.204,1.663
Edirne,SPEI,1,2016,3,2016,3,1,0.442,0.442,0.442
Edirne,SPEI,1,2016,6,2016,12,7,7.863,1.123,1.534
Edirne,SPEI,1,2017,2,2017,3,2,0.723,0.362,0.403
Edirne,SPEI,1,2017,8,2017,9,2,2.037,1.018,1.165
Edirne,SPEI,1,2018,1,2018,1,1,0.218,0.218,0.218
Edirne,SPEI,1,2018,4,2018,5,2,3.641,1.821,2.386
Edirne,SPEI,1,2018,8,2018,10,3,2.298,0.766,1.335
Edirne,SPEI,1,2018,12,2018,12,1,0.862,0.862,0.862
Edirne,SPEI,1,2019,2,2019,3,2,2.553,1.276,1.894
Edirne,SPEI,1,2019,6,2019,6,1,0.772,0.772,0.772
Edirne,SPEI,1,2019,9,2020,3,7,6.282,0.897,1.384
Edirne,SPEI,1,2020,7,2020,9,3,5.484,1.828,1.995
Edirne,SPEI,1,2020,11,2020,11,1,1.725,1.725,1.725
Edirne,SPEI,1,2021,3,2021,3,1,0.057,0.057,0.057
Edirne,SPEI,1,2021,5,2021,5,1,0.762,0.762,0.762
Edirne,SPEI,1,2021,7,2021,9,3,2.902,0.967,1.318
Edirne,SPEI,1,2021,11,2021,11,1,0.945,0.945,0.945
Edirne,SPEI,1,2022,1,2022,1,1,1.067,1.067,1.067
Edirne,SPEI,1,2022,3,2022,7,5,3.925,0.785,1.708
Edirne,SPEI,1,2022,10,2023,2,5,4.307,0.861,1.464
Edirne,SPEI,1,2023,6,2023,10,5,6.504,1.301,1.851
Edirne,SPEI,1,2024,1,2024,2,2,2.361,1.18,1.305
Edirne,SPEI,1,2024,4,2024,4,1,0.947,0.947,0.947
Edirne,SPEI,1,2024,6,2024,8,3,6.506,2.169,2.773
Edirne,SPEI,1,2024,10,2024,11,2,2.005,1.002,1.335
Edirne,SPEI,3,1965,6,1965,11,6,3.326,0.554,0.896
Edirne,SPEI,3,1966,4,1966,4,1,0.442,0.442,0.442
Edirne,SPEI,3,1967,4,1967,5,2,1.237,0.619,0.782
Edirne,SPEI,3,1967,10,1967,12,3,1.913,0.638,0.946
Edirne,SPEI,3,1968,4,1968,7,4,8.412,2.103,2.546
Edirne,SPEI,3,1968,11,1968,12,2,0.757,0.379,0.462
Edirne,SPEI,3,1969,5,1969,7,3,2.656,0.885,1.255
Edirne,SPEI,3,1969,10,1969,12,3,2.637,0.879,1.863
Edirne,SPEI,3,1970,8,1971,2,7,2.919,0.417,0.702
Edirne,SPEI,3,1971,12,1972,7,8,7.936,0.992,1.384
Edirne,SPEI,3,1973,1,1973,1,1,1.253,1.253,1.253
Edirne,SPEI,3,1973,6,1973,7,2,0.827,0.414,0.551
Edirne,SPEI,3,1973,9,1974,3,7,5.266,0.752,1.504
Edirne,SPEI,3,1974,9,1975,4,8,3.118,0.39,0.874
Edirne,SPEI,3,1976,1,1976,6,6,6.113,1.019,1.325
Edirne,SPEI,3,1976,11,1976,11,1,0.252,0.252,0.252
Edirne,SPEI,3,1977,1,1977,1,1,0.367,0.367,0.367
Edirne,SPEI,3,1977,3,1977,3,1,0.174,0.174,0.174
Edirne,SPEI,3,1977,5,1977,5,1,0.166,0.166,0.166
Edirne,SPEI,3,1977,12,1978,3,4,3.321,0.83,1.404
Edirne,SPEI,3,1978,8,1978,8,1,0.281,0.281,0.281
Edirne,SPEI,3,1978,12,1979,1,2,1.971,0.985,1.505
Edirne,SPEI,3,1979,4,1979,6,3,3.527,1.176,1.379
Edirne,SPEI,3,1980,3,1980,3,1,0.089,0.089,0.089
Edirne,SPEI,3,1980,10,1980,11,2,1.532,0.766,1.1
Edirne,SPEI,3,1981,4,1981,11,8,3.307,0.413,1.237
Edirne,SPEI,3,1982,7,1983,5,11,9.338,0.849,1.908
Edirne,SPEI,3,1983,12,1984,1,2,1.788,0.894,1.28
Edirne,SPEI,3,1984,10,1984,12,3,2.594,0.865,1.07
Edirne,SPEI,3,1985,5,1985,7,3,2.589,0.863,1.428
Edirne,SPEI,3,1985,9,1986,1,5,2.697,0.539,1.07
Edirne,SPEI,3,1986,4,1987,3,12,7.879,0.657,1.722
Edirne,SPEI,3,1987,7,1987,10,4,1.62,0.405,0.837
Edirne,SPEI,3,1988,2,1988,3,2,0.419,0.21,0.227
Edirne,SPEI,3,1988,6,1988,10,5,5.068,1.014,1.355
Edirne,SPEI,3,1989,2,1989,4,3,3.01,1.003,1.722
Edirne,SPEI,3,1989,9,1989,11,3,0.353,0.118,0.202
Edirne,SPEI,3,1990,1,1990,5,5,5.701,1.14,2.071
Edirne,SPEI,3,1990,8,1990,8,1,0.249,0.249,0.249
Edirne,SPEI,3,1991,1,1991,4,4,2.572,0.643,1.236
Edirne,SPEI,3,1991,8,1991,9,2,0.531,0.266,0.32
Edirne,SPEI,3,1992,1,1992,5,5,5.246,1.049,1.656
Edirne,SPEI,3,1992,9,1992,10,2,1.235,0.617,0.731
Edirne,SPEI,3,1992,12,1993,4,5,4.81,0.962,1.492
Edirne,SPEI,3,1993,9,1994,6,10,7.535,0.754,1.473
Edirne,SPEI,3,1994,8,1994,10,3,1.747,0.582,1.363
Edirne,SPEI,3,1995,5,1995,7,3,1.401,0.467,1.07
Edirne,SPEI,3,1996,6,1996,8,3,3.781,1.26,2.074
Edirne,SPEI,3,1997,2,1997,3,2,1.332,0.666,0.831
Edirne,SPEI,3,1997,6,1997,7,2,0.861,0.43,0.655
Edirne,SPEI,3,1999,6,1999,6,1,0.099,0.099,0.099
Edirne,SPEI,3,1999,10,2000,9,12,9.166,0.764,1.446
Edirne,SPEI,3,2000,11,2001,12,14,11.267,0.805,1.331
Edirne,SPEI,3,2002,2,2002,8,7,3.738,0.534,1.26
Edirne,SPEI,3,2003,4,2003,4,1,0.031,0.031,0.031
Edirne,SPEI,3,2003,6,2003,9,4,1.734,0.433,0.837
Edirne,SPEI,3,2003,12,2004,5,6,5.245,0.874,1.712
Edirne,SPEI,3,2004,9,2004,12,4,4.616,1.154,2.02
Edirne,SPEI,3,2005,5,2005,6,2,1.922,0.961,0.998
Edirne,SPEI,3,2006,12,2007,4,5,2.811,0.562,1.001
Edirne,SPEI,3,2007,6,2007,10,5,4.416,0.883,2.22
Edirne,SPEI,3,2008,2,2008,8,7,5.553,0.793,1.515
Edirne,SPEI,3,2008,10,2009,1,4,3.122,0.78,1.63
Edirne,SPEI,3,2009,5,2009,6,2,2.364,1.182,1.433
Edirne,SPEI,3,2010,5,2010,6,2,1.631,0.816,0.981
Edirne,SPEI,3,2011,1,2011,9,9,6.416,0.713,1.014
Edirne,SPEI,3,2012,4,2012,4,1,0.735,0.735,0.735
Edirne,SPEI,3,2012,6,2012,11,6,10.406,1.734,3.712
Edirne,SPEI,3,2013,5,2013,7,3,2.283,0.761,1.453
Edirne,SPEI,3,2013,9,2014,2,6,4.0,0.667,1.415
Edirne,SPEI,3,2015,5,2015,9,5,2.583,0.517,1.137
Edirne,SPEI,3,2015,12,2015,12,1,0.929,0.929,0.929
Edirne,SPEI,3,2016,7,2017,2,8,10.691,1.336,2.115
Edirne,SPEI,3,2017,4,2017,4,1,0.343,0.343,0.343
Edirne,SPEI,3,2017,9,2017,9,1,0.431,0.431,0.431
Edirne,SPEI,3,2018,5,2018,6,2,1.562,0.781,1.3
Edirne,SPEI,3,2018,9,2018,10,2,1.773,0.886,1.273
Edirne,SPEI,3,2019,2,2020,3,14,14.926,1.066,2.733
Edirne,SPEI,3,2020,8,2020,12,5,7.658,1.532,2.279
Edirne,SPEI,3,2021,5,2021,5,1,0.172,0.172,0.172
Edirne,SPEI,3,2021,7,2021,11,5,2.937,0.587,1.445
Edirne,SPEI,3,2022,1,2022,1,1,0.002,0.002,0.002
Edirne,SPEI,3,2022,3,2022,3,1,0.502,0.502,0.502
Edirne,SPEI,3,2022,5,2023,3,11,10.637,0.967,1.684
Edirne,SPEI,3,2023,7,2023,12,6,7.933,1.322,2.516
Edirne,SPEI,3,2024,2,2024,12,11,18.032,1.639,4.753
Edirne,SPEI,6,1965,9,1965,11,3,2.432,0.811,1.01
Edirne,SPEI,6,1966,7,1966,7,1,0.1,0.1,0.1
Edirne,SPEI,6,1967,12,1967,12,1,0.489,0.489,0.489
Edirne,SPEI,6,1968,3,1968,11,9,8.608,0.956,2.268
Edirne,SPEI,6,1969,9,1969,11,3,2.552,0.851,1.152
Edirne,SPEI,6,1970,1,1970,2,2,0.583,0.291,0.298
Edirne,SPEI,6,1970,10,1971,2,5,2.725,0.545,0.889
Edirne,SPEI,6,1972,1,1972,8,8,8.691,1.086,2.073
Edirne,SPEI,6,1973,9,1974,5,9,7.391,0.821,1.436
Edirne,SPEI,6,1974,11,1975,4,6,2.818,0.47,0.756
Edirne,SPEI,6,1976,2,1976,7,6,6.222,1.037,1.618
Edirne,SPEI,6,1977,2,1977,5,4,0.462,0.116,0.194
Edirne,SPEI,6,1978,1,1978,5,5,2.161,0.432,0.845
Edirne,SPEI,6,1978,12,1978,12,1,0.111,0.111,0.111
Edirne,SPEI,6,1979,3,1979,9,7,3.893,0.556,0.913
Edirne,SPEI,6,1980,11,1980,11,1,0.515,0.515,0.515
Edirne,SPEI,6,1981,7,1981,11,5,3.264,0.653,1.002
Edirne,SPEI,6,1982,1,1982,2,2,0.23,0.115,0.161
Edirne,SPEI,6,1982,10,1983,7,10,9.821,0.982,1.719
Edirne,SPEI,6,1984,10,1984,10,1,0.322,0.322,0.322
Edirne,SPEI,6,1984,12,1985,3,4,1.458,0.364,0.632
Edirne,SPEI,6,1985,5,1987,5,25,15.512,0.62,1.868
Edirne,SPEI,6,1987,7,1987,7,1,0.253,0.253,0.253
Edirne,SPEI,6,1987,9,1987,10,2,0.6,0.3,0.58
Edirne,SPEI,6,1988,2,1988,2,1,0.014,0.014,0.014
Edirne,SPEI,6,1988,6,1989,2,9,5.961,0.662,1.427
Edirne,SPEI,6,1989,4,1989,6,3,1.359,0.453,0.934
Edirne,SPEI,6,1990,1,1990,8,8,8.774,1.097,1.81
Edirne,SPEI,6,1991,3,1991,4,2,1.204,0.602,0.896
Edirne,SPEI,6,1991,6,1991,7,2,1.071,0.535,0.744
Edirne,SPEI,6,1992,1,1992,6,6,3.99,0.665,1.394
Edirne,SPEI,6,1992,12,1993,5,6,6.057,1.01,1.295
Edirne,SPEI,6,1993,12,1994,11,12,11.835,0.986,1.629
Edirne,SPEI,6,1995,7,1995,7,1,0.159,0.159,0.159
Edirne,SPEI,6,1995,10,1995,10,1,0.022,0.022,0.022
Edirne,SPEI,6,1996,8,1996,10,3,1.663,0.554,0.977
Edirne,SPEI,6,1997,3,1997,3,1,0.119,0.119,0.119
Edirne,SPEI,6,1997,5,1997,7,3,1.533,0.511,0.83
Edirne,SPEI,6,1999,11,1999,11,1,0.07,0.07,0.07
Edirne,SPEI,6,2000,1,2002,3,27,28.069,1.04,1.624
Edirne,SPEI,6,2002,5,2002,8,4,2.975,0.744,1.168
Edirne,SPEI,6,2003,7,2003,9,3,1.423,0.474,0.683
Edirne,SPEI,6,2003,11,2004,7,9,5.575,0.619,1.699
Edirne,SPEI,6,2004,11,2005,1,3,2.233,0.744,0.838
Edirne,SPEI,6,2007,3,2007,4,2,1.693,0.847,1.035
Edirne,SPEI,6,2007,6,2007,11,6,4.852,0.809,1.407
Edirne,SPEI,6,2008,4,2009,6,15,10.098,0.673,1.734
Edirne,SPEI,6,2009,8,2009,8,1,0.395,0.395,0.395
Edirne,SPEI,6,2010,8,2010,9,2,0.389,0.195,0.368
Edirne,SPEI,6,2011,1,2011,9,9,7.419,0.824,1.238
Edirne,SPEI,6,2012,4,2012,4,1,0.451,0.451,0.451
Edirne,SPEI,6,2012,7,2012,12,6,11.253,1.875,2.355
Edirne,SPEI,6,2013,8,2014,2,7,6.617,0.945,1.58
Edirne,SPEI,6,2014,4,2014,4,1,0.051,0.051,0.051
Edirne,SPEI,6,2015,7,2015,10,4,1.21,0.302,0.608
Edirne,SPEI,6,2015,12,2015,12,1,0.857,0.857,0.857
Edirne,SPEI,6,2016,8,2017,5,10,13.779,1.378,2.565
Edirne,SPEI,6,2018,9,2018,10,2,1.758,0.879,1.335
Edirne,SPEI,6,2019,1,2019,1,1,0.036,0.036,0.036
Edirne,SPEI,6,2019,3,2019,3,1,0.208,0.208,0.208
Edirne,SPEI,6,2019,5,2020,5,13,17.442,1.342,2.65
Edirne,SPEI,6,2020,8,2020,12,5,5.74,1.148,2.152
Edirne,SPEI,6,2021,7,2022,1,7,3.119,0.446,0.751
Edirne,SPEI,6,2022,4,2022,4,1,0.081,0.081,0.081
Edirne,SPEI,6,2022,6,2023,5,12,13.248,1.104,1.717
Edirne,SPEI,6,2023,7,2024,12,18,31.849,1.769,4.753
Edirne,SPEI,9,1965,11,1965,11,1,0.432,0.432,0.432
Edirne,SPEI,9,1966,2,1966,2,1,0.222,0.222,0.222
Edirne,SPEI,9,1967,10,1967,12,3,0.305,0.102,0.149
Edirne,SPEI,9,1968,4,1969,1,10,10.096,1.01,1.5
Edirne,SPEI,9,1969,10,1970,2,5,2.868,0.574,1.151
Edirne,SPEI,9,1970,12,1971,2,3,1.6,0.533,0.671
Edirne,SPEI,9,1972,3,1972,9,7,6.486,0.927,1.76
Edirne,SPEI,9,1973,7,1973,7,1,0.181,0.181,0.181
Edirne,SPEI,9,1973,11,1974,9,11,7.586,0.69,1.535
Edirne,SPEI,9,1975,2,1975,4,3,1.983,0.661,0.839
Edirne,SPEI,9,1976,5,1976,11,7,4.916,0.702,1.229
Edirne,SPEI,9,1977,5,1977,5,1,0.2,0.2,0.2
Edirne,SPEI,9,1978,1,1978,4,4,0.295,0.074,0.14
Edirne,SPEI,9,1978,6,1978,8,3,1.328,0.443,0.556
Edirne,SPEI,9,1979,5,1979,9,5,2.299,0.46,1.457
Edirne,SPEI,9,1981,10,1982,2,5,2.58,0.516,0.833
Edirne,SPEI,9,1982,9,1982,9,1,0.002,0.002,0.002
Edirne,SPEI,9,1982,11,1983,8,10,9.423,0.942,2.144
Edirne,SPEI,9,1985,1,1985,1,1,0.225,0.225,0.225
Edirne,SPEI,9,1985,4,1986,1,10,6.32,0.632,1.201
Edirne,SPEI,9,1986,3,1987,10,20,14.501,0.725,1.621
Edirne,SPEI,9,1988,1,1988,2,2,0.288,0.144,0.156
Edirne,SPEI,9,1988,8,1988,10,3,2.796,0.932,1.227
Edirne,SPEI,9,1988,12,1989,5,6,4.31,0.718,1.261
Edirne,SPEI,9,1989,8,1989,9,2,0.798,0.399,0.437
Edirne,SPEI,9,1990,2,1990,11,10,8.994,0.899,1.32
Edirne,SPEI,9,1991,2,1991,4,3,0.314,0.105,0.139
Edirne,SPEI,9,1991,6,1991,9,4,1.699,0.425,0.848
Edirne,SPEI,9,1992,2,1992,5,4,2.436,0.609,0.751
Edirne,SPEI,9,1992,7,1992,9,3,1.172,0.391,0.587
Edirne,SPEI,9,1993,2,1993,9,8,4.336,0.542,1.496
Edirne,SPEI,9,1994,2,1994,11,10,12.475,1.247,1.941
Edirne,SPEI,9,1995,10,1995,10,1,0.01,0.01,0.01
Edirne,SPEI,9,1996,1,1996,1,1,0.093,0.093,0.093
Edirne,SPEI,9,1996,8,1996,8,1,0.114,0.114,0.114
Edirne,SPEI,9,1997,1,1997,2,2,0.786,0.393,0.456
Edirne,SPEI,9,1997,6,1997,6,1,0.309,0.309,0.309
Edirne,SPEI,9,1997,9,1997,9,1,0.079,0.079,0.079
Edirne,SPEI,9,1999,12,2002,9,34,35.828,1.054,1.911
Edirne,SPEI,9,2003,8,2003,8,1,0.073,0.073,0.073
Edirne,SPEI,9,2003,11,2004,12,14,9.115,0.651,1.182
Edirne,SPEI,9,2005,4,2005,6,3,0.504,0.168,0.238
Edirne,SPEI,9,2007,4,2007,4,1,0.289,0.289,0.289
Edirne,SPEI,9,2007,6,2007,11,6,5.41,0.902,1.297
Edirne,SPEI,9,2008,2,2009,8,19,12.527,0.659,1.275
Edirne,SPEI,9,2010,12,2011,11,12,7.315,0.61,1.459
Edirne,SPEI,9,2012,7,2013,2,8,9.888,1.236,2.282
Edirne,SPEI,9,2013,10,2014,4,7,5.663,0.809,1.507
Edirne,SPEI,9,2015,11,2015,12,2,1.149,0.575,1.115
Edirne,SPEI,9,2016,10,2017,6,9,14.42,1.602,2.107
Edirne,SPEI,9,2018,12,2018,12,1,0.406,0.406,0.406
Edirne,SPEI,9,2019,3,2021,3,25,27.209,1.088,2.328
Edirne,SPEI,9,2021,10,2021,11,2,1.016,0.508,0.643
Edirne,SPEI,9,2022,1,2022,1,1,0.565,0.565,0.565
Edirne,SPEI,9,2022,3,2024,12,34,47.699,1.403,2.805
Edirne,SPEI,12,1967,12,1967,12,1,0.075,0.075,0.075
Edirne,SPEI,12,1968,4,1969,3,12,9.06,0.755,1.536
Edirne,SPEI,12,1969,11,1969,11,1,0.133,0.133,0.133
Edirne,SPEI,12,1970,1,1970,4,4,0.492,0.123,0.301
Edirne,SPEI,12,1972,6,1972,9,4,2.855,0.714,1.08
Edirne,SPEI,12,1972,12,1972,12,1,0.156,0.156,0.156
Edirne,SPEI,12,1973,10,1973,11,2,0.842,0.421,0.437
Edirne,SPEI,12,1974,1,1974,12,12,7.645,0.637,1.312
Edirne,SPEI,12,1975,2,1975,4,3,0.632,0.211,0.406
Edirne,SPEI,12,1976,8,1977,2,7,3.518,0.503,0.889
Edirne,SPEI,12,1978,1,1978,2,2,0.122,0.061,0.071
Edirne,SPEI,12,1978,7,1978,8,2,0.138,0.069,0.124
Edirne,SPEI,12,1979,5,1979,6,2,0.81,0.405,0.567
Edirne,SPEI,12,1979,9,1979,10,2,1.177,0.589,0.843
Edirne,SPEI,12,1982,1,1982,3,3,1.374,0.458,0.621
Edirne,SPEI,12,1982,11,1983,8,10,8.828,0.883,1.954
Edirne,SPEI,12,1983,11,1983,12,2,0.517,0.259,0.424
Edirne,SPEI,12,1985,5,1987,10,30,23.737,0.791,1.841
Edirne,SPEI,12,1988,7,1989,7,13,6.827,0.525,1.297
Edirne,SPEI,12,1989,11,1991,2,16,9.565,0.598,1.116
Edirne,SPEI,12,1991,4,1991,4,1,0.038,0.038,0.038
Edirne,SPEI,12,1991,9,1991,10,2,0.357,0.178,0.232
Edirne,SPEI,12,1991,12,1992,5,6,2.59,0.432,0.714
Edirne,SPEI,12,1992,10,1994,12,27,17.47,0.647,1.753
Edirne,SPEI,12,1996,1,1996,1,1,0.065,0.065,0.065
Edirne,SPEI,12,1997,2,1997,5,4,0.839,0.21,0.252
Edirne,SPEI,12,2000,2,2002,9,32,40.65,1.27,1.993
Edirne,SPEI,12,2003,11,2005,1,15,10.573,0.705,1.37
Edirne,SPEI,12,2005,6,2005,6,1,0.192,0.192,0.192
Edirne,SPEI,12,2007,7,2007,11,5,4.31,0.862,1.28
Edirne,SPEI,12,2008,1,2009,9,21,14.894,0.709,1.849
Edirne,SPEI,12,2011,2,2012,1,12,7.307,0.609,1.097
Edirne,SPEI,12,2012,4,2012,4,1,0.036,0.036,0.036
Edirne,SPEI,12,2012,7,2013,2,8,6.537,0.817,1.584
Edirne,SPEI,12,2013,4,2013,5,2,1.053,0.526,1.044
Edirne,SPEI,12,2013,12,2014,4,5,3.747,0.749,1.41
Edirne,SPEI,12,2015,12,2015,12,1,0.352,0.352,0.352
Edirne,SPEI,12,2016,9,2017,9,13,15.348,1.181,2.011
Edirne,SPEI,12,2019,3,2019,4,2,1.307,0.653,1.031
Edirne,SPEI,12,2019,6,2020,12,19,29.156,1.535,2.806
Edirne,SPEI,12,2021,5,2021,8,4,0.861,0.215,0.492
Edirne,SPEI,12,2022,1,2024,12,36,53.017,1.473,3.447
Kırklareli,SPI,1,1965,1,1965,1,1,0.127,0.127,0.127
Kırklareli,SPI,1,1965,3,1965,3,1,1.162,1.162,1.162
Kırklareli,SPI,1,1965,6,1965,10,5,7.236,1.447,2.128
Kırklareli,SPI,1,1966,2,1966,2,1,0.063,0.063,0.063
Kırklareli,SPI,1,1966,7,1966,7,1,0.579,0.579,0.579
Kırklareli,SPI,1,1967,2,1967,5,4,2.868,0.717,1.17
Kırklareli,SPI,1,1967,7,1967,7,1,0.194,0.194,0.194
Kırklareli,SPI,1,1967,10,1967,11,2,0.964,0.482,0.75
Kırklareli,SPI,1,1968,3,1968,7,5,5.983,1.197,2.215
Kırklareli,SPI,1,1968,10,1968,11,2,2.496,1.248,1.623
Kırklareli,SPI,1,1969,3,1969,3,1,0.207,0.207,0.207
Kırklareli,SPI,1,1969,5,1969,6,2,3.605,1.803,2.688
Kırklareli,SPI,1,1969,9,1969,11,3,4.754,1.585,2.848
Kırklareli,SPI,1,1970,5,1970,7,3,1.722,0.574,0.854
Kırklareli,SPI,1,1970,9,1970,9,1,1.94,1.94,1.94
Kırklareli,SPI,1,1970,12,1970,12,1,0.815,0.815,0.815
Kırklareli,SPI,1,1971,4,1971,5,2,0.725,0.362,0.715
Kırklareli,SPI,1,1971,8,1971,8,1,1.151,1.151,1.151
Kırklareli,SPI,1,1971,10,1971,10,1,0.24,0.24,0.24
Kırklareli,SPI,1,1971,12,1972,3,4,3.458,0.864,1.137
Kırklareli,SPI,1,1972,6,1972,6,1,0.78,0.78,0.78
Kırklareli,SPI,1,1972,11,1972,12,2,2.711,1.355,1.895
Kırklareli,SPI,1,1973,5,1973,6,2,1.129,0.565,0.669
Kırklareli,SPI,1,1973,8,1973,8,1,0.5,0.5,0.5
Kırklareli,SPI,1,1973,11,1973,11,1,1.248,1.248,1.248
Kırklareli,SPI,1,1974,1,1974,1,1,1.11,1.11,1.11
Kırklareli,SPI,1,1974,7,1974,8,2,1.069,0.534,0.667
Kırklareli,SPI,1,1974,12,1974,12,1,0.368,0.368,0.368
Kırklareli,SPI,1,1975,2,1975,2,1,1.413,1.413,1.413
Kırklareli,SPI,1,1975,9,1975,9,1,2.038,2.038,2.038
Kırklareli,SPI,1,1975,12,1976,5,6,3.041,0.507,1.369
Kırklareli,SPI,1,1976,9,1976,9,1,0.046,0.046,0.046
Kırklareli,SPI,1,1977,3,1977,3,1,0.424,0.424,0.424
Kırklareli,SPI,1,1977,5,1977,5,1,0.347,0.347,0.347
Kırklareli,SPI,1,1977,8,1977,8,1,0.544,0.544,0.544
Kırklareli,SPI,1,1977,10,1977,10,1,0.354,0.354,0.354
Kırklareli,SPI,1,1977,12,1978,1,2,0.717,0.358,0.627
Kırklareli,SPI,1,1978,6,1978,8,3,2.573,0.858,1.417
Kırklareli,SPI,1,1978,11,1978,12,2,1.657,0.829,1.105
Kırklareli,SPI,1,1979,3,1979,3,1,1.589,1.589,1.589
Kırklareli,SPI,1,1979,6,1979,6,1,0.887,0.887,0.887
Kırklareli,SPI,1,1979,9,1979,9,1,0.898,0.898,0.898
Kırklareli,SPI,1,1979,12,1979,12,1,0.146,0.146,0.146
Kırklareli,SPI,1,1980,2,1980,3,2,1.902,0.951,1.622
Kırklareli,SPI,1,1980,7,1980,7,1,1.312,1.312,1.312
Kırklareli,SPI,1,1980,9,1980,11,3,1.275,0.425,0.728
Kırklareli,SPI,1,1981,2,1981,2,1,0.297,0.297,0.297
Kırklareli,SPI,1,1981,4,1981,4,1,0.166,0.166,0.166
Kırklareli,SPI,1,1981,6,1981,7,2,2.383,1.192,2.1
Kırklareli,SPI,1,1981,9,1981,9,1,0.601,0.601,0.601
Kırklareli,SPI,1,1982,1,1982,3,3,0.677,0.226,0.539
Kırklareli,SPI,1,1982,6,1982,9,4,2.129,0.532,1.086
Kırklareli,SPI,1,1983,1,1983,5,5,4.909,0.982,1.702
Kırklareli,SPI,1,1983,8,1983,8,1,0.907,0.907,0.907
Kırklareli,SPI,1,1983,10,1983,12,3,1.261,0.42,0.588
Kırklareli,SPI,1,1984,2,1984,2,1,0.122,0.122,0.122
Kırklareli,SPI,1,1984,5,1984,7,3,2.028,0.676,1.146
Kırklareli,SPI,1,1984,9,1984,10,2,3.277,1.639,2.003
Kırklareli,SPI,1,1984,12,1984,12,1,1.321,1.321,1.321
Kırklareli,SPI,1,1985,3,1985,3,1,0.629,0.629,0.629
Kırklareli,SPI,1,1985,5,1985,5,1,1.934,1.934,1.934
Kırklareli,SPI,1,1985,7,1985,10,4,3.313,0.828,1.504
Kırklareli,SPI,1,1985,12,1985,12,1,1.588,1.588,1.588
Kırklareli,SPI,1,1986,3,1986,5,3,3.706,1.235,1.458
Kırklareli,SPI,1,1986,7,1986,9,3,3.059,1.02,1.713
Kırklareli,SPI,1,1986,11,1986,11,1,1.029,1.029,1.029
Kırklareli,SPI,1,1987,2,1987,2,1,0.202,0.202,0.202
Kırklareli,SPI,1,1987,7,1987,7,1,0.618,0.618,0.618
Kırklareli,SPI,1,1987,9,1987,10,2,1.301,0.651,1.181
Kırklareli,SPI,1,1988,1,1988,1,1,1.115,1.115,1.115
Kırklareli,SPI,1,1988,4,1988,4,1,0.783,0.783,0.783
Kırklareli,SPI,1,1988,7,1988,7,1,0.477,0.477,0.477
Kırklareli,SPI,1,1988,9,1988,10,2,1.415,0.708,1.143
Kırklareli,SPI,1,1989,1,1989,2,2,4.873,2.437,2.853
Kırklareli,SPI,1,1989,4,1989,5,2,1.807,0.903,1.198
Kırklareli,SPI,1,1989,7,1989,7,1,1.465,1.465,1.465
Kırklareli,SPI,1,1989,9,1989,9,1,0.545,0.545,0.545
Kırklareli,SPI,1,1989,12,1990,3,4,4.745,1.186,2.542
Kırklareli,SPI,1,1990,6,1990,6,1,0.123,0.123,0.123
Kırklareli,SPI,1,1990,8,1990,8,1,0.907,0.907,0.907
Kırklareli,SPI,1,1990,11,1990,11,1,0.536,0.536,0.536
Kırklareli,SPI,1,1991,1,1991,4,4,2.405,0.601,1.356
Kırklareli,SPI,1,1991,6,1991,6,1,1.423,1.423,1.423
Kırklareli,SPI,1,1991,8,1991,9,2,0.937,0.469,0.78
Kırklareli,SPI,1,1991,12,1992,2,3,5.173,1.724,2.786
Kırklareli,SPI,1,1992,4,1992,5,2,1.024,0.512,1.003
Kırklareli,SPI,1,1992,8,1992,9,2,2.714,1.357,1.412
Kırklareli,SPI,1,1992,12,1993,4,5,4.256,0.851,1.296
Kırklareli,SPI,1,1993,7,1993,7,1,0.123,0.123,0.123
Kırklareli,SPI,1,1993,9,1994,3,7,5.144,0.735,0.886
Kırklareli,SPI,1,1994,5,1994,6,2,1.539,0.77,1.239
Kırklareli,SPI,1,1994,8,1994,9,2,2.446,1.223,1.235
Kırklareli,SPI,1,1995,5,1995,5,1,1.045,1.045,1.045
Kırklareli,SPI,1,1995,10,1995,10,1,0.598,0.598,0.598
Kırklareli,SPI,1,1995,12,1996,1,2,1.077,0.538,0.627
Kırklareli,SPI,1,1996,5,1996,7,3,4.677,1.559,1.745
Kırklareli,SPI,1,1996,10,1996,10,1,1.418,1.418,1.418
Kırklareli,SPI,1,1997,1,1997,2,2,1.163,0.582,0.922
Kırklareli,SPI,1,1997,5,1997,6,2,0.603,0.301,0.593
Kırklareli,SPI,1,1997,9,1997,9,1,1.94,1.94,1.94
Kırklareli,SPI,1,1998,1,1998,1,1,0.024,0.024,0.024
Kırklareli,SPI,1,1998,4,1998,4,1,0.772,0.772,0.772
Kırklareli,SPI,1,1998,7,1998,7,1,0.133,0.133,0.133
Kırklareli,SPI,1,1999,8,1999,10,3,0.519,0.173,0.243
Kırklareli,SPI,1,1999,12,2000,1,2,0.485,0.242,0.454
Kırklareli,SPI,1,2000,5,2000,6,2,1.066,0.533,0.948
Kırklareli,SPI,1,2000,9,2001,3,7,4.872,0.696,1.132
Kırklareli,SPI,1,2001,5,2001,8,4,3.053,0.763,1.08
Kırklareli,SPI,1,2001,10,2001,11,2,1.523,0.762,1.233
Kırklareli,SPI,1,2002,1,2002,2,2,1.344,0.672,1.074
Kırklareli,SPI,1,2002,4,2002,6,3,2.217,0.739,1.295
Kırklareli,SPI,1,2002,12,2002,12,1,0.692,0.692,0.692
Kırklareli,SPI,1,2003,3,2003,3,1,1.717,1.717,1.717
Kırklareli,SPI,1,2003,6,2003,6,1,0.593,0.593,0.593
Kırklareli,SPI,1,2003,8,2003,9,2,0.835,0.417,0.745
Kırklareli,SPI,1,2003,11,2003,12,2,2.308,1.154,1.773
Kırklareli,SPI,1,2004,2,2004,4,3,2.819,0.94,1.468
Kırklareli,SPI,1,2004,9,2004,12,4,3.291,0.823,1.439
Kırklareli,SPI,1,2005,3,2005,4,2,1.884,0.942,1.326
Kırklareli,SPI,1,2005,6,2005,6,1,0.585,0.585,0.585
Kırklareli,SPI,1,2005,10,2005,10,1,0.12,0.12,0.12
Kırklareli,SPI,1,2006,1,2006,2,2,0.612,0.306,0.422
Kırklareli,SPI,1,2006,4,2006,5,2,1.882,0.941,1.22
Kırklareli,SPI,1,2006,10,2006,12,3,2.023,0.674,1.023
Kırklareli,SPI,1,2007,2,2007,2,1,0.231,0.231,0.231
Kırklareli,SPI,1,2007,4,2007,4,1,2.379,2.379,2.379
Kırklareli,SPI,1,2007,6,2007,7,2,1.641,0.82,1.636
Kırklareli,SPI,1,2007,12,2008,2,3,3.921,1.307,3.2
Kırklareli,SPI,1,2008,5,2008,5,1,0.997,0.997,0.997
Kırklareli,SPI,1,2008,7,2008,7,1,0.385,0.385,0.385
Kırklareli,SPI,1,2008,10,2008,12,3,3.159,1.053,1.353
Kırklareli,SPI,1,2009,4,2009,4,1,0.861,0.861,0.861
Kırklareli,SPI,1,2009,8,2009,8,1,1.834,1.834,1.834
Kırklareli,SPI,1,2009,11,2009,11,1,0.7,0.7,0.7
Kırklareli,SPI,1,2010,4,2010,5,2,1.31,0.655,1.28
Kırklareli,SPI,1,2010,8,2010,8,1,1.834,1.834,1.834
Kırklareli,SPI,1,2011,1,2011,6,6,3.606,0.601,1.162
Kırklareli,SPI,1,2011,8,2011,8,1,0.45,0.45,0.45
Kırklareli,SPI,1,2011,11,2011,11,1,2.887,2.887,2.887
Kırklareli,SPI,1,2012,2,2012,3,2,2.383,1.192,1.599
Kırklareli,SPI,1,2012,6,2012,9,4,2.282,0.571,1.188
Kırklareli,SPI,1,2012,11,2012,11,1,0.235,0.235,0.235
Kırklareli,SPI,1,2013,4,2013,5,2,1.237,0.618,0.825
Kırklareli,SPI,1,2013,7,2013,9,3,2.121,0.707,1.409
Kırklareli,SPI,1,2013,12,2013,12,1,2.021,2.021,2.021
Kırklareli,SPI,1,2014,2,2014,2,1,0.992,0.992,0.992
Kırklareli,SPI,1,2014,8,2014,8,1,0.712,0.712,0.712
Kırklareli,SPI,1,2015,5,2015,5,1,0.334,0.334,0.334
Kırklareli,SPI,1,2015,7,2015,7,1,1.256,1.256,1.256
Kırklareli,SPI,1,2015,11,2015,12,2,2.434,1.217,2.128
Kırklareli,SPI,1,2016,3,2016,3,1,0.411,0.411,0.411
Kırklareli,SPI,1,2016,6,2016,7,2,2.681,1.341,1.834
Kırklareli,SPI,1,2016,9,2016,9,1,0.038,0.038,0.038
Kırklareli,SPI,1,2016,11,2016,12,2,1.993,0.997,1.848
Kırklareli,SPI,1,2017,3,2017,3,1,0.076,0.076,0.076
Kırklareli,SPI,1,2017,5,2017,6,2,0.558,0.279,0.362
Kırklareli,SPI,1,2017,8,2017,8,1,0.192,0.192,0.192
Kırklareli,SPI,1,2018,4,2018,4,1,3.233,3.233,3.233
Kırklareli,SPI,1,2018,8,2018,10,3,1.793,0.598,1.255
Kırklareli,SPI,1,2018,12,2018,12,1,0.611,0.611,0.611
Kırklareli,SPI,1,2019,2,2019,4,3,1.656,0.552,1.447
Kırklareli,SPI,1,2019,9,2019,9,1,0.102,0.102,0.102
Kırklareli,SPI,1,2019,11,2020,1,3,1.5,0.5,0.812
Kırklareli,SPI,1,2020,3,2020,3,1,0.837,0.837,0.837
Kırklareli,SPI,1,2020,7,2020,9,3,2.589,0.863,1.834
Kırklareli,SPI,1,2020,11,2020,12,2,3.451,1.725,2.84
Kırklareli,SPI,1,2021,3,2021,3,1,0.352,0.352,0.352
Kırklareli,SPI,1,2021,5,2021,5,1,0.713,0.713,0.713
Kırklareli,SPI,1,2021,7,2021,7,1,1.111,1.111,1.111
Kırklareli,SPI,1,2021,9,2021,9,1,0.615,0.615,0.615
Kırklareli,SPI,1,2022,1,2022,1,1,0.85,0.85,0.85
Kırklareli,SPI,1,2022,3,2022,3,1,2.299,2.299,2.299
Kırklareli,SPI,1,2022,5,2022,7,3,1.089,0.363,0.962
Kırklareli,SPI,1,2022,10,2022,11,2,2.19,1.095,1.389
Kırklareli,SPI,1,2023,1,2023,2,2,2.015,1.008,1.516
Kırklareli,SPI,1,2023,5,2023,5,1,0.244,0.244,0.244
Kırklareli,SPI,1,2023,8,2023,10,3,3.457,1.152,1.619
Kırklareli,SPI,1,2024,2,2024,2,1,0.769,0.769,0.769
Kırklareli,SPI,1,2024,4,2024,4,1,0.396,0.396,0.396
Kırklareli,SPI,1,2024,6,2024,8,3,2.912,0.971,1.28
Kırklareli,SPI,1,2024,10,2024,11,2,2.687,1.343,1.636
Kırklareli,SPI,3,1965,7,1965,11,5,9.478,1.896,2.903
Kırklareli,SPI,3,1967,4,1967,7,4,4.004,1.001,1.447
Kırklareli,SPI,3,1967,11,1967,12,2,1.282,0.641,0.819
Kırklareli,SPI,3,1968,4,1968,8,5,8.439,1.688,2.887
Kırklareli,SPI,3,1968,11,1968,12,2,1.594,0.797,1.113
Kırklareli,SPI,3,1969,5,1969,12,8,9.905,1.238,2.644
Kırklareli,SPI,3,1970,6,1971,1,8,5.711,0.714,1.579
Kırklareli,SPI,3,1971,6,1971,6,1,0.497,0.497,0.497
Kırklareli,SPI,3,1971,10,1971,10,1,0.154,0.154,0.154
Kırklareli,SPI,3,1971,12,1972,6,7,5.36,0.766,1.878
Kırklareli,SPI,3,1972,12,1973,2,3,1.702,0.567,1.627
Kırklareli,SPI,3,1973,6,1973,8,3,1.453,0.484,1.001
Kırklareli,SPI,3,1974,1,1974,3,3,1.769,0.59,0.94
Kırklareli,SPI,3,1974,8,1974,10,3,1.506,0.502,0.859
Kırklareli,SPI,3,1975,2,1975,4,3,1.355,0.452,0.852
Kırklareli,SPI,3,1975,9,1975,9,1,0.078,0.078,0.078
Kırklareli,SPI,3,1976,1,1976,6,6,5.491,0.915,1.674
Kırklareli,SPI,3,1976,11,1976,11,1,0.047,0.047,0.047
Kırklareli,SPI,3,1977,5,1977,5,1,0.549,0.549,0.549
Kırklareli,SPI,3,1977,10,1977,10,1,0.067,0.067,0.067
Kırklareli,SPI,3,1977,12,1978,2,3,1.451,0.484,0.543
Kırklareli,SPI,3,1978,7,1978,9,3,3.04,1.013,1.743
Kırklareli,SPI,3,1978,11,1979,1,3,1.94,0.647,1.289
Kırklareli,SPI,3,1979,5,1979,6,2,0.242,0.121,0.159
Kırklareli,SPI,3,1980,2,1980,4,3,1.508,0.503,0.808
Kırklareli,SPI,3,1980,8,1980,11,4,2.412,0.603,1.312
Kırklareli,SPI,3,1981,4,1981,4,1,0.162,0.162,0.162
Kırklareli,SPI,3,1981,6,1981,10,5,2.78,0.556,1.489
Kırklareli,SPI,3,1982,3,1982,3,1,0.705,0.705,0.705
Kırklareli,SPI,3,1982,7,1982,11,5,3.638,0.728,1.209
Kırklareli,SPI,3,1983,1,1983,5,5,6.568,1.314,2.341
Kırklareli,SPI,3,1983,9,1984,2,6,3.382,0.564,1.125
Kırklareli,SPI,3,1984,6,1984,12,7,6.352,0.907,1.574
Kırklareli,SPI,3,1985,2,1985,2,1,0.283,0.283,0.283
Kırklareli,SPI,3,1985,5,1985,12,8,6.936,0.867,2.027
Kırklareli,SPI,3,1986,2,1986,2,1,0.03,0.03,0.03
Kırklareli,SPI,3,1986,4,1987,1,10,10.509,1.051,2.474
Kırklareli,SPI,3,1987,3,1987,3,1,0.157,0.157,0.157
Kırklareli,SPI,3,1987,7,1987,7,1,0.231,0.231,0.231
Kırklareli,SPI,3,1987,9,1987,10,2,0.714,0.357,0.419
Kırklareli,SPI,3,1988,2,1988,3,2,0.335,0.168,0.202
Kırklareli,SPI,3,1988,9,1988,10,2,0.985,0.492,0.736
Kırklareli,SPI,3,1989,2,1989,5,4,5.667,1.417,1.832
Kırklareli,SPI,3,1989,9,1990,4,8,8.137,1.017,2.335
Kırklareli,SPI,3,1990,7,1990,8,2,0.698,0.349,0.505
Kırklareli,SPI,3,1991,1,1991,4,4,3.616,0.904,1.526
Kırklareli,SPI,3,1991,8,1991,10,3,0.845,0.282,0.634
Kırklareli,SPI,3,1991,12,1992,5,6,6.43,1.072,2.764
Kırklareli,SPI,3,1992,9,1993,4,8,8.589,1.074,1.972
Kırklareli,SPI,3,1993,8,1994,11,16,17.43,1.089,1.972
Kırklareli,SPI,3,1995,6,1995,6,1,0.367,0.367,0.367
Kırklareli,SPI,3,1995,10,1995,10,1,0.262,0.262,0.262
Kırklareli,SPI,3,1996,2,1996,2,1,0.312,0.312,0.312
Kırklareli,SPI,3,1996,5,1997,3,11,10.515,0.956,2.946
Kırklareli,SPI,3,1997,6,1997,7,2,0.359,0.179,0.211
Kırklareli,SPI,3,1998,4,1998,4,1,0.164,0.164,0.164
Kırklareli,SPI,3,1999,9,2002,7,35,30.043,0.858,2.52
Kırklareli,SPI,3,2002,12,2002,12,1,0.166,0.166,0.166
Kırklareli,SPI,3,2003,4,2003,4,1,0.041,0.041,0.041
Kırklareli,SPI,3,2003,8,2003,9,2,0.718,0.359,0.505
Kırklareli,SPI,3,2003,11,2004,5,7,5.385,0.769,1.8
Kırklareli,SPI,3,2004,10,2005,1,4,3.967,0.992,2.153
Kırklareli,SPI,3,2005,4,2005,6,3,1.22,0.407,0.674
Kırklareli,SPI,3,2006,6,2006,6,1,0.374,0.374,0.374
Kırklareli,SPI,3,2006,12,2007,2,3,3.095,1.032,1.612
Kırklareli,SPI,3,2007,4,2007,4,1,1.141,1.141,1.141
Kırklareli,SPI,3,2007,8,2007,8,1,0.263,0.263,0.263
Kırklareli,SPI,3,2008,1,2008,5,5,3.807,0.761,1.374
Kırklareli,SPI,3,2008,7,2008,7,1,0.378,0.378,0.378
Kırklareli,SPI,3,2008,11,2009,1,3,3.508,1.169,2.148
Kırklareli,SPI,3,2009,5,2009,6,2,0.918,0.459,0.696
Kırklareli,SPI,3,2010,1,2010,1,1,0.061,0.061,0.061
Kırklareli,SPI,3,2010,5,2010,7,3,1.275,0.425,0.787
Kırklareli,SPI,3,2010,9,2010,10,2,0.253,0.127,0.173
Kırklareli,SPI,3,2011,2,2011,8,7,7.0,1.0,1.609
Kırklareli,SPI,3,2012,4,2012,4,1,1.393,1.393,1.393
Kırklareli,SPI,3,2012,8,2012,9,2,2.614,1.307,1.541
Kırklareli,SPI,3,2013,5,2013,5,1,0.471,0.471,0.471
Kırklareli,SPI,3,2013,9,2013,10,2,1.641,0.821,1.279
Kırklareli,SPI,3,2013,12,2014,2,3,1.307,0.436,0.653
Kırklareli,SPI,3,2015,7,2015,9,3,1.136,0.379,0.454
Kırklareli,SPI,3,2015,12,2016,1,2,0.995,0.498,0.925
Kırklareli,SPI,3,2016,7,2016,9,3,2.967,0.989,1.544
Kırklareli,SPI,3,2016,11,2017,2,4,1.892,0.473,0.788
Kırklareli,SPI,3,2018,10,2018,10,1,1.078,1.078,1.078
Kırklareli,SPI,3,2019,4,2019,5,2,1.877,0.939,1.125
Kırklareli,SPI,3,2019,11,2020,5,7,3.831,0.547,1.45
Kırklareli,SPI,3,2020,9,2020,12,4,3.862,0.966,1.426
Kırklareli,SPI,3,2021,5,2021,5,1,0.2,0.2,0.2
Kırklareli,SPI,3,2021,9,2021,10,2,1.662,0.831,1.233
Kırklareli,SPI,3,2022,5,2022,7,3,2.572,0.857,1.201
Kırklareli,SPI,3,2022,10,2023,3,6,5.374,0.896,1.332
Kırklareli,SPI,3,2023,7,2023,10,4,4.221,1.055,2.195
Kırklareli,SPI,3,2024,3,2024,4,2,0.598,0.299,0.541
Kırklareli,SPI,3,2024,6,2024,12,7,7.163,1.023,2.161
Kırklareli,SPI,6,1965,8,1965,12,5,7.256,1.451,2.357
Kırklareli,SPI,6,1967,6,1967,12,7,4.01,0.573,1.712
Kırklareli,SPI,6,1968,6,1968,12,7,7.491,1.07,2.29
Kırklareli,SPI,6,1969,6,1969,6,1,0.078,0.078,0.078
Kırklareli,SPI,6,1969,8,1970,1,6,7.529,1.255,1.974
Kırklareli,SPI,6,1970,8,1971,2,7,5.75,0.821,1.497
Kırklareli,SPI,6,1972,1,1972,7,7,7.304,1.043,1.594
Kırklareli,SPI,6,1973,4,1973,5,2,0.373,0.186,0.301
Kırklareli,SPI,6,1973,8,1973,9,2,0.599,0.299,0.407
Kırklareli,SPI,6,1974,1,1974,1,1,0.039,0.039,0.039
Kırklareli,SPI,6,1974,3,1974,4,2,0.63,0.315,0.607
Kırklareli,SPI,6,1974,6,1974,6,1,0.215,0.215,0.215
Kırklareli,SPI,6,1974,9,1974,10,2,0.128,0.064,0.065
Kırklareli,SPI,6,1974,12,1975,5,6,1.288,0.215,0.395
Kırklareli,SPI,6,1976,2,1976,2,1,0.001,0.001,0.001
Kırklareli,SPI,6,1976,4,1976,7,4,4.83,1.208,1.477
Kırklareli,SPI,6,1977,12,1978,3,4,1.152,0.288,0.541
Kırklareli,SPI,6,1978,9,1979,1,5,3.397,0.679,1.315
Kırklareli,SPI,6,1979,3,1979,3,1,0.182,0.182,0.182
Kırklareli,SPI,6,1980,7,1980,7,1,0.412,0.412,0.412
Kırklareli,SPI,6,1980,10,1980,11,2,1.247,0.623,1.134
Kırklareli,SPI,6,1981,7,1981,11,5,2.008,0.402,0.799
Kırklareli,SPI,6,1982,6,1983,9,16,10.714,0.67,1.425
Kırklareli,SPI,6,1983,11,1984,2,4,2.618,0.654,1.156
Kırklareli,SPI,6,1984,9,1985,3,7,7.034,1.005,1.924
Kırklareli,SPI,6,1985,5,1987,4,24,22.217,0.926,2.4
Kırklareli,SPI,6,1987,7,1987,7,1,0.012,0.012,0.012
Kırklareli,SPI,6,1987,10,1987,10,1,0.413,0.413,0.413
Kırklareli,SPI,6,1988,1,1988,2,2,0.4,0.2,0.264
Kırklareli,SPI,6,1989,1,1989,7,7,5.848,0.835,1.687
Kırklareli,SPI,6,1989,9,1989,9,1,0.343,0.343,0.343
Kırklareli,SPI,6,1989,12,1990,8,9,10.725,1.192,1.817
Kırklareli,SPI,6,1990,11,1990,11,1,0.167,0.167,0.167
Kırklareli,SPI,6,1991,1,1991,9,9,4.558,0.506,1.26
Kırklareli,SPI,6,1991,11,1992,6,8,8.457,1.057,2.075
Kırklareli,SPI,6,1992,9,1992,9,1,0.255,0.255,0.255
Kırklareli,SPI,6,1992,12,1993,5,6,7.899,1.317,1.937
Kırklareli,SPI,6,1993,11,1994,12,14,23.27,1.662,2.376
Kırklareli,SPI,6,1995,10,1995,10,1,0.075,0.075,0.075
Kırklareli,SPI,6,1996,1,1996,1,1,0.244,0.244,0.244
Kırklareli,SPI,6,1996,5,1997,3,11,12.475,1.134,2.116
Kırklareli,SPI,6,1997,5,1997,6,2,0.59,0.295,0.427
Kırklareli,SPI,6,1999,12,2002,8,33,43.241,1.31,2.591
Kırklareli,SPI,6,2003,7,2003,8,2,0.363,0.181,0.301
Kırklareli,SPI,6,2003,11,2004,5,7,6.152,0.879,1.764
Kırklareli,SPI,6,2004,12,2005,4,5,2.377,0.475,0.601
Kırklareli,SPI,6,2007,1,2007,5,5,3.783,0.757,1.376
Kırklareli,SPI,6,2007,7,2007,8,2,0.653,0.326,0.573
Kırklareli,SPI,6,2008,2,2008,7,6,4.983,0.83,1.343
Kırklareli,SPI,6,2008,11,2009,1,3,0.759,0.253,0.6
Kırklareli,SPI,6,2009,3,2009,3,1,0.188,0.188,0.188
Kırklareli,SPI,6,2010,8,2010,10,3,1.402,0.467,0.802
Kırklareli,SPI,6,2011,1,2011,9,9,7.998,0.889,1.994
Kırklareli,SPI,6,2011,11,2011,11,1,0.015,0.015,0.015
Kırklareli,SPI,6,2012,4,2012,4,1,0.201,0.201,0.201
Kırklareli,SPI,6,2012,7,2012,8,2,0.845,0.422,0.596
Kırklareli,SPI,6,2012,11,2012,11,1,0.161,0.161,0.161
Kırklareli,SPI,6,2013,8,2013,10,3,0.957,0.319,0.659
Kırklareli,SPI,6,2013,12,2014,3,4,2.092,0.523,1.14
Kırklareli,SPI,6,2015,8,2015,12,5,1.488,0.298,1.098
Kırklareli,SPI,6,2016,7,2017,5,11,5.528,0.503,1.242
Kırklareli,SPI,6,2019,5,2019,5,1,0.172,0.172,0.172
Kırklareli,SPI,6,2019,7,2019,7,1,0.127,0.127,0.127
Kırklareli,SPI,6,2020,1,2020,5,5,4.368,0.874,1.323
Kırklareli,SPI,6,2020,11,2020,12,2,2.269,1.135,1.826
Kırklareli,SPI,6,2021,10,2021,10,1,0.226,0.226,0.226
Kırklareli,SPI,6,2022,6,2022,6,1,0.2,0.2,0.2
Kırklareli,SPI,6,2022,8,2023,7,12,8.646,0.72,1.626
Kırklareli,SPI,6,2023,9,2023,10,2,1.514,0.757,1.419
Kırklareli,SPI,6,2024,6,2024,12,7,8.068,1.153,1.934
Kırklareli,SPI,9,1965,9,1966,2,6,4.204,0.701,1.479
Kırklareli,SPI,9,1967,9,1967,12,4,2.896,0.724,1.177
Kırklareli,SPI,9,1968,5,1968,7,3,1.022,0.341,0.526
Kırklareli,SPI,9,1968,10,1969,1,4,5.153,1.288,1.884
Kırklareli,SPI,9,1969,6,1969,6,1,0.439,0.439,0.439
Kırklareli,SPI,9,1969,9,1970,2,6,5.559,0.926,2.106
Kırklareli,SPI,9,1970,10,1971,2,5,3.677,0.735,1.155
Kırklareli,SPI,9,1972,1,1972,9,9,6.58,0.731,1.162
Kırklareli,SPI,9,1973,7,1973,8,2,0.765,0.383,0.499
Kırklareli,SPI,9,1974,1,1974,2,2,0.302,0.151,0.219
Kırklareli,SPI,9,1974,7,1974,10,4,1.477,0.369,0.659
Kırklareli,SPI,9,1975,1,1975,4,4,1.528,0.382,0.643
Kırklareli,SPI,9,1976,3,1976,9,7,2.152,0.307,0.939
Kırklareli,SPI,9,1978,1,1978,1,1,0.124,0.124,0.124
Kırklareli,SPI,9,1978,3,1978,3,1,0.006,0.006,0.006
Kırklareli,SPI,9,1978,6,1978,8,3,0.347,0.116,0.267
Kırklareli,SPI,9,1978,11,1979,3,5,2.345,0.469,0.908
Kırklareli,SPI,9,1979,6,1979,6,1,0.247,0.247,0.247
Kırklareli,SPI,9,1980,8,1980,11,4,1.306,0.327,0.667
Kırklareli,SPI,9,1981,9,1981,10,2,0.608,0.304,0.511
Kırklareli,SPI,9,1982,9,1984,3,19,14.214,0.748,1.377
Kırklareli,SPI,9,1984,6,1984,7,2,0.432,0.216,0.247
Kırklareli,SPI,9,1984,10,1984,10,1,0.637,0.637,0.637
Kırklareli,SPI,9,1984,12,1987,7,32,30.631,0.957,2.224
Kırklareli,SPI,9,1987,9,1987,10,2,0.479,0.239,0.286
Kırklareli,SPI,9,1988,1,1988,5,5,0.662,0.132,0.286
Kırklareli,SPI,9,1989,2,1990,11,22,20.407,0.928,2.042
Kırklareli,SPI,9,1991,1,1992,10,22,16.702,0.759,1.649
Kırklareli,SPI,9,1992,12,1995,1,26,32.791,1.261,2.706
Kırklareli,SPI,9,1996,1,1996,1,1,0.141,0.141,0.141
Kırklareli,SPI,9,1996,5,1997,7,15,13.78,0.919,1.932
Kırklareli,SPI,9,1997,9,1997,9,1,0.093,0.093,0.093
Kırklareli,SPI,9,2000,2,2002,8,31,50.285,1.622,3.054
Kırklareli,SPI,9,2003,11,2004,7,9,6.341,0.705,1.24
Kırklareli,SPI,9,2004,10,2004,12,3,0.274,0.091,0.134
Kırklareli,SPI,9,2005,3,2005,7,5,1.998,0.4,0.725
Kırklareli,SPI,9,2006,12,2006,12,1,0.156,0.156,0.156
Kırklareli,SPI,9,2007,3,2007,8,6,3.817,0.636,1.063
Kırklareli,SPI,9,2007,10,2007,10,1,0.003,0.003,0.003
Kırklareli,SPI,9,2008,2,2009,1,12,5.487,0.457,0.853
Kırklareli,SPI,9,2009,6,2009,6,1,0.486,0.486,0.486
Kırklareli,SPI,9,2011,1,2011,12,12,7.496,0.625,1.55
Kırklareli,SPI,9,2013,11,2014,4,6,2.157,0.359,0.834
Kırklareli,SPI,9,2015,11,2016,1,3,0.95,0.317,0.717
Kırklareli,SPI,9,2016,7,2016,7,1,0.12,0.12,0.12
Kırklareli,SPI,9,2016,10,2017,8,11,5.018,0.456,1.037
Kırklareli,SPI,9,2019,4,2019,5,2,0.358,0.179,0.29
Kırklareli,SPI,9,2019,12,2020,9,10,3.922,0.392,0.807
Kırklareli,SPI,9,2020,11,2020,12,2,1.153,0.577,0.626
Kırklareli,SPI,9,2022,9,2023,10,14,11.815,0.844,1.377
Kırklareli,SPI,9,2024,8,2024,12,5,5.584,1.117,1.549
Kırklareli,SPI,12,1965,12,1965,12,1,0.428,0.428,0.428
Kırklareli,SPI,12,1966,2,1966,2,1,0.26,0.26,0.26
Kırklareli,SPI,12,1967,12,1968,1,2,0.693,0.346,0.482
Kırklareli,SPI,12,1968,4,1968,4,1,0.026,0.026,0.026
Kırklareli,SPI,12,1968,6,1969,6,13,4.304,0.331,1.078
Kırklareli,SPI,12,1969,8,1970,9,14,4.917,0.351,0.597
Kırklareli,SPI,12,1970,12,1971,6,7,2.316,0.331,0.52
Kırklareli,SPI,12,1972,2,1972,9,8,4.743,0.593,0.924
Kırklareli,SPI,12,1972,11,1972,12,2,0.359,0.179,0.273
Kırklareli,SPI,12,1973,11,1973,11,1,0.028,0.028,0.028
Kırklareli,SPI,12,1974,2,1974,4,3,0.513,0.171,0.265
Kırklareli,SPI,12,1974,9,1974,10,2,0.772,0.386,0.653
Kırklareli,SPI,12,1974,12,1975,6,7,1.49,0.213,0.377
Kırklareli,SPI,12,1976,5,1976,7,3,0.3,0.1,0.152
Kırklareli,SPI,12,1976,10,1976,11,2,0.548,0.274,0.29
Kırklareli,SPI,12,1978,1,1978,2,2,0.185,0.092,0.136
Kırklareli,SPI,12,1978,7,1978,12,6,1.485,0.248,0.51
Kırklareli,SPI,12,1979,3,1979,6,4,1.364,0.341,0.4
Kırklareli,SPI,12,1980,11,1980,11,1,0.695,0.695,0.695
Kırklareli,SPI,12,1982,11,1984,2,16,14.561,0.91,1.699
Kırklareli,SPI,12,1984,6,1987,10,41,36.756,0.896,1.818
Kırklareli,SPI,12,1988,1,1988,1,1,0.173,0.173,0.173
Kırklareli,SPI,12,1988,4,1988,5,2,0.278,0.139,0.19
Kırklareli,SPI,12,1989,2,1995,4,75,76.771,1.024,3.025
Kırklareli,SPI,12,1996,6,1997,9,16,14.364,0.898,1.66
Kırklareli,SPI,12,2000,3,2002,9,31,54.179,1.748,3.13
Kırklareli,SPI,12,2003,11,2004,7,9,5.364,0.596,1.252
Kırklareli,SPI,12,2004,9,2005,1,5,1.991,0.398,0.747
Kırklareli,SPI,12,2005,6,2005,9,4,1.062,0.266,0.433
Kırklareli,SPI,12,2007,3,2007,4,2,0.496,0.248,0.291
Kırklareli,SPI,12,2007,6,2007,11,6,2.657,0.443,0.842
Kırklareli,SPI,12,2008,1,2009,1,13,6.078,0.468,1.11
Kırklareli,SPI,12,2011,2,2011,12,11,7.103,0.646,0.927
Kırklareli,SPI,12,2012,2,2012,3,2,0.058,0.029,0.053
Kırklareli,SPI,12,2014,2,2014,4,3,1.023,0.341,0.546
Kırklareli,SPI,12,2015,12,2015,12,1,0.457,0.457,0.457
Kırklareli,SPI,12,2016,9,2017,9,13,4.418,0.34,0.737
Kırklareli,SPI,12,2020,1,2020,5,5,2.217,0.443,0.664
Kırklareli,SPI,12,2020,7,2020,12,6,4.01,0.668,0.965
Kırklareli,SPI,12,2022,12,2023,11,12,11.669,0.972,1.715
Kırklareli,SPI,12,2024,4,2024,4,1,0.078,0.078,0.078
Kırklareli,SPI,12,2024,6,2024,8,3,0.634,0.211,0.267
Kırklareli,SPI,12,2024,11,2024,12,2,2.318,1.159,1.297
Kırklareli,SPEI,1,1965,1,1965,1,1,0.435,0.435,0.435
Kırklareli,SPEI,1,1965,3,1965,3,1,1.093,1.093,1.093
Kırklareli,SPEI,1,1965,6,1965,7,2,2.075,1.038,1.677
Kırklareli,SPEI,1,1965,9,1965,11,3,2.74,0.913,1.415
Kırklareli,SPEI,1,1966,2,1966,2,1,0.659,0.659,0.659
Kırklareli,SPEI,1,1966,7,1966,7,1,0.74,0.74,0.74
Kırklareli,SPEI,1,1967,2,1967,5,4,2.728,0.682,0.975
Kırklareli,SPEI,1,1967,7,1967,7,1,0.206,0.206,0.206
Kırklareli,SPEI,1,1967,10,1967,11,2,1.467,0.734,0.939
Kırklareli,SPEI,1,1968,3,1968,7,5,5.934,1.187,1.766
Kırklareli,SPEI,1,1968,10,1968,11,2,2.228,1.114,1.136
Kırklareli,SPEI,1,1969,5,1969,6,2,3.304,1.652,2.358
Kırklareli,SPEI,1,1969,9,1969,11,3,3.821,1.274,1.43
Kırklareli,SPEI,1,1970,6,1970,7,2,1.339,0.669,0.799
Kırklareli,SPEI,1,1970,9,1970,9,1,0.82,0.82,0.82
Kırklareli,SPEI,1,1970,12,1971,1,2,1.085,0.542,0.979
Kırklareli,SPEI,1,1971,4,1971,5,2,0.988,0.494,0.607
Kırklareli,SPEI,1,1971,8,1971,8,1,0.891,0.891,0.891
Kırklareli,SPEI,1,1971,10,1971,10,1,0.179,0.179,0.179
Kırklareli,SPEI,1,1971,12,1972,4,5,4.047,0.809,1.194
Kırklareli,SPEI,1,1972,6,1972,6,1,1.115,1.115,1.115
Kırklareli,SPEI,1,1972,11,1972,12,2,2.503,1.252,1.546
Kırklareli,SPEI,1,1973,4,1973,6,3,1.029,0.343,0.712
Kırklareli,SPEI,1,1973,11,1973,11,1,1.032,1.032,1.032
Kırklareli,SPEI,1,1974,1,1974,2,2,1.121,0.56,1.104
Kırklareli,SPEI,1,1974,7,1974,10,4,0.461,0.115,0.202
Kırklareli,SPEI,1,1974,12,1974,12,1,0.501,0.501,0.501
Kırklareli,SPEI,1,1975,2,1975,2,1,1.165,1.165,1.165
Kırklareli,SPEI,1,1975,4,1975,4,1,0.046,0.046,0.046
Kırklareli,SPEI,1,1975,9,1975,9,1,1.673,1.673,1.673
Kırklareli,SPEI,1,1975,12,1976,5,6,3.179,0.53,1.09
Kırklareli,SPEI,1,1976,11,1976,11,1,0.104,0.104,0.104
Kırklareli,SPEI,1,1977,3,1977,3,1,0.549,0.549,0.549
Kırklareli,SPEI,1,1977,5,1977,5,1,0.364,0.364,0.364
Kırklareli,SPEI,1,1977,8,1977,8,1,0.338,0.338,0.338
Kırklareli,SPEI,1,1977,10,1977,10,1,0.278,0.278,0.278
Kırklareli,SPEI,1,1977,12,1978,1,2,0.969,0.485,0.638
Kırklareli,SPEI,1,1978,6,1978,7,2,1.392,0.696,0.8
Kırklareli,SPEI,1,1978,10,1978,12,3,2.095,0.698,1.053
Kırklareli,SPEI,1,1979,3,1979,3,1,2.068,2.068,2.068
Kırklareli,SPEI,1,1979,6,1979,6,1,1.225,1.225,1.225
Kırklareli,SPEI,1,1979,9,1979,9,1,0.908,0.908,0.908
Kırklareli,SPEI,1,1979,12,1979,12,1,0.376,0.376,0.376
Kırklareli,SPEI,1,1980,2,1980,3,2,1.466,0.733,1.299
Kırklareli,SPEI,1,1980,7,1980,7,1,0.76,0.76,0.76
Kırklareli,SPEI,1,1980,10,1980,11,2,2.177,1.089,1.103
Kırklareli,SPEI,1,1981,2,1981,2,1,0.385,0.385,0.385
Kırklareli,SPEI,1,1981,4,1981,4,1,0.273,0.273,0.273
Kırklareli,SPEI,1,1981,6,1981,6,1,1.927,1.927,1.927
Kırklareli,SPEI,1,1981,9,1981,9,1,0.612,0.612,0.612
Kırklareli,SPEI,1,1982,1,1982,2,2,0.795,0.398,0.764
Kırklareli,SPEI,1,1982,6,1982,6,1,0.637,0.637,0.637
Kırklareli,SPEI,1,1982,9,1982,9,1,1.506,1.506,1.506
Kırklareli,SPEI,1,1983,1,1983,5,5,5.501,1.1,1.646
Kırklareli,SPEI,1,1983,10,1983,12,3,1.518,0.506,0.58
Kırklareli,SPEI,1,1984,2,1984,2,1,0.227,0.227,0.227
Kırklareli,SPEI,1,1984,5,1984,6,2,1.487,0.744,0.795
Kırklareli,SPEI,1,1984,9,1984,10,2,3.472,1.736,1.92
Kırklareli,SPEI,1,1984,12,1984,12,1,1.291,1.291,1.291
Kırklareli,SPEI,1,1985,3,1985,3,1,0.32,0.32,0.32
Kırklareli,SPEI,1,1985,5,1985,5,1,1.901,1.901,1.901
Kırklareli,SPEI,1,1985,8,1985,10,3,2.074,0.691,0.789
Kırklareli,SPEI,1,1985,12,1985,12,1,1.706,1.706,1.706
Kırklareli,SPEI,1,1986,3,1986,5,3,3.331,1.11,1.379
Kırklareli,SPEI,1,1986,8,1986,9,2,2.416,1.208,1.219
Kırklareli,SPEI,1,1986,11,1986,11,1,0.824,0.824,0.824
Kırklareli,SPEI,1,1987,1,1987,2,2,0.546,0.273,0.478
Kırklareli,SPEI,1,1987,7,1987,7,1,1.168,1.168,1.168
Kırklareli,SPEI,1,1987,9,1987,10,2,1.557,0.778,1.434
Kırklareli,SPEI,1,1988,1,1988,1,1,1.43,1.43,1.43
Kırklareli,SPEI,1,1988,4,1988,4,1,0.592,0.592,0.592
Kırklareli,SPEI,1,1988,7,1988,7,1,1.193,1.193,1.193
Kırklareli,SPEI,1,1988,9,1988,10,2,1.267,0.633,0.898
Kırklareli,SPEI,1,1989,1,1989,5,5,5.402,1.08,1.765
Kırklareli,SPEI,1,1989,7,1989,7,1,0.458,0.458,0.458
Kırklareli,SPEI,1,1989,9,1989,9,1,0.412,0.412,0.412
Kırklareli,SPEI,1,1989,12,1990,3,4,4.874,1.218,1.952
Kırklareli,SPEI,1,1990,6,1990,6,1,0.009,0.009,0.009
Kırklareli,SPEI,1,1990,8,1990,8,1,0.25,0.25,0.25
Kırklareli,SPEI,1,1990,11,1990,11,1,1.04,1.04,1.04
Kırklareli,SPEI,1,1991,1,1991,4,4,2.39,0.598,1.328
Kırklareli,SPEI,1,1991,6,1991,6,1,1.143,1.143,1.143
Kırklareli,SPEI,1,1991,8,1991,9,2,0.427,0.213,0.239
Kırklareli,SPEI,1,1991,12,1992,2,3,3.578,1.193,1.569
Kırklareli,SPEI,1,1992,4,1992,5,2,0.585,0.292,0.352
Kırklareli,SPEI,1,1992,8,1992,9,2,1.762,0.881,1.19
Kırklareli,SPEI,1,1992,12,1993,2,3,2.715,0.905,1.237
Kırklareli,SPEI,1,1993,4,1993,4,1,1.008,1.008,1.008
Kırklareli,SPEI,1,1993,9,1994,9,13,13.161,1.012,3.261
Kırklareli,SPEI,1,1995,2,1995,2,1,0.249,0.249,0.249
Kırklareli,SPEI,1,1995,5,1995,5,1,0.788,0.788,0.788
Kırklareli,SPEI,1,1995,10,1995,10,1,0.66,0.66,0.66
Kırklareli,SPEI,1,1995,12,1996,1,2,1.451,0.726,0.806
Kırklareli,SPEI,1,1996,5,1996,7,3,4.689,1.563,2.021
Kırklareli,SPEI,1,1996,10,1996,10,1,1.108,1.108,1.108
Kırklareli,SPEI,1,1996,12,1997,2,3,1.775,0.592,1.193
Kırklareli,SPEI,1,1997,5,1997,6,2,1.224,0.612,0.779
Kırklareli,SPEI,1,1997,9,1997,9,1,0.248,0.248,0.248
Kırklareli,SPEI,1,1997,11,1997,11,1,0.163,0.163,0.163
Kırklareli,SPEI,1,1998,1,1998,1,1,0.309,0.309,0.309
Kırklareli,SPEI,1,1998,4,1998,4,1,1.085,1.085,1.085
Kırklareli,SPEI,1,1998,7,1998,7,1,0.443,0.443,0.443
Kırklareli,SPEI,1,1999,4,1999,4,1,0.311,0.311,0.311
Kırklareli,SPEI,1,1999,8,1999,10,3,1.63,0.543,0.556
Kırklareli,SPEI,1,1999,12,2000,1,2,0.897,0.449,0.593
Kırklareli,SPEI,1,2000,4,2000,7,4,2.017,0.504,0.829
Kırklareli,SPEI,1,2000,9,2001,3,7,7.131,1.019,1.438
Kırklareli,SPEI,1,2001,5,2001,8,4,4.545,1.136,1.44
Kırklareli,SPEI,1,2001,10,2001,11,2,1.666,0.833,1.416
Kırklareli,SPEI,1,2002,1,2002,2,2,2.05,1.025,1.173
Kırklareli,SPEI,1,2002,4,2002,6,3,1.966,0.655,0.838
Kırklareli,SPEI,1,2002,12,2002,12,1,0.698,0.698,0.698
Kırklareli,SPEI,1,2003,3,2003,3,1,0.883,0.883,0.883
Kırklareli,SPEI,1,2003,6,2003,6,1,1.093,1.093,1.093
Kırklareli,SPEI,1,2003,8,2003,8,1,1.398,1.398,1.398
Kırklareli,SPEI,1,2003,11,2003,12,2,2.157,1.079,1.511
Kırklareli,SPEI,1,2004,2,2004,4,3,2.633,0.878,1.359
Kırklareli,SPEI,1,2004,9,2004,12,4,3.659,0.915,1.396
Kırklareli,SPEI,1,2005,3,2005,4,2,1.719,0.86,1.197
Kırklareli,SPEI,1,2005,6,2005,6,1,0.328,0.328,0.328
Kırklareli,SPEI,1,2005,10,2005,10,1,0.21,0.21,0.21
Kırklareli,SPEI,1,2006,1,2006,2,2,0.806,0.403,0.558
Kırklareli,SPEI,1,2006,4,2006,5,2,1.889,0.945,1.296
Kırklareli,SPEI,1,2006,8,2006,8,1,0.427,0.427,0.427
Kırklareli,SPEI,1,2006,10,2006,12,3,2.414,0.805,1.108
Kırklareli,SPEI,1,2007,2,2007,2,1,0.47,0.47,0.47
Kırklareli,SPEI,1,2007,4,2007,4,1,1.247,1.247,1.247
Kırklareli,SPEI,1,2007,6,2007,7,2,2.267,1.134,1.723
Kırklareli,SPEI,1,2007,12,2008,2,3,2.61,0.87,1.702
Kırklareli,SPEI,1,2008,5,2008,5,1,0.712,0.712,0.712
Kırklareli,SPEI,1,2008,7,2008,7,1,0.446,0.446,0.446
Kırklareli,SPEI,1,2008,10,2008,12,3,3.404,1.135,1.406
Kırklareli,SPEI,1,2009,4,2009,6,3,1.085,0.362,0.754
Kırklareli,SPEI,1,2009,8,2009,8,1,0.781,0.781,0.781
Kırklareli,SPEI,1,2009,11,2009,11,1,0.931,0.931,0.931
Kırklareli,SPEI,1,2010,1,2010,1,1,0.029,0.029,0.029
Kırklareli,SPEI,1,2010,4,2010,5,2,1.543,0.771,1.327
Kırklareli,SPEI,1,2010,8,2010,9,2,3.083,1.542,2.967
Kırklareli,SPEI,1,2011,1,2011,3,3,2.279,0.76,1.066
Kırklareli,SPEI,1,2011,5,2011,6,2,1.337,0.668,0.924
Kırklareli,SPEI,1,2011,8,2011,8,1,0.443,0.443,0.443
Kırklareli,SPEI,1,2011,11,2011,11,1,1.489,1.489,1.489
Kırklareli,SPEI,1,2012,2,2012,4,3,2.032,0.677,1.275
Kırklareli,SPEI,1,2012,6,2012,9,4,5.01,1.252,2.106
Kırklareli,SPEI,1,2012,11,2012,11,1,0.523,0.523,0.523
Kırklareli,SPEI,1,2013,4,2013,5,2,2.376,1.188,1.224
Kırklareli,SPEI,1,2013,7,2013,9,3,2.0,0.667,1.345
Kırklareli,SPEI,1,2013,12,2013,12,1,1.558,1.558,1.558
Kırklareli,SPEI,1,2014,2,2014,2,1,1.484,1.484,1.484
Kırklareli,SPEI,1,2014,7,2014,8,2,1.357,0.678,1.168
Kırklareli,SPEI,1,2015,1,2015,1,1,0.204,0.204,0.204
Kırklareli,SPEI,1,2015,5,2015,5,1,0.896,0.896,0.896
Kırklareli,SPEI,1,2015,7,2015,9,3,2.397,0.799,1.397
Kırklareli,SPEI,1,2015,11,2015,12,2,2.524,1.262,1.776
Kırklareli,SPEI,1,2016,3,2016,4,2,1.525,0.762,0.835
Kırklareli,SPEI,1,2016,6,2016,9,4,3.811,0.953,1.493
Kırklareli,SPEI,1,2016,11,2016,12,2,1.576,0.788,1.348
Kırklareli,SPEI,1,2017,3,2017,3,1,0.486,0.486,0.486
Kırklareli,SPEI,1,2017,5,2017,6,2,0.899,0.45,0.749
Kırklareli,SPEI,1,2017,8,2017,8,1,1.009,1.009,1.009
Kırklareli,SPEI,1,2018,4,2018,5,2,2.62,1.31,2.282
Kırklareli,SPEI,1,2018,8,2018,10,3,2.542,0.847,1.335
Kırklareli,SPEI,1,2018,12,2018,12,1,0.665,0.665,0.665
Kırklareli,SPEI,1,2019,2,2019,4,3,1.992,0.664,1.72
Kırklareli,SPEI,1,2019,6,2019,6,1,0.395,0.395,0.395
Kırklareli,SPEI,1,2019,9,2019,9,1,0.393,0.393,0.393
Kırklareli,SPEI,1,2019,11,2020,1,3,2.742,0.914,1.131
Kırklareli,SPEI,1,2020,3,2020,3,1,1.266,1.266,1.266
Kırklareli,SPEI,1,2020,7,2020,9,3,3.077,1.026,1.173
Kırklareli,SPEI,1,2020,11,2020,12,2,2.757,1.378,1.748
Kırklareli,SPEI,1,2021,3,2021,3,1,0.167,0.167,0.167
Kırklareli,SPEI,1,2021,5,2021,5,1,0.771,0.771,0.771
Kırklareli,SPEI,1,2021,7,2021,9,3,2.79,0.93,1.609
Kırklareli,SPEI,1,2022,1,2022,1,1,1.04,1.04,1.04
Kırklareli,SPEI,1,2022,3,2022,3,1,1.096,1.096,1.096
Kırklareli,SPEI,1,2022,5,2022,7,3,1.596,0.532,0.923
Kırklareli,SPEI,1,2022,10,2022,11,2,2.629,1.315,1.391
Kırklareli,SPEI,1,2023,1,2023,2,2,2.414,1.207,1.423
Kırklareli,SPEI,1,2023,7,2023,10,4,5.86,1.465,1.953
Kırklareli,SPEI,1,2024,2,2024,2,1,1.352,1.352,1.352
Kırklareli,SPEI,1,2024,4,2024,4,1,1.128,1.128,1.128
Kırklareli,SPEI,1,2024,6,2024,8,3,5.849,1.95,2.316
Kırklareli,SPEI,1,2024,10,2024,12,3,2.353,0.784,1.329
Kırklareli,SPEI,3,1965,7,1965,12,6,6.026,1.004,1.523
Kırklareli,SPEI,3,1967,4,1967,7,4,2.983,0.746,1.123
Kırklareli,SPEI,3,1967,11,1967,12,2,1.503,0.752,0.953
Kırklareli,SPEI,3,1968,4,1968,8,5,8.285,1.657,2.784
Kırklareli,SPEI,3,1968,11,1968,12,2,1.416,0.708,1.001
Kırklareli,SPEI,3,1969,5,1969,7,3,4.328,1.443,1.844
Kırklareli,SPEI,3,1969,10,1969,12,3,4.321,1.44,2.126
Kırklareli,SPEI,3,1970,6,1970,9,4,3.084,0.771,0.975
Kırklareli,SPEI,3,1970,12,1971,2,3,0.924,0.308,0.668
Kırklareli,SPEI,3,1971,6,1971,6,1,0.515,0.515,0.515
Kırklareli,SPEI,3,1972,1,1972,7,7,6.07,0.867,1.486
Kırklareli,SPEI,3,1973,1,1973,2,2,1.527,0.763,1.44
Kırklareli,SPEI,3,1973,6,1973,7,2,0.979,0.489,0.847
Kırklareli,SPEI,3,1974,1,1974,3,3,1.785,0.595,0.794
Kırklareli,SPEI,3,1974,8,1974,10,3,0.79,0.263,0.352
Kırklareli,SPEI,3,1975,2,1975,4,3,1.981,0.66,0.851
Kırklareli,SPEI,3,1976,1,1976,5,5,4.553,0.911,1.293
Kırklareli,SPEI,3,1976,11,1976,11,1,0.123,0.123,0.123
Kırklareli,SPEI,3,1977,4,1977,5,2,0.667,0.334,0.634
Kırklareli,SPEI,3,1977,12,1978,2,3,1.527,0.509,0.585
Kırklareli,SPEI,3,1978,7,1978,8,2,1.609,0.804,0.84
Kırklareli,SPEI,3,1978,11,1979,1,3,1.706,0.569,1.239
Kırklareli,SPEI,3,1979,5,1979,6,2,0.66,0.33,0.384
Kırklareli,SPEI,3,1980,2,1980,4,3,1.218,0.406,0.504
Kırklareli,SPEI,3,1980,10,1980,11,2,1.689,0.845,1.447
Kırklareli,SPEI,3,1981,4,1981,4,1,0.306,0.306,0.306
Kırklareli,SPEI,3,1981,6,1981,10,5,1.371,0.274,1.028
Kırklareli,SPEI,3,1982,3,1982,3,1,0.639,0.639,0.639
Kırklareli,SPEI,3,1982,7,1982,11,5,2.452,0.49,0.623
Kırklareli,SPEI,3,1983,1,1983,5,5,6.078,1.216,2.097
Kırklareli,SPEI,3,1983,10,1984,2,5,2.443,0.489,0.945
Kırklareli,SPEI,3,1984,6,1984,7,2,1.57,0.785,1.079
Kırklareli,SPEI,3,1984,9,1984,12,4,3.429,0.857,1.37
Kırklareli,SPEI,3,1985,2,1985,2,1,0.255,0.255,0.255
Kırklareli,SPEI,3,1985,5,1985,10,6,4.585,0.764,1.344
Kırklareli,SPEI,3,1985,12,1985,12,1,0.558,0.558,0.558
Kırklareli,SPEI,3,1986,2,1986,2,1,0.254,0.254,0.254
Kırklareli,SPEI,3,1986,4,1986,11,8,8.853,1.107,1.829
Kırklareli,SPEI,3,1987,1,1987,1,1,0.057,0.057,0.057
Kırklareli,SPEI,3,1987,3,1987,3,1,0.079,0.079,0.079
Kırklareli,SPEI,3,1987,7,1987,7,1,0.344,0.344,0.344
Kırklareli,SPEI,3,1987,9,1987,9,1,0.488,0.488,0.488
Kırklareli,SPEI,3,1987,11,1987,11,1,0.095,0.095,0.095
Kırklareli,SPEI,3,1988,2,1988,3,2,0.723,0.362,0.381
Kırklareli,SPEI,3,1988,9,1988,10,2,1.183,0.591,0.593
Kırklareli,SPEI,3,1989,2,1989,5,4,6.253,1.563,1.954
Kırklareli,SPEI,3,1989,9,1990,5,9,6.748,0.75,1.879
Kırklareli,SPEI,3,1990,8,1990,8,1,0.239,0.239,0.239
Kırklareli,SPEI,3,1991,1,1991,4,4,3.524,0.881,1.308
Kırklareli,SPEI,3,1991,8,1991,8,1,0.484,0.484,0.484
Kırklareli,SPEI,3,1991,10,1991,10,1,0.03,0.03,0.03
Kırklareli,SPEI,3,1991,12,1992,5,6,4.821,0.804,1.807
Kırklareli,SPEI,3,1992,9,1993,4,8,6.956,0.869,1.482
Kırklareli,SPEI,3,1993,9,1994,11,15,19.197,1.28,2.045
Kırklareli,SPEI,3,1995,6,1995,6,1,0.443,0.443,0.443
Kırklareli,SPEI,3,1996,2,1996,2,1,0.312,0.312,0.312
Kırklareli,SPEI,3,1996,5,1997,3,11,9.932,0.903,2.586
Kırklareli,SPEI,3,1997,6,1997,7,2,0.691,0.346,0.552
Kırklareli,SPEI,3,1998,3,1998,4,2,0.292,0.146,0.25
Kırklareli,SPEI,3,1999,9,2002,7,35,35.586,1.017,2.363
Kırklareli,SPEI,3,2002,12,2002,12,1,0.189,0.189,0.189
Kırklareli,SPEI,3,2003,7,2003,9,3,2.367,0.789,1.216
Kırklareli,SPEI,3,2003,11,2004,5,7,4.911,0.702,1.491
Kırklareli,SPEI,3,2004,10,2005,1,4,4.058,1.014,1.935
Kırklareli,SPEI,3,2005,5,2005,6,2,1.38,0.69,0.711
Kırklareli,SPEI,3,2006,6,2006,6,1,0.474,0.474,0.474
Kırklareli,SPEI,3,2006,12,2007,4,5,4.396,0.879,1.401
Kırklareli,SPEI,3,2007,6,2007,9,4,1.955,0.489,1.172
Kırklareli,SPEI,3,2008,1,2008,7,7,4.685,0.669,1.285
Kırklareli,SPEI,3,2008,11,2009,1,3,3.313,1.104,1.862
Kırklareli,SPEI,3,2009,5,2009,6,2,1.121,0.56,0.847
Kırklareli,SPEI,3,2010,1,2010,1,1,0.182,0.182,0.182
Kırklareli,SPEI,3,2010,5,2010,10,6,4.583,0.764,1.04
Kırklareli,SPEI,3,2011,1,2011,9,9,6.39,0.71,1.172
Kırklareli,SPEI,3,2012,4,2012,4,1,1.139,1.139,1.139
Kırklareli,SPEI,3,2012,7,2012,9,3,4.394,1.465,2.121
Kırklareli,SPEI,3,2013,5,2013,6,2,1.468,0.734,1.185
Kırklareli,SPEI,3,2013,9,2013,10,2,1.555,0.777,1.145
Kırklareli,SPEI,3,2013,12,2014,2,3,1.578,0.526,0.915
Kırklareli,SPEI,3,2015,7,2016,1,7,4.569,0.653,1.368
Kırklareli,SPEI,3,2016,4,2017,2,11,6.396,0.581,1.842
Kırklareli,SPEI,3,2017,7,2017,8,2,0.59,0.295,0.468
Kırklareli,SPEI,3,2018,10,2018,10,1,1.513,1.513,1.513
Kırklareli,SPEI,3,2019,4,2019,6,3,2.059,0.686,1.048
Kırklareli,SPEI,3,2019,11,2020,5,7,5.638,0.805,1.737
Kırklareli,SPEI,3,2020,9,2020,12,4,5.678,1.419,1.68
Kırklareli,SPEI,3,2021,5,2021,5,1,0.008,0.008,0.008
Kırklareli,SPEI,3,2021,7,2021,7,1,0.045,0.045,0.045
Kırklareli,SPEI,3,2021,9,2021,10,2,2.078,1.039,1.567
Kırklareli,SPEI,3,2022,5,2022,8,4,3.237,0.809,1.142
Kırklareli,SPEI,3,2022,10,2023,3,6,7.053,1.176,1.475
Kırklareli,SPEI,3,2023,7,2023,10,4,7.235,1.809,3.347
Kırklareli,SPEI,3,2024,2,2024,4,3,1.732,0.577,1.168
Kırklareli,SPEI,3,2024,6,2024,12,7,10.652,1.522,2.585
Kırklareli,SPEI,6,1965,8,1965,12,5,4.814,0.963,1.759
Kırklareli,SPEI,6,1967,6,1967,12,7,2.808,0.401,1.022
Kırklareli,SPEI,6,1968,6,1968,11,6,10.016,1.669,4.745
Kırklareli,SPEI,6,1969,6,1969,6,1,0.125,0.125,0.125
Kırklareli,SPEI,6,1969,8,1970,2,7,6.205,0.886,1.66
Kırklareli,SPEI,6,1970,8,1971,2,7,4.188,0.598,1.088
Kırklareli,SPEI,6,1972,1,1972,8,8,7.359,0.92,1.739
Kırklareli,SPEI,6,1973,4,1973,4,1,0.288,0.288,0.288
Kırklareli,SPEI,6,1973,9,1973,9,1,0.121,0.121,0.121
Kırklareli,SPEI,6,1974,4,1974,4,1,0.472,0.472,0.472
Kırklareli,SPEI,6,1974,12,1975,5,6,1.942,0.324,0.533
Kırklareli,SPEI,6,1976,4,1976,7,4,3.584,0.896,1.249
Kırklareli,SPEI,6,1978,1,1978,3,3,0.517,0.172,0.288
Kırklareli,SPEI,6,1978,10,1978,12,3,1.752,0.584,0.769
Kırklareli,SPEI,6,1979,3,1979,3,1,0.334,0.334,0.334
Kırklareli,SPEI,6,1980,11,1980,11,1,0.9,0.9,0.9
Kırklareli,SPEI,6,1981,7,1981,7,1,0.152,0.152,0.152
Kırklareli,SPEI,6,1981,9,1981,11,3,0.846,0.282,0.346
Kırklareli,SPEI,6,1982,6,1982,6,1,0.468,0.468,0.468
Kırklareli,SPEI,6,1982,9,1983,8,12,9.125,0.76,1.926
Kırklareli,SPEI,6,1983,12,1984,2,3,1.877,0.626,0.729
Kırklareli,SPEI,6,1984,9,1985,3,7,5.895,0.842,1.507
Kırklareli,SPEI,6,1985,5,1987,3,23,18.084,0.786,1.878
Kırklareli,SPEI,6,1987,10,1987,11,2,0.382,0.191,0.345
Kırklareli,SPEI,6,1988,1,1988,2,2,0.379,0.19,0.37
Kırklareli,SPEI,6,1989,2,1989,7,6,5.947,0.991,2.242
Kırklareli,SPEI,6,1989,9,1989,9,1,0.037,0.037,0.037
Kırklareli,SPEI,6,1989,12,1990,8,9,9.412,1.046,1.641
Kırklareli,SPEI,6,1991,1,1991,4,4,2.393,0.598,1.134
Kırklareli,SPEI,6,1991,6,1991,6,1,0.956,0.956,0.956
Kırklareli,SPEI,6,1991,11,1992,6,8,6.876,0.86,1.632
Kırklareli,SPEI,6,1992,12,1993,5,6,6.415,1.069,1.665
Kırklareli,SPEI,6,1993,11,1994,12,14,24.252,1.732,2.842
Kırklareli,SPEI,6,1995,10,1995,10,1,0.033,0.033,0.033
Kırklareli,SPEI,6,1996,5,1997,3,11,11.43,1.039,1.88
Kırklareli,SPEI,6,1997,5,1997,6,2,0.561,0.281,0.52
Kırklareli,SPEI,6,1998,4,1998,4,1,0.129,0.129,0.129
Kırklareli,SPEI,6,1999,11,2002,8,34,50.902,1.497,4.591
Kırklareli,SPEI,6,2003,7,2004,5,11,7.429,0.675,1.515
Kırklareli,SPEI,6,2004,12,2005,4,5,2.843,0.569,0.666
Kırklareli,SPEI,6,2007,1,2007,9,9,6.617,0.735,1.281
Kırklareli,SPEI,6,2008,2,2008,8,7,5.149,0.736,1.322
Kırklareli,SPEI,6,2008,11,2009,1,3,0.995,0.332,0.661
Kırklareli,SPEI,6,2009,3,2009,4,2,0.304,0.152,0.26
Kırklareli,SPEI,6,2010,8,2010,11,4,3.513,0.878,1.483
Kırklareli,SPEI,6,2011,1,2011,9,9,7.619,0.847,1.589
Kırklareli,SPEI,6,2011,11,2011,11,1,0.081,0.081,0.081
Kırklareli,SPEI,6,2012,4,2012,4,1,0.1,0.1,0.1
Kırklareli,SPEI,6,2012,7,2012,9,3,3.129,1.043,1.118
Kırklareli,SPEI,6,2012,11,2012,11,1,1.182,1.182,1.182
Kırklareli,SPEI,6,2013,8,2013,10,3,2.299,0.766,1.141
Kırklareli,SPEI,6,2013,12,2014,4,5,2.657,0.531,1.075
Kırklareli,SPEI,6,2015,8,2016,1,6,4.654,0.776,1.659
Kırklareli,SPEI,6,2016,4,2016,4,1,0.365,0.365,0.365
Kırklareli,SPEI,6,2016,7,2017,4,10,8.171,0.817,1.495
Kırklareli,SPEI,6,2017,8,2017,9,2,0.257,0.129,0.201
Kırklareli,SPEI,6,2019,5,2019,8,4,0.498,0.124,0.201
Kırklareli,SPEI,6,2019,11,2020,5,7,6.164,0.881,1.481
Kırklareli,SPEI,6,2020,11,2021,1,3,3.44,1.147,2.229
Kırklareli,SPEI,6,2021,9,2021,10,2,0.635,0.318,0.478
Kırklareli,SPEI,6,2022,6,2022,6,1,0.309,0.309,0.309
Kırklareli,SPEI,6,2022,8,2023,6,11,11.282,1.026,1.849
Kırklareli,SPEI,6,2023,8,2024,2,7,3.759,0.537,1.883
Kırklareli,SPEI,6,2024,6,2024,12,7,14.432,2.062,3.15
Kırklareli,SPEI,9,1965,9,1966,2,6,2.862,0.477,1.139
Kırklareli,SPEI,9,1967,9,1967,12,4,2.387,0.597,0.997
Kırklareli,SPEI,9,1968,5,1968,7,3,2.19,0.73,0.923
Kırklareli,SPEI,9,1968,10,1969,1,4,5.078,1.27,1.739
Kırklareli,SPEI,9,1969,6,1969,6,1,0.389,0.389,0.389
Kırklareli,SPEI,9,1969,10,1970,2,5,4.938,0.988,1.668
Kırklareli,SPEI,9,1970,4,1970,6,3,0.28,0.093,0.161
Kırklareli,SPEI,9,1970,10,1971,2,5,2.835,0.567,0.953
Kırklareli,SPEI,9,1972,2,1972,9,8,6.051,0.756,1.278
Kırklareli,SPEI,9,1973,7,1973,7,1,0.361,0.361,0.361
Kırklareli,SPEI,9,1974,7,1974,7,1,0.132,0.132,0.132
Kırklareli,SPEI,9,1974,9,1974,9,1,0.223,0.223,0.223
Kırklareli,SPEI,9,1975,2,1975,5,4,1.865,0.466,0.577
Kırklareli,SPEI,9,1976,5,1976,5,1,0.423,0.423,0.423
Kırklareli,SPEI,9,1976,7,1976,7,1,0.57,0.57,0.57
Kırklareli,SPEI,9,1978,12,1979,3,4,0.823,0.206,0.441
Kırklareli,SPEI,9,1979,6,1979,6,1,0.461,0.461,0.461
Kırklareli,SPEI,9,1980,10,1980,11,2,0.315,0.158,0.168
Kırklareli,SPEI,9,1981,10,1981,10,1,0.415,0.415,0.415
Kırklareli,SPEI,9,1982,9,1982,11,3,1.355,0.452,0.769
Kırklareli,SPEI,9,1983,1,1983,12,12,10.461,0.872,1.641
Kırklareli,SPEI,9,1984,6,1984,6,1,0.02,0.02,0.02
Kırklareli,SPEI,9,1984,10,1984,10,1,0.305,0.305,0.305
Kırklareli,SPEI,9,1984,12,1987,4,29,26.728,0.922,1.791
Kırklareli,SPEI,9,1988,1,1988,3,3,0.629,0.21,0.351
Kırklareli,SPEI,9,1988,5,1988,5,1,0.107,0.107,0.107
Kırklareli,SPEI,9,1988,9,1988,9,1,0.022,0.022,0.022
Kırklareli,SPEI,9,1989,2,1990,9,20,16.571,0.829,1.726
Kırklareli,SPEI,9,1990,11,1990,11,1,0.039,0.039,0.039
Kırklareli,SPEI,9,1991,1,1991,4,4,1.589,0.397,0.547
Kırklareli,SPEI,9,1991,6,1991,10,5,2.168,0.434,0.798
Kırklareli,SPEI,9,1992,1,1992,10,10,7.187,0.719,1.371
Kırklareli,SPEI,9,1992,12,1993,8,9,4.986,0.554,1.611
Kırklareli,SPEI,9,1993,11,1995,2,16,24.083,1.505,2.616
Kırklareli,SPEI,9,1996,6,1997,7,14,13.07,0.934,2.155
Kırklareli,SPEI,9,2000,1,2002,8,32,56.171,1.755,4.753
Kırklareli,SPEI,9,2003,8,2003,8,1,0.055,0.055,0.055
Kırklareli,SPEI,9,2003,10,2004,7,10,6.95,0.695,1.194
Kırklareli,SPEI,9,2005,3,2005,7,5,2.382,0.476,0.941
Kırklareli,SPEI,9,2006,12,2006,12,1,0.123,0.123,0.123
Kırklareli,SPEI,9,2007,3,2007,10,8,6.251,0.781,1.485
Kırklareli,SPEI,9,2008,2,2009,1,12,6.961,0.58,0.908
Kırklareli,SPEI,9,2009,6,2009,6,1,0.636,0.636,0.636
Kırklareli,SPEI,9,2010,11,2011,11,13,10.175,0.783,1.583
Kırklareli,SPEI,9,2012,7,2012,7,1,0.283,0.283,0.283
Kırklareli,SPEI,9,2012,9,2012,11,3,1.941,0.647,0.73
Kırklareli,SPEI,9,2013,10,2014,4,7,3.729,0.533,1.071
Kırklareli,SPEI,9,2015,9,2015,9,1,0.444,0.444,0.444
Kırklareli,SPEI,9,2015,11,2016,4,6,3.515,0.586,1.196
Kırklareli,SPEI,9,2016,6,2017,8,15,9.229,0.615,1.376
Kırklareli,SPEI,9,2019,4,2019,6,3,0.651,0.217,0.443
Kırklareli,SPEI,9,2019,10,2020,12,15,9.762,0.651,1.162
Kırklareli,SPEI,9,2021,3,2021,3,1,0.226,0.226,0.226
Kırklareli,SPEI,9,2022,9,2023,10,14,16.064,1.147,1.854
Kırklareli,SPEI,9,2024,1,2024,12,12,13.143,1.095,2.356
Kırklareli,SPEI,12,1965,12,1965,12,1,0.191,0.191,0.191
Kırklareli,SPEI,12,1966,2,1966,2,1,0.201,0.201,0.201
Kırklareli,SPEI,12,1967,12,1968,1,2,0.347,0.173,0.317
Kırklareli,SPEI,12,1968,5,1969,3,11,5.318,0.483,1.191
Kırklareli,SPEI,12,1969,9,1970,5,9,3.647,0.405,0.63
Kırklareli,SPEI,12,1970,7,1970,9,3,1.413,0.471,0.578
Kırklareli,SPEI,12,1970,12,1971,6,7,1.632,0.233,0.506
Kırklareli,SPEI,12,1972,3,1972,9,7,3.816,0.545,0.97
Kırklareli,SPEI,12,1972,11,1972,12,2,0.312,0.156,0.202
Kırklareli,SPEI,12,1974,3,1974,3,1,0.02,0.02,0.02
Kırklareli,SPEI,12,1974,10,1974,10,1,0.271,0.271,0.271
Kırklareli,SPEI,12,1974,12,1974,12,1,0.097,0.097,0.097
Kırklareli,SPEI,12,1975,2,1975,7,6,0.806,0.134,0.336
Kırklareli,SPEI,12,1975,9,1975,9,1,0.025,0.025,0.025
Kırklareli,SPEI,12,1978,11,1978,12,2,0.393,0.197,0.24
Kırklareli,SPEI,12,1979,4,1979,6,3,0.579,0.193,0.266
Kırklareli,SPEI,12,1980,11,1980,11,1,0.449,0.449,0.449
Kırklareli,SPEI,12,1982,12,1984,2,15,12.672,0.845,1.643
Kırklareli,SPEI,12,1984,6,1984,7,2,0.092,0.046,0.077
Kırklareli,SPEI,12,1984,9,1984,10,2,0.55,0.275,0.406
Kırklareli,SPEI,12,1984,12,1985,1,2,0.267,0.134,0.228
Kırklareli,SPEI,12,1985,3,1987,7,29,27.81,0.959,1.683
Kırklareli,SPEI,12,1987,10,1987,10,1,0.001,0.001,0.001
Kırklareli,SPEI,12,1988,4,1988,5,2,0.217,0.108,0.131
Kırklareli,SPEI,12,1989,3,1993,4,50,33.277,0.666,1.386
Kırklareli,SPEI,12,1993,6,1995,6,25,29.841,1.194,3.293
Kırklareli,SPEI,12,1996,6,1997,7,14,12.589,0.899,1.648
Kırklareli,SPEI,12,1997,9,1997,9,1,0.182,0.182,0.182
Kırklareli,SPEI,12,2000,1,2002,9,33,62.084,1.881,4.753
Kırklareli,SPEI,12,2003,9,2003,9,1,0.088,0.088,0.088
Kırklareli,SPEI,12,2003,11,2004,7,9,6.214,0.69,1.459
Kırklareli,SPEI,12,2004,10,2005,1,4,1.295,0.324,0.441
Kırklareli,SPEI,12,2005,6,2005,9,4,1.263,0.316,0.433
Kırklareli,SPEI,12,2007,3,2007,4,2,0.533,0.267,0.276
Kırklareli,SPEI,12,2007,6,2009,1,20,12.987,0.649,1.303
Kırklareli,SPEI,12,2009,6,2009,6,1,0.008,0.008,0.008
Kırklareli,SPEI,12,2011,2,2011,12,11,9.63,0.875,1.229
Kırklareli,SPEI,12,2012,10,2012,10,1,0.063,0.063,0.063
Kırklareli,SPEI,12,2013,12,2014,4,5,2.566,0.513,0.953
Kırklareli,SPEI,12,2015,12,2017,9,22,13.624,0.619,1.121
Kırklareli,SPEI,12,2019,7,2019,7,1,0.176,0.176,0.176
Kırklareli,SPEI,12,2019,11,2020,5,7,5.222,0.746,1.206
Kırklareli,SPEI,12,2020,7,2021,1,7,5.963,0.852,1.27
Kırklareli,SPEI,12,2022,11,2024,12,26,27.628,1.063,2.161
Lüleburgaz,SPI,1,1965,6,1965,8,3,1.196,0.399,0.772
Lüleburgaz,SPI,1,1965,10,1965,10,1,1.316,1.316,1.316
Lüleburgaz,SPI,1,1966,6,1966,7,2,1.185,0.593,0.962
Lüleburgaz,SPI,1,1967,3,1967,3,1,0.575,0.575,0.575
Lüleburgaz,SPI,1,1967,5,1967,5,1,0.513,0.513,0.513
Lüleburgaz,SPI,1,1967,10,1967,11,2,0.803,0.401,0.582
Lüleburgaz,SPI,1,1968,2,1968,2,1,0.157,0.157,0.157
Lüleburgaz,SPI,1,1968,4,1968,7,4,5.107,1.277,2.374
Lüleburgaz,SPI,1,1968,10,1968,11,2,1.729,0.865,0.885
Lüleburgaz,SPI,1,1969,3,1969,6,4,3.818,0.955,2.467
Lüleburgaz,SPI,1,1969,9,1969,9,1,0.44,0.44,0.44
Lüleburgaz,SPI,1,1969,11,1969,11,1,1.128,1.128,1.128
Lüleburgaz,SPI,1,1970,7,1970,7,1,1.08,1.08,1.08
Lüleburgaz,SPI,1,1970,9,1970,9,1,2.151,2.151,2.151
Lüleburgaz,SPI,1,1970,12,1970,12,1,0.403,0.403,0.403
Lüleburgaz,SPI,1,1971,4,1971,4,1,0.794,0.794,0.794
Lüleburgaz,SPI,1,1971,6,1971,7,2,0.083,0.042,0.067
Lüleburgaz,SPI,1,1971,10,1971,10,1,0.283,0.283,0.283
Lüleburgaz,SPI,1,1971,12,1972,3,4,2.014,0.504,0.989
Lüleburgaz,SPI,1,1972,5,1972,6,2,1.037,0.518,0.801
Lüleburgaz,SPI,1,1972,11,1973,1,3,3.032,1.011,2.303
Lüleburgaz,SPI,1,1973,4,1973,5,2,1.133,0.567,0.655
Lüleburgaz,SPI,1,1973,7,1973,9,3,1.123,0.374,0.718
Lüleburgaz,SPI,1,1973,11,1974,2,4,3.352,0.838,1.143
Lüleburgaz,SPI,1,1974,6,1974,7,2,1.598,0.799,1.14
Lüleburgaz,SPI,1,1974,10,1974,10,1,0.087,0.087,0.087
Lüleburgaz,SPI,1,1974,12,1974,12,1,0.597,0.597,0.597
Lüleburgaz,SPI,1,1975,2,1975,2,1,1.109,1.109,1.109
Lüleburgaz,SPI,1,1975,4,1975,4,1,0.239,0.239,0.239
Lüleburgaz,SPI,1,1975,9,1975,9,1,0.268,0.268,0.268
Lüleburgaz,SPI,1,1976,1,1976,3,3,3.274,1.091,1.874
Lüleburgaz,SPI,1,1976,9,1976,9,1,1.197,1.197,1.197
Lüleburgaz,SPI,1,1977,1,1977,3,3,1.181,0.394,0.704
Lüleburgaz,SPI,1,1977,8,1977,8,1,1.563,1.563,1.563
Lüleburgaz,SPI,1,1977,10,1977,12,3,1.049,0.35,0.612
Lüleburgaz,SPI,1,1978,6,1978,8,3,2.345,0.782,1.156
Lüleburgaz,SPI,1,1978,11,1978,12,2,2.74,1.37,1.611
Lüleburgaz,SPI,1,1979,2,1979,3,2,2.275,1.137,2.246
Lüleburgaz,SPI,1,1979,5,1979,6,2,1.307,0.653,0.973
Lüleburgaz,SPI,1,1979,9,1979,9,1,0.978,0.978,0.978
Lüleburgaz,SPI,1,1979,12,1979,12,1,0.346,0.346,0.346
Lüleburgaz,SPI,1,1980,10,1980,10,1,1.892,1.892,1.892
Lüleburgaz,SPI,1,1981,3,1981,6,4,3.947,0.987,2.242
Lüleburgaz,SPI,1,1981,8,1981,9,2,0.86,0.43,0.472
Lüleburgaz,SPI,1,1982,1,1982,3,3,2.047,0.682,1.393
Lüleburgaz,SPI,1,1982,7,1982,11,5,2.426,0.485,1.41
Lüleburgaz,SPI,1,1983,1,1983,1,1,0.783,0.783,0.783
Lüleburgaz,SPI,1,1983,3,1983,5,3,3.684,1.228,2.412
Lüleburgaz,SPI,1,1983,9,1983,12,4,2.01,0.502,0.921
Lüleburgaz,SPI,1,1984,2,1984,2,1,0.053,0.053,0.053
Lüleburgaz,SPI,1,1984,5,1984,6,2,0.667,0.334,0.444
Lüleburgaz,SPI,1,1984,8,1984,10,3,3.442,1.147,2.292
Lüleburgaz,SPI,1,1984,12,1984,12,1,1.786,1.786,1.786
Lüleburgaz,SPI,1,1985,3,1985,3,1,0.718,0.718,0.718
Lüleburgaz,SPI,1,1985,5,1985,5,1,1.643,1.643,1.643
Lüleburgaz,SPI,1,1985,8,1985,10,3,3.006,1.002,1.741
Lüleburgaz,SPI,1,1985,12,1985,12,1,0.901,0.901,0.901
Lüleburgaz,SPI,1,1986,3,1986,7,5,3.755,0.751,1.473
Lüleburgaz,SPI,1,1986,9,1986,9,1,1.832,1.832,1.832
Lüleburgaz,SPI,1,1986,11,1986,12,2,0.703,0.352,0.56
Lüleburgaz,SPI,1,1987,2,1987,3,2,1.049,0.524,0.976
Lüleburgaz,SPI,1,1987,5,1987,5,1,0.289,0.289,0.289
Lüleburgaz,SPI,1,1987,9,1987,9,1,1.501,1.501,1.501
Lüleburgaz,SPI,1,1988,1,1988,2,2,2.102,1.051,1.692
Lüleburgaz,SPI,1,1988,5,1988,5,1,0.369,0.369,0.369
Lüleburgaz,SPI,1,1988,8,1988,8,1,0.063,0.063,0.063
Lüleburgaz,SPI,1,1988,10,1988,10,1,0.779,0.779,0.779
Lüleburgaz,SPI,1,1989,1,1989,2,2,4.726,2.363,2.457
Lüleburgaz,SPI,1,1989,4,1989,4,1,1.661,1.661,1.661
Lüleburgaz,SPI,1,1989,7,1989,10,4,1.303,0.326,0.742
Lüleburgaz,SPI,1,1990,1,1990,3,3,4.646,1.549,2.295
Lüleburgaz,SPI,1,1990,11,1990,11,1,0.636,0.636,0.636
Lüleburgaz,SPI,1,1991,1,1991,3,3,1.754,0.585,1.198
Lüleburgaz,SPI,1,1991,6,1991,9,4,1.851,0.463,0.79
Lüleburgaz,SPI,1,1991,12,1992,2,3,2.043,0.681,1.038
Lüleburgaz,SPI,1,1992,5,1992,5,1,0.697,0.697,0.697
Lüleburgaz,SPI,1,1992,9,1992,9,1,0.801,0.801,0.801
Lüleburgaz,SPI,1,1992,12,1993,1,2,1.72,0.86,0.909
Lüleburgaz,SPI,1,1993,4,1993,4,1,1.577,1.577,1.577
Lüleburgaz,SPI,1,1993,6,1993,7,2,2.135,1.067,1.274
Lüleburgaz,SPI,1,1993,9,1993,11,3,2.318,0.773,1.283
Lüleburgaz,SPI,1,1994,1,1994,5,5,2.622,0.524,0.823
Lüleburgaz,SPI,1,1994,7,1994,8,2,0.527,0.264,0.464
Lüleburgaz,SPI,1,1994,11,1994,11,1,0.142,0.142,0.142
Lüleburgaz,SPI,1,1995,5,1995,6,2,2.437,1.218,2.21
Lüleburgaz,SPI,1,1995,10,1995,10,1,1.015,1.015,1.015
Lüleburgaz,SPI,1,1995,12,1996,1,2,0.601,0.3,0.409
Lüleburgaz,SPI,1,1996,5,1996,6,2,1.708,0.854,1.063
Lüleburgaz,SPI,1,1996,10,1996,10,1,1.251,1.251,1.251
Lüleburgaz,SPI,1,1997,1,1997,2,2,1.043,0.521,0.821
Lüleburgaz,SPI,1,1997,6,1997,7,2,0.289,0.144,0.239
Lüleburgaz,SPI,1,1997,11,1997,11,1,0.299,0.299,0.299
Lüleburgaz,SPI,1,1998,1,1998,1,1,0.735,0.735,0.735
Lüleburgaz,SPI,1,1998,4,1998,4,1,0.778,0.778,0.778
Lüleburgaz,SPI,1,1999,4,1999,4,1,0.441,0.441,0.441
Lüleburgaz,SPI,1,1999,10,1999,10,1,0.168,0.168,0.168
Lüleburgaz,SPI,1,2000,1,2000,1,1,1.214,1.214,1.214
Lüleburgaz,SPI,1,2000,4,2000,4,1,0.366,0.366,0.366
Lüleburgaz,SPI,1,2000,6,2000,6,1,0.75,0.75,0.75
Lüleburgaz,SPI,1,2000,10,2000,12,3,2.562,0.854,1.458
Lüleburgaz,SPI,1,2001,2,2001,3,2,1.026,0.513,0.695
Lüleburgaz,SPI,1,2001,6,2001,8,3,2.897,0.966,1.199
Lüleburgaz,SPI,1,2001,10,2001,10,1,1.799,1.799,1.799
Lüleburgaz,SPI,1,2002,1,2002,1,1,0.872,0.872,0.872
Lüleburgaz,SPI,1,2002,4,2002,5,2,2.97,1.485,1.922
Lüleburgaz,SPI,1,2002,10,2002,10,1,0.232,0.232,0.232
Lüleburgaz,SPI,1,2002,12,2002,12,1,1.209,1.209,1.209
Lüleburgaz,SPI,1,2003,3,2003,3,1,1.199,1.199,1.199
Lüleburgaz,SPI,1,2003,5,2003,9,5,5.871,1.174,3.475
Lüleburgaz,SPI,1,2003,11,2003,12,2,1.709,0.855,1.429
Lüleburgaz,SPI,1,2004,2,2004,2,1,1.789,1.789,1.789
Lüleburgaz,SPI,1,2004,4,2004,4,1,1.488,1.488,1.488
Lüleburgaz,SPI,1,2004,9,2004,12,4,4.521,1.13,2.257
Lüleburgaz,SPI,1,2005,3,2005,4,2,2.037,1.018,1.405
Lüleburgaz,SPI,1,2005,6,2005,6,1,0.141,0.141,0.141
Lüleburgaz,SPI,1,2005,10,2005,10,1,0.208,0.208,0.208
Lüleburgaz,SPI,1,2006,1,2006,1,1,1.257,1.257,1.257
Lüleburgaz,SPI,1,2006,4,2006,5,2,2.159,1.079,1.837
Lüleburgaz,SPI,1,2006,12,2007,2,3,2.182,0.727,0.97
Lüleburgaz,SPI,1,2007,4,2007,4,1,2.181,2.181,2.181
Lüleburgaz,SPI,1,2007,6,2007,8,3,3.579,1.193,2.01
Lüleburgaz,SPI,1,2007,10,2007,10,1,0.535,0.535,0.535
Lüleburgaz,SPI,1,2007,12,2008,3,4,2.856,0.714,1.755
Lüleburgaz,SPI,1,2008,8,2008,8,1,0.448,0.448,0.448
Lüleburgaz,SPI,1,2008,10,2008,12,3,2.759,0.92,1.351
Lüleburgaz,SPI,1,2009,4,2009,6,3,1.599,0.533,0.605
Lüleburgaz,SPI,1,2009,8,2009,8,1,1.875,1.875,1.875
Lüleburgaz,SPI,1,2009,11,2009,11,1,0.716,0.716,0.716
Lüleburgaz,SPI,1,2010,5,2010,5,1,0.723,0.723,0.723
Lüleburgaz,SPI,1,2010,8,2010,8,1,0.25,0.25,0.25
Lüleburgaz,SPI,1,2011,1,2011,3,3,1.682,0.561,0.698
Lüleburgaz,SPI,1,2011,5,2011,5,1,0.289,0.289,0.289
Lüleburgaz,SPI,1,2011,7,2011,8,2,2.691,1.345,1.438
Lüleburgaz,SPI,1,2011,11,2011,11,1,2.492,2.492,2.492
Lüleburgaz,SPI,1,2012,1,2012,3,3,1.389,0.463,1.255
Lüleburgaz,SPI,1,2012,6,2012,9,4,2.614,0.653,0.987
Lüleburgaz,SPI,1,2012,11,2012,11,1,1.058,1.058,1.058
Lüleburgaz,SPI,1,2013,7,2013,9,3,2.944,0.981,1.741
Lüleburgaz,SPI,1,2013,12,2013,12,1,2.132,2.132,2.132
Lüleburgaz,SPI,1,2014,2,2014,2,1,2.451,2.451,2.451
Lüleburgaz,SPI,1,2014,10,2014,11,2,0.911,0.456,0.459
Lüleburgaz,SPI,1,2015,1,2015,1,1,0.088,0.088,0.088
Lüleburgaz,SPI,1,2015,5,2015,5,1,1.868,1.868,1.868
Lüleburgaz,SPI,1,2015,7,2015,8,2,1.724,0.862,0.893
Lüleburgaz,SPI,1,2015,11,2015,12,2,3.507,1.754,2.524
Lüleburgaz,SPI,1,2016,3,2016,4,2,1.706,0.853,0.966
Lüleburgaz,SPI,1,2016,7,2016,12,6,5.301,0.884,2.132
Lüleburgaz,SPI,1,2017,5,2017,5,1,0.391,0.391,0.391
Lüleburgaz,SPI,1,2018,4,2018,5,2,3.885,1.942,2.374
Lüleburgaz,SPI,1,2018,8,2018,8,1,2.128,2.128,2.128
Lüleburgaz,SPI,1,2018,10,2018,11,2,0.286,0.143,0.235
Lüleburgaz,SPI,1,2019,1,2019,3,3,1.583,0.528,1.457
Lüleburgaz,SPI,1,2019,6,2020,3,10,14.009,1.401,2.971
Lüleburgaz,SPI,1,2020,7,2020,9,3,3.404,1.135,2.128
Lüleburgaz,SPI,1,2020,11,2020,12,2,3.032,1.516,2.432
Lüleburgaz,SPI,1,2021,2,2021,2,1,0.355,0.355,0.355
Lüleburgaz,SPI,1,2021,5,2021,5,1,0.772,0.772,0.772
Lüleburgaz,SPI,1,2021,7,2021,9,3,3.193,1.064,1.741
Lüleburgaz,SPI,1,2022,1,2022,1,1,0.798,0.798,0.798
Lüleburgaz,SPI,1,2022,3,2022,3,1,2.803,2.803,2.803
Lüleburgaz,SPI,1,2022,5,2022,5,1,0.116,0.116,0.116
Lüleburgaz,SPI,1,2022,7,2022,7,1,1.622,1.622,1.622
Lüleburgaz,SPI,1,2022,10,2023,2,5,6.643,1.329,2.354
Lüleburgaz,SPI,1,2023,5,2023,5,1,0.006,0.006,0.006
Lüleburgaz,SPI,1,2023,7,2023,10,4,3.424,0.856,1.369
Lüleburgaz,SPI,1,2024,2,2024,4,3,1.151,0.384,0.88
Lüleburgaz,SPI,1,2024,6,2024,11,6,4.974,0.829,1.563
Lüleburgaz,SPI,3,1965,7,1965,10,4,2.348,0.587,0.921
Lüleburgaz,SPI,3,1966,7,1966,9,3,0.988,0.329,0.539
Lüleburgaz,SPI,3,1967,4,1967,5,2,1.35,0.675,0.973
Lüleburgaz,SPI,3,1967,11,1967,12,2,0.937,0.468,0.707
Lüleburgaz,SPI,3,1968,4,1968,8,5,7.428,1.486,2.477
Lüleburgaz,SPI,3,1968,11,1968,12,2,0.99,0.495,0.771
Lüleburgaz,SPI,3,1969,5,1969,7,3,5.112,1.704,2.057
Lüleburgaz,SPI,3,1969,11,1969,11,1,1.209,1.209,1.209
Lüleburgaz,SPI,3,1970,7,1970,7,1,0.604,0.604,0.604
Lüleburgaz,SPI,3,1970,9,1970,9,1,0.318,0.318,0.318
Lüleburgaz,SPI,3,1971,12,1972,7,8,5.279,0.66,1.131
Lüleburgaz,SPI,3,1972,12,1973,2,3,2.74,0.913,1.788
Lüleburgaz,SPI,3,1973,5,1974,3,11,9.381,0.853,2.163
Lüleburgaz,SPI,3,1974,8,1974,10,3,0.927,0.309,0.654
Lüleburgaz,SPI,3,1974,12,1975,4,5,2.637,0.527,1.038
Lüleburgaz,SPI,3,1976,1,1976,5,5,4.852,0.97,1.682
Lüleburgaz,SPI,3,1977,3,1977,5,3,1.926,0.642,0.942
Lüleburgaz,SPI,3,1977,8,1977,8,1,0.295,0.295,0.295
Lüleburgaz,SPI,3,1977,10,1978,2,5,2.344,0.469,0.855
Lüleburgaz,SPI,3,1978,7,1978,8,2,1.633,0.817,1.203
Lüleburgaz,SPI,3,1978,12,1979,2,3,1.979,0.66,1.239
Lüleburgaz,SPI,3,1979,4,1979,7,4,1.585,0.396,0.713
Lüleburgaz,SPI,3,1979,9,1979,9,1,0.034,0.034,0.034
Lüleburgaz,SPI,3,1980,10,1980,12,3,1.772,0.591,1.097
Lüleburgaz,SPI,3,1981,4,1981,9,6,6.391,1.065,2.355
Lüleburgaz,SPI,3,1982,3,1982,4,2,1.193,0.597,1.119
Lüleburgaz,SPI,3,1982,8,1983,1,6,3.792,0.632,1.26
Lüleburgaz,SPI,3,1983,3,1983,6,4,4.748,1.187,2.384
Lüleburgaz,SPI,3,1983,10,1984,1,4,3.604,0.901,1.338
Lüleburgaz,SPI,3,1984,7,1985,2,8,5.551,0.694,1.872
Lüleburgaz,SPI,3,1985,4,1985,7,4,3.306,0.826,1.605
Lüleburgaz,SPI,3,1985,9,1985,10,2,1.902,0.951,1.312
Lüleburgaz,SPI,3,1986,4,1987,5,14,11.637,0.831,2.17
Lüleburgaz,SPI,3,1987,7,1987,7,1,0.119,0.119,0.119
Lüleburgaz,SPI,3,1987,9,1987,9,1,0.356,0.356,0.356
Lüleburgaz,SPI,3,1988,2,1988,4,3,1.358,0.453,0.812
Lüleburgaz,SPI,3,1988,6,1988,7,2,0.183,0.091,0.1
Lüleburgaz,SPI,3,1988,10,1988,10,1,0.685,0.685,0.685
Lüleburgaz,SPI,3,1989,2,1989,6,5,5.723,1.145,1.806
Lüleburgaz,SPI,3,1989,8,1989,10,3,1.673,0.558,0.889
Lüleburgaz,SPI,3,1990,1,1990,4,4,4.901,1.225,2.441
Lüleburgaz,SPI,3,1991,1,1991,3,3,1.437,0.479,1.064
Lüleburgaz,SPI,3,1991,7,1991,9,3,2.259,0.753,1.037
Lüleburgaz,SPI,3,1992,1,1992,3,3,2.457,0.819,1.483
Lüleburgaz,SPI,3,1993,1,1993,4,4,3.204,0.801,1.243
Lüleburgaz,SPI,3,1993,8,1994,9,14,10.222,0.73,1.651
Lüleburgaz,SPI,3,1995,5,1995,7,3,1.782,0.594,1.359
Lüleburgaz,SPI,3,1995,10,1995,10,1,0.003,0.003,0.003
Lüleburgaz,SPI,3,1995,12,1996,1,2,0.754,0.377,0.451
Lüleburgaz,SPI,3,1996,5,1996,7,3,2.361,0.787,1.267
Lüleburgaz,SPI,3,1996,11,1996,11,1,0.658,0.658,0.658
Lüleburgaz,SPI,3,1997,3,1997,3,1,0.762,0.762,0.762
Lüleburgaz,SPI,3,1997,7,1997,7,1,0.538,0.538,0.538
Lüleburgaz,SPI,3,1998,1,1998,1,1,0.163,0.163,0.163
Lüleburgaz,SPI,3,2000,1,2000,4,4,0.875,0.219,0.449
Lüleburgaz,SPI,3,2000,11,2001,4,6,4.675,0.779,1.687
Lüleburgaz,SPI,3,2001,7,2001,11,5,5.035,1.007,1.839
Lüleburgaz,SPI,3,2002,3,2002,6,4,4.359,1.09,1.706
Lüleburgaz,SPI,3,2002,12,2002,12,1,0.267,0.267,0.267
Lüleburgaz,SPI,3,2003,2,2003,3,2,0.788,0.394,0.538
Lüleburgaz,SPI,3,2003,5,2003,9,5,6.236,1.247,2.086
Lüleburgaz,SPI,3,2003,11,2004,6,8,5.829,0.729,2.073
Lüleburgaz,SPI,3,2004,9,2005,1,5,5.701,1.14,2.425
Lüleburgaz,SPI,3,2005,4,2005,5,2,0.772,0.386,0.69
Lüleburgaz,SPI,3,2006,12,2007,2,3,3.211,1.07,1.586
Lüleburgaz,SPI,3,2007,6,2007,10,5,5.425,1.085,1.892
Lüleburgaz,SPI,3,2007,12,2008,4,5,4.006,0.801,1.389
Lüleburgaz,SPI,3,2008,9,2009,1,5,5.287,1.057,1.747
Lüleburgaz,SPI,3,2009,5,2009,8,4,2.818,0.705,1.362
Lüleburgaz,SPI,3,2010,1,2010,1,1,0.364,0.364,0.364
Lüleburgaz,SPI,3,2010,5,2010,6,2,1.24,0.62,0.687
Lüleburgaz,SPI,3,2011,3,2011,5,3,1.413,0.471,1.034
Lüleburgaz,SPI,3,2011,7,2011,9,3,1.337,0.446,0.493
Lüleburgaz,SPI,3,2012,1,2012,4,4,2.298,0.575,1.023
Lüleburgaz,SPI,3,2012,8,2012,9,2,2.581,1.29,1.333
Lüleburgaz,SPI,3,2013,9,2014,2,6,4.391,0.732,1.552
Lüleburgaz,SPI,3,2014,4,2014,4,1,0.227,0.227,0.227
Lüleburgaz,SPI,3,2014,12,2015,1,2,0.557,0.278,0.349
Lüleburgaz,SPI,3,2015,5,2015,8,4,2.309,0.577,1.406
Lüleburgaz,SPI,3,2015,12,2016,2,3,2.291,0.764,1.295
Lüleburgaz,SPI,3,2016,4,2017,2,11,9.429,0.857,1.719
Lüleburgaz,SPI,3,2017,4,2017,6,3,0.97,0.323,0.452
Lüleburgaz,SPI,3,2018,5,2018,5,1,0.358,0.358,0.358
Lüleburgaz,SPI,3,2018,10,2020,4,19,27.951,1.471,3.586
Lüleburgaz,SPI,3,2020,9,2020,12,4,4.363,1.091,1.711
Lüleburgaz,SPI,3,2021,4,2021,5,2,0.689,0.345,0.405
Lüleburgaz,SPI,3,2021,7,2021,7,1,0.14,0.14,0.14
Lüleburgaz,SPI,3,2021,9,2021,10,2,1.533,0.767,1.489
Lüleburgaz,SPI,3,2022,3,2022,3,1,0.847,0.847,0.847
Lüleburgaz,SPI,3,2022,5,2022,5,1,0.627,0.627,0.627
Lüleburgaz,SPI,3,2022,7,2022,8,2,0.856,0.428,0.629
Lüleburgaz,SPI,3,2022,10,2023,4,7,9.065,1.295,2.124
Lüleburgaz,SPI,3,2023,7,2023,10,4,3.973,0.993,1.93
Lüleburgaz,SPI,3,2024,2,2024,12,11,10.05,0.914,1.594
Lüleburgaz,SPI,6,1965,10,1965,10,1,0.85,0.85,0.85
Lüleburgaz,SPI,6,1966,9,1966,9,1,0.053,0.053,0.053
Lüleburgaz,SPI,6,1967,7,1967,8,2,0.215,0.107,0.208
Lüleburgaz,SPI,6,1967,11,1967,12,2,0.089,0.044,0.053
Lüleburgaz,SPI,6,1968,7,1968,12,6,6.938,1.156,2.059
Lüleburgaz,SPI,6,1969,6,1969,11,6,5.002,0.834,1.126
Lüleburgaz,SPI,6,1970,9,1970,10,2,0.231,0.115,0.129
Lüleburgaz,SPI,6,1972,1,1972,8,8,7.237,0.905,1.831
Lüleburgaz,SPI,6,1973,1,1973,1,1,0.248,0.248,0.248
Lüleburgaz,SPI,6,1973,3,1973,5,3,1.373,0.458,0.686
Lüleburgaz,SPI,6,1973,8,1974,6,11,11.903,1.082,1.865
Lüleburgaz,SPI,6,1974,10,1975,5,8,3.146,0.393,0.617
Lüleburgaz,SPI,6,1976,4,1976,6,3,3.064,1.021,1.422
Lüleburgaz,SPI,6,1977,4,1977,8,5,1.873,0.375,0.705
Lüleburgaz,SPI,6,1977,10,1978,3,6,3.385,0.564,0.795
Lüleburgaz,SPI,6,1978,11,1979,9,11,5.479,0.498,0.914
Lüleburgaz,SPI,6,1980,10,1980,12,3,0.256,0.085,0.2
Lüleburgaz,SPI,6,1981,6,1981,10,5,6.097,1.219,1.831
Lüleburgaz,SPI,6,1982,6,1982,7,2,0.45,0.225,0.352
Lüleburgaz,SPI,6,1982,10,1983,8,11,8.45,0.768,1.169
Lüleburgaz,SPI,6,1983,10,1984,2,5,2.765,0.553,0.863
Lüleburgaz,SPI,6,1984,9,1985,10,14,13.345,0.953,1.52
Lüleburgaz,SPI,6,1985,12,1985,12,1,0.333,0.333,0.333
Lüleburgaz,SPI,6,1986,7,1987,10,16,15.034,0.94,2.484
Lüleburgaz,SPI,6,1988,5,1988,7,3,1.746,0.582,1.033
Lüleburgaz,SPI,6,1988,9,1988,10,2,0.768,0.384,0.626
Lüleburgaz,SPI,6,1989,2,1990,6,17,13.242,0.779,1.906
Lüleburgaz,SPI,6,1991,3,1991,4,2,0.353,0.176,0.197
Lüleburgaz,SPI,6,1991,6,1991,9,4,0.781,0.195,0.547
Lüleburgaz,SPI,6,1992,4,1992,6,3,2.108,0.703,1.325
Lüleburgaz,SPI,6,1993,1,1993,7,7,3.853,0.55,1.073
Lüleburgaz,SPI,6,1993,9,1994,9,13,14.31,1.101,1.581
Lüleburgaz,SPI,6,1995,10,1995,10,1,0.246,0.246,0.246
Lüleburgaz,SPI,6,1996,1,1996,1,1,0.392,0.392,0.392
Lüleburgaz,SPI,6,1996,3,1996,3,1,0.107,0.107,0.107
Lüleburgaz,SPI,6,1996,5,1996,6,2,0.542,0.271,0.362
Lüleburgaz,SPI,6,1996,10,1996,11,2,0.76,0.38,0.485
Lüleburgaz,SPI,6,1997,2,1997,3,2,0.469,0.235,0.281
Lüleburgaz,SPI,6,1997,6,1997,7,2,0.687,0.344,0.542
Lüleburgaz,SPI,6,2000,3,2000,4,2,0.643,0.322,0.326
Lüleburgaz,SPI,6,2000,6,2000,6,1,0.382,0.382,0.382
Lüleburgaz,SPI,6,2000,11,2001,11,13,11.129,0.856,1.58
Lüleburgaz,SPI,6,2002,6,2002,7,2,1.688,0.844,1.644
Lüleburgaz,SPI,6,2003,1,2003,3,3,0.571,0.19,0.481
Lüleburgaz,SPI,6,2003,5,2005,4,24,22.356,0.932,1.58
Lüleburgaz,SPI,6,2006,12,2008,6,19,14.279,0.752,1.532
Lüleburgaz,SPI,6,2008,11,2009,3,5,3.915,0.783,1.46
Lüleburgaz,SPI,6,2009,8,2009,8,1,0.666,0.666,0.666
Lüleburgaz,SPI,6,2010,8,2010,9,2,0.221,0.111,0.154
Lüleburgaz,SPI,6,2011,6,2011,8,3,1.798,0.599,0.695
Lüleburgaz,SPI,6,2011,11,2012,4,6,1.948,0.325,1.041
Lüleburgaz,SPI,6,2012,7,2012,8,2,0.179,0.089,0.097
Lüleburgaz,SPI,6,2012,11,2012,11,1,0.552,0.552,0.552
Lüleburgaz,SPI,6,2013,11,2014,5,7,4.76,0.68,1.121
Lüleburgaz,SPI,6,2015,3,2015,3,1,0.223,0.223,0.223
Lüleburgaz,SPI,6,2015,6,2015,9,4,1.138,0.285,0.652
Lüleburgaz,SPI,6,2015,12,2016,1,2,0.96,0.48,0.662
Lüleburgaz,SPI,6,2016,3,2017,5,15,14.73,0.982,2.135
Lüleburgaz,SPI,6,2018,12,2020,5,18,33.735,1.874,3.864
Lüleburgaz,SPI,6,2020,11,2021,2,4,2.501,0.625,1.701
Lüleburgaz,SPI,6,2021,4,2021,4,1,0.042,0.042,0.042
Lüleburgaz,SPI,6,2021,7,2021,10,4,1.798,0.45,0.831
Lüleburgaz,SPI,6,2022,6,2022,8,3,1.81,0.603,0.774
Lüleburgaz,SPI,6,2022,10,2024,3,18,16.239,0.902,2.608
Lüleburgaz,SPI,6,2024,5,2024,12,8,10.556,1.32,1.893
Lüleburgaz,SPI,9,1967,10,1967,12,3,0.683,0.228,0.484
Lüleburgaz,SPI,9,1968,5,1968,7,3,0.484,0.161,0.235
Lüleburgaz,SPI,9,1968,10,1969,1,4,4.298,1.075,1.555
Lüleburgaz,SPI,9,1969,5,1969,7,3,0.804,0.268,0.565
Lüleburgaz,SPI,9,1969,9,1970,1,5,3.155,0.631,1.457
Lüleburgaz,SPI,9,1972,2,1972,9,8,6.487,0.811,1.268
Lüleburgaz,SPI,9,1972,12,1973,1,2,0.696,0.348,0.453
Lüleburgaz,SPI,9,1973,5,1973,9,5,2.425,0.485,0.973
Lüleburgaz,SPI,9,1973,11,1974,10,12,13.723,1.144,1.884
Lüleburgaz,SPI,9,1974,12,1975,5,6,2.624,0.437,0.857
Lüleburgaz,SPI,9,1976,7,1976,9,3,0.472,0.157,0.291
Lüleburgaz,SPI,9,1977,7,1978,4,10,4.795,0.479,0.749
Lüleburgaz,SPI,9,1978,6,1978,7,2,0.166,0.083,0.121
Lüleburgaz,SPI,9,1978,12,1979,10,11,5.755,0.523,1.054
Lüleburgaz,SPI,9,1981,4,1981,6,3,0.928,0.309,0.553
Lüleburgaz,SPI,9,1981,8,1981,11,4,1.97,0.492,0.984
Lüleburgaz,SPI,9,1982,9,1984,2,18,13.128,0.729,1.44
Lüleburgaz,SPI,9,1984,12,1985,12,13,13.479,1.037,1.538
Lüleburgaz,SPI,9,1986,10,1987,10,13,13.658,1.051,1.894
Lüleburgaz,SPI,9,1988,8,1988,10,3,1.877,0.626,0.836
Lüleburgaz,SPI,9,1989,1,1990,9,21,14.558,0.693,2.073
Lüleburgaz,SPI,9,1991,7,1991,9,3,1.492,0.497,0.935
Lüleburgaz,SPI,9,1992,1,1992,2,2,0.561,0.281,0.403
Lüleburgaz,SPI,9,1992,5,1992,5,1,0.017,0.017,0.017
Lüleburgaz,SPI,9,1992,7,1992,9,3,0.578,0.193,0.358
Lüleburgaz,SPI,9,1993,1,1993,1,1,0.125,0.125,0.125
Lüleburgaz,SPI,9,1993,3,1994,9,19,19.034,1.002,1.94
Lüleburgaz,SPI,9,1995,12,1996,1,2,0.773,0.387,0.501
Lüleburgaz,SPI,9,1996,5,1996,8,4,0.98,0.245,0.651
Lüleburgaz,SPI,9,1996,11,1996,11,1,0.451,0.451,0.451
Lüleburgaz,SPI,9,1997,1,1997,2,2,0.184,0.092,0.135
Lüleburgaz,SPI,9,1997,6,1997,6,1,0.141,0.141,0.141
Lüleburgaz,SPI,9,2000,6,2000,6,1,0.249,0.249,0.249
Lüleburgaz,SPI,9,2000,12,2001,11,12,10.84,0.903,1.674
Lüleburgaz,SPI,9,2002,1,2002,2,2,0.183,0.091,0.1
Lüleburgaz,SPI,9,2002,5,2002,6,2,0.228,0.114,0.122
Lüleburgaz,SPI,9,2002,9,2002,10,2,0.346,0.173,0.276
Lüleburgaz,SPI,9,2002,12,2002,12,1,0.081,0.081,0.081
Lüleburgaz,SPI,9,2003,4,2005,6,27,26.364,0.976,1.567
Lüleburgaz,SPI,9,2006,12,2009,8,33,19.505,0.591,1.731
Lüleburgaz,SPI,9,2011,8,2011,9,2,0.983,0.491,0.82
Lüleburgaz,SPI,9,2011,11,2011,11,1,0.162,0.162,0.162
Lüleburgaz,SPI,9,2012,1,2012,4,4,1.581,0.395,0.643
Lüleburgaz,SPI,9,2012,7,2012,9,3,1.719,0.573,0.836
Lüleburgaz,SPI,9,2012,11,2012,11,1,0.056,0.056,0.056
Lüleburgaz,SPI,9,2013,12,2014,6,7,3.412,0.487,0.956
Lüleburgaz,SPI,9,2015,6,2015,9,4,1.055,0.264,0.383
Lüleburgaz,SPI,9,2015,11,2017,6,20,18.849,0.942,2.074
Lüleburgaz,SPI,9,2019,3,2020,9,19,36.11,1.901,3.556
Lüleburgaz,SPI,9,2020,11,2020,12,2,0.425,0.212,0.22
Lüleburgaz,SPI,9,2021,3,2021,5,3,1.106,0.369,0.427
Lüleburgaz,SPI,9,2021,7,2021,7,1,0.186,0.186,0.186
Lüleburgaz,SPI,9,2021,10,2021,10,1,0.388,0.388,0.388
Lüleburgaz,SPI,9,2022,9,2023,10,14,19.88,1.42,2.008
Lüleburgaz,SPI,9,2024,1,2024,12,12,9.955,0.83,1.864
Lüleburgaz,SPI,12,1968,6,1970,2,21,5.489,0.261,0.825
Lüleburgaz,SPI,12,1972,3,1973,2,12,6.658,0.555,0.908
Lüleburgaz,SPI,12,1973,5,1973,5,1,0.073,0.073,0.073
Lüleburgaz,SPI,12,1973,7,1975,6,24,19.843,0.827,1.793
Lüleburgaz,SPI,12,1976,10,1976,11,2,0.032,0.016,0.023
Lüleburgaz,SPI,12,1977,8,1977,8,1,0.19,0.19,0.19
Lüleburgaz,SPI,12,1977,10,1978,9,12,4.945,0.412,1.01
Lüleburgaz,SPI,12,1978,12,1978,12,1,0.248,0.248,0.248
Lüleburgaz,SPI,12,1979,2,1979,10,9,5.073,0.564,0.924
Lüleburgaz,SPI,12,1981,5,1981,10,6,2.206,0.368,0.609
Lüleburgaz,SPI,12,1982,11,1984,2,16,13.617,0.851,1.419
Lüleburgaz,SPI,12,1984,8,1984,10,3,0.294,0.098,0.169
Lüleburgaz,SPI,12,1984,12,1985,12,13,12.048,0.927,1.541
Lüleburgaz,SPI,12,1986,11,1987,10,12,12.473,1.039,1.826
Lüleburgaz,SPI,12,1988,1,1988,2,2,0.199,0.1,0.16
Lüleburgaz,SPI,12,1988,10,1988,10,1,0.22,0.22,0.22
Lüleburgaz,SPI,12,1988,12,1990,9,22,14.797,0.673,1.449
Lüleburgaz,SPI,12,1990,11,1990,11,1,0.224,0.224,0.224
Lüleburgaz,SPI,12,1991,9,1991,9,1,0.259,0.259,0.259
Lüleburgaz,SPI,12,1991,12,1992,2,3,0.207,0.069,0.09
Lüleburgaz,SPI,12,1992,4,1992,5,2,0.492,0.246,0.411
Lüleburgaz,SPI,12,1992,11,1993,1,3,0.206,0.069,0.09
Lüleburgaz,SPI,12,1993,3,1993,4,2,0.449,0.224,0.353
Lüleburgaz,SPI,12,1993,6,1994,12,19,19.024,1.001,2.003
Lüleburgaz,SPI,12,1996,1,1996,1,1,0.149,0.149,0.149
Lüleburgaz,SPI,12,1996,3,1996,4,2,0.093,0.046,0.051
Lüleburgaz,SPI,12,1996,6,1996,11,6,1.022,0.17,0.38
Lüleburgaz,SPI,12,1997,2,1997,3,2,0.495,0.247,0.284
Lüleburgaz,SPI,12,2000,11,2001,11,13,10.871,0.836,1.887
Lüleburgaz,SPI,12,2002,1,2002,2,2,0.187,0.093,0.163
Lüleburgaz,SPI,12,2002,4,2002,6,3,1.354,0.451,0.658
Lüleburgaz,SPI,12,2002,12,2003,3,4,0.932,0.233,0.423
Lüleburgaz,SPI,12,2003,6,2005,9,28,28.037,1.001,1.753
Lüleburgaz,SPI,12,2006,12,2009,2,27,19.136,0.709,1.625
Lüleburgaz,SPI,12,2009,5,2009,8,4,2.496,0.624,0.785
Lüleburgaz,SPI,12,2011,11,2012,4,6,2.287,0.381,0.527
Lüleburgaz,SPI,12,2012,6,2012,11,6,1.566,0.261,0.399
Lüleburgaz,SPI,12,2014,2,2014,6,5,1.321,0.264,0.567
Lüleburgaz,SPI,12,2015,9,2015,9,1,0.359,0.359,0.359
Lüleburgaz,SPI,12,2015,12,2017,9,22,20.399,0.927,1.837
Lüleburgaz,SPI,12,2019,3,2019,4,2,0.671,0.336,0.462
Lüleburgaz,SPI,12,2019,6,2020,12,19,38.688,2.036,3.517
Lüleburgaz,SPI,12,2021,5,2021,10,6,2.005,0.334,0.451
Lüleburgaz,SPI,12,2022,11,2024,12,26,29.972,1.153,2.282
Lüleburgaz,SPEI,1,1965,1,1965,1,1,0.127,0.127,0.127
Lüleburgaz,SPEI,1,1965,6,1965,7,2,0.823,0.411,0.645
Lüleburgaz,SPEI,1,1965,10,1965,10,1,0.831,0.831,0.831
Lüleburgaz,SPEI,1,1966,2,1966,2,1,0.457,0.457,0.457
Lüleburgaz,SPEI,1,1966,7,1966,7,1,0.855,0.855,0.855
Lüleburgaz,SPEI,1,1966,10,1966,10,1,0.002,0.002,0.002
Lüleburgaz,SPEI,1,1967,3,1967,5,3,1.636,0.545,0.813
Lüleburgaz,SPEI,1,1967,10,1967,11,2,1.144,0.572,0.712
Lüleburgaz,SPEI,1,1968,2,1968,2,1,0.4,0.4,0.4
Lüleburgaz,SPEI,1,1968,4,1968,7,4,4.554,1.139,1.899
Lüleburgaz,SPEI,1,1968,10,1968,11,2,1.687,0.843,0.999
Lüleburgaz,SPEI,1,1969,3,1969,6,4,3.044,0.761,1.881
Lüleburgaz,SPEI,1,1969,9,1969,11,3,1.916,0.639,1.263
Lüleburgaz,SPEI,1,1970,7,1970,7,1,0.888,0.888,0.888
Lüleburgaz,SPEI,1,1970,9,1970,9,1,0.623,0.623,0.623
Lüleburgaz,SPEI,1,1970,12,1970,12,1,0.578,0.578,0.578
Lüleburgaz,SPEI,1,1971,4,1971,4,1,0.653,0.653,0.653
Lüleburgaz,SPEI,1,1971,6,1971,6,1,0.134,0.134,0.134
Lüleburgaz,SPEI,1,1971,10,1971,10,1,0.138,0.138,0.138
Lüleburgaz,SPEI,1,1971,12,1972,6,7,4.149,0.593,1.071
Lüleburgaz,SPEI,1,1972,11,1973,1,3,2.459,0.82,1.609
Lüleburgaz,SPEI,1,1973,4,1973,5,2,1.573,0.786,0.999
Lüleburgaz,SPEI,1,1973,7,1973,7,1,0.381,0.381,0.381
Lüleburgaz,SPEI,1,1973,9,1973,9,1,0.655,0.655,0.655
Lüleburgaz,SPEI,1,1973,11,1974,2,4,3.59,0.897,1.139
Lüleburgaz,SPEI,1,1974,6,1974,7,2,0.589,0.294,0.303
Lüleburgaz,SPEI,1,1974,10,1974,10,1,0.74,0.74,0.74
Lüleburgaz,SPEI,1,1974,12,1974,12,1,0.747,0.747,0.747
Lüleburgaz,SPEI,1,1975,2,1975,4,3,1.883,0.628,1.041
Lüleburgaz,SPEI,1,1975,9,1975,9,1,0.573,0.573,0.573
Lüleburgaz,SPEI,1,1976,1,1976,3,3,2.732,0.911,1.329
Lüleburgaz,SPEI,1,1976,9,1976,9,1,0.549,0.549,0.549
Lüleburgaz,SPEI,1,1977,1,1977,4,4,2.306,0.577,1.072
Lüleburgaz,SPEI,1,1977,8,1977,8,1,0.43,0.43,0.43
Lüleburgaz,SPEI,1,1977,10,1977,12,3,1.227,0.409,0.717
Lüleburgaz,SPEI,1,1978,6,1978,7,2,0.724,0.362,0.441
Lüleburgaz,SPEI,1,1978,11,1978,12,2,2.556,1.278,1.321
Lüleburgaz,SPEI,1,1979,2,1979,3,2,2.564,1.282,2.317
Lüleburgaz,SPEI,1,1979,5,1979,6,2,1.53,0.765,0.954
Lüleburgaz,SPEI,1,1979,9,1979,9,1,0.551,0.551,0.551
Lüleburgaz,SPEI,1,1979,12,1979,12,1,0.639,0.639,0.639
Lüleburgaz,SPEI,1,1980,10,1980,10,1,1.635,1.635,1.635
Lüleburgaz,SPEI,1,1981,3,1981,6,4,3.143,0.786,1.695
Lüleburgaz,SPEI,1,1981,9,1981,9,1,0.309,0.309,0.309
Lüleburgaz,SPEI,1,1982,1,1982,3,3,1.834,0.611,1.138
Lüleburgaz,SPEI,1,1982,9,1982,11,3,2.173,0.724,1.105
Lüleburgaz,SPEI,1,1983,1,1983,1,1,0.882,0.882,0.882
Lüleburgaz,SPEI,1,1983,3,1983,5,3,3.924,1.308,2.025
Lüleburgaz,SPEI,1,1983,9,1983,12,4,2.016,0.504,0.793
Lüleburgaz,SPEI,1,1984,2,1984,2,1,0.201,0.201,0.201
Lüleburgaz,SPEI,1,1984,5,1984,5,1,0.778,0.778,0.778
Lüleburgaz,SPEI,1,1984,9,1984,10,2,2.278,1.139,1.629
Lüleburgaz,SPEI,1,1984,12,1984,12,1,1.552,1.552,1.552
Lüleburgaz,SPEI,1,1985,3,1985,5,3,2.57,0.857,1.589
Lüleburgaz,SPEI,1,1985,8,1985,10,3,1.034,0.345,0.453
Lüleburgaz,SPEI,1,1985,12,1985,12,1,1.345,1.345,1.345
Lüleburgaz,SPEI,1,1986,3,1986,9,7,3.98,0.569,1.018
Lüleburgaz,SPEI,1,1986,11,1986,12,2,0.508,0.254,0.388
Lüleburgaz,SPEI,1,1987,2,1987,2,1,1.174,1.174,1.174
Lüleburgaz,SPEI,1,1987,5,1987,6,2,0.173,0.086,0.097
Lüleburgaz,SPEI,1,1987,9,1987,9,1,1.126,1.126,1.126
Lüleburgaz,SPEI,1,1988,1,1988,2,2,2.143,1.071,1.657
Lüleburgaz,SPEI,1,1988,5,1988,5,1,0.328,0.328,0.328
Lüleburgaz,SPEI,1,1988,10,1988,10,1,0.685,0.685,0.685
Lüleburgaz,SPEI,1,1989,1,1989,2,2,3.293,1.647,1.741
Lüleburgaz,SPEI,1,1989,4,1989,4,1,1.703,1.703,1.703
Lüleburgaz,SPEI,1,1989,8,1989,10,3,0.663,0.221,0.54
Lüleburgaz,SPEI,1,1989,12,1990,3,4,4.481,1.12,1.553
Lüleburgaz,SPEI,1,1990,11,1990,11,1,1.092,1.092,1.092
Lüleburgaz,SPEI,1,1991,1,1991,3,3,1.698,0.566,1.18
Lüleburgaz,SPEI,1,1991,6,1991,9,4,1.909,0.477,0.803
Lüleburgaz,SPEI,1,1991,12,1992,2,3,1.903,0.634,1.033
Lüleburgaz,SPEI,1,1992,4,1992,5,2,0.325,0.163,0.266
Lüleburgaz,SPEI,1,1992,9,1992,9,1,0.373,0.373,0.373
Lüleburgaz,SPEI,1,1992,12,1993,1,2,1.714,0.857,0.865
Lüleburgaz,SPEI,1,1993,4,1993,4,1,1.073,1.073,1.073
Lüleburgaz,SPEI,1,1993,6,1993,7,2,1.443,0.722,0.931
Lüleburgaz,SPEI,1,1993,9,1993,11,3,2.613,0.871,1.584
Lüleburgaz,SPEI,1,1994,1,1994,5,5,3.871,0.774,0.953
Lüleburgaz,SPEI,1,1994,7,1994,9,3,3.221,1.074,1.188
Lüleburgaz,SPEI,1,1994,11,1994,11,1,0.018,0.018,0.018
Lüleburgaz,SPEI,1,1995,4,1995,6,3,2.758,0.919,1.476
Lüleburgaz,SPEI,1,1995,10,1995,10,1,0.687,0.687,0.687
Lüleburgaz,SPEI,1,1995,12,1996,1,2,0.795,0.397,0.422
Lüleburgaz,SPEI,1,1996,5,1996,6,2,2.214,1.107,1.331
Lüleburgaz,SPEI,1,1996,10,1996,11,2,0.983,0.492,0.925
Lüleburgaz,SPEI,1,1997,1,1997,2,2,1.115,0.557,0.916
Lüleburgaz,SPEI,1,1997,5,1997,7,3,1.708,0.569,0.714
Lüleburgaz,SPEI,1,1997,11,1997,11,1,0.562,0.562,0.562
Lüleburgaz,SPEI,1,1998,1,1998,1,1,0.883,0.883,0.883
Lüleburgaz,SPEI,1,1998,4,1998,4,1,1.295,1.295,1.295
Lüleburgaz,SPEI,1,1998,7,1998,7,1,0.243,0.243,0.243
Lüleburgaz,SPEI,1,1999,4,1999,4,1,0.915,0.915,0.915
Lüleburgaz,SPEI,1,1999,8,1999,8,1,0.487,0.487,0.487
Lüleburgaz,SPEI,1,1999,10,1999,10,1,0.73,0.73,0.73
Lüleburgaz,SPEI,1,2000,1,2000,1,1,1.195,1.195,1.195
Lüleburgaz,SPEI,1,2000,3,2000,4,2,1.9,0.95,1.549
Lüleburgaz,SPEI,1,2000,6,2000,6,1,1.799,1.799,1.799
Lüleburgaz,SPEI,1,2000,11,2000,12,2,2.214,1.107,1.201
Lüleburgaz,SPEI,1,2001,2,2001,3,2,1.762,0.881,1.323
Lüleburgaz,SPEI,1,2001,6,2001,8,3,2.996,0.999,1.442
Lüleburgaz,SPEI,1,2001,10,2001,10,1,1.297,1.297,1.297
Lüleburgaz,SPEI,1,2002,1,2002,6,6,3.02,0.503,1.258
Lüleburgaz,SPEI,1,2002,8,2002,8,1,0.437,0.437,0.437
Lüleburgaz,SPEI,1,2002,10,2002,10,1,0.536,0.536,0.536
Lüleburgaz,SPEI,1,2002,12,2002,12,1,1.176,1.176,1.176
Lüleburgaz,SPEI,1,2003,3,2003,3,1,0.672,0.672,0.672
Lüleburgaz,SPEI,1,2003,5,2003,9,5,8.369,1.674,2.405
Lüleburgaz,SPEI,1,2003,11,2003,12,2,1.901,0.95,1.398
Lüleburgaz,SPEI,1,2004,2,2004,5,4,2.854,0.714,1.642
Lüleburgaz,SPEI,1,2004,7,2004,12,6,6.35,1.058,2.173
Lüleburgaz,SPEI,1,2005,3,2005,4,2,2.248,1.124,1.372
Lüleburgaz,SPEI,1,2005,6,2005,6,1,0.616,0.616,0.616
Lüleburgaz,SPEI,1,2005,8,2005,10,3,2.407,0.802,1.48
Lüleburgaz,SPEI,1,2006,1,2006,1,1,1.314,1.314,1.314
Lüleburgaz,SPEI,1,2006,4,2006,5,2,2.525,1.262,1.871
Lüleburgaz,SPEI,1,2006,8,2006,8,1,0.273,0.273,0.273
Lüleburgaz,SPEI,1,2006,12,2007,2,3,2.76,0.92,1.159
Lüleburgaz,SPEI,1,2007,4,2007,4,1,0.965,0.965,0.965
Lüleburgaz,SPEI,1,2007,6,2007,8,3,4.163,1.388,1.716
Lüleburgaz,SPEI,1,2007,10,2007,10,1,0.806,0.806,0.806
Lüleburgaz,SPEI,1,2007,12,2008,3,4,3.228,0.807,1.455
Lüleburgaz,SPEI,1,2008,8,2008,8,1,0.987,0.987,0.987
Lüleburgaz,SPEI,1,2008,10,2008,12,3,2.95,0.983,1.153
Lüleburgaz,SPEI,1,2009,4,2009,6,3,1.771,0.59,0.73
Lüleburgaz,SPEI,1,2009,8,2009,8,1,0.539,0.539,0.539
Lüleburgaz,SPEI,1,2009,11,2009,12,2,0.861,0.43,0.796
Lüleburgaz,SPEI,1,2010,4,2010,6,3,1.406,0.469,1.084
Lüleburgaz,SPEI,1,2010,8,2010,9,2,1.756,0.878,1.647
Lüleburgaz,SPEI,1,2011,1,2011,3,3,1.898,0.633,0.72
Lüleburgaz,SPEI,1,2011,5,2011,5,1,0.373,0.373,0.373
Lüleburgaz,SPEI,1,2011,7,2011,8,2,1.911,0.956,1.4
Lüleburgaz,SPEI,1,2011,11,2011,11,1,1.317,1.317,1.317
Lüleburgaz,SPEI,1,2012,1,2012,1,1,0.052,0.052,0.052
Lüleburgaz,SPEI,1,2012,3,2012,3,1,1.075,1.075,1.075
Lüleburgaz,SPEI,1,2012,6,2012,9,4,4.889,1.222,1.815
Lüleburgaz,SPEI,1,2012,11,2012,11,1,1.353,1.353,1.353
Lüleburgaz,SPEI,1,2013,7,2013,9,3,2.603,0.868,1.173
Lüleburgaz,SPEI,1,2013,11,2013,12,2,1.595,0.797,1.498
Lüleburgaz,SPEI,1,2014,2,2014,2,1,2.105,2.105,2.105
Lüleburgaz,SPEI,1,2014,10,2014,11,2,1.154,0.577,0.588
Lüleburgaz,SPEI,1,2015,1,2015,1,1,0.16,0.16,0.16
Lüleburgaz,SPEI,1,2015,5,2015,5,1,1.763,1.763,1.763
Lüleburgaz,SPEI,1,2015,7,2015,8,2,2.365,1.183,1.249
Lüleburgaz,SPEI,1,2015,11,2015,12,2,2.79,1.395,1.558
Lüleburgaz,SPEI,1,2016,3,2016,4,2,2.566,1.283,1.365
Lüleburgaz,SPEI,1,2016,6,2016,12,7,5.554,0.793,1.375
Lüleburgaz,SPEI,1,2017,3,2017,3,1,0.285,0.285,0.285
Lüleburgaz,SPEI,1,2017,5,2017,6,2,0.517,0.259,0.395
Lüleburgaz,SPEI,1,2017,8,2017,8,1,0.368,0.368,0.368
Lüleburgaz,SPEI,1,2018,4,2018,5,2,3.376,1.688,1.717
Lüleburgaz,SPEI,1,2018,8,2018,8,1,1.197,1.197,1.197
Lüleburgaz,SPEI,1,2018,10,2018,11,2,0.612,0.306,0.485
Lüleburgaz,SPEI,1,2019,1,2019,3,3,1.715,0.572,1.464
Lüleburgaz,SPEI,1,2019,5,2020,3,11,11.611,1.056,2.012
Lüleburgaz,SPEI,1,2020,7,2020,9,3,2.829,0.943,1.413
Lüleburgaz,SPEI,1,2020,11,2020,12,2,2.606,1.303,1.566
Lüleburgaz,SPEI,1,2021,2,2021,2,1,0.632,0.632,0.632
Lüleburgaz,SPEI,1,2021,5,2021,5,1,0.746,0.746,0.746
Lüleburgaz,SPEI,1,2021,7,2021,9,3,3.068,1.023,1.329
Lüleburgaz,SPEI,1,2022,1,2022,1,1,1.064,1.064,1.064
Lüleburgaz,SPEI,1,2022,3,2022,3,1,1.48,1.48,1.48
Lüleburgaz,SPEI,1,2022,5,2022,8,4,1.29,0.323,0.738
Lüleburgaz,SPEI,1,2022,10,2023,3,6,6.952,1.159,1.618
Lüleburgaz,SPEI,1,2023,7,2023,10,4,9.877,2.469,4.039
Lüleburgaz,SPEI,1,2023,12,2023,12,1,0.039,0.039,0.039
Lüleburgaz,SPEI,1,2024,2,2024,4,3,2.61,0.87,1.403
Lüleburgaz,SPEI,1,2024,6,2024,12,7,8.594,1.228,2.507
Lüleburgaz,SPEI,3,1965,7,1965,10,4,0.722,0.18,0.394
Lüleburgaz,SPEI,3,1966,8,1966,9,2,0.364,0.182,0.225
Lüleburgaz,SPEI,3,1967,4,1967,5,2,1.188,0.594,1.016
Lüleburgaz,SPEI,3,1967,11,1967,12,2,1.124,0.562,0.812
Lüleburgaz,SPEI,3,1968,4,1968,8,5,6.868,1.374,2.081
Lüleburgaz,SPEI,3,1968,11,1968,12,2,0.866,0.433,0.688
Lüleburgaz,SPEI,3,1969,5,1969,7,3,4.092,1.364,1.665
Lüleburgaz,SPEI,3,1969,11,1969,11,1,1.184,1.184,1.184
Lüleburgaz,SPEI,3,1970,7,1970,7,1,0.272,0.272,0.272
Lüleburgaz,SPEI,3,1970,9,1970,9,1,0.047,0.047,0.047
Lüleburgaz,SPEI,3,1972,1,1972,7,7,5.845,0.835,1.147
Lüleburgaz,SPEI,3,1972,12,1973,2,3,2.588,0.863,1.646
Lüleburgaz,SPEI,3,1973,5,1973,7,3,1.33,0.443,0.494
Lüleburgaz,SPEI,3,1973,9,1973,9,1,0.193,0.193,0.193
Lüleburgaz,SPEI,3,1973,11,1974,3,5,6.012,1.202,1.846
Lüleburgaz,SPEI,3,1974,10,1974,12,3,0.775,0.258,0.477
Lüleburgaz,SPEI,3,1975,2,1975,4,3,2.565,0.855,1.217
Lüleburgaz,SPEI,3,1976,1,1976,5,5,3.748,0.75,1.363
Lüleburgaz,SPEI,3,1977,2,1977,5,4,2.53,0.633,1.201
Lüleburgaz,SPEI,3,1977,10,1978,2,5,1.912,0.382,0.767
Lüleburgaz,SPEI,3,1978,7,1978,8,2,0.256,0.128,0.197
Lüleburgaz,SPEI,3,1978,12,1979,7,8,3.713,0.464,1.177
Lüleburgaz,SPEI,3,1980,10,1980,12,3,1.953,0.651,0.739
Lüleburgaz,SPEI,3,1981,4,1981,8,5,4.058,0.812,1.514
Lüleburgaz,SPEI,3,1982,3,1982,3,1,0.965,0.965,0.965
Lüleburgaz,SPEI,3,1982,9,1983,1,5,2.791,0.558,1.234
Lüleburgaz,SPEI,3,1983,3,1983,6,4,4.699,1.175,2.187
Lüleburgaz,SPEI,3,1983,10,1984,2,5,2.617,0.523,1.136
Lüleburgaz,SPEI,3,1984,10,1985,2,5,4.251,0.85,1.354
Lüleburgaz,SPEI,3,1985,4,1985,6,3,2.693,0.898,1.586
Lüleburgaz,SPEI,3,1985,10,1985,10,1,0.617,0.617,0.617
Lüleburgaz,SPEI,3,1985,12,1985,12,1,0.076,0.076,0.076
Lüleburgaz,SPEI,3,1986,4,1987,3,12,6.949,0.579,1.456
Lüleburgaz,SPEI,3,1987,7,1987,7,1,0.094,0.094,0.094
Lüleburgaz,SPEI,3,1987,9,1987,9,1,0.006,0.006,0.006
Lüleburgaz,SPEI,3,1988,2,1988,3,2,1.46,0.73,0.881
Lüleburgaz,SPEI,3,1988,7,1988,7,1,0.088,0.088,0.088
Lüleburgaz,SPEI,3,1988,10,1988,10,1,0.472,0.472,0.472
Lüleburgaz,SPEI,3,1989,2,1989,6,5,6.105,1.221,2.214
Lüleburgaz,SPEI,3,1989,9,1989,10,2,0.588,0.294,0.439
Lüleburgaz,SPEI,3,1990,1,1990,4,4,4.368,1.092,2.003
Lüleburgaz,SPEI,3,1991,1,1991,3,3,1.638,0.546,0.951
Lüleburgaz,SPEI,3,1991,7,1991,9,3,1.128,0.376,0.569
Lüleburgaz,SPEI,3,1992,1,1992,3,3,1.965,0.655,1.17
Lüleburgaz,SPEI,3,1992,12,1993,4,5,2.21,0.442,0.994
Lüleburgaz,SPEI,3,1993,8,1994,9,14,12.733,0.91,1.55
Lüleburgaz,SPEI,3,1995,5,1995,7,3,2.805,0.935,1.551
Lüleburgaz,SPEI,3,1995,12,1996,1,2,0.272,0.136,0.205
Lüleburgaz,SPEI,3,1996,5,1996,7,3,2.124,0.708,1.127
Lüleburgaz,SPEI,3,1996,11,1996,11,1,0.504,0.504,0.504
Lüleburgaz,SPEI,3,1997,3,1997,3,1,0.59,0.59,0.59
Lüleburgaz,SPEI,3,1997,7,1997,7,1,1.032,1.032,1.032
Lüleburgaz,SPEI,3,1998,1,1998,1,1,0.266,0.266,0.266
Lüleburgaz,SPEI,3,1998,6,1998,6,1,0.309,0.309,0.309
Lüleburgaz,SPEI,3,1999,5,1999,6,2,0.426,0.213,0.276
Lüleburgaz,SPEI,3,1999,12,2000,8,9,5.784,0.643,1.385
Lüleburgaz,SPEI,3,2000,12,2001,4,5,4.015,0.803,1.316
Lüleburgaz,SPEI,3,2001,7,2001,11,5,4.69,0.938,1.303
Lüleburgaz,SPEI,3,2002,3,2002,7,5,3.762,0.752,1.237
Lüleburgaz,SPEI,3,2002,10,2002,10,1,0.243,0.243,0.243
Lüleburgaz,SPEI,3,2002,12,2003,3,4,1.017,0.254,0.542
Lüleburgaz,SPEI,3,2003,5,2005,1,21,26.476,1.261,4.753
Lüleburgaz,SPEI,3,2005,4,2005,6,3,2.245,0.748,0.811
Lüleburgaz,SPEI,3,2005,8,2005,11,4,2.53,0.632,1.19
Lüleburgaz,SPEI,3,2006,2,2006,2,1,0.003,0.003,0.003
Lüleburgaz,SPEI,3,2006,4,2006,6,3,1.341,0.447,0.813
Lüleburgaz,SPEI,3,2006,12,2007,2,3,3.048,1.016,1.543
Lüleburgaz,SPEI,3,2007,6,2007,10,5,6.502,1.3,2.034
Lüleburgaz,SPEI,3,2007,12,2008,4,5,3.915,0.783,1.436
Lüleburgaz,SPEI,3,2008,9,2009,1,5,5.079,1.016,1.574
Lüleburgaz,SPEI,3,2009,5,2009,8,4,2.493,0.623,1.065
Lüleburgaz,SPEI,3,2010,1,2010,1,1,0.44,0.44,0.44
Lüleburgaz,SPEI,3,2010,5,2010,9,5,1.935,0.387,0.863
Lüleburgaz,SPEI,3,2011,3,2011,3,1,0.98,0.98,0.98
Lüleburgaz,SPEI,3,2011,7,2011,9,3,1.746,0.582,0.666
Lüleburgaz,SPEI,3,2012,1,2012,4,4,1.636,0.409,0.856
Lüleburgaz,SPEI,3,2012,7,2012,9,3,3.919,1.306,1.834
Lüleburgaz,SPEI,3,2012,11,2012,11,1,0.447,0.447,0.447
Lüleburgaz,SPEI,3,2013,8,2014,4,9,5.275,0.586,1.617
Lüleburgaz,SPEI,3,2014,12,2015,1,2,0.697,0.349,0.441
Lüleburgaz,SPEI,3,2015,5,2015,9,5,3.306,0.661,1.497
Lüleburgaz,SPEI,3,2015,12,2016,2,3,2.469,0.823,1.309
Lüleburgaz,SPEI,3,2016,4,2017,2,11,10.27,0.934,1.437
Lüleburgaz,SPEI,3,2017,4,2017,6,3,0.769,0.256,0.372
Lüleburgaz,SPEI,3,2018,5,2018,6,2,1.056,0.528,1.019
Lüleburgaz,SPEI,3,2018,9,2020,4,20,21.714,1.086,2.143
Lüleburgaz,SPEI,3,2020,9,2020,12,4,4.628,1.157,1.44
Lüleburgaz,SPEI,3,2021,8,2021,10,3,1.691,0.564,1.229
Lüleburgaz,SPEI,3,2022,3,2022,3,1,0.884,0.884,0.884
Lüleburgaz,SPEI,3,2022,5,2022,5,1,0.451,0.451,0.451
Lüleburgaz,SPEI,3,2022,7,2022,8,2,0.782,0.391,0.415
Lüleburgaz,SPEI,3,2022,10,2023,3,6,10.009,1.668,2.431
Lüleburgaz,SPEI,3,2023,7,2023,12,6,10.873,1.812,4.753
Lüleburgaz,SPEI,3,2024,2,2024,12,11,17.335,1.576,3.627
Lüleburgaz,SPEI,6,1965,10,1965,10,1,0.413,0.413,0.413
Lüleburgaz,SPEI,6,1968,6,1968,11,6,5.607,0.934,1.932
Lüleburgaz,SPEI,6,1969,6,1969,11,6,2.94,0.49,0.702
Lüleburgaz,SPEI,6,1972,2,1972,8,7,7.102,1.015,1.961
Lüleburgaz,SPEI,6,1973,1,1973,1,1,0.002,0.002,0.002
Lüleburgaz,SPEI,6,1973,4,1973,5,2,1.274,0.637,0.689
Lüleburgaz,SPEI,6,1973,8,1974,5,10,7.51,0.751,1.643
Lüleburgaz,SPEI,6,1974,11,1975,5,7,3.029,0.433,0.728
Lüleburgaz,SPEI,6,1976,4,1976,6,3,2.163,0.721,1.18
Lüleburgaz,SPEI,6,1977,3,1977,8,6,1.911,0.319,0.766
Lüleburgaz,SPEI,6,1977,11,1978,3,5,1.845,0.369,0.58
Lüleburgaz,SPEI,6,1978,12,1978,12,1,0.263,0.263,0.263
Lüleburgaz,SPEI,6,1979,3,1979,8,6,3.597,0.6,1.059
Lüleburgaz,SPEI,6,1981,6,1981,10,5,3.455,0.691,1.014
Lüleburgaz,SPEI,6,1982,10,1983,8,11,7.441,0.676,1.27
Lüleburgaz,SPEI,6,1983,12,1984,2,3,1.465,0.488,0.72
Lüleburgaz,SPEI,6,1984,10,1985,10,13,8.48,0.652,1.561
Lüleburgaz,SPEI,6,1986,7,1987,4,10,7.561,0.756,1.466
Lüleburgaz,SPEI,6,1987,7,1987,7,1,0.157,0.157,0.157
Lüleburgaz,SPEI,6,1988,5,1988,6,2,1.004,0.502,0.732
Lüleburgaz,SPEI,6,1988,10,1988,10,1,0.484,0.484,0.484
Lüleburgaz,SPEI,6,1989,2,1989,9,8,5.116,0.639,1.848
Lüleburgaz,SPEI,6,1990,1,1990,6,6,4.373,0.729,1.007
Lüleburgaz,SPEI,6,1991,3,1991,4,2,0.418,0.209,0.263
Lüleburgaz,SPEI,6,1991,6,1991,6,1,0.122,0.122,0.122
Lüleburgaz,SPEI,6,1992,4,1992,5,2,1.146,0.573,0.907
Lüleburgaz,SPEI,6,1993,1,1993,6,6,2.317,0.386,0.776
Lüleburgaz,SPEI,6,1993,9,1994,9,13,15.881,1.222,1.763
Lüleburgaz,SPEI,6,1995,7,1995,10,4,0.881,0.22,0.449
Lüleburgaz,SPEI,6,1996,1,1996,1,1,0.057,0.057,0.057
Lüleburgaz,SPEI,6,1996,10,1996,10,1,0.397,0.397,0.397
Lüleburgaz,SPEI,6,1997,2,1997,3,2,0.15,0.075,0.127
Lüleburgaz,SPEI,6,1997,6,1997,7,2,0.225,0.112,0.204
Lüleburgaz,SPEI,6,2000,1,2000,8,8,6.931,0.866,1.895
Lüleburgaz,SPEI,6,2000,11,2001,11,13,8.093,0.623,1.4
Lüleburgaz,SPEI,6,2002,6,2002,10,5,3.285,0.657,1.637
Lüleburgaz,SPEI,6,2003,1,2003,3,3,0.754,0.251,0.388
Lüleburgaz,SPEI,6,2003,5,2005,4,24,36.711,1.53,3.068
Lüleburgaz,SPEI,6,2005,7,2005,11,5,3.509,0.702,1.16
Lüleburgaz,SPEI,6,2006,1,2006,2,2,0.658,0.329,0.568
Lüleburgaz,SPEI,6,2006,5,2006,6,2,0.775,0.388,0.517
Lüleburgaz,SPEI,6,2007,1,2008,6,18,15.537,0.863,1.644
Lüleburgaz,SPEI,6,2008,10,2009,3,6,4.138,0.69,1.4
Lüleburgaz,SPEI,6,2009,8,2009,8,1,0.603,0.603,0.603
Lüleburgaz,SPEI,6,2010,8,2010,9,2,1.27,0.635,0.665
Lüleburgaz,SPEI,6,2011,6,2011,8,3,1.216,0.405,0.557
Lüleburgaz,SPEI,6,2011,11,2012,1,3,0.135,0.045,0.092
Lüleburgaz,SPEI,6,2012,3,2012,4,2,0.937,0.469,0.801
Lüleburgaz,SPEI,6,2012,7,2012,11,5,3.366,0.673,1.188
Lüleburgaz,SPEI,6,2013,11,2014,5,7,5.351,0.764,1.195
Lüleburgaz,SPEI,6,2015,3,2015,3,1,0.256,0.256,0.256
Lüleburgaz,SPEI,6,2015,6,2017,5,24,20.517,0.855,1.906
Lüleburgaz,SPEI,6,2018,9,2018,9,1,0.056,0.056,0.056
Lüleburgaz,SPEI,6,2018,12,2020,5,18,31.658,1.759,4.522
Lüleburgaz,SPEI,6,2020,11,2021,3,5,3.461,0.692,1.922
Lüleburgaz,SPEI,6,2021,8,2021,10,3,0.837,0.279,0.42
Lüleburgaz,SPEI,6,2022,6,2022,8,3,1.755,0.585,0.747
Lüleburgaz,SPEI,6,2022,10,2024,12,27,46.173,1.71,4.753
Lüleburgaz,SPEI,9,1967,11,1967,11,1,0.159,0.159,0.159
Lüleburgaz,SPEI,9,1968,5,1968,7,3,0.981,0.327,0.406
Lüleburgaz,SPEI,9,1968,10,1969,1,4,3.072,0.768,1.151
Lüleburgaz,SPEI,9,1969,6,1969,6,1,0.407,0.407,0.407
Lüleburgaz,SPEI,9,1969,10,1970,1,4,1.528,0.382,0.837
Lüleburgaz,SPEI,9,1972,2,1972,9,8,4.998,0.625,1.24
Lüleburgaz,SPEI,9,1972,12,1973,1,2,0.288,0.144,0.198
Lüleburgaz,SPEI,9,1973,6,1973,8,3,0.979,0.326,0.762
Lüleburgaz,SPEI,9,1973,11,1974,8,10,7.91,0.791,1.255
Lüleburgaz,SPEI,9,1975,2,1975,5,4,2.243,0.561,0.682
Lüleburgaz,SPEI,9,1977,5,1977,5,1,0.089,0.089,0.089
Lüleburgaz,SPEI,9,1977,8,1978,4,9,1.783,0.198,0.363
Lüleburgaz,SPEI,9,1979,2,1979,8,7,3.274,0.468,1.052
Lüleburgaz,SPEI,9,1981,4,1981,6,3,0.901,0.3,0.668
Lüleburgaz,SPEI,9,1981,9,1981,10,2,0.587,0.293,0.501
Lüleburgaz,SPEI,9,1982,9,1982,11,3,0.142,0.047,0.085
Lüleburgaz,SPEI,9,1983,1,1983,7,7,6.06,0.866,1.666
Lüleburgaz,SPEI,9,1983,9,1983,12,4,1.335,0.334,0.504
Lüleburgaz,SPEI,9,1984,12,1985,10,11,7.815,0.71,1.704
Lüleburgaz,SPEI,9,1985,12,1985,12,1,0.178,0.178,0.178
Lüleburgaz,SPEI,9,1986,10,1987,7,10,6.417,0.642,1.106
Lüleburgaz,SPEI,9,1988,8,1988,10,3,0.679,0.226,0.419
Lüleburgaz,SPEI,9,1989,2,1989,6,5,1.237,0.247,0.553
Lüleburgaz,SPEI,9,1989,8,1989,10,3,2.793,0.931,1.26
Lüleburgaz,SPEI,9,1990,1,1990,6,6,2.603,0.434,1.01
Lüleburgaz,SPEI,9,1990,8,1990,8,1,0.211,0.211,0.211
Lüleburgaz,SPEI,9,1991,7,1991,7,1,0.237,0.237,0.237
Lüleburgaz,SPEI,9,1991,9,1991,9,1,0.362,0.362,0.362
Lüleburgaz,SPEI,9,1992,2,1992,2,1,0.217,0.217,0.217
Lüleburgaz,SPEI,9,1993,4,1993,4,1,0.594,0.594,0.594
Lüleburgaz,SPEI,9,1993,6,1994,11,18,17.914,0.995,2.306
Lüleburgaz,SPEI,9,1995,10,1995,10,1,0.009,0.009,0.009
Lüleburgaz,SPEI,9,1995,12,1996,1,2,0.474,0.237,0.352
Lüleburgaz,SPEI,9,1996,6,1996,6,1,0.129,0.129,0.129
Lüleburgaz,SPEI,9,1997,1,1997,1,1,0.029,0.029,0.029
Lüleburgaz,SPEI,9,2000,4,2000,9,6,4.865,0.811,1.443
Lüleburgaz,SPEI,9,2000,11,2001,11,13,8.652,0.666,1.482
Lüleburgaz,SPEI,9,2002,2,2002,2,1,0.067,0.067,0.067
Lüleburgaz,SPEI,9,2002,9,2002,10,2,0.94,0.47,0.532
Lüleburgaz,SPEI,9,2002,12,2003,1,2,0.539,0.27,0.28
Lüleburgaz,SPEI,9,2003,3,2003,3,1,0.078,0.078,0.078
Lüleburgaz,SPEI,9,2003,5,2006,5,37,49.002,1.324,3.377
Lüleburgaz,SPEI,9,2006,12,2008,6,19,15.122,0.796,2.352
Lüleburgaz,SPEI,9,2008,8,2009,8,13,5.501,0.423,0.754
Lüleburgaz,SPEI,9,2011,9,2011,9,1,0.571,0.571,0.571
Lüleburgaz,SPEI,9,2012,1,2012,4,4,1.082,0.27,0.584
Lüleburgaz,SPEI,9,2012,7,2012,11,5,3.075,0.615,0.984
Lüleburgaz,SPEI,9,2013,12,2014,6,7,3.903,0.558,1.098
Lüleburgaz,SPEI,9,2015,6,2015,9,4,1.506,0.376,0.473
Lüleburgaz,SPEI,9,2015,11,2017,6,20,22.525,1.126,2.163
Lüleburgaz,SPEI,9,2018,12,2019,1,2,0.248,0.124,0.215
Lüleburgaz,SPEI,9,2019,3,2020,9,19,38.73,2.038,4.753
Lüleburgaz,SPEI,9,2020,11,2020,12,2,0.121,0.06,0.085
Lüleburgaz,SPEI,9,2021,2,2021,5,4,1.696,0.424,0.704
Lüleburgaz,SPEI,9,2021,10,2021,10,1,0.138,0.138,0.138
Lüleburgaz,SPEI,9,2022,3,2022,3,1,0.01,0.01,0.01
Lüleburgaz,SPEI,9,2022,9,2024,12,28,56.364,2.013,4.753
Lüleburgaz,SPEI,12,1968,6,1968,11,6,1.164,0.194,0.338
Lüleburgaz,SPEI,12,1969,1,1969,3,3,1.073,0.358,0.611
Lüleburgaz,SPEI,12,1969,6,1969,6,1,0.19,0.19,0.19
Lüleburgaz,SPEI,12,1969,9,1969,9,1,0.146,0.146,0.146
Lüleburgaz,SPEI,12,1970,1,1970,1,1,0.021,0.021,0.021
Lüleburgaz,SPEI,12,1972,3,1972,3,1,0.005,0.005,0.005
Lüleburgaz,SPEI,12,1972,5,1972,9,5,2.513,0.503,0.709
Lüleburgaz,SPEI,12,1972,11,1973,2,4,1.279,0.32,0.514
Lüleburgaz,SPEI,12,1973,9,1974,12,16,9.087,0.568,1.276
Lüleburgaz,SPEI,12,1975,4,1975,5,2,0.535,0.268,0.281
Lüleburgaz,SPEI,12,1977,8,1977,8,1,0.14,0.14,0.14
Lüleburgaz,SPEI,12,1977,10,1978,3,6,1.812,0.302,0.601
Lüleburgaz,SPEI,12,1978,7,1978,7,1,0.036,0.036,0.036
Lüleburgaz,SPEI,12,1979,3,1979,10,8,2.276,0.285,0.691
Lüleburgaz,SPEI,12,1981,6,1981,9,4,1.348,0.337,0.496
Lüleburgaz,SPEI,12,1982,12,1983,1,2,0.529,0.264,0.355
Lüleburgaz,SPEI,12,1983,3,1984,2,12,7.544,0.629,1.131
Lüleburgaz,SPEI,12,1985,3,1985,12,10,6.799,0.68,1.064
Lüleburgaz,SPEI,12,1986,11,1986,11,1,0.103,0.103,0.103
Lüleburgaz,SPEI,12,1987,1,1987,9,9,5.73,0.637,1.255
Lüleburgaz,SPEI,12,1989,4,1990,8,17,5.755,0.339,0.868
Lüleburgaz,SPEI,12,1991,9,1991,9,1,0.142,0.142,0.142
Lüleburgaz,SPEI,12,1992,5,1992,5,1,0.08,0.08,0.08
Lüleburgaz,SPEI,12,1993,7,1994,12,18,17.929,0.996,2.212
Lüleburgaz,SPEI,12,1996,1,1996,1,1,0.132,0.132,0.132
Lüleburgaz,SPEI,12,2000,3,2000,4,2,0.126,0.063,0.122
Lüleburgaz,SPEI,12,2000,6,2001,11,18,12.613,0.701,1.59
Lüleburgaz,SPEI,12,2002,4,2002,6,3,0.951,0.317,0.452
Lüleburgaz,SPEI,12,2002,12,2003,3,4,1.677,0.419,0.547
Lüleburgaz,SPEI,12,2003,6,2005,11,30,53.44,1.781,4.753
Lüleburgaz,SPEI,12,2006,1,2006,7,7,2.438,0.348,0.64
Lüleburgaz,SPEI,12,2006,12,2007,3,4,0.497,0.124,0.255
Lüleburgaz,SPEI,12,2007,6,2009,2,21,19.42,0.925,1.782
Lüleburgaz,SPEI,12,2009,5,2009,8,4,2.781,0.695,0.892
Lüleburgaz,SPEI,12,2011,12,2012,4,5,0.905,0.181,0.252
Lüleburgaz,SPEI,12,2012,6,2012,11,6,2.535,0.423,0.578
Lüleburgaz,SPEI,12,2014,2,2014,6,5,1.879,0.376,0.706
Lüleburgaz,SPEI,12,2015,8,2017,9,26,24.971,0.96,2.119
Lüleburgaz,SPEI,12,2019,2,2019,4,3,0.948,0.316,0.63
Lüleburgaz,SPEI,12,2019,6,2020,12,19,45.59,2.399,4.753
Lüleburgaz,SPEI,12,2021,5,2021,10,6,1.83,0.305,0.507
Lüleburgaz,SPEI,12,2022,11,2024,12,26,52.065,2.003,4.753
Sarıyer,SPI,1,1965,1,1965,1,1,1.137,1.137,1.137
Sarıyer,SPI,1,1965,3,1965,3,1,0.11,0.11,0.11
Sarıyer,SPI,1,1965,6,1965,6,1,0.906,0.906,0.906
Sarıyer,SPI,1,1965,9,1965,10,2,2.703,1.351,2.093
Sarıyer,SPI,1,1966,2,1966,2,1,1.622,1.622,1.622
Sarıyer,SPI,1,1966,4,1966,11,8,5.017,0.627,2.035
Sarıyer,SPI,1,1967,3,1967,3,1,0.495,0.495,0.495
Sarıyer,SPI,1,1967,6,1967,7,2,1.025,0.512,0.534
Sarıyer,SPI,1,1967,10,1967,12,3,1.448,0.483,0.915
Sarıyer,SPI,1,1968,2,1968,7,6,4.237,0.706,1.133
Sarıyer,SPI,1,1968,10,1968,10,1,0.667,0.667,0.667
Sarıyer,SPI,1,1969,5,1969,5,1,0.225,0.225,0.225
Sarıyer,SPI,1,1969,7,1969,7,1,0.544,0.544,0.544
Sarıyer,SPI,1,1969,9,1969,11,3,3.817,1.272,2.459
Sarıyer,SPI,1,1970,6,1970,8,3,2.623,0.874,1.247
Sarıyer,SPI,1,1971,1,1971,1,1,0.049,0.049,0.049
Sarıyer,SPI,1,1971,4,1971,9,6,4.747,0.791,1.46
Sarıyer,SPI,1,1971,11,1971,11,1,0.022,0.022,0.022
Sarıyer,SPI,1,1972,1,1972,4,4,3.555,0.889,1.909
Sarıyer,SPI,1,1972,6,1972,6,1,0.003,0.003,0.003
Sarıyer,SPI,1,1972,12,1973,2,3,1.572,0.524,1.352
Sarıyer,SPI,1,1973,5,1973,5,1,0.309,0.309,0.309
Sarıyer,SPI,1,1973,7,1973,9,3,1.449,0.483,0.716
Sarıyer,SPI,1,1973,11,1973,12,2,0.629,0.315,0.481
Sarıyer,SPI,1,1974,2,1974,2,1,0.839,0.839,0.839
Sarıyer,SPI,1,1974,4,1974,4,1,0.152,0.152,0.152
Sarıyer,SPI,1,1974,6,1974,7,2,0.619,0.309,0.608
Sarıyer,SPI,1,1974,10,1974,12,3,1.767,0.589,1.285
Sarıyer,SPI,1,1975,4,1975,4,1,0.368,0.368,0.368
Sarıyer,SPI,1,1975,7,1975,7,1,1.145,1.145,1.145
Sarıyer,SPI,1,1975,9,1975,9,1,1.615,1.615,1.615
Sarıyer,SPI,1,1975,11,1976,5,7,6.057,0.865,1.537
Sarıyer,SPI,1,1976,11,1976,11,1,0.276,0.276,0.276
Sarıyer,SPI,1,1977,1,1977,2,2,2.434,1.217,2.027
Sarıyer,SPI,1,1977,5,1977,5,1,1.162,1.162,1.162
Sarıyer,SPI,1,1977,8,1977,10,3,1.673,0.558,0.852
Sarıyer,SPI,1,1978,6,1978,7,2,1.839,0.919,1.279
Sarıyer,SPI,1,1978,11,1978,11,1,0.523,0.523,0.523
Sarıyer,SPI,1,1979,2,1979,3,2,2.657,1.329,2.362
Sarıyer,SPI,1,1979,5,1979,6,2,0.886,0.443,0.605
Sarıyer,SPI,1,1979,9,1979,9,1,0.413,0.413,0.413
Sarıyer,SPI,1,1980,6,1980,6,1,0.668,0.668,0.668
Sarıyer,SPI,1,1980,9,1980,10,2,2.144,1.072,2.129
Sarıyer,SPI,1,1981,4,1981,4,1,1.343,1.343,1.343
Sarıyer,SPI,1,1981,6,1981,6,1,0.286,0.286,0.286
Sarıyer,SPI,1,1981,8,1981,8,1,0.261,0.261,0.261
Sarıyer,SPI,1,1981,10,1981,10,1,0.539,0.539,0.539
Sarıyer,SPI,1,1982,2,1982,2,1,1.038,1.038,1.038
Sarıyer,SPI,1,1982,6,1982,6,1,1.689,1.689,1.689
Sarıyer,SPI,1,1982,9,1982,11,3,3.667,1.222,1.468
Sarıyer,SPI,1,1983,3,1983,5,3,3.217,1.072,2.49
Sarıyer,SPI,1,1983,8,1983,9,2,0.84,0.42,0.668
Sarıyer,SPI,1,1983,12,1983,12,1,1.247,1.247,1.247
Sarıyer,SPI,1,1984,2,1984,2,1,0.495,0.495,0.495
Sarıyer,SPI,1,1984,5,1984,5,1,0.33,0.33,0.33
Sarıyer,SPI,1,1984,9,1984,9,1,2.128,2.128,2.128
Sarıyer,SPI,1,1984,11,1984,12,2,2.142,1.071,1.797
Sarıyer,SPI,1,1985,3,1985,9,7,7.421,1.06,2.515
Sarıyer,SPI,1,1985,12,1985,12,1,0.958,0.958,0.958
Sarıyer,SPI,1,1986,3,1986,5,3,3.659,1.22,1.79
Sarıyer,SPI,1,1986,7,1986,9,3,3.71,1.237,2.175
Sarıyer,SPI,1,1986,11,1986,12,2,0.881,0.441,0.515
Sarıyer,SPI,1,1987,2,1987,2,1,1.353,1.353,1.353
Sarıyer,SPI,1,1987,4,1987,5,2,0.896,0.448,0.649
Sarıyer,SPI,1,1987,9,1987,9,1,1.629,1.629,1.629
Sarıyer,SPI,1,1988,1,1988,3,3,3.251,1.084,1.933
Sarıyer,SPI,1,1988,6,1988,8,3,2.027,0.676,1.592
Sarıyer,SPI,1,1989,1,1989,4,4,6.276,1.569,2.208
Sarıyer,SPI,1,1989,7,1989,9,3,2.067,0.689,0.891
Sarıyer,SPI,1,1989,12,1990,3,4,3.673,0.918,1.218
Sarıyer,SPI,1,1990,7,1990,7,1,0.875,0.875,0.875
Sarıyer,SPI,1,1990,10,1990,10,1,0.045,0.045,0.045
Sarıyer,SPI,1,1991,1,1991,3,3,2.221,0.74,0.984
Sarıyer,SPI,1,1991,6,1991,6,1,0.026,0.026,0.026
Sarıyer,SPI,1,1991,8,1991,8,1,0.377,0.377,0.377
Sarıyer,SPI,1,1991,11,1991,11,1,0.796,0.796,0.796
Sarıyer,SPI,1,1992,1,1992,2,2,3.168,1.584,2.423
Sarıyer,SPI,1,1992,4,1992,5,2,0.375,0.188,0.188
Sarıyer,SPI,1,1992,8,1992,9,2,1.405,0.703,1.04
Sarıyer,SPI,1,1992,11,1993,1,3,0.885,0.295,0.683
Sarıyer,SPI,1,1993,3,1993,4,2,2.082,1.041,1.336
Sarıyer,SPI,1,1993,6,1993,8,3,0.843,0.281,0.506
Sarıyer,SPI,1,1993,10,1993,10,1,1.552,1.552,1.552
Sarıyer,SPI,1,1993,12,1994,4,5,4.998,1.0,1.468
Sarıyer,SPI,1,1994,7,1994,7,1,0.266,0.266,0.266
Sarıyer,SPI,1,1994,9,1994,9,1,1.832,1.832,1.832
Sarıyer,SPI,1,1995,2,1995,2,1,0.495,0.495,0.495
Sarıyer,SPI,1,1995,5,1995,6,2,1.117,0.558,0.899
Sarıyer,SPI,1,1995,8,1995,8,1,0.123,0.123,0.123
Sarıyer,SPI,1,1995,10,1995,10,1,1.156,1.156,1.156
Sarıyer,SPI,1,1995,12,1996,1,2,1.567,0.783,1.057
Sarıyer,SPI,1,1996,6,1996,7,2,2.935,1.468,1.612
Sarıyer,SPI,1,1996,10,1996,11,2,1.316,0.658,1.087
Sarıyer,SPI,1,1997,1,1997,3,3,1.741,0.58,1.164
Sarıyer,SPI,1,1997,5,1997,5,1,0.377,0.377,0.377
Sarıyer,SPI,1,1997,9,1997,9,1,1.046,1.046,1.046
Sarıyer,SPI,1,1997,11,1997,11,1,1.994,1.994,1.994
Sarıyer,SPI,1,1998,1,1998,2,2,0.869,0.434,0.47
Sarıyer,SPI,1,1998,4,1998,4,1,0.648,0.648,0.648
Sarıyer,SPI,1,1998,8,1998,9,2,2.355,1.177,2.305
Sarıyer,SPI,1,1998,11,1998,11,1,0.38,0.38,0.38
Sarıyer,SPI,1,1999,1,1999,1,1,0.909,0.909,0.909
Sarıyer,SPI,1,1999,4,1999,5,2,2.02,1.01,1.24
Sarıyer,SPI,1,1999,10,1999,10,1,0.677,0.677,0.677
Sarıyer,SPI,1,2000,6,2000,7,2,0.796,0.398,0.742
Sarıyer,SPI,1,2000,11,2001,1,3,2.572,0.857,1.321
Sarıyer,SPI,1,2001,3,2001,3,1,0.562,0.562,0.562
Sarıyer,SPI,1,2001,5,2001,7,3,2.131,0.71,1.158
Sarıyer,SPI,1,2001,10,2001,10,1,1.472,1.472,1.472
Sarıyer,SPI,1,2002,1,2002,2,2,0.79,0.395,0.612
Sarıyer,SPI,1,2002,5,2002,5,1,0.425,0.425,0.425
Sarıyer,SPI,1,2002,10,2002,10,1,0.971,0.971,0.971
Sarıyer,SPI,1,2002,12,2003,1,2,1.267,0.633,0.698
Sarıyer,SPI,1,2003,3,2003,3,1,0.67,0.67,0.67
Sarıyer,SPI,1,2003,5,2003,8,4,6.251,1.563,2.212
Sarıyer,SPI,1,2003,11,2003,12,2,0.985,0.492,0.886
Sarıyer,SPI,1,2004,2,2004,2,1,0.281,0.281,0.281
Sarıyer,SPI,1,2004,4,2004,5,2,1.161,0.581,1.153
Sarıyer,SPI,1,2004,7,2004,7,1,0.199,0.199,0.199
Sarıyer,SPI,1,2004,9,2004,9,1,0.848,0.848,0.848
Sarıyer,SPI,1,2004,12,2004,12,1,1.462,1.462,1.462
Sarıyer,SPI,1,2005,4,2005,6,3,1.518,0.506,1.011
Sarıyer,SPI,1,2005,8,2005,8,1,0.325,0.325,0.325
Sarıyer,SPI,1,2005,10,2005,10,1,0.136,0.136,0.136
Sarıyer,SPI,1,2006,4,2006,8,5,5.311,1.062,1.645
Sarıyer,SPI,1,2006,12,2007,4,5,8.278,1.656,2.791
Sarıyer,SPI,1,2007,6,2007,9,4,1.331,0.333,0.729
Sarıyer,SPI,1,2007,12,2008,2,3,1.214,0.405,0.633
Sarıyer,SPI,1,2008,4,2008,6,3,3.711,1.237,1.833
Sarıyer,SPI,1,2008,8,2008,8,1,0.003,0.003,0.003
Sarıyer,SPI,1,2008,12,2008,12,1,0.104,0.104,0.104
Sarıyer,SPI,1,2009,4,2009,6,3,4.809,1.603,3.23
Sarıyer,SPI,1,2009,8,2009,8,1,0.049,0.049,0.049
Sarıyer,SPI,1,2009,10,2009,10,1,0.071,0.071,0.071
Sarıyer,SPI,1,2010,3,2010,5,3,1.446,0.482,0.81
Sarıyer,SPI,1,2010,8,2010,8,1,1.565,1.565,1.565
Sarıyer,SPI,1,2010,11,2010,11,1,1.691,1.691,1.691
Sarıyer,SPI,1,2011,1,2011,3,3,1.499,0.5,0.797
Sarıyer,SPI,1,2011,5,2011,6,2,0.599,0.299,0.49
Sarıyer,SPI,1,2011,8,2011,9,2,0.978,0.489,0.572
Sarıyer,SPI,1,2011,11,2011,12,2,2.301,1.151,2.166
Sarıyer,SPI,1,2012,3,2012,3,1,0.297,0.297,0.297
Sarıyer,SPI,1,2012,6,2012,7,2,2.022,1.011,1.645
Sarıyer,SPI,1,2012,9,2012,9,1,0.736,0.736,0.736
Sarıyer,SPI,1,2013,1,2013,2,2,0.131,0.066,0.09
Sarıyer,SPI,1,2013,4,2013,4,1,0.454,0.454,0.454
Sarıyer,SPI,1,2013,7,2013,9,3,1.983,0.661,0.798
Sarıyer,SPI,1,2013,11,2014,2,4,4.835,1.209,1.811
Sarıyer,SPI,1,2014,4,2014,4,1,0.176,0.176,0.176
Sarıyer,SPI,1,2014,10,2014,12,3,0.964,0.321,0.474
Sarıyer,SPI,1,2015,3,2015,3,1,0.401,0.401,0.401
Sarıyer,SPI,1,2015,5,2015,5,1,1.764,1.764,1.764
Sarıyer,SPI,1,2015,7,2015,7,1,1.487,1.487,1.487
Sarıyer,SPI,1,2015,11,2015,12,2,3.845,1.922,2.298
Sarıyer,SPI,1,2016,4,2016,4,1,1.694,1.694,1.694
Sarıyer,SPI,1,2016,7,2016,7,1,0.372,0.372,0.372
Sarıyer,SPI,1,2016,10,2016,10,1,1.234,1.234,1.234
Sarıyer,SPI,1,2017,2,2017,4,3,2.929,0.976,1.751
Sarıyer,SPI,1,2017,10,2017,11,2,0.343,0.171,0.308
Sarıyer,SPI,1,2018,1,2018,1,1,0.621,0.621,0.621
Sarıyer,SPI,1,2018,4,2018,4,1,0.863,0.863,0.863
Sarıyer,SPI,1,2018,8,2018,8,1,0.788,0.788,0.788
Sarıyer,SPI,1,2018,10,2018,10,1,1.146,1.146,1.146
Sarıyer,SPI,1,2019,3,2019,4,2,1.459,0.729,1.051
Sarıyer,SPI,1,2019,6,2019,6,1,0.545,0.545,0.545
Sarıyer,SPI,1,2019,8,2019,12,5,1.881,0.376,0.625
Sarıyer,SPI,1,2020,3,2020,4,2,1.219,0.609,0.694
Sarıyer,SPI,1,2020,7,2020,9,3,2.967,0.989,1.645
Sarıyer,SPI,1,2020,11,2020,12,2,2.802,1.401,2.088
Sarıyer,SPI,1,2021,2,2021,2,1,0.098,0.098,0.098
Sarıyer,SPI,1,2021,5,2021,5,1,0.211,0.211,0.211
Sarıyer,SPI,1,2021,7,2021,11,5,2.829,0.566,1.835
Sarıyer,SPI,1,2022,1,2022,1,1,0.614,0.614,0.614
Sarıyer,SPI,1,2022,3,2022,3,1,0.236,0.236,0.236
Sarıyer,SPI,1,2022,5,2022,5,1,0.63,0.63,0.63
Sarıyer,SPI,1,2022,9,2023,2,6,6.181,1.03,1.825
Sarıyer,SPI,1,2023,6,2023,6,1,0.913,0.913,0.913
Sarıyer,SPI,1,2023,8,2023,10,3,1.705,0.568,1.023
Sarıyer,SPI,1,2024,2,2024,4,3,1.69,0.563,1.254
Sarıyer,SPI,1,2024,6,2024,6,1,2.162,2.162,2.162
Sarıyer,SPI,1,2024,8,2024,8,1,0.459,0.459,0.459
Sarıyer,SPI,1,2024,10,2024,11,2,1.58,0.79,1.254
Sarıyer,SPI,3,1965,3,1965,3,1,0.094,0.094,0.094
Sarıyer,SPI,3,1965,7,1965,10,4,2.81,0.703,1.499
Sarıyer,SPI,3,1966,4,1966,4,1,0.448,0.448,0.448
Sarıyer,SPI,3,1966,6,1966,12,7,9.209,1.316,2.206
Sarıyer,SPI,3,1967,4,1967,12,9,5.512,0.612,1.106
Sarıyer,SPI,3,1968,4,1968,8,5,5.788,1.158,1.549
Sarıyer,SPI,3,1969,7,1969,12,6,5.986,0.998,2.366
Sarıyer,SPI,3,1970,7,1970,8,2,1.879,0.94,1.679
Sarıyer,SPI,3,1971,6,1971,10,5,6.778,1.356,1.854
Sarıyer,SPI,3,1972,1,1972,6,6,5.522,0.92,1.558
Sarıyer,SPI,3,1973,1,1973,5,5,2.07,0.414,0.972
Sarıyer,SPI,3,1973,7,1973,9,3,1.423,0.474,1.246
Sarıyer,SPI,3,1973,11,1973,11,1,0.021,0.021,0.021
Sarıyer,SPI,3,1974,1,1974,4,4,1.752,0.438,0.575
Sarıyer,SPI,3,1974,11,1975,1,3,1.646,0.549,1.208
Sarıyer,SPI,3,1975,11,1976,7,9,10.203,1.134,2.265
Sarıyer,SPI,3,1976,11,1976,11,1,0.188,0.188,0.188
Sarıyer,SPI,3,1977,1,1977,4,4,1.983,0.496,0.854
Sarıyer,SPI,3,1977,10,1977,12,3,2.367,0.789,1.385
Sarıyer,SPI,3,1978,7,1978,8,2,1.843,0.921,1.141
Sarıyer,SPI,3,1979,3,1979,6,4,3.084,0.771,1.29
Sarıyer,SPI,3,1980,8,1980,11,4,1.578,0.394,1.148
Sarıyer,SPI,3,1981,6,1981,6,1,0.146,0.146,0.146
Sarıyer,SPI,3,1981,10,1981,10,1,0.417,0.417,0.417
Sarıyer,SPI,3,1982,3,1982,3,1,0.212,0.212,0.212
Sarıyer,SPI,3,1982,8,1983,1,6,5.593,0.932,2.494
Sarıyer,SPI,3,1983,4,1983,6,3,2.466,0.822,1.938
Sarıyer,SPI,3,1983,8,1983,10,3,0.812,0.271,0.595
Sarıyer,SPI,3,1983,12,1984,2,3,1.262,0.421,0.621
Sarıyer,SPI,3,1984,6,1984,6,1,0.097,0.097,0.097
Sarıyer,SPI,3,1984,10,1985,1,4,2.737,0.684,1.199
Sarıyer,SPI,3,1985,4,1985,9,6,9.426,1.571,2.075
Sarıyer,SPI,3,1986,4,1987,2,11,9.189,0.835,2.132
Sarıyer,SPI,3,1987,6,1987,6,1,0.058,0.058,0.058
Sarıyer,SPI,3,1987,11,1987,11,1,0.278,0.278,0.278
Sarıyer,SPI,3,1988,1,1988,10,10,8.002,0.8,1.759
Sarıyer,SPI,3,1989,2,1989,5,4,6.315,1.579,2.629
Sarıyer,SPI,3,1989,8,1989,10,3,2.391,0.797,1.517
Sarıyer,SPI,3,1990,1,1990,5,5,5.553,1.111,1.652
Sarıyer,SPI,3,1991,1,1991,3,3,1.752,0.584,1.246
Sarıyer,SPI,3,1992,1,1992,4,4,3.176,0.794,1.11
Sarıyer,SPI,3,1992,9,1994,5,21,18.103,0.862,1.963
Sarıyer,SPI,3,1994,9,1994,11,3,0.941,0.314,0.734
Sarıyer,SPI,3,1995,4,1995,6,3,1.189,0.396,0.896
Sarıyer,SPI,3,1995,10,1996,2,5,3.473,0.695,1.296
Sarıyer,SPI,3,1996,7,1996,9,3,2.248,0.749,1.375
Sarıyer,SPI,3,1996,11,1997,3,5,3.437,0.687,1.065
Sarıyer,SPI,3,1998,1,1998,2,2,0.83,0.415,0.69
Sarıyer,SPI,3,1998,8,1998,10,3,1.594,0.531,0.852
Sarıyer,SPI,3,1999,1,1999,1,1,0.492,0.492,0.492
Sarıyer,SPI,3,1999,5,1999,5,1,1.005,1.005,1.005
Sarıyer,SPI,3,1999,10,1999,12,3,0.619,0.206,0.351
Sarıyer,SPI,3,2000,7,2000,8,2,0.985,0.493,0.524
Sarıyer,SPI,3,2000,12,2001,3,4,3.733,0.933,1.429
Sarıyer,SPI,3,2001,5,2001,7,3,2.191,0.73,1.524
Sarıyer,SPI,3,2002,3,2002,5,3,0.544,0.181,0.295
Sarıyer,SPI,3,2002,12,2003,1,2,2.036,1.018,1.231
Sarıyer,SPI,3,2003,5,2003,9,5,7.769,1.554,3.152
Sarıyer,SPI,3,2003,12,2004,1,2,0.02,0.01,0.015
Sarıyer,SPI,3,2004,4,2004,5,2,1.03,0.515,0.544
Sarıyer,SPI,3,2004,12,2005,1,2,0.436,0.218,0.271
Sarıyer,SPI,3,2005,5,2005,8,4,2.64,0.66,1.156
Sarıyer,SPI,3,2006,5,2006,8,4,6.104,1.526,2.027
Sarıyer,SPI,3,2007,1,2007,10,10,12.905,1.291,3.429
Sarıyer,SPI,3,2008,1,2008,7,7,4.802,0.686,2.39
Sarıyer,SPI,3,2009,6,2009,8,3,4.453,1.484,2.248
Sarıyer,SPI,3,2010,4,2010,5,2,1.025,0.512,0.95
Sarıyer,SPI,3,2011,1,2011,4,4,1.825,0.456,0.767
Sarıyer,SPI,3,2011,7,2012,1,7,5.058,0.723,1.102
Sarıyer,SPI,3,2012,7,2012,9,3,1.272,0.424,0.675
Sarıyer,SPI,3,2013,3,2014,4,14,12.51,0.894,2.228
Sarıyer,SPI,3,2014,12,2015,1,2,1.336,0.668,0.848
Sarıyer,SPI,3,2015,5,2015,7,3,1.636,0.545,0.833
Sarıyer,SPI,3,2015,12,2016,2,3,3.747,1.249,1.788
Sarıyer,SPI,3,2016,4,2016,5,2,0.363,0.181,0.309
Sarıyer,SPI,3,2016,9,2016,12,4,2.232,0.558,1.043
Sarıyer,SPI,3,2017,4,2017,5,2,2.065,1.032,1.475
Sarıyer,SPI,3,2017,12,2018,2,3,1.355,0.452,0.599
Sarıyer,SPI,3,2018,6,2018,6,1,0.123,0.123,0.123
Sarıyer,SPI,3,2019,5,2019,6,2,0.49,0.245,0.381
Sarıyer,SPI,3,2019,10,2019,12,3,3.496,1.165,1.303
Sarıyer,SPI,3,2020,4,2020,5,2,1.098,0.549,0.709
Sarıyer,SPI,3,2020,7,2021,2,8,7.469,0.934,1.878
Sarıyer,SPI,3,2021,9,2022,1,5,3.911,0.782,1.117
Sarıyer,SPI,3,2022,5,2022,6,2,0.802,0.401,0.49
Sarıyer,SPI,3,2022,10,2023,3,6,10.438,1.74,2.899
Sarıyer,SPI,3,2023,7,2023,10,4,3.331,0.833,1.454
Sarıyer,SPI,3,2024,2,2024,12,11,8.174,0.743,1.228
Sarıyer,SPI,6,1965,9,1965,11,3,1.652,0.551,1.468
Sarıyer,SPI,6,1966,7,1967,3,9,11.325,1.258,2.591
Sarıyer,SPI,6,1967,6,1968,11,18,11.712,0.651,2.218
Sarıyer,SPI,6,1969,10,1970,3,6,6.665,1.111,1.958
Sarıyer,SPI,6,1971,7,1972,8,14,12.372,0.884,2.492
Sarıyer,SPI,6,1973,3,1974,4,14,5.671,0.405,0.945
Sarıyer,SPI,6,1975,3,1975,3,1,0.309,0.309,0.309
Sarıyer,SPI,6,1976,1,1976,9,9,11.68,1.298,2.584
Sarıyer,SPI,6,1977,1,1977,6,6,2.981,0.497,0.768
Sarıyer,SPI,6,1977,10,1978,1,4,0.543,0.136,0.333
Sarıyer,SPI,6,1979,3,1979,7,5,2.283,0.457,0.741
Sarıyer,SPI,6,1980,9,1980,12,4,1.637,0.409,0.969
Sarıyer,SPI,6,1981,11,1981,11,1,0.03,0.03,0.03
Sarıyer,SPI,6,1982,9,1983,4,8,7.24,0.905,2.022
Sarıyer,SPI,6,1983,6,1984,5,12,4.964,0.414,1.21
Sarıyer,SPI,6,1984,12,1985,9,10,10.114,1.011,2.59
Sarıyer,SPI,6,1986,5,1986,5,1,0.239,0.239,0.239
Sarıyer,SPI,6,1986,7,1987,2,8,10.739,1.342,2.08
Sarıyer,SPI,6,1988,2,1988,10,9,9.968,1.108,1.943
Sarıyer,SPI,6,1989,4,1990,7,16,15.51,0.969,1.837
Sarıyer,SPI,6,1991,3,1991,3,1,0.613,0.613,0.613
Sarıyer,SPI,6,1992,3,1992,6,4,2.927,0.732,0.972
Sarıyer,SPI,6,1992,9,1994,7,23,25.405,1.105,2.008
Sarıyer,SPI,6,1994,9,1994,9,1,0.028,0.028,0.028
Sarıyer,SPI,6,1994,12,1994,12,1,0.074,0.074,0.074
Sarıyer,SPI,6,1995,10,1995,10,1,0.206,0.206,0.206
Sarıyer,SPI,6,1995,12,1996,3,4,2.543,0.636,1.373
Sarıyer,SPI,6,1996,10,1997,6,9,6.036,0.671,1.282
Sarıyer,SPI,6,1998,4,1998,4,1,0.381,0.381,0.381
Sarıyer,SPI,6,1998,9,1998,9,1,0.239,0.239,0.239
Sarıyer,SPI,6,1998,11,1999,1,3,1.404,0.468,0.679
Sarıyer,SPI,6,1999,4,1999,5,2,0.394,0.197,0.212
Sarıyer,SPI,6,2000,11,2001,8,10,6.226,0.623,1.328
Sarıyer,SPI,6,2001,10,2001,10,1,0.696,0.696,0.696
Sarıyer,SPI,6,2002,6,2002,7,2,0.44,0.22,0.326
Sarıyer,SPI,6,2003,3,2003,3,1,0.734,0.734,0.734
Sarıyer,SPI,6,2003,5,2004,1,9,6.27,0.697,1.75
Sarıyer,SPI,6,2004,4,2004,5,2,0.386,0.193,0.35
Sarıyer,SPI,6,2004,7,2004,7,1,0.331,0.331,0.331
Sarıyer,SPI,6,2005,8,2005,10,3,1.197,0.399,0.801
Sarıyer,SPI,6,2006,7,2006,9,3,2.147,0.716,1.504
Sarıyer,SPI,6,2007,3,2008,2,12,15.508,1.292,3.222
Sarıyer,SPI,6,2008,4,2008,8,5,3.736,0.747,1.271
Sarıyer,SPI,6,2009,8,2009,8,1,0.256,0.256,0.256
Sarıyer,SPI,6,2011,4,2012,4,13,9.096,0.7,1.477
Sarıyer,SPI,6,2013,6,2014,6,13,19.122,1.471,2.71
Sarıyer,SPI,6,2015,3,2015,5,3,0.654,0.218,0.392
Sarıyer,SPI,6,2015,7,2015,8,2,0.547,0.274,0.465
Sarıyer,SPI,6,2015,12,2016,5,6,4.668,0.778,1.667
Sarıyer,SPI,6,2016,8,2016,12,5,1.701,0.34,0.575
Sarıyer,SPI,6,2018,1,2018,1,1,0.056,0.056,0.056
Sarıyer,SPI,6,2018,3,2018,6,4,1.131,0.283,0.405
Sarıyer,SPI,6,2019,11,2020,4,6,3.161,0.527,0.74
Sarıyer,SPI,6,2020,7,2021,4,10,11.19,1.119,2.595
Sarıyer,SPI,6,2021,9,2022,4,8,4.705,0.588,1.295
Sarıyer,SPI,6,2022,6,2022,6,1,0.093,0.093,0.093
Sarıyer,SPI,6,2022,11,2023,6,8,11.432,1.429,3.031
Sarıyer,SPI,6,2023,9,2023,10,2,1.884,0.942,1.497
Sarıyer,SPI,6,2024,5,2024,12,8,9.243,1.155,1.75
Sarıyer,SPI,9,1965,9,1965,10,2,0.257,0.129,0.195
Sarıyer,SPI,9,1966,9,1967,7,11,11.333,1.03,2.352
Sarıyer,SPI,9,1967,9,1968,8,12,9.753,0.813,1.536
Sarıyer,SPI,9,1968,10,1968,12,3,2.203,0.734,1.117
Sarıyer,SPI,9,1969,10,1970,4,7,4.709,0.673,1.18
Sarıyer,SPI,9,1971,7,1972,9,15,12.135,0.809,1.389
Sarıyer,SPI,9,1973,7,1974,4,10,6.001,0.6,0.982
Sarıyer,SPI,9,1975,6,1975,6,1,0.071,0.071,0.071
Sarıyer,SPI,9,1976,2,1977,6,17,14.617,0.86,2.215
Sarıyer,SPI,9,1977,9,1977,10,2,1.022,0.511,0.582
Sarıyer,SPI,9,1977,12,1977,12,1,0.096,0.096,0.096
Sarıyer,SPI,9,1979,6,1979,7,2,0.63,0.315,0.338
Sarıyer,SPI,9,1979,10,1979,10,1,0.058,0.058,0.058
Sarıyer,SPI,9,1980,12,1980,12,1,0.119,0.119,0.119
Sarıyer,SPI,9,1982,9,1984,6,22,14.874,0.676,1.345
Sarıyer,SPI,9,1984,12,1984,12,1,0.524,0.524,0.524
Sarıyer,SPI,9,1985,3,1985,10,8,6.655,0.832,1.28
Sarıyer,SPI,9,1986,7,1987,5,11,10.998,1.0,2.168
Sarıyer,SPI,9,1988,4,1988,10,7,8.522,1.217,2.129
Sarıyer,SPI,9,1989,2,1989,5,4,1.526,0.382,0.621
Sarıyer,SPI,9,1989,8,1990,9,14,16.303,1.165,2.357
Sarıyer,SPI,9,1991,3,1991,3,1,0.294,0.294,0.294
Sarıyer,SPI,9,1992,6,1994,11,30,34.554,1.152,2.197
Sarıyer,SPI,9,1995,10,1996,2,5,2.202,0.44,0.94
Sarıyer,SPI,9,1996,4,1996,4,1,0.16,0.16,0.16
Sarıyer,SPI,9,1996,6,1996,6,1,0.218,0.218,0.218
Sarıyer,SPI,9,1996,8,1996,8,1,0.153,0.153,0.153
Sarıyer,SPI,9,1996,11,1997,7,9,6.314,0.702,1.463
Sarıyer,SPI,9,1998,9,1998,9,1,0.123,0.123,0.123
Sarıyer,SPI,9,1999,1,1999,5,5,1.325,0.265,0.361
Sarıyer,SPI,9,2000,12,2001,11,12,7.885,0.657,1.687
Sarıyer,SPI,9,2003,5,2004,5,13,8.293,0.638,1.245
Sarıyer,SPI,9,2004,7,2004,7,1,0.26,0.26,0.26
Sarıyer,SPI,9,2005,8,2005,8,1,0.038,0.038,0.038
Sarıyer,SPI,9,2006,8,2006,8,1,0.159,0.159,0.159
Sarıyer,SPI,9,2007,1,2008,8,20,19.844,0.992,3.311
Sarıyer,SPI,9,2011,7,2012,5,11,9.58,0.871,1.375
Sarıyer,SPI,9,2012,7,2012,7,1,0.327,0.327,0.327
Sarıyer,SPI,9,2013,9,2014,8,12,22.894,1.908,2.804
Sarıyer,SPI,9,2015,6,2015,8,3,1.098,0.366,0.498
Sarıyer,SPI,9,2015,11,2016,12,14,7.527,0.538,1.249
Sarıyer,SPI,9,2017,3,2017,5,3,0.669,0.223,0.334
Sarıyer,SPI,9,2018,6,2018,8,3,0.986,0.329,0.48
Sarıyer,SPI,9,2019,11,2019,12,2,1.327,0.663,0.767
Sarıyer,SPI,9,2020,2,2021,5,16,14.988,0.937,2.283
Sarıyer,SPI,9,2021,7,2021,8,2,0.046,0.023,0.029
Sarıyer,SPI,9,2021,10,2022,6,9,5.42,0.602,1.016
Sarıyer,SPI,9,2022,11,2023,10,12,15.238,1.27,2.294
Sarıyer,SPI,9,2024,8,2024,12,5,6.976,1.395,1.991
Sarıyer,SPI,12,1966,11,1968,11,25,22.139,0.886,1.268
Sarıyer,SPI,12,1970,1,1970,4,4,0.956,0.239,0.453
Sarıyer,SPI,12,1970,6,1970,8,3,0.777,0.259,0.408
Sarıyer,SPI,12,1971,9,1972,10,14,11.561,0.826,1.873
Sarıyer,SPI,12,1972,12,1973,2,3,0.583,0.194,0.367
Sarıyer,SPI,12,1973,8,1974,4,9,5.437,0.604,1.014
Sarıyer,SPI,12,1974,6,1974,6,1,0.077,0.077,0.077
Sarıyer,SPI,12,1976,2,1977,6,17,15.041,0.885,1.69
Sarıyer,SPI,12,1977,8,1977,12,5,2.326,0.465,0.648
Sarıyer,SPI,12,1978,7,1978,7,1,0.003,0.003,0.003
Sarıyer,SPI,12,1979,4,1979,6,3,0.504,0.168,0.235
Sarıyer,SPI,12,1979,10,1979,10,1,0.093,0.093,0.093
Sarıyer,SPI,12,1982,11,1984,6,20,14.919,0.746,1.338
Sarıyer,SPI,12,1984,10,1984,12,3,0.527,0.176,0.304
Sarıyer,SPI,12,1985,3,1985,10,8,6.464,0.808,1.803
Sarıyer,SPI,12,1986,10,1987,7,10,9.382,0.938,1.852
Sarıyer,SPI,12,1988,7,1991,1,31,26.77,0.864,1.869
Sarıyer,SPI,12,1992,9,1995,1,29,40.235,1.387,2.295
Sarıyer,SPI,12,1995,6,1995,6,1,0.113,0.113,0.113
Sarıyer,SPI,12,1995,12,1996,3,4,1.595,0.399,0.936
Sarıyer,SPI,12,1996,7,1996,11,5,1.808,0.362,0.52
Sarıyer,SPI,12,1997,1,1997,7,7,4.504,0.643,1.043
Sarıyer,SPI,12,1998,10,1998,10,1,0.142,0.142,0.142
Sarıyer,SPI,12,1999,1,1999,1,1,0.056,0.056,0.056
Sarıyer,SPI,12,1999,5,1999,6,2,0.841,0.42,0.577
Sarıyer,SPI,12,2001,1,2001,11,11,7.404,0.673,1.423
Sarıyer,SPI,12,2003,1,2003,1,1,0.028,0.028,0.028
Sarıyer,SPI,12,2003,7,2004,7,13,8.6,0.662,1.505
Sarıyer,SPI,12,2005,8,2005,8,1,0.113,0.113,0.113
Sarıyer,SPI,12,2007,1,2008,8,20,21.718,1.086,2.447
Sarıyer,SPI,12,2011,9,2012,9,13,9.645,0.742,1.508
Sarıyer,SPI,12,2013,10,2015,1,16,24.154,1.51,2.621
Sarıyer,SPI,12,2015,7,2015,7,1,0.067,0.067,0.067
Sarıyer,SPI,12,2015,9,2015,9,1,0.311,0.311,0.311
Sarıyer,SPI,12,2015,12,2016,12,13,8.245,0.634,1.691
Sarıyer,SPI,12,2017,3,2017,6,4,0.574,0.144,0.269
Sarıyer,SPI,12,2019,12,2021,11,24,19.157,0.798,1.597
Sarıyer,SPI,12,2022,1,2022,7,7,3.859,0.551,1.0
Sarıyer,SPI,12,2022,11,2023,11,13,15.994,1.23,2.475
Sarıyer,SPI,12,2024,4,2024,8,5,0.675,0.135,0.234
Sarıyer,SPI,12,2024,10,2024,12,3,2.957,0.986,1.516
Sarıyer,SPEI,1,1965,1,1965,1,1,1.2,1.2,1.2
Sarıyer,SPEI,1,1965,3,1965,3,1,0.086,0.086,0.086
Sarıyer,SPEI,1,1965,6,1965,6,1,1.176,1.176,1.176
Sarıyer,SPEI,1,1965,9,1965,10,2,1.988,0.994,1.412
Sarıyer,SPEI,1,1966,2,1966,2,1,1.671,1.671,1.671
Sarıyer,SPEI,1,1966,4,1966,11,8,5.234,0.654,1.955
Sarıyer,SPEI,1,1967,3,1967,3,1,0.445,0.445,0.445
Sarıyer,SPEI,1,1967,6,1967,7,2,0.86,0.43,0.653
Sarıyer,SPEI,1,1967,10,1967,12,3,1.822,0.607,0.928
Sarıyer,SPEI,1,1968,2,1968,7,6,4.659,0.777,1.701
Sarıyer,SPEI,1,1968,10,1968,10,1,0.634,0.634,0.634
Sarıyer,SPEI,1,1969,5,1969,5,1,0.509,0.509,0.509
Sarıyer,SPEI,1,1969,9,1969,11,3,3.365,1.122,1.614
Sarıyer,SPEI,1,1970,6,1970,8,3,2.162,0.721,1.174
Sarıyer,SPEI,1,1971,1,1971,1,1,0.355,0.355,0.355
Sarıyer,SPEI,1,1971,4,1971,9,6,4.241,0.707,0.98
Sarıyer,SPEI,1,1971,11,1971,11,1,0.013,0.013,0.013
Sarıyer,SPEI,1,1972,1,1972,4,4,3.634,0.908,1.552
Sarıyer,SPEI,1,1972,6,1972,6,1,0.259,0.259,0.259
Sarıyer,SPEI,1,1972,12,1973,2,3,1.8,0.6,1.323
Sarıyer,SPEI,1,1973,5,1973,5,1,0.529,0.529,0.529
Sarıyer,SPEI,1,1973,7,1973,7,1,0.589,0.589,0.589
Sarıyer,SPEI,1,1973,9,1973,9,1,0.722,0.722,0.722
Sarıyer,SPEI,1,1973,11,1973,12,2,0.649,0.325,0.371
Sarıyer,SPEI,1,1974,2,1974,2,1,0.859,0.859,0.859
Sarıyer,SPEI,1,1974,6,1974,6,1,0.297,0.297,0.297
Sarıyer,SPEI,1,1974,10,1974,12,3,2.22,0.74,1.592
Sarıyer,SPEI,1,1975,4,1975,4,1,0.777,0.777,0.777
Sarıyer,SPEI,1,1975,7,1975,7,1,1.152,1.152,1.152
Sarıyer,SPEI,1,1975,9,1975,9,1,1.32,1.32,1.32
Sarıyer,SPEI,1,1975,11,1976,5,7,4.701,0.672,1.144
Sarıyer,SPEI,1,1976,11,1976,11,1,0.407,0.407,0.407
Sarıyer,SPEI,1,1977,1,1977,2,2,2.682,1.341,2.1
Sarıyer,SPEI,1,1977,5,1977,5,1,0.952,0.952,0.952
Sarıyer,SPEI,1,1977,8,1977,10,3,1.278,0.426,0.697
Sarıyer,SPEI,1,1978,6,1978,7,2,1.358,0.679,1.133
Sarıyer,SPEI,1,1978,11,1978,11,1,0.486,0.486,0.486
Sarıyer,SPEI,1,1979,2,1979,3,2,2.694,1.347,2.295
Sarıyer,SPEI,1,1979,5,1979,6,2,1.038,0.519,0.601
Sarıyer,SPEI,1,1979,9,1979,9,1,0.55,0.55,0.55
Sarıyer,SPEI,1,1980,6,1980,6,1,0.44,0.44,0.44
Sarıyer,SPEI,1,1980,10,1980,10,1,1.774,1.774,1.774
Sarıyer,SPEI,1,1981,4,1981,4,1,0.977,0.977,0.977
Sarıyer,SPEI,1,1981,6,1981,6,1,0.377,0.377,0.377
Sarıyer,SPEI,1,1981,8,1981,8,1,0.044,0.044,0.044
Sarıyer,SPEI,1,1981,10,1981,10,1,0.853,0.853,0.853
Sarıyer,SPEI,1,1982,2,1982,2,1,0.84,0.84,0.84
Sarıyer,SPEI,1,1982,6,1982,6,1,1.291,1.291,1.291
Sarıyer,SPEI,1,1982,9,1982,11,3,3.809,1.27,1.518
Sarıyer,SPEI,1,1983,3,1983,5,3,3.827,1.276,2.058
Sarıyer,SPEI,1,1983,8,1983,9,2,0.458,0.229,0.293
Sarıyer,SPEI,1,1983,12,1983,12,1,1.332,1.332,1.332
Sarıyer,SPEI,1,1984,2,1984,2,1,0.525,0.525,0.525
Sarıyer,SPEI,1,1984,5,1984,5,1,0.962,0.962,0.962
Sarıyer,SPEI,1,1984,9,1984,9,1,1.487,1.487,1.487
Sarıyer,SPEI,1,1984,11,1984,12,2,2.051,1.026,1.609
Sarıyer,SPEI,1,1985,3,1985,6,4,3.836,0.959,1.618
Sarıyer,SPEI,1,1985,8,1985,9,2,1.797,0.898,0.961
Sarıyer,SPEI,1,1985,12,1985,12,1,1.151,1.151,1.151
Sarıyer,SPEI,1,1986,3,1986,5,3,2.293,0.764,1.352
Sarıyer,SPEI,1,1986,7,1986,9,3,2.841,0.947,1.309
Sarıyer,SPEI,1,1986,11,1986,12,2,0.756,0.378,0.561
Sarıyer,SPEI,1,1987,2,1987,2,1,1.312,1.312,1.312
Sarıyer,SPEI,1,1987,5,1987,5,1,0.48,0.48,0.48
Sarıyer,SPEI,1,1987,9,1987,9,1,1.244,1.244,1.244
Sarıyer,SPEI,1,1988,1,1988,3,3,3.24,1.08,1.629
Sarıyer,SPEI,1,1988,6,1988,9,4,2.326,0.582,1.171
Sarıyer,SPEI,1,1989,1,1989,4,4,6.432,1.608,2.154
Sarıyer,SPEI,1,1989,7,1989,9,3,1.876,0.625,0.687
Sarıyer,SPEI,1,1989,12,1990,4,5,4.11,0.822,1.101
Sarıyer,SPEI,1,1990,7,1990,7,1,0.686,0.686,0.686
Sarıyer,SPEI,1,1990,10,1990,10,1,0.12,0.12,0.12
Sarıyer,SPEI,1,1991,1,1991,3,3,2.029,0.676,1.05
Sarıyer,SPEI,1,1991,8,1991,8,1,0.481,0.481,0.481
Sarıyer,SPEI,1,1991,11,1991,11,1,0.836,0.836,0.836
Sarıyer,SPEI,1,1992,1,1992,2,2,2.233,1.116,1.652
Sarıyer,SPEI,1,1992,4,1992,4,1,0.293,0.293,0.293
Sarıyer,SPEI,1,1992,8,1992,11,4,1.979,0.495,0.961
Sarıyer,SPEI,1,1993,1,1993,1,1,0.724,0.724,0.724
Sarıyer,SPEI,1,1993,3,1993,4,2,1.729,0.864,1.011
Sarıyer,SPEI,1,1993,6,1993,6,1,0.811,0.811,0.811
Sarıyer,SPEI,1,1993,8,1993,10,3,1.81,0.603,1.579
Sarıyer,SPEI,1,1993,12,1994,4,5,5.387,1.077,1.458
Sarıyer,SPEI,1,1994,7,1994,7,1,0.45,0.45,0.45
Sarıyer,SPEI,1,1994,9,1994,9,1,1.867,1.867,1.867
Sarıyer,SPEI,1,1995,2,1995,2,1,0.702,0.702,0.702
Sarıyer,SPEI,1,1995,5,1995,6,2,1.73,0.865,0.978
Sarıyer,SPEI,1,1995,8,1995,8,1,0.103,0.103,0.103
Sarıyer,SPEI,1,1995,10,1995,10,1,0.974,0.974,0.974
Sarıyer,SPEI,1,1995,12,1996,1,2,1.702,0.851,1.142
Sarıyer,SPEI,1,1996,6,1996,7,2,2.073,1.036,1.054
Sarıyer,SPEI,1,1996,10,1996,11,2,1.331,0.665,1.154
Sarıyer,SPEI,1,1997,1,1997,2,2,1.761,0.881,1.205
Sarıyer,SPEI,1,1997,5,1997,5,1,0.733,0.733,0.733
Sarıyer,SPEI,1,1997,9,1997,9,1,0.62,0.62,0.62
Sarıyer,SPEI,1,1997,11,1997,11,1,1.755,1.755,1.755
Sarıyer,SPEI,1,1998,1,1998,2,2,0.99,0.495,0.603
Sarıyer,SPEI,1,1998,4,1998,4,1,1.27,1.27,1.27
Sarıyer,SPEI,1,1998,8,1998,9,2,1.798,0.899,1.565
Sarıyer,SPEI,1,1998,11,1998,11,1,0.39,0.39,0.39
Sarıyer,SPEI,1,1999,1,1999,1,1,0.992,0.992,0.992
Sarıyer,SPEI,1,1999,3,1999,5,3,2.31,0.77,1.137
Sarıyer,SPEI,1,1999,9,1999,10,2,0.841,0.42,0.738
Sarıyer,SPEI,1,1999,12,1999,12,1,0.037,0.037,0.037
Sarıyer,SPEI,1,2000,7,2000,7,1,1.079,1.079,1.079
Sarıyer,SPEI,1,2000,11,2001,1,3,3.115,1.038,1.429
Sarıyer,SPEI,1,2001,3,2001,3,1,1.438,1.438,1.438
Sarıyer,SPEI,1,2001,5,2001,7,3,2.646,0.882,1.49
Sarıyer,SPEI,1,2001,10,2001,10,1,1.354,1.354,1.354
Sarıyer,SPEI,1,2002,1,2002,2,2,1.099,0.549,0.872
Sarıyer,SPEI,1,2002,5,2002,5,1,0.247,0.247,0.247
Sarıyer,SPEI,1,2002,7,2002,7,1,0.258,0.258,0.258
Sarıyer,SPEI,1,2002,10,2003,1,4,2.569,0.642,1.007
Sarıyer,SPEI,1,2003,3,2003,3,1,0.294,0.294,0.294
Sarıyer,SPEI,1,2003,5,2003,8,4,6.085,1.521,1.96
Sarıyer,SPEI,1,2003,11,2003,12,2,0.994,0.497,0.818
Sarıyer,SPEI,1,2004,2,2004,2,1,0.34,0.34,0.34
Sarıyer,SPEI,1,2004,4,2004,4,1,1.11,1.11,1.11
Sarıyer,SPEI,1,2004,9,2004,9,1,0.973,0.973,0.973
Sarıyer,SPEI,1,2004,12,2004,12,1,1.496,1.496,1.496
Sarıyer,SPEI,1,2005,4,2005,6,3,1.073,0.358,0.755
Sarıyer,SPEI,1,2005,8,2005,8,1,0.728,0.728,0.728
Sarıyer,SPEI,1,2005,10,2005,10,1,0.132,0.132,0.132
Sarıyer,SPEI,1,2006,4,2006,8,5,4.919,0.984,1.436
Sarıyer,SPEI,1,2006,12,2007,4,5,6.827,1.365,2.055
Sarıyer,SPEI,1,2007,6,2007,9,4,3.416,0.854,1.199
Sarıyer,SPEI,1,2007,12,2008,2,3,1.183,0.394,0.622
Sarıyer,SPEI,1,2008,4,2008,6,3,4.241,1.414,1.997
Sarıyer,SPEI,1,2008,8,2008,8,1,0.313,0.313,0.313
Sarıyer,SPEI,1,2008,12,2008,12,1,0.219,0.219,0.219
Sarıyer,SPEI,1,2009,4,2009,8,5,3.632,0.726,2.154
Sarıyer,SPEI,1,2009,10,2009,10,1,0.33,0.33,0.33
Sarıyer,SPEI,1,2010,3,2010,5,3,1.647,0.549,1.294
Sarıyer,SPEI,1,2010,8,2010,8,1,2.866,2.866,2.866
Sarıyer,SPEI,1,2010,11,2010,11,1,1.84,1.84,1.84
Sarıyer,SPEI,1,2011,1,2011,3,3,1.674,0.558,0.768
Sarıyer,SPEI,1,2011,6,2011,9,4,2.443,0.611,1.068
Sarıyer,SPEI,1,2011,11,2011,12,2,1.82,0.91,1.514
Sarıyer,SPEI,1,2012,3,2012,3,1,0.099,0.099,0.099
Sarıyer,SPEI,1,2012,6,2012,7,2,3.483,1.741,2.355
Sarıyer,SPEI,1,2012,9,2012,9,1,1.033,1.033,1.033
Sarıyer,SPEI,1,2013,1,2013,5,5,1.673,0.335,0.611
Sarıyer,SPEI,1,2013,7,2013,9,3,2.73,0.91,1.109
Sarıyer,SPEI,1,2013,11,2014,2,4,4.783,1.196,1.61
Sarıyer,SPEI,1,2014,4,2014,4,1,0.341,0.341,0.341
Sarıyer,SPEI,1,2014,7,2014,8,2,0.463,0.232,0.382
Sarıyer,SPEI,1,2014,10,2015,1,4,1.157,0.289,0.41
Sarıyer,SPEI,1,2015,3,2015,3,1,0.389,0.389,0.389
Sarıyer,SPEI,1,2015,5,2015,5,1,1.902,1.902,1.902
Sarıyer,SPEI,1,2015,7,2015,7,1,1.62,1.62,1.62
Sarıyer,SPEI,1,2015,11,2015,12,2,3.42,1.71,1.839
Sarıyer,SPEI,1,2016,3,2016,4,2,2.285,1.143,2.258
Sarıyer,SPEI,1,2016,7,2016,10,4,2.823,0.706,1.113
Sarıyer,SPEI,1,2017,2,2017,4,3,2.417,0.806,1.042
Sarıyer,SPEI,1,2017,8,2017,8,1,0.026,0.026,0.026
Sarıyer,SPEI,1,2017,10,2018,1,4,1.307,0.327,0.75
Sarıyer,SPEI,1,2018,4,2018,5,2,1.059,0.53,0.805
Sarıyer,SPEI,1,2018,8,2018,8,1,1.84,1.84,1.84
Sarıyer,SPEI,1,2018,10,2018,10,1,1.2,1.2,1.2
Sarıyer,SPEI,1,2019,3,2019,4,2,1.239,0.62,1.221
Sarıyer,SPEI,1,2019,6,2019,6,1,1.8,1.8,1.8
Sarıyer,SPEI,1,2019,8,2019,12,5,3.268,0.654,1.013
Sarıyer,SPEI,1,2020,2,2020,4,3,1.17,0.39,0.955
Sarıyer,SPEI,1,2020,7,2020,12,6,6.844,1.141,1.928
Sarıyer,SPEI,1,2021,2,2021,2,1,0.258,0.258,0.258
Sarıyer,SPEI,1,2021,5,2021,5,1,0.695,0.695,0.695
Sarıyer,SPEI,1,2021,7,2021,11,5,3.767,0.753,1.87
Sarıyer,SPEI,1,2022,1,2022,1,1,0.694,0.694,0.694
Sarıyer,SPEI,1,2022,5,2022,5,1,0.39,0.39,0.39
Sarıyer,SPEI,1,2022,9,2023,2,6,6.58,1.097,1.755
Sarıyer,SPEI,1,2023,6,2023,10,5,4.166,0.833,1.586
Sarıyer,SPEI,1,2024,2,2024,4,3,2.715,0.905,1.423
Sarıyer,SPEI,1,2024,6,2024,8,3,5.005,1.668,2.858
Sarıyer,SPEI,1,2024,10,2024,11,2,1.397,0.699,1.163
Sarıyer,SPEI,3,1965,3,1965,3,1,0.16,0.16,0.16
Sarıyer,SPEI,3,1965,7,1965,7,1,0.319,0.319,0.319
Sarıyer,SPEI,3,1965,9,1965,10,2,1.504,0.752,1.029
Sarıyer,SPEI,3,1966,4,1966,4,1,0.647,0.647,0.647
Sarıyer,SPEI,3,1966,6,1966,12,7,8.675,1.239,1.889
Sarıyer,SPEI,3,1967,4,1967,12,9,5.462,0.607,1.155
Sarıyer,SPEI,3,1968,4,1968,7,4,5.734,1.433,1.616
Sarıyer,SPEI,3,1969,7,1969,7,1,0.205,0.205,0.205
Sarıyer,SPEI,3,1969,9,1970,1,5,5.117,1.023,2.008
Sarıyer,SPEI,3,1970,7,1970,8,2,1.395,0.698,1.256
Sarıyer,SPEI,3,1971,2,1971,2,1,0.013,0.013,0.013
Sarıyer,SPEI,3,1971,6,1971,10,5,5.141,1.028,1.648
Sarıyer,SPEI,3,1972,1,1972,6,6,5.732,0.955,1.369
Sarıyer,SPEI,3,1973,1,1973,4,4,1.948,0.487,1.045
Sarıyer,SPEI,3,1973,9,1973,9,1,0.915,0.915,0.915
Sarıyer,SPEI,3,1973,11,1973,11,1,0.026,0.026,0.026
Sarıyer,SPEI,3,1974,1,1974,4,4,1.488,0.372,0.553
Sarıyer,SPEI,3,1974,11,1975,1,3,2.066,0.689,1.375
Sarıyer,SPEI,3,1975,11,1975,11,1,0.632,0.632,0.632
Sarıyer,SPEI,3,1976,1,1976,6,6,7.065,1.177,1.461
Sarıyer,SPEI,3,1976,11,1976,11,1,0.203,0.203,0.203
Sarıyer,SPEI,3,1977,1,1977,4,4,2.86,0.715,1.118
Sarıyer,SPEI,3,1977,10,1977,12,3,1.618,0.539,0.927
Sarıyer,SPEI,3,1978,7,1978,8,2,1.034,0.517,0.885
Sarıyer,SPEI,3,1979,3,1979,6,4,3.675,0.919,1.319
Sarıyer,SPEI,3,1980,10,1980,12,3,1.563,0.521,0.977
Sarıyer,SPEI,3,1981,10,1981,10,1,0.43,0.43,0.43
Sarıyer,SPEI,3,1982,3,1982,3,1,0.2,0.2,0.2
Sarıyer,SPEI,3,1982,9,1983,1,5,5.05,1.01,2.14
Sarıyer,SPEI,3,1983,3,1983,6,4,3.248,0.812,2.102
Sarıyer,SPEI,3,1983,9,1983,9,1,0.448,0.448,0.448
Sarıyer,SPEI,3,1983,12,1984,2,3,1.382,0.461,0.819
Sarıyer,SPEI,3,1984,10,1985,1,4,3.019,0.755,1.275
Sarıyer,SPEI,3,1985,4,1985,9,6,7.08,1.18,1.701
Sarıyer,SPEI,3,1986,4,1986,12,9,7.21,0.801,1.534
Sarıyer,SPEI,3,1987,2,1987,2,1,0.398,0.398,0.398
Sarıyer,SPEI,3,1987,11,1987,11,1,0.303,0.303,0.303
Sarıyer,SPEI,3,1988,1,1988,10,10,8.144,0.814,1.639
Sarıyer,SPEI,3,1989,2,1989,5,4,6.006,1.502,2.329
Sarıyer,SPEI,3,1989,8,1989,10,3,1.705,0.568,1.193
Sarıyer,SPEI,3,1990,1,1990,5,5,5.228,1.046,1.493
Sarıyer,SPEI,3,1991,1,1991,3,3,1.868,0.623,1.121
Sarıyer,SPEI,3,1992,1,1992,3,3,2.86,0.953,1.006
Sarıyer,SPEI,3,1992,9,1994,5,21,16.628,0.792,1.658
Sarıyer,SPEI,3,1994,9,1994,11,3,2.123,0.708,1.137
Sarıyer,SPEI,3,1995,4,1995,6,3,1.704,0.568,1.118
Sarıyer,SPEI,3,1995,10,1996,2,5,2.748,0.55,1.01
Sarıyer,SPEI,3,1996,7,1996,9,3,2.151,0.717,1.085
Sarıyer,SPEI,3,1996,11,1997,3,5,3.82,0.764,1.059
Sarıyer,SPEI,3,1998,1,1998,2,2,1.035,0.518,0.772
Sarıyer,SPEI,3,1998,8,1998,11,4,2.358,0.59,1.044
Sarıyer,SPEI,3,1999,1,1999,1,1,0.436,0.436,0.436
Sarıyer,SPEI,3,1999,3,1999,3,1,0.069,0.069,0.069
Sarıyer,SPEI,3,1999,5,1999,6,2,1.427,0.714,1.211
Sarıyer,SPEI,3,1999,10,1999,12,3,0.667,0.222,0.306
Sarıyer,SPEI,3,2000,7,2000,8,2,0.922,0.461,0.538
Sarıyer,SPEI,3,2000,12,2001,8,9,7.799,0.867,1.681
Sarıyer,SPEI,3,2001,10,2001,10,1,0.177,0.177,0.177
Sarıyer,SPEI,3,2002,3,2002,4,2,0.825,0.412,0.538
Sarıyer,SPEI,3,2002,7,2002,7,1,0.118,0.118,0.118
Sarıyer,SPEI,3,2002,12,2003,1,2,2.036,1.018,1.16
Sarıyer,SPEI,3,2003,5,2003,9,5,6.127,1.225,2.213
Sarıyer,SPEI,3,2004,4,2004,5,2,1.266,0.633,0.687
Sarıyer,SPEI,3,2004,11,2005,1,3,0.701,0.234,0.409
Sarıyer,SPEI,3,2005,5,2005,8,4,2.248,0.562,0.906
Sarıyer,SPEI,3,2005,10,2005,10,1,0.022,0.022,0.022
Sarıyer,SPEI,3,2006,5,2006,8,4,5.396,1.349,1.68
Sarıyer,SPEI,3,2007,1,2007,10,10,13.382,1.338,2.336
Sarıyer,SPEI,3,2008,2,2008,8,7,6.201,0.886,2.276
Sarıyer,SPEI,3,2009,6,2009,8,3,4.636,1.545,1.844
Sarıyer,SPEI,3,2010,4,2010,5,2,0.925,0.463,0.894
Sarıyer,SPEI,3,2010,9,2010,9,1,0.074,0.074,0.074
Sarıyer,SPEI,3,2011,1,2011,4,4,2.067,0.517,0.837
Sarıyer,SPEI,3,2011,7,2012,1,7,5.487,0.784,1.205
Sarıyer,SPEI,3,2012,7,2012,9,3,3.493,1.164,1.273
Sarıyer,SPEI,3,2013,3,2014,4,14,14.985,1.07,2.203
Sarıyer,SPEI,3,2014,8,2014,8,1,0.182,0.182,0.182
Sarıyer,SPEI,3,2014,12,2015,1,2,1.242,0.621,0.799
Sarıyer,SPEI,3,2015,5,2015,9,5,2.802,0.56,1.218
Sarıyer,SPEI,3,2015,12,2016,6,7,6.037,0.862,1.817
Sarıyer,SPEI,3,2016,8,2016,12,5,3.444,0.689,1.218
Sarıyer,SPEI,3,2017,4,2017,6,3,1.799,0.6,1.288
Sarıyer,SPEI,3,2017,12,2018,3,4,1.914,0.478,0.708
Sarıyer,SPEI,3,2018,5,2018,8,4,2.036,0.509,0.837
Sarıyer,SPEI,3,2019,5,2019,6,2,1.168,0.584,0.707
Sarıyer,SPEI,3,2019,10,2019,12,3,4.187,1.396,1.572
Sarıyer,SPEI,3,2020,4,2020,5,2,0.958,0.479,0.708
Sarıyer,SPEI,3,2020,7,2021,2,8,9.554,1.194,1.86
Sarıyer,SPEI,3,2021,8,2022,1,6,4.569,0.761,1.423
Sarıyer,SPEI,3,2022,5,2022,6,2,0.534,0.267,0.35
Sarıyer,SPEI,3,2022,10,2023,3,6,10.418,1.736,2.974
Sarıyer,SPEI,3,2023,7,2023,10,4,4.706,1.176,1.867
Sarıyer,SPEI,3,2024,2,2024,12,11,12.8,1.164,2.338
Sarıyer,SPEI,6,1965,10,1965,10,1,1.06,1.06,1.06
Sarıyer,SPEI,6,1966,7,1967,3,9,10.941,1.216,2.203
Sarıyer,SPEI,6,1967,7,1968,10,16,10.732,0.671,1.779
Sarıyer,SPEI,6,1969,10,1970,3,6,6.449,1.075,1.562
Sarıyer,SPEI,6,1971,8,1972,8,13,10.346,0.796,1.815
Sarıyer,SPEI,6,1973,4,1973,5,2,1.433,0.717,0.907
Sarıyer,SPEI,6,1973,7,1973,7,1,0.069,0.069,0.069
Sarıyer,SPEI,6,1973,9,1973,9,1,0.404,0.404,0.404
Sarıyer,SPEI,6,1973,12,1974,4,5,1.728,0.346,0.491
Sarıyer,SPEI,6,1975,2,1975,3,2,0.582,0.291,0.527
Sarıyer,SPEI,6,1976,2,1976,7,6,8.269,1.378,1.752
Sarıyer,SPEI,6,1977,2,1977,6,5,3.831,0.766,0.9
Sarıyer,SPEI,6,1979,3,1979,7,5,2.96,0.592,0.945
Sarıyer,SPEI,6,1980,10,1980,12,3,1.048,0.349,0.655
Sarıyer,SPEI,6,1982,10,1983,9,12,9.711,0.809,1.555
Sarıyer,SPEI,6,1983,12,1984,5,6,1.915,0.319,0.54
Sarıyer,SPEI,6,1984,12,1985,9,10,7.942,0.794,1.851
Sarıyer,SPEI,6,1986,5,1986,5,1,0.246,0.246,0.246
Sarıyer,SPEI,6,1986,7,1987,2,8,9.264,1.158,1.652
Sarıyer,SPEI,6,1988,2,1988,10,9,9.753,1.084,1.666
Sarıyer,SPEI,6,1989,4,1989,9,6,6.283,1.047,1.682
Sarıyer,SPEI,6,1989,11,1990,7,9,7.723,0.858,1.394
Sarıyer,SPEI,6,1991,3,1991,3,1,0.658,0.658,0.658
Sarıyer,SPEI,6,1992,3,1992,6,4,2.178,0.544,0.822
Sarıyer,SPEI,6,1992,9,1994,7,23,22.546,0.98,1.906
Sarıyer,SPEI,6,1994,9,1994,9,1,0.396,0.396,0.396
Sarıyer,SPEI,6,1994,12,1994,12,1,0.291,0.291,0.291
Sarıyer,SPEI,6,1995,6,1995,6,1,0.252,0.252,0.252
Sarıyer,SPEI,6,1995,10,1995,10,1,0.204,0.204,0.204
Sarıyer,SPEI,6,1995,12,1996,2,3,1.598,0.533,1.096
Sarıyer,SPEI,6,1996,10,1997,6,9,5.635,0.626,1.253
Sarıyer,SPEI,6,1998,4,1998,4,1,0.457,0.457,0.457
Sarıyer,SPEI,6,1998,9,1998,9,1,0.617,0.617,0.617
Sarıyer,SPEI,6,1998,11,1999,1,3,1.937,0.646,0.808
Sarıyer,SPEI,6,1999,4,1999,6,3,0.764,0.255,0.343
Sarıyer,SPEI,6,2000,11,2001,11,13,10.322,0.794,1.599
Sarıyer,SPEI,6,2002,6,2002,7,2,0.805,0.402,0.448
Sarıyer,SPEI,6,2003,3,2003,3,1,0.588,0.588,0.588
Sarıyer,SPEI,6,2003,6,2003,6,1,0.049,0.049,0.049
Sarıyer,SPEI,6,2003,8,2004,1,6,5.939,0.99,1.489
Sarıyer,SPEI,6,2004,4,2004,5,2,0.418,0.209,0.332
Sarıyer,SPEI,6,2004,7,2004,7,1,0.273,0.273,0.273
Sarıyer,SPEI,6,2005,8,2005,10,3,1.222,0.407,0.746
Sarıyer,SPEI,6,2006,7,2006,9,3,2.377,0.792,1.541
Sarıyer,SPEI,6,2007,3,2008,2,12,15.733,1.311,2.467
Sarıyer,SPEI,6,2008,4,2008,8,5,5.098,1.02,1.493
Sarıyer,SPEI,6,2009,8,2009,10,3,0.523,0.174,0.337
Sarıyer,SPEI,6,2011,4,2012,2,11,8.013,0.728,1.389
Sarıyer,SPEI,6,2012,8,2012,11,4,1.526,0.382,0.68
Sarıyer,SPEI,6,2013,6,2014,8,15,21.056,1.404,2.244
Sarıyer,SPEI,6,2014,12,2015,1,2,0.36,0.18,0.218
Sarıyer,SPEI,6,2015,3,2015,3,1,0.336,0.336,0.336
Sarıyer,SPEI,6,2015,5,2015,5,1,0.189,0.189,0.189
Sarıyer,SPEI,6,2015,7,2015,9,3,1.515,0.505,0.789
Sarıyer,SPEI,6,2015,11,2016,12,14,12.709,0.908,1.906
Sarıyer,SPEI,6,2018,1,2018,8,8,3.499,0.437,0.805
Sarıyer,SPEI,6,2019,6,2019,6,1,0.04,0.04,0.04
Sarıyer,SPEI,6,2019,9,2020,4,8,5.494,0.687,1.063
Sarıyer,SPEI,6,2020,7,2021,5,11,13.581,1.235,2.41
Sarıyer,SPEI,6,2021,9,2022,3,7,5.659,0.808,1.34
Sarıyer,SPEI,6,2022,6,2022,6,1,0.012,0.012,0.012
Sarıyer,SPEI,6,2022,11,2023,6,8,11.628,1.454,2.866
Sarıyer,SPEI,6,2023,9,2023,11,3,2.861,0.954,1.846
Sarıyer,SPEI,6,2024,5,2024,12,8,13.096,1.637,2.093
Sarıyer,SPEI,9,1966,9,1967,6,10,12.07,1.207,2.453
Sarıyer,SPEI,9,1967,9,1968,8,12,9.582,0.799,1.37
Sarıyer,SPEI,9,1968,10,1968,12,3,1.667,0.556,0.974
Sarıyer,SPEI,9,1969,10,1970,4,7,4.369,0.624,1.07
Sarıyer,SPEI,9,1971,8,1972,9,14,9.996,0.714,1.109
Sarıyer,SPEI,9,1973,7,1973,9,3,1.688,0.563,0.654
Sarıyer,SPEI,9,1973,12,1974,4,5,1.576,0.315,0.547
Sarıyer,SPEI,9,1975,6,1975,6,1,0.344,0.344,0.344
Sarıyer,SPEI,9,1976,2,1976,11,10,7.92,0.792,1.728
Sarıyer,SPEI,9,1977,2,1977,6,5,1.939,0.388,0.711
Sarıyer,SPEI,9,1977,9,1977,10,2,0.785,0.393,0.405
Sarıyer,SPEI,9,1979,6,1979,7,2,0.753,0.377,0.417
Sarıyer,SPEI,9,1979,10,1979,10,1,0.001,0.001,0.001
Sarıyer,SPEI,9,1982,10,1984,6,21,11.906,0.567,1.613
Sarıyer,SPEI,9,1984,12,1984,12,1,0.304,0.304,0.304
Sarıyer,SPEI,9,1985,4,1985,9,6,5.715,0.953,1.254
Sarıyer,SPEI,9,1986,7,1987,5,11,9.2,0.836,1.92
Sarıyer,SPEI,9,1988,4,1988,10,7,7.807,1.115,1.815
Sarıyer,SPEI,9,1989,2,1989,5,4,1.215,0.304,0.579
Sarıyer,SPEI,9,1989,8,1990,9,14,13.042,0.932,1.875
Sarıyer,SPEI,9,1991,3,1991,3,1,0.129,0.129,0.129
Sarıyer,SPEI,9,1992,6,1994,11,30,29.178,0.973,2.014
Sarıyer,SPEI,9,1995,5,1995,5,1,0.148,0.148,0.148
Sarıyer,SPEI,9,1995,10,1995,10,1,0.483,0.483,0.483
Sarıyer,SPEI,9,1995,12,1996,2,3,1.274,0.425,0.642
Sarıyer,SPEI,9,1996,12,1997,7,8,5.28,0.66,1.354
Sarıyer,SPEI,9,1998,7,1998,7,1,0.028,0.028,0.028
Sarıyer,SPEI,9,1998,9,1998,9,1,0.326,0.326,0.326
Sarıyer,SPEI,9,1998,12,1999,5,6,1.92,0.32,0.51
Sarıyer,SPEI,9,2000,12,2001,11,12,11.014,0.918,1.998
Sarıyer,SPEI,9,2003,6,2003,9,4,3.153,0.788,0.903
Sarıyer,SPEI,9,2003,11,2004,5,7,4.249,0.607,1.012
Sarıyer,SPEI,9,2004,7,2004,7,1,0.094,0.094,0.094
Sarıyer,SPEI,9,2005,8,2005,8,1,0.076,0.076,0.076
Sarıyer,SPEI,9,2006,8,2006,8,1,0.232,0.232,0.232
Sarıyer,SPEI,9,2006,12,2008,9,22,21.135,0.961,2.713
Sarıyer,SPEI,9,2011,7,2012,4,10,8.539,0.854,1.18
Sarıyer,SPEI,9,2012,7,2012,7,1,0.415,0.415,0.415
Sarıyer,SPEI,9,2012,9,2012,9,1,0.114,0.114,0.114
Sarıyer,SPEI,9,2013,8,2014,10,15,26.605,1.774,4.753
Sarıyer,SPEI,9,2014,12,2015,1,2,0.174,0.087,0.157
Sarıyer,SPEI,9,2015,6,2015,9,4,1.429,0.357,0.524
Sarıyer,SPEI,9,2015,11,2016,12,14,14.863,1.062,1.79
Sarıyer,SPEI,9,2017,2,2017,4,3,0.633,0.211,0.283
Sarıyer,SPEI,9,2018,4,2018,8,5,2.707,0.541,0.933
Sarıyer,SPEI,9,2019,10,2021,8,23,23.974,1.042,2.804
Sarıyer,SPEI,9,2021,10,2022,6,9,6.002,0.667,1.118
Sarıyer,SPEI,9,2022,11,2023,10,12,17.035,1.42,2.101
Sarıyer,SPEI,9,2024,2,2024,6,5,1.685,0.337,0.507
Sarıyer,SPEI,9,2024,8,2024,12,5,11.8,2.36,4.753
Sarıyer,SPEI,12,1966,10,1968,11,26,22.58,0.868,1.46
Sarıyer,SPEI,12,1970,1,1970,4,4,1.058,0.264,0.419
Sarıyer,SPEI,12,1970,6,1970,8,3,1.071,0.357,0.601
Sarıyer,SPEI,12,1971,9,1972,9,13,8.993,0.692,1.506
Sarıyer,SPEI,12,1972,12,1973,1,2,0.334,0.167,0.258
Sarıyer,SPEI,12,1973,9,1974,4,8,2.939,0.367,0.681
Sarıyer,SPEI,12,1975,9,1975,9,1,0.087,0.087,0.087
Sarıyer,SPEI,12,1976,2,1977,5,16,9.255,0.578,1.053
Sarıyer,SPEI,12,1977,8,1977,12,5,1.857,0.371,0.483
Sarıyer,SPEI,12,1979,10,1979,10,1,0.006,0.006,0.006
Sarıyer,SPEI,12,1982,12,1983,10,11,9.307,0.846,1.368
Sarıyer,SPEI,12,1983,12,1984,6,7,3.144,0.449,0.951
Sarıyer,SPEI,12,1984,12,1984,12,1,0.1,0.1,0.1
Sarıyer,SPEI,12,1985,4,1985,9,6,4.538,0.756,1.494
Sarıyer,SPEI,12,1986,10,1987,6,9,7.7,0.856,1.622
Sarıyer,SPEI,12,1988,7,1990,11,29,21.453,0.74,1.645
Sarıyer,SPEI,12,1991,1,1991,1,1,0.01,0.01,0.01
Sarıyer,SPEI,12,1992,9,1995,2,30,34.568,1.152,2.104
Sarıyer,SPEI,12,1995,6,1995,6,1,0.342,0.342,0.342
Sarıyer,SPEI,12,1995,12,1996,2,3,1.297,0.432,0.928
Sarıyer,SPEI,12,1996,7,1996,8,2,0.263,0.132,0.135
Sarıyer,SPEI,12,1996,11,1996,11,1,0.186,0.186,0.186
Sarıyer,SPEI,12,1997,2,1997,6,5,3.469,0.694,0.963
Sarıyer,SPEI,12,1998,10,1998,10,1,0.308,0.308,0.308
Sarıyer,SPEI,12,1999,1,1999,1,1,0.199,0.199,0.199
Sarıyer,SPEI,12,1999,3,1999,7,5,1.706,0.341,0.769
Sarıyer,SPEI,12,1999,10,1999,10,1,0.084,0.084,0.084
Sarıyer,SPEI,12,2001,1,2001,11,11,10.339,0.94,1.701
Sarıyer,SPEI,12,2003,1,2003,1,1,0.192,0.192,0.192
Sarıyer,SPEI,12,2003,8,2004,7,12,7.616,0.635,1.262
Sarıyer,SPEI,12,2005,8,2005,8,1,0.195,0.195,0.195
Sarıyer,SPEI,12,2007,1,2008,8,20,24.324,1.216,2.289
Sarıyer,SPEI,12,2011,9,2012,10,14,9.192,0.657,1.338
Sarıyer,SPEI,12,2013,5,2013,5,1,0.11,0.11,0.11
Sarıyer,SPEI,12,2013,8,2015,1,18,28.587,1.588,4.753
Sarıyer,SPEI,12,2015,5,2015,5,1,0.082,0.082,0.082
Sarıyer,SPEI,12,2015,7,2015,9,3,0.93,0.31,0.613
Sarıyer,SPEI,12,2015,11,2017,6,20,16.98,0.849,2.002
Sarıyer,SPEI,12,2018,1,2018,1,1,0.194,0.194,0.194
Sarıyer,SPEI,12,2018,7,2018,10,4,1.181,0.295,0.588
Sarıyer,SPEI,12,2019,12,2022,7,32,31.871,0.996,2.099
Sarıyer,SPEI,12,2022,11,2023,12,14,17.642,1.26,2.157
Sarıyer,SPEI,12,2024,3,2024,12,10,9.728,0.973,1.95
Tekirdağ,SPI,1,1965,1,1965,1,1,0.376,0.376,0.376
Tekirdağ,SPI,1,1965,3,1965,3,1,0.291,0.291,0.291
Tekirdağ,SPI,1,1965,6,1965,7,2,1.662,0.831,0.901
Tekirdağ,SPI,1,1965,9,1965,10,2,1.647,0.823,1.507
Tekirdağ,SPI,1,1966,2,1966,2,1,1.386,1.386,1.386
Tekirdağ,SPI,1,1966,5,1966,5,1,0.447,0.447,0.447
Tekirdağ,SPI,1,1966,7,1966,7,1,0.338,0.338,0.338
Tekirdağ,SPI,1,1966,9,1966,10,2,1.165,0.583,0.813
Tekirdağ,SPI,1,1967,2,1967,3,2,0.952,0.476,0.541
Tekirdağ,SPI,1,1967,7,1967,7,1,0.061,0.061,0.061
Tekirdağ,SPI,1,1967,9,1967,11,3,1.397,0.466,1.086
Tekirdağ,SPI,1,1968,2,1968,2,1,0.192,0.192,0.192
Tekirdağ,SPI,1,1968,4,1968,5,2,3.2,1.6,1.875
Tekirdağ,SPI,1,1968,7,1968,7,1,0.26,0.26,0.26
Tekirdağ,SPI,1,1968,10,1968,10,1,0.145,0.145,0.145
Tekirdağ,SPI,1,1969,3,1969,3,1,0.072,0.072,0.072
Tekirdağ,SPI,1,1969,5,1969,5,1,3.103,3.103,3.103
Tekirdağ,SPI,1,1969,8,1969,11,4,4.166,1.042,2.128
Tekirdağ,SPI,1,1970,1,1970,1,1,0.048,0.048,0.048
Tekirdağ,SPI,1,1970,6,1970,9,4,2.107,0.527,1.206
Tekirdağ,SPI,1,1971,4,1971,6,3,2.121,0.707,1.019
Tekirdağ,SPI,1,1971,10,1971,10,1,0.197,0.197,0.197
Tekirdağ,SPI,1,1971,12,1972,4,5,4.309,0.862,1.224
Tekirdağ,SPI,1,1972,12,1973,1,2,3.046,1.523,2.965
Tekirdağ,SPI,1,1973,4,1973,6,3,2.0,0.667,0.729
Tekirdağ,SPI,1,1973,8,1973,8,1,0.149,0.149,0.149
Tekirdağ,SPI,1,1973,10,1974,1,4,2.424,0.606,1.031
Tekirdağ,SPI,1,1974,4,1974,4,1,0.102,0.102,0.102
Tekirdağ,SPI,1,1974,7,1974,10,4,2.796,0.699,1.455
Tekirdağ,SPI,1,1974,12,1974,12,1,0.308,0.308,0.308
Tekirdağ,SPI,1,1975,2,1975,2,1,0.706,0.706,0.706
Tekirdağ,SPI,1,1975,7,1975,7,1,0.015,0.015,0.015
Tekirdağ,SPI,1,1975,9,1975,9,1,1.645,1.645,1.645
Tekirdağ,SPI,1,1975,12,1976,3,4,2.926,0.732,1.743
Tekirdağ,SPI,1,1976,6,1976,6,1,0.314,0.314,0.314
Tekirdağ,SPI,1,1976,9,1976,9,1,0.12,0.12,0.12
Tekirdağ,SPI,1,1977,2,1977,2,1,0.641,0.641,0.641
Tekirdağ,SPI,1,1977,4,1977,5,2,0.623,0.311,0.35
Tekirdağ,SPI,1,1977,7,1977,8,2,1.212,0.606,0.846
Tekirdağ,SPI,1,1977,10,1977,10,1,0.647,0.647,0.647
Tekirdağ,SPI,1,1977,12,1977,12,1,0.147,0.147,0.147
Tekirdağ,SPI,1,1978,3,1978,3,1,0.247,0.247,0.247
Tekirdağ,SPI,1,1978,6,1978,7,2,2.128,1.064,1.069
Tekirdağ,SPI,1,1978,11,1978,12,2,1.973,0.986,1.002
Tekirdağ,SPI,1,1979,2,1979,3,2,1.677,0.839,1.192
Tekirdağ,SPI,1,1979,9,1979,9,1,0.631,0.631,0.631
Tekirdağ,SPI,1,1979,12,1979,12,1,0.354,0.354,0.354
Tekirdağ,SPI,1,1980,8,1980,10,3,2.642,0.881,1.4
Tekirdağ,SPI,1,1981,3,1981,4,2,2.455,1.228,2.052
Tekirdağ,SPI,1,1981,6,1981,6,1,2.486,2.486,2.486
Tekirdağ,SPI,1,1981,8,1981,8,1,1.088,1.088,1.088
Tekirdağ,SPI,1,1982,2,1982,3,2,1.021,0.51,0.89
Tekirdağ,SPI,1,1982,6,1982,6,1,0.578,0.578,0.578
Tekirdağ,SPI,1,1982,9,1982,11,3,2.381,0.794,1.212
Tekirdağ,SPI,1,1983,1,1983,1,1,0.362,0.362,0.362
Tekirdağ,SPI,1,1983,3,1983,5,3,4.747,1.582,3.035
Tekirdağ,SPI,1,1983,10,1983,12,3,1.933,0.644,0.909
Tekirdağ,SPI,1,1984,2,1984,2,1,0.324,0.324,0.324
Tekirdağ,SPI,1,1984,5,1984,6,2,0.365,0.182,0.332
Tekirdağ,SPI,1,1984,9,1984,12,4,4.804,1.201,1.645
Tekirdağ,SPI,1,1985,3,1985,3,1,0.937,0.937,0.937
Tekirdağ,SPI,1,1985,5,1985,10,6,3.114,0.519,1.575
Tekirdağ,SPI,1,1985,12,1985,12,1,0.863,0.863,0.863
Tekirdağ,SPI,1,1986,3,1986,5,3,3.211,1.07,1.768
Tekirdağ,SPI,1,1986,7,1986,11,5,2.466,0.493,1.214
Tekirdağ,SPI,1,1987,2,1987,2,1,0.822,0.822,0.822
Tekirdağ,SPI,1,1987,6,1987,10,5,2.472,0.494,1.507
Tekirdağ,SPI,1,1988,1,1988,1,1,1.378,1.378,1.378
Tekirdağ,SPI,1,1988,10,1988,10,1,0.923,0.923,0.923
Tekirdağ,SPI,1,1989,1,1989,2,2,4.499,2.249,2.756
Tekirdağ,SPI,1,1989,4,1989,4,1,1.948,1.948,1.948
Tekirdağ,SPI,1,1989,7,1989,7,1,0.066,0.066,0.066
Tekirdağ,SPI,1,1989,9,1989,11,3,1.329,0.443,0.693
Tekirdağ,SPI,1,1990,1,1990,3,3,5.664,1.888,2.171
Tekirdağ,SPI,1,1991,1,1991,3,3,2.136,0.712,1.007
Tekirdağ,SPI,1,1991,6,1991,6,1,1.192,1.192,1.192
Tekirdağ,SPI,1,1991,8,1991,9,2,1.137,0.569,0.868
Tekirdağ,SPI,1,1991,11,1992,2,4,5.616,1.404,2.576
Tekirdağ,SPI,1,1992,5,1992,5,1,0.542,0.542,0.542
Tekirdağ,SPI,1,1992,8,1992,9,2,0.456,0.228,0.405
Tekirdağ,SPI,1,1992,12,1993,1,2,0.674,0.337,0.459
Tekirdağ,SPI,1,1993,4,1993,4,1,0.647,0.647,0.647
Tekirdağ,SPI,1,1993,6,1993,7,2,1.503,0.752,0.755
Tekirdağ,SPI,1,1993,9,1993,10,2,1.979,0.99,1.524
Tekirdağ,SPI,1,1994,1,1994,1,1,0.247,0.247,0.247
Tekirdağ,SPI,1,1994,4,1994,4,1,0.08,0.08,0.08
Tekirdağ,SPI,1,1994,7,1994,8,2,0.911,0.456,0.623
Tekirdağ,SPI,1,1995,2,1995,2,1,0.497,0.497,0.497
Tekirdağ,SPI,1,1995,4,1995,5,2,0.602,0.301,0.479
Tekirdağ,SPI,1,1995,10,1995,10,1,0.729,0.729,0.729
Tekirdağ,SPI,1,1996,1,1996,1,1,0.062,0.062,0.062
Tekirdağ,SPI,1,1996,5,1996,6,2,1.361,0.68,0.766
Tekirdağ,SPI,1,1996,10,1996,11,2,0.794,0.397,0.669
Tekirdağ,SPI,1,1997,1,1997,2,2,1.736,0.868,1.105
Tekirdağ,SPI,1,1997,5,1997,5,1,1.588,1.588,1.588
Tekirdağ,SPI,1,1997,9,1997,9,1,1.507,1.507,1.507
Tekirdağ,SPI,1,1997,11,1997,11,1,0.349,0.349,0.349
Tekirdağ,SPI,1,1998,1,1998,1,1,0.098,0.098,0.098
Tekirdağ,SPI,1,1998,4,1998,4,1,0.692,0.692,0.692
Tekirdağ,SPI,1,1998,6,1998,6,1,0.323,0.323,0.323
Tekirdağ,SPI,1,1999,1,1999,1,1,0.417,0.417,0.417
Tekirdağ,SPI,1,1999,4,1999,4,1,1.146,1.146,1.146
Tekirdağ,SPI,1,1999,6,1999,8,3,1.55,0.517,0.733
Tekirdağ,SPI,1,2000,1,2000,1,1,0.743,0.743,0.743
Tekirdağ,SPI,1,2000,6,2000,7,2,1.106,0.553,0.788
Tekirdağ,SPI,1,2000,11,2001,1,3,3.353,1.118,1.756
Tekirdağ,SPI,1,2001,3,2001,3,1,1.005,1.005,1.005
Tekirdağ,SPI,1,2001,6,2001,6,1,0.982,0.982,0.982
Tekirdağ,SPI,1,2001,8,2001,8,1,0.005,0.005,0.005
Tekirdağ,SPI,1,2001,10,2001,10,1,1.925,1.925,1.925
Tekirdağ,SPI,1,2002,1,2002,2,2,1.499,0.75,1.179
Tekirdağ,SPI,1,2002,4,2002,5,2,1.62,0.81,1.602
Tekirdağ,SPI,1,2002,10,2002,10,1,0.222,0.222,0.222
Tekirdağ,SPI,1,2002,12,2002,12,1,0.615,0.615,0.615
Tekirdağ,SPI,1,2003,3,2003,3,1,1.167,1.167,1.167
Tekirdağ,SPI,1,2003,5,2003,6,2,2.536,1.268,1.602
Tekirdağ,SPI,1,2003,11,2003,11,1,1.122,1.122,1.122
Tekirdağ,SPI,1,2004,2,2004,2,1,0.274,0.274,0.274
Tekirdağ,SPI,1,2004,4,2004,5,2,0.456,0.228,0.345
Tekirdağ,SPI,1,2004,9,2005,1,5,3.767,0.753,1.645
Tekirdağ,SPI,1,2005,3,2005,4,2,2.146,1.073,1.458
Tekirdağ,SPI,1,2005,6,2005,10,5,2.36,0.472,0.735
Tekirdağ,SPI,1,2006,1,2006,1,1,1.433,1.433,1.433
Tekirdağ,SPI,1,2006,4,2006,7,4,3.494,0.873,1.817
Tekirdağ,SPI,1,2006,10,2007,4,7,6.488,0.927,1.91
Tekirdağ,SPI,1,2007,6,2007,10,5,4.939,0.988,2.077
Tekirdağ,SPI,1,2007,12,2008,2,3,2.656,0.885,1.481
Tekirdağ,SPI,1,2008,4,2008,5,2,1.238,0.619,0.797
Tekirdağ,SPI,1,2008,7,2008,8,2,1.046,0.523,0.915
Tekirdağ,SPI,1,2008,11,2008,12,2,1.37,0.685,0.956
Tekirdağ,SPI,1,2009,4,2009,6,3,1.845,0.615,0.849
Tekirdağ,SPI,1,2009,8,2009,8,1,1.282,1.282,1.282
Tekirdağ,SPI,1,2010,4,2010,5,2,1.267,0.633,0.779
Tekirdağ,SPI,1,2010,8,2010,8,1,1.282,1.282,1.282
Tekirdağ,SPI,1,2010,11,2010,11,1,0.69,0.69,0.69
Tekirdağ,SPI,1,2011,1,2011,3,3,1.193,0.398,0.904
Tekirdağ,SPI,1,2011,7,2011,7,1,0.438,0.438,0.438
Tekirdağ,SPI,1,2011,11,2011,11,1,2.274,2.274,2.274
Tekirdağ,SPI,1,2012,1,2012,3,3,1.758,0.586,1.304
Tekirdağ,SPI,1,2012,6,2012,9,4,4.23,1.058,3.023
Tekirdağ,SPI,1,2012,11,2012,11,1,1.497,1.497,1.497
Tekirdağ,SPI,1,2013,4,2013,5,2,2.497,1.248,1.314
Tekirdağ,SPI,1,2013,7,2013,9,3,3.089,1.03,1.535
Tekirdağ,SPI,1,2013,11,2014,2,4,5.336,1.334,2.471
Tekirdağ,SPI,1,2014,8,2014,8,1,0.193,0.193,0.193
Tekirdağ,SPI,1,2014,11,2014,11,1,0.959,0.959,0.959
Tekirdağ,SPI,1,2015,3,2015,3,1,0.683,0.683,0.683
Tekirdağ,SPI,1,2015,5,2015,5,1,1.166,1.166,1.166
Tekirdağ,SPI,1,2015,7,2015,8,2,2.702,1.351,1.42
Tekirdağ,SPI,1,2015,11,2015,12,2,3.281,1.641,3.081
Tekirdağ,SPI,1,2016,3,2016,5,3,1.379,0.46,0.744
Tekirdağ,SPI,1,2016,7,2016,9,3,3.634,1.211,1.583
Tekirdağ,SPI,1,2016,12,2016,12,1,0.609,0.609,0.609
Tekirdağ,SPI,1,2017,2,2017,3,2,1.205,0.603,0.693
Tekirdağ,SPI,1,2017,5,2017,6,2,0.833,0.416,0.766
Tekirdağ,SPI,1,2017,9,2017,9,1,0.427,0.427,0.427
Tekirdağ,SPI,1,2018,4,2018,5,2,1.959,0.98,1.637
Tekirdağ,SPI,1,2018,8,2018,11,4,1.614,0.404,1.282
Tekirdağ,SPI,1,2019,2,2020,1,12,6.805,0.567,1.282
Tekirdağ,SPI,1,2020,3,2020,3,1,0.959,0.959,0.959
Tekirdağ,SPI,1,2020,7,2020,9,3,2.204,0.735,1.645
Tekirdağ,SPI,1,2020,11,2020,12,2,3.625,1.812,3.082
Tekirdağ,SPI,1,2021,3,2021,3,1,0.011,0.011,0.011
Tekirdağ,SPI,1,2021,7,2021,7,1,0.861,0.861,0.861
Tekirdağ,SPI,1,2021,9,2022,1,5,2.768,0.554,1.112
Tekirdağ,SPI,1,2022,3,2022,3,1,2.177,2.177,2.177
Tekirdağ,SPI,1,2022,5,2022,5,1,0.694,0.694,0.694
Tekirdağ,SPI,1,2022,7,2022,7,1,0.352,0.352,0.352
Tekirdağ,SPI,1,2022,9,2023,2,6,6.864,1.144,2.122
Tekirdağ,SPI,1,2023,5,2023,10,6,3.208,0.535,1.117
Tekirdağ,SPI,1,2024,2,2024,2,1,0.442,0.442,0.442
Tekirdağ,SPI,1,2024,5,2024,8,4,5.115,1.279,1.747
Tekirdağ,SPI,1,2024,10,2024,11,2,2.827,1.413,1.884
Tekirdağ,SPI,3,1965,7,1965,10,4,2.507,0.627,0.848
Tekirdağ,SPI,3,1966,7,1966,10,4,2.83,0.708,1.002
Tekirdağ,SPI,3,1967,4,1967,5,2,0.854,0.427,0.661
Tekirdağ,SPI,3,1967,7,1967,12,6,2.485,0.414,1.109
Tekirdağ,SPI,3,1968,4,1968,7,4,3.23,0.808,1.701
Tekirdağ,SPI,3,1969,5,1969,5,1,0.817,0.817,0.817
Tekirdağ,SPI,3,1969,9,1969,12,4,5.652,1.413,2.406
Tekirdağ,SPI,3,1970,6,1970,11,6,3.191,0.532,1.379
Tekirdağ,SPI,3,1971,6,1971,8,3,3.346,1.115,1.78
Tekirdağ,SPI,3,1971,10,1971,10,1,0.149,0.149,0.149
Tekirdağ,SPI,3,1971,12,1972,6,7,7.603,1.086,2.321
Tekirdağ,SPI,3,1973,1,1973,2,2,1.547,0.774,1.08
Tekirdağ,SPI,3,1973,5,1973,8,4,4.166,1.041,1.72
Tekirdağ,SPI,3,1973,10,1974,3,6,5.531,0.922,1.639
Tekirdağ,SPI,3,1974,8,1974,12,5,2.9,0.58,1.156
Tekirdağ,SPI,3,1975,2,1975,2,1,0.545,0.545,0.545
Tekirdağ,SPI,3,1975,9,1975,9,1,0.092,0.092,0.092
Tekirdağ,SPI,3,1976,2,1976,7,6,5.226,0.871,1.748
Tekirdağ,SPI,3,1977,3,1977,5,3,1.03,0.343,0.565
Tekirdağ,SPI,3,1977,10,1977,10,1,0.011,0.011,0.011
Tekirdağ,SPI,3,1977,12,1977,12,1,0.671,0.671,0.671
Tekirdağ,SPI,3,1978,7,1978,8,2,0.929,0.465,0.646
Tekirdağ,SPI,3,1978,12,1979,4,5,2.899,0.58,0.796
Tekirdağ,SPI,3,1980,8,1980,12,5,3.584,0.717,1.798
Tekirdağ,SPI,3,1981,4,1981,6,3,3.399,1.133,1.474
Tekirdağ,SPI,3,1981,8,1981,8,1,0.508,0.508,0.508
Tekirdağ,SPI,3,1981,10,1981,10,1,0.036,0.036,0.036
Tekirdağ,SPI,3,1982,3,1982,3,1,0.479,0.479,0.479
Tekirdağ,SPI,3,1982,8,1983,1,6,4.039,0.673,1.483
Tekirdağ,SPI,3,1983,3,1983,6,4,6.291,1.573,3.025
Tekirdağ,SPI,3,1983,11,1984,1,3,2.111,0.704,1.449
Tekirdağ,SPI,3,1984,10,1985,2,5,5.696,1.139,1.924
Tekirdağ,SPI,3,1985,4,1985,10,7,4.94,0.706,1.429
Tekirdağ,SPI,3,1985,12,1985,12,1,0.05,0.05,0.05
Tekirdağ,SPI,3,1986,4,1986,5,2,2.216,1.108,1.991
Tekirdağ,SPI,3,1986,9,1986,12,4,3.006,0.752,1.254
Tekirdağ,SPI,3,1987,4,1987,4,1,0.538,0.538,0.538
Tekirdağ,SPI,3,1987,6,1987,11,6,3.654,0.609,1.151
Tekirdağ,SPI,3,1988,3,1988,3,1,0.071,0.071,0.071
Tekirdağ,SPI,3,1988,10,1988,10,1,0.434,0.434,0.434
Tekirdağ,SPI,3,1989,2,1989,4,3,4.016,1.339,1.672
Tekirdağ,SPI,3,1989,9,1990,5,9,9.657,1.073,3.112
Tekirdağ,SPI,3,1991,3,1991,4,2,1.476,0.738,1.356
Tekirdağ,SPI,3,1991,8,1991,9,2,1.024,0.512,0.714
Tekirdağ,SPI,3,1991,12,1992,4,5,6.289,1.258,2.516
Tekirdağ,SPI,3,1992,9,1993,2,6,2.618,0.436,0.662
Tekirdağ,SPI,3,1993,6,1994,1,8,5.09,0.636,1.28
Tekirdağ,SPI,3,1994,8,1994,9,2,0.439,0.22,0.268
Tekirdağ,SPI,3,1995,6,1995,6,1,0.041,0.041,0.041
Tekirdağ,SPI,3,1996,6,1996,6,1,0.875,0.875,0.875
Tekirdağ,SPI,3,1996,11,1997,3,5,2.487,0.497,0.749
Tekirdağ,SPI,3,1997,7,1997,7,1,0.115,0.115,0.115
Tekirdağ,SPI,3,1999,6,1999,9,4,3.316,0.829,1.125
Tekirdağ,SPI,3,2000,3,2000,3,1,0.214,0.214,0.214
Tekirdağ,SPI,3,2000,7,2000,9,3,0.943,0.314,0.673
Tekirdağ,SPI,3,2000,11,2001,2,4,4.094,1.023,1.912
Tekirdağ,SPI,3,2001,7,2001,8,2,0.792,0.396,0.698
Tekirdağ,SPI,3,2001,10,2001,10,1,0.491,0.491,0.491
Tekirdağ,SPI,3,2002,3,2002,6,4,2.496,0.624,0.827
Tekirdağ,SPI,3,2002,12,2002,12,1,0.584,0.584,0.584
Tekirdağ,SPI,3,2003,5,2003,7,3,2.383,0.794,1.232
Tekirdağ,SPI,3,2003,12,2003,12,1,0.06,0.06,0.06
Tekirdağ,SPI,3,2004,4,2004,5,2,0.455,0.227,0.296
Tekirdağ,SPI,3,2004,10,2005,6,9,6.355,0.706,1.998
Tekirdağ,SPI,3,2005,8,2005,11,4,3.12,0.78,1.359
Tekirdağ,SPI,3,2006,1,2006,2,2,0.696,0.348,0.481
Tekirdağ,SPI,3,2006,5,2006,8,4,4.159,1.04,1.837
Tekirdağ,SPI,3,2006,12,2007,10,11,20.474,1.861,2.985
Tekirdağ,SPI,3,2008,2,2008,9,8,6.35,0.794,1.474
Tekirdağ,SPI,3,2008,11,2009,2,4,2.503,0.626,0.9
Tekirdağ,SPI,3,2009,5,2009,7,3,2.07,0.69,1.57
Tekirdağ,SPI,3,2010,5,2010,6,2,1.596,0.798,1.007
Tekirdağ,SPI,3,2011,1,2011,1,1,0.155,0.155,0.155
Tekirdağ,SPI,3,2011,3,2011,4,2,0.804,0.402,0.743
Tekirdağ,SPI,3,2012,1,2012,4,4,2.944,0.736,1.091
Tekirdağ,SPI,3,2012,7,2012,9,3,3.452,1.151,1.79
Tekirdağ,SPI,3,2012,11,2012,11,1,0.763,0.763,0.763
Tekirdağ,SPI,3,2013,5,2013,9,5,6.841,1.368,1.582
Tekirdağ,SPI,3,2013,11,2014,4,6,6.029,1.005,2.23
Tekirdağ,SPI,3,2015,1,2015,1,1,0.287,0.287,0.287
Tekirdağ,SPI,3,2015,5,2015,5,1,0.703,0.703,0.703
Tekirdağ,SPI,3,2015,7,2015,9,3,1.203,0.401,0.57
Tekirdağ,SPI,3,2015,12,2016,2,3,2.26,0.753,0.985
Tekirdağ,SPI,3,2016,4,2016,10,7,6.383,0.912,2.227
Tekirdağ,SPI,3,2017,2,2017,6,5,2.945,0.589,1.031
Tekirdağ,SPI,3,2018,5,2018,6,2,0.999,0.499,0.743
Tekirdağ,SPI,3,2018,10,2018,11,2,1.066,0.533,0.562
Tekirdağ,SPI,3,2019,3,2020,4,14,14.771,1.055,2.017
Tekirdağ,SPI,3,2020,9,2021,1,5,4.766,0.953,1.509
Tekirdağ,SPI,3,2021,4,2021,4,1,0.009,0.009,0.009
Tekirdağ,SPI,3,2021,9,2022,3,7,6.028,0.861,1.33
Tekirdağ,SPI,3,2022,5,2022,5,1,0.832,0.832,0.832
Tekirdağ,SPI,3,2022,7,2022,7,1,0.989,0.989,0.989
Tekirdağ,SPI,3,2022,9,2023,4,8,10.918,1.365,2.289
Tekirdağ,SPI,3,2023,7,2023,10,4,4.397,1.099,1.563
Tekirdağ,SPI,3,2024,3,2024,3,1,0.024,0.024,0.024
Tekirdağ,SPI,3,2024,6,2024,12,7,12.141,1.734,3.053
Tekirdağ,SPI,6,1965,9,1965,10,2,0.731,0.365,0.69
Tekirdağ,SPI,6,1966,7,1966,7,1,0.279,0.279,0.279
Tekirdağ,SPI,6,1966,9,1966,10,2,1.759,0.879,1.253
Tekirdağ,SPI,6,1967,7,1967,12,6,3.575,0.596,1.096
Tekirdağ,SPI,6,1968,7,1968,8,2,0.995,0.498,0.811
Tekirdağ,SPI,6,1969,8,1970,2,7,4.633,0.662,1.284
Tekirdağ,SPI,6,1970,9,1971,1,5,2.494,0.499,0.971
Tekirdağ,SPI,6,1971,9,1972,8,12,11.464,0.955,1.997
Tekirdağ,SPI,6,1973,4,1974,5,14,13.38,0.956,1.646
Tekirdağ,SPI,6,1974,10,1975,3,6,2.809,0.468,0.827
Tekirdağ,SPI,6,1976,2,1976,7,6,5.495,0.916,1.673
Tekirdağ,SPI,6,1977,5,1977,8,4,0.853,0.213,0.375
Tekirdağ,SPI,6,1977,10,1977,10,1,0.001,0.001,0.001
Tekirdağ,SPI,6,1977,12,1977,12,1,0.444,0.444,0.444
Tekirdağ,SPI,6,1978,3,1978,3,1,0.159,0.159,0.159
Tekirdağ,SPI,6,1979,3,1979,5,3,2.127,0.709,1.034
Tekirdağ,SPI,6,1980,9,1980,12,4,2.954,0.739,0.992
Tekirdağ,SPI,6,1981,7,1981,10,4,2.911,0.728,1.136
Tekirdağ,SPI,6,1982,10,1983,8,11,10.568,0.961,1.577
Tekirdağ,SPI,6,1983,12,1984,3,4,0.823,0.206,0.351
Tekirdağ,SPI,6,1984,10,1985,5,8,7.195,0.899,1.262
Tekirdağ,SPI,6,1985,7,1985,12,6,5.264,0.877,1.483
Tekirdağ,SPI,6,1986,5,1986,5,1,0.103,0.103,0.103
Tekirdağ,SPI,6,1986,8,1987,3,8,3.396,0.424,0.825
Tekirdağ,SPI,6,1987,7,1987,11,5,3.904,0.781,1.034
Tekirdağ,SPI,6,1988,1,1988,2,2,0.608,0.304,0.376
Tekirdağ,SPI,6,1988,10,1988,10,1,0.206,0.206,0.206
Tekirdağ,SPI,6,1989,2,1989,3,2,0.164,0.082,0.146
Tekirdağ,SPI,6,1989,5,1989,7,3,1.401,0.467,0.766
Tekirdağ,SPI,6,1989,11,1990,8,10,11.353,1.135,1.944
Tekirdağ,SPI,6,1991,3,1991,3,1,0.136,0.136,0.136
Tekirdağ,SPI,6,1991,6,1991,6,1,0.107,0.107,0.107
Tekirdağ,SPI,6,1991,11,1992,6,8,7.331,0.916,1.819
Tekirdağ,SPI,6,1992,12,1993,4,5,2.555,0.511,1.007
Tekirdağ,SPI,6,1993,8,1994,3,8,6.299,0.787,1.273
Tekirdağ,SPI,6,1994,8,1994,9,2,0.295,0.147,0.216
Tekirdağ,SPI,6,1997,1,1997,6,6,2.986,0.498,0.825
Tekirdağ,SPI,6,1999,8,1999,11,4,2.259,0.565,1.099
Tekirdağ,SPI,6,2000,6,2000,6,1,0.119,0.119,0.119
Tekirdağ,SPI,6,2000,9,2000,9,1,0.063,0.063,0.063
Tekirdağ,SPI,6,2000,11,2001,5,7,6.188,0.884,1.218
Tekirdağ,SPI,6,2001,8,2001,8,1,0.226,0.226,0.226
Tekirdağ,SPI,6,2001,10,2001,11,2,0.798,0.399,0.519
Tekirdağ,SPI,6,2002,6,2002,7,2,1.679,0.84,1.334
Tekirdağ,SPI,6,2003,8,2003,8,1,0.045,0.045,0.045
Tekirdağ,SPI,6,2004,12,2006,2,15,12.107,0.807,1.36
Tekirdağ,SPI,6,2006,4,2006,9,6,3.146,0.524,0.962
Tekirdağ,SPI,6,2006,12,2007,10,11,23.39,2.126,3.817
Tekirdağ,SPI,6,2008,5,2009,8,16,12.486,0.78,1.717
Tekirdağ,SPI,6,2010,8,2010,9,2,0.476,0.238,0.42
Tekirdağ,SPI,6,2011,4,2011,4,1,0.207,0.207,0.207
Tekirdağ,SPI,6,2012,3,2012,11,9,6.821,0.758,1.575
Tekirdağ,SPI,6,2013,7,2014,5,11,13.316,1.211,2.226
Tekirdağ,SPI,6,2015,8,2015,10,3,0.974,0.325,0.735
Tekirdağ,SPI,6,2015,12,2017,9,22,14.51,0.66,1.676
Tekirdağ,SPI,6,2019,1,2020,5,17,20.188,1.188,2.212
Tekirdağ,SPI,6,2020,11,2021,4,6,5.05,0.842,1.871
Tekirdağ,SPI,6,2021,10,2023,10,25,30.006,1.2,2.99
Tekirdağ,SPI,6,2024,6,2024,12,7,11.134,1.591,2.959
Tekirdağ,SPI,9,1966,10,1966,10,1,0.878,0.878,0.878
Tekirdağ,SPI,9,1967,9,1967,12,4,2.527,0.632,1.14
Tekirdağ,SPI,9,1969,10,1970,1,4,3.376,0.844,1.564
Tekirdağ,SPI,9,1970,11,1971,2,4,1.185,0.296,0.47
Tekirdağ,SPI,9,1971,10,1971,10,1,0.055,0.055,0.055
Tekirdağ,SPI,9,1971,12,1972,9,10,10.882,1.088,1.404
Tekirdağ,SPI,9,1973,6,1974,10,17,15.916,0.936,1.941
Tekirdağ,SPI,9,1974,12,1975,5,6,2.426,0.404,0.796
Tekirdağ,SPI,9,1976,3,1976,9,7,3.334,0.476,0.67
Tekirdağ,SPI,9,1977,8,1977,12,5,1.06,0.212,0.39
Tekirdağ,SPI,9,1978,3,1978,3,1,0.094,0.094,0.094
Tekirdağ,SPI,9,1979,6,1979,8,3,1.179,0.393,0.581
Tekirdağ,SPI,9,1980,10,1980,12,3,2.047,0.682,0.797
Tekirdağ,SPI,9,1981,4,1981,6,3,0.482,0.161,0.277
Tekirdağ,SPI,9,1981,10,1981,10,1,0.64,0.64,0.64
Tekirdağ,SPI,9,1982,9,1983,8,12,10.305,0.859,1.826
Tekirdağ,SPI,9,1983,10,1983,12,3,1.432,0.477,0.789
Tekirdağ,SPI,9,1984,6,1984,6,1,0.166,0.166,0.166
Tekirdağ,SPI,9,1984,10,1986,1,16,12.234,0.765,1.38
Tekirdağ,SPI,9,1986,5,1986,5,1,0.037,0.037,0.037
Tekirdağ,SPI,9,1986,10,1987,7,10,3.798,0.38,1.114
Tekirdağ,SPI,9,1987,9,1988,3,7,3.406,0.487,1.253
Tekirdağ,SPI,9,1989,2,1989,2,1,0.026,0.026,0.026
Tekirdağ,SPI,9,1989,4,1989,5,2,0.372,0.186,0.289
Tekirdağ,SPI,9,1989,8,1990,11,16,13.951,0.872,1.904
Tekirdağ,SPI,9,1991,3,1991,3,1,0.14,0.14,0.14
Tekirdağ,SPI,9,1991,9,1991,9,1,0.368,0.368,0.368
Tekirdağ,SPI,9,1992,1,1992,10,10,8.041,0.804,1.502
Tekirdağ,SPI,9,1992,12,1993,1,2,0.648,0.324,0.461
Tekirdağ,SPI,9,1993,3,1994,6,16,9.261,0.579,1.0
Tekirdağ,SPI,9,1994,8,1994,9,2,0.171,0.085,0.097
Tekirdağ,SPI,9,1996,12,1997,7,8,2.661,0.333,0.73
Tekirdağ,SPI,9,1997,9,1997,9,1,0.332,0.332,0.332
Tekirdağ,SPI,9,1999,9,1999,9,1,0.037,0.037,0.037
Tekirdağ,SPI,9,1999,11,1999,11,1,0.085,0.085,0.085
Tekirdağ,SPI,9,2000,1,2000,1,1,0.091,0.091,0.091
Tekirdağ,SPI,9,2000,9,2000,9,1,0.327,0.327,0.327
Tekirdağ,SPI,9,2000,11,2001,8,10,8.299,0.83,1.176
Tekirdağ,SPI,9,2001,10,2001,11,2,0.276,0.138,0.172
Tekirdağ,SPI,9,2003,6,2003,6,1,0.195,0.195,0.195
Tekirdağ,SPI,9,2004,11,2006,9,23,16.541,0.719,1.368
Tekirdağ,SPI,9,2006,11,2007,11,13,23.224,1.786,3.534
Tekirdağ,SPI,9,2008,1,2008,3,3,0.378,0.126,0.33
Tekirdağ,SPI,9,2008,5,2008,5,1,0.021,0.021,0.021
Tekirdağ,SPI,9,2008,8,2009,8,13,12.761,0.982,1.705
Tekirdağ,SPI,9,2012,6,2012,11,6,5.715,0.953,1.434
Tekirdağ,SPI,9,2013,9,2014,8,12,11.973,0.998,1.852
Tekirdağ,SPI,9,2015,7,2015,7,1,0.211,0.211,0.211
Tekirdağ,SPI,9,2015,9,2015,9,1,0.064,0.064,0.064
Tekirdağ,SPI,9,2015,11,2017,11,25,17.027,0.681,1.459
Tekirdağ,SPI,9,2019,4,2020,9,18,22.91,1.273,2.557
Tekirdağ,SPI,9,2020,11,2021,7,9,4.195,0.466,0.865
Tekirdağ,SPI,9,2021,10,2023,10,25,36.951,1.478,2.613
Tekirdağ,SPI,9,2024,8,2024,12,5,7.125,1.425,1.987
Tekirdağ,SPI,12,1967,11,1968,1,3,0.537,0.179,0.313
Tekirdağ,SPI,12,1968,5,1968,7,3,0.14,0.047,0.065
Tekirdağ,SPI,12,1970,1,1970,2,2,0.414,0.207,0.276
Tekirdağ,SPI,12,1970,7,1970,9,3,0.174,0.058,0.085
Tekirdağ,SPI,12,1971,2,1971,2,1,0.004,0.004,0.004
Tekirdağ,SPI,12,1971,6,1971,6,1,0.088,0.088,0.088
Tekirdağ,SPI,12,1972,1,1972,9,9,9.593,1.066,1.576
Tekirdağ,SPI,12,1972,11,1973,1,3,1.304,0.435,0.592
Tekirdağ,SPI,12,1973,8,1975,5,22,18.999,0.864,1.866
Tekirdağ,SPI,12,1976,6,1976,8,3,0.965,0.322,0.449
Tekirdağ,SPI,12,1976,11,1976,11,1,0.162,0.162,0.162
Tekirdağ,SPI,12,1977,10,1978,1,4,0.948,0.237,0.536
Tekirdağ,SPI,12,1978,3,1978,3,1,0.072,0.072,0.072
Tekirdağ,SPI,12,1979,9,1979,10,2,0.525,0.262,0.346
Tekirdağ,SPI,12,1980,10,1980,12,3,0.876,0.292,0.504
Tekirdağ,SPI,12,1981,4,1981,9,6,1.557,0.26,0.401
Tekirdağ,SPI,12,1982,12,1984,2,15,13.224,0.882,1.846
Tekirdağ,SPI,12,1984,9,1986,2,18,11.796,0.655,1.55
Tekirdağ,SPI,12,1986,4,1986,5,2,0.533,0.267,0.273
Tekirdağ,SPI,12,1986,11,1986,11,1,0.39,0.39,0.39
Tekirdağ,SPI,12,1987,1,1987,11,11,4.345,0.395,0.593
Tekirdağ,SPI,12,1988,1,1988,6,6,1.757,0.293,0.773
Tekirdağ,SPI,12,1989,4,1989,4,1,0.193,0.193,0.193
Tekirdağ,SPI,12,1989,11,1991,2,16,15.318,0.957,1.586
Tekirdağ,SPI,12,1991,12,1993,1,14,9.814,0.701,1.381
Tekirdağ,SPI,12,1993,3,1993,4,2,0.185,0.092,0.155
Tekirdağ,SPI,12,1993,6,1994,9,16,10.876,0.68,0.973
Tekirdağ,SPI,12,1997,2,1997,9,8,2.358,0.295,0.539
Tekirdağ,SPI,12,2000,3,2000,3,1,0.165,0.165,0.165
Tekirdağ,SPI,12,2000,11,2001,11,13,9.98,0.768,1.207
Tekirdağ,SPI,12,2005,1,2008,9,45,43.972,0.977,3.06
Tekirdağ,SPI,12,2008,11,2009,8,10,11.328,1.133,1.887
Tekirdağ,SPI,12,2012,9,2012,12,4,3.303,0.826,1.328
Tekirdağ,SPI,12,2013,12,2014,8,9,10.806,1.201,2.113
Tekirdağ,SPI,12,2015,10,2015,10,1,0.075,0.075,0.075
Tekirdağ,SPI,12,2015,12,2018,1,26,19.036,0.732,1.327
Tekirdağ,SPI,12,2019,3,2019,3,1,0.092,0.092,0.092
Tekirdağ,SPI,12,2019,6,2023,12,55,70.735,1.286,2.698
Tekirdağ,SPI,12,2024,11,2024,12,2,3.279,1.639,1.764
Tekirdağ,SPEI,1,1965,1,1965,1,1,0.647,0.647,0.647
Tekirdağ,SPEI,1,1965,3,1965,3,1,0.382,0.382,0.382
Tekirdağ,SPEI,1,1965,6,1965,7,2,1.374,0.687,0.987
Tekirdağ,SPEI,1,1965,9,1965,10,2,1.229,0.614,1.192
Tekirdağ,SPEI,1,1966,2,1966,2,1,1.669,1.669,1.669
Tekirdağ,SPEI,1,1966,5,1966,5,1,0.353,0.353,0.353
Tekirdağ,SPEI,1,1966,7,1966,10,4,2.238,0.559,1.493
Tekirdağ,SPEI,1,1967,2,1967,3,2,0.902,0.451,0.497
Tekirdağ,SPEI,1,1967,5,1967,5,1,0.07,0.07,0.07
Tekirdağ,SPEI,1,1967,7,1967,7,1,0.185,0.185,0.185
Tekirdağ,SPEI,1,1967,9,1967,11,3,1.784,0.595,1.177
Tekirdağ,SPEI,1,1968,2,1968,2,1,0.383,0.383,0.383
Tekirdağ,SPEI,1,1968,4,1968,5,2,3.255,1.627,1.746
Tekirdağ,SPEI,1,1968,7,1968,7,1,0.18,0.18,0.18
Tekirdağ,SPEI,1,1968,10,1968,11,2,0.118,0.059,0.088
Tekirdağ,SPEI,1,1969,5,1969,5,1,1.689,1.689,1.689
Tekirdağ,SPEI,1,1969,9,1969,11,3,3.728,1.243,1.424
Tekirdağ,SPEI,1,1970,1,1970,1,1,0.28,0.28,0.28
Tekirdağ,SPEI,1,1970,4,1970,4,1,0.19,0.19,0.19
Tekirdağ,SPEI,1,1970,7,1970,7,1,0.911,0.911,0.911
Tekirdağ,SPEI,1,1970,9,1970,9,1,0.497,0.497,0.497
Tekirdağ,SPEI,1,1970,12,1970,12,1,0.026,0.026,0.026
Tekirdağ,SPEI,1,1971,4,1971,6,3,2.241,0.747,0.836
Tekirdağ,SPEI,1,1971,12,1972,4,5,4.8,0.96,1.539
Tekirdağ,SPEI,1,1972,12,1973,1,2,1.777,0.888,1.678
Tekirdağ,SPEI,1,1973,4,1973,6,3,1.677,0.559,0.872
Tekirdağ,SPEI,1,1973,10,1974,2,5,2.9,0.58,0.976
Tekirdağ,SPEI,1,1974,7,1974,10,4,1.766,0.442,1.202
Tekirdağ,SPEI,1,1974,12,1974,12,1,0.544,0.544,0.544
Tekirdağ,SPEI,1,1975,2,1975,2,1,0.641,0.641,0.641
Tekirdağ,SPEI,1,1975,4,1975,4,1,0.369,0.369,0.369
Tekirdağ,SPEI,1,1975,7,1975,7,1,0.207,0.207,0.207
Tekirdağ,SPEI,1,1975,9,1975,9,1,1.787,1.787,1.787
Tekirdağ,SPEI,1,1975,12,1976,4,5,2.833,0.567,1.25
Tekirdağ,SPEI,1,1976,6,1976,6,1,0.222,0.222,0.222
Tekirdağ,SPEI,1,1977,2,1977,2,1,1.259,1.259,1.259
Tekirdağ,SPEI,1,1977,4,1977,5,2,0.733,0.366,0.371
Tekirdağ,SPEI,1,1977,7,1977,8,2,0.669,0.335,0.369
Tekirdağ,SPEI,1,1977,10,1977,12,3,0.615,0.205,0.331
Tekirdağ,SPEI,1,1978,3,1978,3,1,0.632,0.632,0.632
Tekirdağ,SPEI,1,1978,6,1978,7,2,1.28,0.64,0.862
Tekirdağ,SPEI,1,1978,11,1978,12,2,2.202,1.101,1.305
Tekirdağ,SPEI,1,1979,2,1979,3,2,2.278,1.139,1.598
Tekirdağ,SPEI,1,1979,6,1979,6,1,0.322,0.322,0.322
Tekirdağ,SPEI,1,1979,9,1979,9,1,0.458,0.458,0.458
Tekirdağ,SPEI,1,1979,12,1979,12,1,0.706,0.706,0.706
Tekirdağ,SPEI,1,1980,9,1980,10,2,1.662,0.831,1.567
Tekirdağ,SPEI,1,1981,3,1981,4,2,2.114,1.057,1.358
Tekirdağ,SPEI,1,1981,6,1981,6,1,1.539,1.539,1.539
Tekirdağ,SPEI,1,1982,2,1982,3,2,0.84,0.42,0.755
Tekirdağ,SPEI,1,1982,6,1982,6,1,0.555,0.555,0.555
Tekirdağ,SPEI,1,1982,9,1983,1,5,3.796,0.759,1.776
Tekirdağ,SPEI,1,1983,3,1983,5,3,4.486,1.495,1.994
Tekirdağ,SPEI,1,1983,10,1983,12,3,1.957,0.652,0.755
Tekirdağ,SPEI,1,1984,2,1984,2,1,0.452,0.452,0.452
Tekirdağ,SPEI,1,1984,5,1984,6,2,0.741,0.37,0.473
Tekirdağ,SPEI,1,1984,9,1984,12,4,4.845,1.211,1.731
Tekirdağ,SPEI,1,1985,3,1985,3,1,0.714,0.714,0.714
Tekirdağ,SPEI,1,1985,5,1985,5,1,1.59,1.59,1.59
Tekirdağ,SPEI,1,1985,8,1985,10,3,0.742,0.247,0.457
Tekirdağ,SPEI,1,1985,12,1985,12,1,1.313,1.313,1.313
Tekirdağ,SPEI,1,1986,3,1986,5,3,2.349,0.783,1.354
Tekirdağ,SPEI,1,1986,7,1986,9,3,1.497,0.499,0.741
Tekirdağ,SPEI,1,1986,11,1986,11,1,0.134,0.134,0.134
Tekirdağ,SPEI,1,1987,2,1987,2,1,0.974,0.974,0.974
Tekirdağ,SPEI,1,1987,6,1987,7,2,0.586,0.293,0.3
Tekirdağ,SPEI,1,1987,9,1987,10,2,1.575,0.787,1.351
Tekirdağ,SPEI,1,1988,1,1988,1,1,1.592,1.592,1.592
Tekirdağ,SPEI,1,1988,10,1988,10,1,0.737,0.737,0.737
Tekirdağ,SPEI,1,1989,1,1989,2,2,3.186,1.593,1.641
Tekirdağ,SPEI,1,1989,4,1989,4,1,2.02,2.02,2.02
Tekirdağ,SPEI,1,1989,9,1989,11,3,1.096,0.365,0.638
Tekirdağ,SPEI,1,1990,1,1990,3,3,4.78,1.593,1.645
Tekirdağ,SPEI,1,1990,11,1990,11,1,0.21,0.21,0.21
Tekirdağ,SPEI,1,1991,1,1991,3,3,2.274,0.758,1.138
Tekirdağ,SPEI,1,1991,6,1991,6,1,0.902,0.902,0.902
Tekirdağ,SPEI,1,1991,8,1991,9,2,0.57,0.285,0.378
Tekirdağ,SPEI,1,1991,11,1992,2,4,4.326,1.082,1.671
Tekirdağ,SPEI,1,1992,5,1992,5,1,0.103,0.103,0.103
Tekirdağ,SPEI,1,1992,8,1993,1,6,2.141,0.357,0.58
Tekirdağ,SPEI,1,1993,4,1993,4,1,0.666,0.666,0.666
Tekirdağ,SPEI,1,1993,6,1993,7,2,0.869,0.434,0.758
Tekirdağ,SPEI,1,1993,9,1993,10,2,2.03,1.015,1.711
Tekirdağ,SPEI,1,1993,12,1994,1,2,0.554,0.277,0.549
Tekirdağ,SPEI,1,1994,3,1994,4,2,0.485,0.242,0.382
Tekirdağ,SPEI,1,1994,7,1994,9,3,1.345,0.448,0.69
Tekirdağ,SPEI,1,1995,2,1995,2,1,0.844,0.844,0.844
Tekirdağ,SPEI,1,1995,4,1995,5,2,0.846,0.423,0.683
Tekirdağ,SPEI,1,1995,10,1995,10,1,0.544,0.544,0.544
Tekirdağ,SPEI,1,1996,1,1996,1,1,0.081,0.081,0.081
Tekirdağ,SPEI,1,1996,5,1996,6,2,2.122,1.061,1.425
Tekirdağ,SPEI,1,1996,10,1996,11,2,0.878,0.439,0.589
Tekirdağ,SPEI,1,1997,1,1997,2,2,2.039,1.019,1.071
Tekirdağ,SPEI,1,1997,5,1997,5,1,1.401,1.401,1.401
Tekirdağ,SPEI,1,1997,9,1997,9,1,0.232,0.232,0.232
Tekirdağ,SPEI,1,1997,11,1997,11,1,0.479,0.479,0.479
Tekirdağ,SPEI,1,1998,1,1998,1,1,0.262,0.262,0.262
Tekirdağ,SPEI,1,1998,4,1998,4,1,1.039,1.039,1.039
Tekirdağ,SPEI,1,1998,6,1998,6,1,0.711,0.711,0.711
Tekirdağ,SPEI,1,1998,8,1998,8,1,0.059,0.059,0.059
Tekirdağ,SPEI,1,1999,1,1999,1,1,0.636,0.636,0.636
Tekirdağ,SPEI,1,1999,4,1999,4,1,1.236,1.236,1.236
Tekirdağ,SPEI,1,1999,6,1999,8,3,2.619,0.873,1.265
Tekirdağ,SPEI,1,2000,1,2000,1,1,0.71,0.71,0.71
Tekirdağ,SPEI,1,2000,4,2000,4,1,0.133,0.133,0.133
Tekirdağ,SPEI,1,2000,6,2000,7,2,1.129,0.565,0.569
Tekirdağ,SPEI,1,2000,11,2001,1,3,3.715,1.238,1.804
Tekirdağ,SPEI,1,2001,3,2001,3,1,1.895,1.895,1.895
Tekirdağ,SPEI,1,2001,6,2001,8,3,1.983,0.661,0.734
Tekirdağ,SPEI,1,2001,10,2001,10,1,1.584,1.584,1.584
Tekirdağ,SPEI,1,2002,1,2002,2,2,1.833,0.917,1.104
Tekirdağ,SPEI,1,2002,5,2002,5,1,1.09,1.09,1.09
Tekirdağ,SPEI,1,2002,10,2002,10,1,0.357,0.357,0.357
Tekirdağ,SPEI,1,2002,12,2002,12,1,0.737,0.737,0.737
Tekirdağ,SPEI,1,2003,3,2003,3,1,0.675,0.675,0.675
Tekirdağ,SPEI,1,2003,5,2003,6,2,2.836,1.418,1.459
Tekirdağ,SPEI,1,2003,11,2003,12,2,1.2,0.6,1.11
Tekirdağ,SPEI,1,2004,2,2004,2,1,0.402,0.402,0.402
Tekirdağ,SPEI,1,2004,4,2004,5,2,0.453,0.227,0.39
Tekirdağ,SPEI,1,2004,9,2005,1,5,4.15,0.83,1.339
Tekirdağ,SPEI,1,2005,3,2005,4,2,2.003,1.002,1.2
Tekirdağ,SPEI,1,2005,6,2005,10,5,2.598,0.52,0.744
Tekirdağ,SPEI,1,2006,1,2006,1,1,1.182,1.182,1.182
Tekirdağ,SPEI,1,2006,4,2006,8,5,3.896,0.779,1.404
Tekirdağ,SPEI,1,2006,10,2007,8,11,12.024,1.093,2.251
Tekirdağ,SPEI,1,2007,10,2007,10,1,0.282,0.282,0.282
Tekirdağ,SPEI,1,2007,12,2008,5,6,4.301,0.717,1.201
Tekirdağ,SPEI,1,2008,7,2008,8,2,1.744,0.872,1.242
Tekirdağ,SPEI,1,2008,11,2008,12,2,1.8,0.9,1.193
Tekirdağ,SPEI,1,2009,4,2009,6,3,2.151,0.717,0.998
Tekirdağ,SPEI,1,2009,8,2009,8,1,0.645,0.645,0.645
Tekirdağ,SPEI,1,2010,3,2010,5,3,1.751,0.584,1.156
Tekirdağ,SPEI,1,2010,8,2010,8,1,2.768,2.768,2.768
Tekirdağ,SPEI,1,2010,11,2010,11,1,1.224,1.224,1.224
Tekirdağ,SPEI,1,2011,1,2011,3,3,1.371,0.457,0.881
Tekirdağ,SPEI,1,2011,7,2011,7,1,1.323,1.323,1.323
Tekirdağ,SPEI,1,2011,11,2011,11,1,1.356,1.356,1.356
Tekirdağ,SPEI,1,2012,1,2012,1,1,0.355,0.355,0.355
Tekirdağ,SPEI,1,2012,3,2012,3,1,1.112,1.112,1.112
Tekirdağ,SPEI,1,2012,6,2012,9,4,6.803,1.701,2.256
Tekirdağ,SPEI,1,2012,11,2012,11,1,1.622,1.622,1.622
Tekirdağ,SPEI,1,2013,4,2013,9,6,6.747,1.125,1.774
Tekirdağ,SPEI,1,2013,11,2014,2,4,4.708,1.177,1.865
Tekirdağ,SPEI,1,2014,4,2014,4,1,0.133,0.133,0.133
Tekirdağ,SPEI,1,2014,8,2014,8,1,0.835,0.835,0.835
Tekirdağ,SPEI,1,2014,11,2014,11,1,0.94,0.94,0.94
Tekirdağ,SPEI,1,2015,3,2015,3,1,0.82,0.82,0.82
Tekirdağ,SPEI,1,2015,5,2015,5,1,1.401,1.401,1.401
Tekirdağ,SPEI,1,2015,7,2015,8,2,3.062,1.531,1.717
Tekirdağ,SPEI,1,2015,11,2015,12,2,2.255,1.127,1.756
Tekirdağ,SPEI,1,2016,3,2016,9,7,7.789,1.113,1.718
Tekirdağ,SPEI,1,2016,12,2016,12,1,0.583,0.583,0.583
Tekirdağ,SPEI,1,2017,2,2017,3,2,1.692,0.846,1.006
Tekirdağ,SPEI,1,2017,5,2017,6,2,1.173,0.587,0.754
Tekirdağ,SPEI,1,2017,8,2017,9,2,1.392,0.696,0.933
Tekirdağ,SPEI,1,2018,4,2018,5,2,2.356,1.178,1.517
Tekirdağ,SPEI,1,2018,8,2018,11,4,2.531,0.633,1.648
Tekirdağ,SPEI,1,2019,2,2019,3,2,1.139,0.57,0.921
Tekirdağ,SPEI,1,2019,5,2020,1,9,8.737,0.971,1.974
Tekirdağ,SPEI,1,2020,3,2020,3,1,1.25,1.25,1.25
Tekirdağ,SPEI,1,2020,7,2020,12,6,6.362,1.06,1.807
Tekirdağ,SPEI,1,2021,2,2021,2,1,0.111,0.111,0.111
Tekirdağ,SPEI,1,2021,7,2022,1,7,4.921,0.703,1.678
Tekirdağ,SPEI,1,2022,3,2022,3,1,1.208,1.208,1.208
Tekirdağ,SPEI,1,2022,5,2022,7,3,1.595,0.532,0.647
Tekirdağ,SPEI,1,2022,9,2023,3,7,7.843,1.12,1.576
Tekirdağ,SPEI,1,2023,6,2023,10,5,6.261,1.252,1.853
Tekirdağ,SPEI,1,2024,1,2024,2,2,0.87,0.435,0.85
Tekirdağ,SPEI,1,2024,5,2024,12,8,9.224,1.153,2.658
Tekirdağ,SPEI,3,1965,7,1965,10,4,0.754,0.189,0.28
Tekirdağ,SPEI,3,1966,7,1966,11,5,2.358,0.472,1.279
Tekirdağ,SPEI,3,1967,4,1967,5,2,0.781,0.391,0.509
Tekirdağ,SPEI,3,1967,9,1967,12,4,2.396,0.599,1.131
Tekirdağ,SPEI,3,1968,4,1968,7,4,3.97,0.993,1.7
Tekirdağ,SPEI,3,1969,5,1969,5,1,0.597,0.597,0.597
Tekirdağ,SPEI,3,1969,9,1970,1,5,3.982,0.796,1.766
Tekirdağ,SPEI,3,1970,6,1970,9,4,1.786,0.447,0.773
Tekirdağ,SPEI,3,1971,6,1971,8,3,2.443,0.814,1.374
Tekirdağ,SPEI,3,1971,12,1972,6,7,7.113,1.016,1.869
Tekirdağ,SPEI,3,1973,1,1973,2,2,1.552,0.776,0.987
Tekirdağ,SPEI,3,1973,5,1973,7,3,2.553,0.851,1.072
Tekirdağ,SPEI,3,1973,10,1974,3,6,5.046,0.841,1.342
Tekirdağ,SPEI,3,1974,9,1974,12,4,2.68,0.67,1.056
Tekirdağ,SPEI,3,1975,2,1975,2,1,0.602,0.602,0.602
Tekirdağ,SPEI,3,1975,4,1975,4,1,0.268,0.268,0.268
Tekirdağ,SPEI,3,1975,9,1975,9,1,0.074,0.074,0.074
Tekirdağ,SPEI,3,1976,2,1976,6,5,4.12,0.824,1.33
Tekirdağ,SPEI,3,1977,2,1977,5,4,2.047,0.512,0.884
Tekirdağ,SPEI,3,1977,12,1977,12,1,0.557,0.557,0.557
Tekirdağ,SPEI,3,1978,7,1978,7,1,0.413,0.413,0.413
Tekirdağ,SPEI,3,1978,12,1979,5,6,3.785,0.631,1.006
Tekirdağ,SPEI,3,1980,10,1980,12,3,2.689,0.896,1.156
Tekirdağ,SPEI,3,1981,4,1981,6,3,2.677,0.892,1.09
Tekirdağ,SPEI,3,1981,8,1981,8,1,0.221,0.221,0.221
Tekirdağ,SPEI,3,1982,3,1982,3,1,0.475,0.475,0.475
Tekirdağ,SPEI,3,1982,9,1983,6,10,9.875,0.988,2.365
Tekirdağ,SPEI,3,1983,11,1984,2,4,1.787,0.447,1.181
Tekirdağ,SPEI,3,1984,10,1985,2,5,5.21,1.042,1.778
Tekirdağ,SPEI,3,1985,5,1985,10,6,3.194,0.532,1.039
Tekirdağ,SPEI,3,1985,12,1985,12,1,0.101,0.101,0.101
Tekirdağ,SPEI,3,1986,4,1986,5,2,1.838,0.919,1.447
Tekirdağ,SPEI,3,1986,9,1986,12,4,2.097,0.524,0.816
Tekirdağ,SPEI,3,1987,4,1987,4,1,0.109,0.109,0.109
Tekirdağ,SPEI,3,1987,7,1987,11,5,1.996,0.399,0.655
Tekirdağ,SPEI,3,1988,2,1988,3,2,0.468,0.234,0.354
Tekirdağ,SPEI,3,1988,10,1988,10,1,0.238,0.238,0.238
Tekirdağ,SPEI,3,1989,2,1989,5,4,4.534,1.133,1.943
Tekirdağ,SPEI,3,1989,10,1990,5,8,7.822,0.978,2.025
Tekirdağ,SPEI,3,1991,3,1991,4,2,1.228,0.614,1.225
Tekirdağ,SPEI,3,1991,8,1991,9,2,0.748,0.374,0.562
Tekirdağ,SPEI,3,1992,1,1992,4,4,4.664,1.166,1.696
Tekirdağ,SPEI,3,1992,9,1993,1,5,3.006,0.601,0.814
Tekirdağ,SPEI,3,1993,6,1994,3,10,3.851,0.385,1.205
Tekirdağ,SPEI,3,1994,5,1994,5,1,0.172,0.172,0.172
Tekirdağ,SPEI,3,1994,8,1994,9,2,0.897,0.449,0.783
Tekirdağ,SPEI,3,1995,6,1995,6,1,0.318,0.318,0.318
Tekirdağ,SPEI,3,1996,6,1996,7,2,1.023,0.511,0.876
Tekirdağ,SPEI,3,1996,11,1997,3,5,3.196,0.639,0.885
Tekirdağ,SPEI,3,1997,7,1997,7,1,0.319,0.319,0.319
Tekirdağ,SPEI,3,1998,6,1998,6,1,0.235,0.235,0.235
Tekirdağ,SPEI,3,1998,8,1998,8,1,0.045,0.045,0.045
Tekirdağ,SPEI,3,1999,6,1999,9,4,4.166,1.042,1.315
Tekirdağ,SPEI,3,2000,3,2000,3,1,0.236,0.236,0.236
Tekirdağ,SPEI,3,2000,8,2000,9,2,0.969,0.485,0.661
Tekirdağ,SPEI,3,2000,11,2001,3,5,4.991,0.998,1.811
Tekirdağ,SPEI,3,2001,7,2001,10,4,2.36,0.59,1.072
Tekirdağ,SPEI,3,2002,3,2002,7,5,3.118,0.624,1.081
Tekirdağ,SPEI,3,2002,12,2003,1,2,0.676,0.338,0.646
Tekirdağ,SPEI,3,2003,5,2003,7,3,2.178,0.726,1.447
Tekirdağ,SPEI,3,2003,12,2003,12,1,0.087,0.087,0.087
Tekirdağ,SPEI,3,2004,4,2004,5,2,0.569,0.284,0.409
Tekirdağ,SPEI,3,2004,10,2005,6,9,6.311,0.701,1.688
Tekirdağ,SPEI,3,2005,8,2005,11,4,2.789,0.697,1.084
Tekirdağ,SPEI,3,2006,1,2006,2,2,0.623,0.311,0.476
Tekirdağ,SPEI,3,2006,5,2006,8,4,3.93,0.982,1.474
Tekirdağ,SPEI,3,2006,12,2007,10,11,17.829,1.621,2.168
Tekirdağ,SPEI,3,2008,2,2009,2,13,11.349,0.873,1.541
Tekirdağ,SPEI,3,2009,5,2009,8,4,2.689,0.672,1.321
Tekirdağ,SPEI,3,2010,5,2010,9,5,3.929,0.786,1.142
Tekirdağ,SPEI,3,2011,1,2011,1,1,0.408,0.408,0.408
Tekirdağ,SPEI,3,2011,3,2011,3,1,0.813,0.813,0.813
Tekirdağ,SPEI,3,2012,1,2012,4,4,2.536,0.634,0.938
Tekirdağ,SPEI,3,2012,6,2012,11,6,8.467,1.411,2.257
Tekirdağ,SPEI,3,2013,5,2013,9,5,8.317,1.663,1.842
Tekirdağ,SPEI,3,2013,11,2014,4,6,6.377,1.063,1.919
Tekirdağ,SPEI,3,2015,1,2015,1,1,0.377,0.377,0.377
Tekirdağ,SPEI,3,2015,5,2015,5,1,0.793,0.793,0.793
Tekirdağ,SPEI,3,2015,7,2016,10,16,15.98,0.999,1.932
Tekirdağ,SPEI,3,2017,2,2017,9,8,3.035,0.379,0.925
Tekirdağ,SPEI,3,2018,4,2018,6,3,2.195,0.732,1.226
Tekirdağ,SPEI,3,2018,10,2018,11,2,1.741,0.871,0.996
Tekirdağ,SPEI,3,2019,3,2020,4,14,16.781,1.199,1.89
Tekirdağ,SPEI,3,2020,9,2021,1,5,6.378,1.276,1.583
Tekirdağ,SPEI,3,2021,8,2022,3,8,7.323,0.915,1.247
Tekirdağ,SPEI,3,2022,5,2023,4,12,13.359,1.113,2.033
Tekirdağ,SPEI,3,2023,7,2023,10,4,6.765,1.691,2.704
Tekirdağ,SPEI,3,2024,2,2024,4,3,0.836,0.279,0.374
Tekirdağ,SPEI,3,2024,6,2024,12,7,12.79,1.827,2.454
Tekirdağ,SPEI,6,1965,10,1965,10,1,0.254,0.254,0.254
Tekirdağ,SPEI,6,1966,7,1966,7,1,0.136,0.136,0.136
Tekirdağ,SPEI,6,1966,9,1966,11,3,1.347,0.449,1.081
Tekirdağ,SPEI,6,1967,7,1967,12,6,2.334,0.389,0.938
Tekirdağ,SPEI,6,1968,7,1968,8,2,0.888,0.444,0.837
Tekirdağ,SPEI,6,1969,9,1970,2,6,3.755,0.626,1.004
Tekirdağ,SPEI,6,1970,9,1970,12,4,1.176,0.294,0.454
Tekirdağ,SPEI,6,1971,9,1971,10,2,0.81,0.405,0.439
Tekirdağ,SPEI,6,1972,1,1972,8,8,8.33,1.041,1.778
Tekirdağ,SPEI,6,1973,4,1974,5,14,9.451,0.675,1.338
Tekirdağ,SPEI,6,1974,11,1975,5,7,3.383,0.483,0.802
Tekirdağ,SPEI,6,1976,2,1976,7,6,3.883,0.647,1.234
Tekirdağ,SPEI,6,1977,4,1977,7,4,1.118,0.279,0.442
Tekirdağ,SPEI,6,1977,12,1977,12,1,0.196,0.196,0.196
Tekirdağ,SPEI,6,1978,3,1978,3,1,0.209,0.209,0.209
Tekirdağ,SPEI,6,1979,3,1979,6,4,2.729,0.682,1.126
Tekirdağ,SPEI,6,1980,10,1980,12,3,1.758,0.586,0.7
Tekirdağ,SPEI,6,1981,7,1981,9,3,0.849,0.283,0.369
Tekirdağ,SPEI,6,1982,10,1983,8,11,10.319,0.938,1.51
Tekirdağ,SPEI,6,1984,1,1984,3,3,0.577,0.192,0.329
Tekirdağ,SPEI,6,1984,10,1985,5,8,6.47,0.809,1.205
Tekirdağ,SPEI,6,1985,7,1985,10,4,2.258,0.565,0.887
Tekirdağ,SPEI,6,1985,12,1985,12,1,0.285,0.285,0.285
Tekirdağ,SPEI,6,1986,5,1986,5,1,0.308,0.308,0.308
Tekirdağ,SPEI,6,1986,8,1987,2,7,1.85,0.264,0.57
Tekirdağ,SPEI,6,1987,7,1987,7,1,0.136,0.136,0.136
Tekirdağ,SPEI,6,1987,9,1987,11,3,1.287,0.429,0.584
Tekirdağ,SPEI,6,1988,1,1988,2,2,0.631,0.316,0.32
Tekirdağ,SPEI,6,1988,10,1988,10,1,0.117,0.117,0.117
Tekirdağ,SPEI,6,1989,4,1989,7,4,1.755,0.439,0.876
Tekirdağ,SPEI,6,1989,12,1990,7,8,8.976,1.122,1.593
Tekirdağ,SPEI,6,1991,3,1991,3,1,0.259,0.259,0.259
Tekirdağ,SPEI,6,1991,11,1992,5,7,5.414,0.773,1.363
Tekirdağ,SPEI,6,1992,12,1993,4,5,2.459,0.492,1.078
Tekirdağ,SPEI,6,1993,9,1994,5,9,4.906,0.545,0.939
Tekirdağ,SPEI,6,1994,8,1994,9,2,0.248,0.124,0.166
Tekirdağ,SPEI,6,1997,1,1997,6,6,3.047,0.508,0.908
Tekirdağ,SPEI,6,1999,8,1999,11,4,2.889,0.722,1.061
Tekirdağ,SPEI,6,2000,9,2000,9,1,0.025,0.025,0.025
Tekirdağ,SPEI,6,2000,11,2001,8,10,8.217,0.822,1.364
Tekirdağ,SPEI,6,2001,10,2001,11,2,1.402,0.701,0.826
Tekirdağ,SPEI,6,2002,6,2002,7,2,1.821,0.911,1.219
Tekirdağ,SPEI,6,2003,8,2003,8,1,0.011,0.011,0.011
Tekirdağ,SPEI,6,2004,12,2006,2,15,10.906,0.727,1.418
Tekirdağ,SPEI,6,2006,4,2006,9,6,2.807,0.468,0.769
Tekirdağ,SPEI,6,2006,11,2007,10,12,26.913,2.243,4.753
Tekirdağ,SPEI,6,2008,5,2009,8,16,14.486,0.905,1.887
Tekirdağ,SPEI,6,2010,8,2010,9,2,1.967,0.984,1.141
Tekirdağ,SPEI,6,2011,4,2011,4,1,0.319,0.319,0.319
Tekirdağ,SPEI,6,2012,3,2012,12,10,11.601,1.16,2.273
Tekirdağ,SPEI,6,2013,6,2014,6,13,18.553,1.427,4.55
Tekirdağ,SPEI,6,2015,8,2017,11,28,24.678,0.881,3.457
Tekirdağ,SPEI,6,2018,1,2018,1,1,0.096,0.096,0.096
Tekirdağ,SPEI,6,2018,4,2018,5,2,0.407,0.204,0.338
Tekirdağ,SPEI,6,2018,9,2018,11,3,0.347,0.116,0.242
Tekirdağ,SPEI,6,2019,1,2020,5,17,21.301,1.253,2.108
Tekirdağ,SPEI,6,2020,11,2021,4,6,6.858,1.143,1.988
Tekirdağ,SPEI,6,2021,9,2024,1,29,30.554,1.054,2.487
Tekirdağ,SPEI,6,2024,5,2024,12,8,15.495,1.937,3.074
Tekirdağ,SPEI,9,1966,10,1966,10,1,0.962,0.962,0.962
Tekirdağ,SPEI,9,1967,10,1967,12,3,2.057,0.686,0.954
Tekirdağ,SPEI,9,1968,5,1968,5,1,0.112,0.112,0.112
Tekirdağ,SPEI,9,1969,10,1970,1,4,2.63,0.658,1.123
Tekirdağ,SPEI,9,1970,4,1970,4,1,0.032,0.032,0.032
Tekirdağ,SPEI,9,1970,12,1971,2,3,0.606,0.202,0.279
Tekirdağ,SPEI,9,1971,12,1972,9,10,8.974,0.897,1.221
Tekirdağ,SPEI,9,1973,6,1974,8,15,10.239,0.683,1.427
Tekirdağ,SPEI,9,1974,12,1975,5,6,2.577,0.429,0.715
Tekirdağ,SPEI,9,1976,3,1976,8,6,1.13,0.188,0.381
Tekirdağ,SPEI,9,1977,7,1977,8,2,0.119,0.059,0.107
Tekirdağ,SPEI,9,1977,10,1977,10,1,0.11,0.11,0.11
Tekirdağ,SPEI,9,1977,12,1977,12,1,0.074,0.074,0.074
Tekirdağ,SPEI,9,1979,6,1979,8,3,1.308,0.436,0.649
Tekirdağ,SPEI,9,1980,10,1980,12,3,0.96,0.32,0.352
Tekirdağ,SPEI,9,1981,4,1981,4,1,0.241,0.241,0.241
Tekirdağ,SPEI,9,1981,6,1981,6,1,0.28,0.28,0.28
Tekirdağ,SPEI,9,1981,10,1981,10,1,0.407,0.407,0.407
Tekirdağ,SPEI,9,1982,11,1983,8,10,9.456,0.946,1.998
Tekirdağ,SPEI,9,1983,11,1983,12,2,0.789,0.395,0.517
Tekirdağ,SPEI,9,1984,6,1984,6,1,0.033,0.033,0.033
Tekirdağ,SPEI,9,1984,12,1986,1,14,9.46,0.676,1.502
Tekirdağ,SPEI,9,1986,5,1986,5,1,0.009,0.009,0.009
Tekirdağ,SPEI,9,1986,10,1986,12,3,1.794,0.598,0.797
Tekirdağ,SPEI,9,1987,3,1987,4,2,0.163,0.082,0.139
Tekirdağ,SPEI,9,1987,10,1987,10,1,0.626,0.626,0.626
Tekirdağ,SPEI,9,1988,1,1988,3,3,0.949,0.316,0.469
Tekirdağ,SPEI,9,1989,4,1989,4,1,0.252,0.252,0.252
Tekirdağ,SPEI,9,1989,9,1989,10,2,0.797,0.399,0.524
Tekirdağ,SPEI,9,1990,1,1990,10,10,9.255,0.926,1.601
Tekirdağ,SPEI,9,1991,3,1991,3,1,0.074,0.074,0.074
Tekirdağ,SPEI,9,1991,9,1991,9,1,0.041,0.041,0.041
Tekirdağ,SPEI,9,1992,1,1992,9,9,4.735,0.526,1.195
Tekirdağ,SPEI,9,1993,1,1993,1,1,0.307,0.307,0.307
Tekirdağ,SPEI,9,1993,3,1993,7,5,1.502,0.3,0.52
Tekirdağ,SPEI,9,1993,10,1994,6,9,5.531,0.615,0.881
Tekirdağ,SPEI,9,1994,8,1994,9,2,0.34,0.17,0.233
Tekirdağ,SPEI,9,1997,1,1997,7,7,2.577,0.368,0.754
Tekirdağ,SPEI,9,1999,9,2000,2,6,1.227,0.205,0.334
Tekirdağ,SPEI,9,2000,9,2000,9,1,0.191,0.191,0.191
Tekirdağ,SPEI,9,2000,11,2001,11,13,11.702,0.9,1.449
Tekirdağ,SPEI,9,2003,6,2003,6,1,0.123,0.123,0.123
Tekirdağ,SPEI,9,2004,12,2006,9,22,15.011,0.682,1.421
Tekirdağ,SPEI,9,2006,11,2008,4,18,26.413,1.467,4.753
Tekirdağ,SPEI,9,2008,8,2009,8,13,14.8,1.138,1.787
Tekirdağ,SPEI,9,2011,7,2011,7,1,0.036,0.036,0.036
Tekirdağ,SPEI,9,2012,6,2013,2,9,10.061,1.118,2.094
Tekirdağ,SPEI,9,2013,9,2014,8,12,15.278,1.273,1.96
Tekirdağ,SPEI,9,2015,7,2018,1,31,27.195,0.877,2.145
Tekirdağ,SPEI,9,2018,4,2018,5,2,0.351,0.175,0.224
Tekirdağ,SPEI,9,2018,10,2018,12,3,0.98,0.327,0.605
Tekirdağ,SPEI,9,2019,3,2021,7,29,31.958,1.102,2.394
Tekirdağ,SPEI,9,2021,10,2023,10,25,37.852,1.514,2.463
Tekirdağ,SPEI,9,2024,1,2024,4,4,1.36,0.34,0.602
Tekirdağ,SPEI,9,2024,6,2024,12,7,10.377,1.482,2.334
Tekirdağ,SPEI,12,1967,11,1967,12,2,0.181,0.09,0.179
Tekirdağ,SPEI,12,1968,5,1968,7,3,0.42,0.14,0.155
Tekirdağ,SPEI,12,1970,1,1970,2,2,0.294,0.147,0.193
Tekirdağ,SPEI,12,1970,4,1970,4,1,0.064,0.064,0.064
Tekirdağ,SPEI,12,1970,7,1970,9,3,0.598,0.199,0.245
Tekirdağ,SPEI,12,1972,1,1972,9,9,7.451,0.828,1.267
Tekirdağ,SPEI,12,1972,11,1973,1,3,1.103,0.368,0.513
Tekirdağ,SPEI,12,1973,9,1975,5,21,12.582,0.599,1.433
Tekirdağ,SPEI,12,1976,6,1976,7,2,0.252,0.126,0.181
Tekirdağ,SPEI,12,1977,11,1978,1,3,0.469,0.156,0.376
Tekirdağ,SPEI,12,1979,9,1979,9,1,0.26,0.26,0.26
Tekirdağ,SPEI,12,1980,11,1980,11,1,0.165,0.165,0.165
Tekirdağ,SPEI,12,1981,4,1981,4,1,0.117,0.117,0.117
Tekirdağ,SPEI,12,1981,6,1981,9,4,0.496,0.124,0.239
Tekirdağ,SPEI,12,1982,12,1984,2,15,11.303,0.754,1.717
Tekirdağ,SPEI,12,1984,12,1985,1,2,0.162,0.081,0.109
Tekirdağ,SPEI,12,1985,3,1986,1,11,7.971,0.725,1.359
Tekirdağ,SPEI,12,1986,4,1986,5,2,0.277,0.139,0.219
Tekirdağ,SPEI,12,1986,11,1986,11,1,0.338,0.338,0.338
Tekirdağ,SPEI,12,1987,1,1987,3,3,0.645,0.215,0.424
Tekirdağ,SPEI,12,1987,6,1987,7,2,0.155,0.077,0.089
Tekirdağ,SPEI,12,1987,9,1987,10,2,0.095,0.048,0.051
Tekirdağ,SPEI,12,1988,1,1988,3,3,0.618,0.206,0.426
Tekirdağ,SPEI,12,1989,4,1989,4,1,0.2,0.2,0.2
Tekirdağ,SPEI,12,1989,11,1991,1,15,11.549,0.77,1.204
Tekirdağ,SPEI,12,1991,12,1993,1,14,5.099,0.364,0.96
Tekirdağ,SPEI,12,1993,6,1994,9,16,8.564,0.535,0.767
Tekirdağ,SPEI,12,1997,2,1997,5,4,0.984,0.246,0.452
Tekirdağ,SPEI,12,1997,7,1997,9,3,0.482,0.161,0.325
Tekirdağ,SPEI,12,2000,2,2000,4,3,0.64,0.213,0.363
Tekirdağ,SPEI,12,2000,11,2001,11,13,13.071,1.005,1.561
Tekirdağ,SPEI,12,2002,12,2002,12,1,0.13,0.13,0.13
Tekirdağ,SPEI,12,2005,1,2008,9,45,46.602,1.036,4.753
Tekirdağ,SPEI,12,2008,11,2009,9,11,12.896,1.172,1.866
Tekirdağ,SPEI,12,2012,8,2013,9,14,8.816,0.63,1.897
Tekirdağ,SPEI,12,2013,12,2014,8,9,13.281,1.476,2.247
Tekirdağ,SPEI,12,2015,9,2018,2,30,29.548,0.985,2.001
Tekirdağ,SPEI,12,2018,4,2018,5,2,0.488,0.244,0.246
Tekirdağ,SPEI,12,2018,10,2018,11,2,0.343,0.171,0.293
Tekirdağ,SPEI,12,2019,1,2024,12,72,90.016,1.25,2.912
Uzunköprü,SPI,1,1965,1,1965,1,1,0.325,0.325,0.325
Uzunköprü,SPI,1,1965,4,1965,4,1,0.417,0.417,0.417
Uzunköprü,SPI,1,1965,6,1965,8,3,3.83,1.277,1.989
Uzunköprü,SPI,1,1965,10,1965,10,1,1.705,1.705,1.705
Uzunköprü,SPI,1,1966,2,1966,2,1,0.609,0.609,0.609
Uzunköprü,SPI,1,1966,6,1966,6,1,0.252,0.252,0.252
Uzunköprü,SPI,1,1967,2,1967,3,2,0.581,0.29,0.374
Uzunköprü,SPI,1,1967,5,1967,6,2,0.386,0.193,0.309
Uzunköprü,SPI,1,1967,8,1967,9,2,0.356,0.178,0.35
Uzunköprü,SPI,1,1967,11,1967,11,1,0.687,0.687,0.687
Uzunköprü,SPI,1,1968,2,1968,7,6,5.103,0.85,2.0
Uzunköprü,SPI,1,1968,10,1968,10,1,0.583,0.583,0.583
Uzunköprü,SPI,1,1969,3,1969,3,1,0.21,0.21,0.21
Uzunköprü,SPI,1,1969,5,1969,7,3,1.253,0.418,0.552
Uzunköprü,SPI,1,1969,9,1969,9,1,0.4,0.4,0.4
Uzunköprü,SPI,1,1969,11,1969,11,1,0.485,0.485,0.485
Uzunköprü,SPI,1,1970,6,1970,9,4,4.709,1.177,1.866
Uzunköprü,SPI,1,1970,12,1970,12,1,0.265,0.265,0.265
Uzunköprü,SPI,1,1971,4,1971,5,2,1.12,0.56,0.812
Uzunköprü,SPI,1,1971,8,1971,8,1,0.639,0.639,0.639
Uzunköprü,SPI,1,1971,10,1971,10,1,0.032,0.032,0.032
Uzunköprü,SPI,1,1972,1,1972,3,3,1.568,0.523,1.004
Uzunköprü,SPI,1,1972,11,1972,12,2,3.13,1.565,1.957
Uzunköprü,SPI,1,1973,5,1973,5,1,0.448,0.448,0.448
Uzunköprü,SPI,1,1973,7,1973,8,2,1.673,0.837,1.022
Uzunköprü,SPI,1,1973,11,1973,11,1,0.784,0.784,0.784
Uzunköprü,SPI,1,1974,1,1974,1,1,1.282,1.282,1.282
Uzunköprü,SPI,1,1974,6,1974,7,2,1.233,0.617,0.936
Uzunköprü,SPI,1,1974,9,1974,9,1,0.486,0.486,0.486
Uzunköprü,SPI,1,1974,12,1974,12,1,0.302,0.302,0.302
Uzunköprü,SPI,1,1975,2,1975,2,1,0.616,0.616,0.616
Uzunköprü,SPI,1,1975,7,1975,7,1,0.804,0.804,0.804
Uzunköprü,SPI,1,1975,9,1975,9,1,1.536,1.536,1.536
Uzunköprü,SPI,1,1975,12,1976,4,5,2.77,0.554,1.632
Uzunköprü,SPI,1,1976,6,1976,6,1,0.189,0.189,0.189
Uzunköprü,SPI,1,1976,9,1976,9,1,0.137,0.137,0.137
Uzunköprü,SPI,1,1977,3,1977,3,1,0.259,0.259,0.259
Uzunköprü,SPI,1,1977,7,1977,7,1,0.804,0.804,0.804
Uzunköprü,SPI,1,1977,10,1977,10,1,0.269,0.269,0.269
Uzunköprü,SPI,1,1978,7,1978,8,2,1.213,0.607,0.78
Uzunköprü,SPI,1,1978,11,1978,12,2,1.613,0.806,1.109
Uzunköprü,SPI,1,1979,3,1979,3,1,2.081,2.081,2.081
Uzunköprü,SPI,1,1979,5,1979,5,1,0.72,0.72,0.72
Uzunköprü,SPI,1,1979,8,1979,9,2,0.752,0.376,0.49
Uzunköprü,SPI,1,1979,12,1979,12,1,0.38,0.38,0.38
Uzunköprü,SPI,1,1980,2,1980,3,2,0.653,0.327,0.623
Uzunköprü,SPI,1,1980,7,1980,7,1,0.053,0.053,0.053
Uzunköprü,SPI,1,1980,10,1980,10,1,1.503,1.503,1.503
Uzunköprü,SPI,1,1981,3,1981,9,7,4.274,0.611,1.282
Uzunköprü,SPI,1,1982,2,1982,2,1,0.25,0.25,0.25
Uzunköprü,SPI,1,1982,6,1982,11,6,4.057,0.676,1.093
Uzunköprü,SPI,1,1983,1,1983,1,1,0.786,0.786,0.786
Uzunköprü,SPI,1,1983,3,1983,4,2,2.715,1.357,1.476
Uzunköprü,SPI,1,1983,8,1983,8,1,0.7,0.7,0.7
Uzunköprü,SPI,1,1983,10,1983,12,3,1.955,0.652,0.979
Uzunköprü,SPI,1,1984,5,1984,6,2,0.614,0.307,0.317
Uzunköprü,SPI,1,1984,9,1984,10,2,3.793,1.897,2.04
Uzunköprü,SPI,1,1984,12,1984,12,1,1.857,1.857,1.857
Uzunköprü,SPI,1,1985,2,1985,5,4,2.862,0.716,1.755
Uzunköprü,SPI,1,1985,7,1985,10,4,2.14,0.535,0.892
Uzunköprü,SPI,1,1985,12,1985,12,1,1.386,1.386,1.386
Uzunköprü,SPI,1,1986,3,1986,5,3,2.368,0.789,1.177
Uzunköprü,SPI,1,1986,7,1986,7,1,0.039,0.039,0.039
Uzunköprü,SPI,1,1986,9,1986,9,1,1.374,1.374,1.374
Uzunköprü,SPI,1,1986,11,1986,12,2,0.753,0.377,0.727
Uzunköprü,SPI,1,1987,2,1987,2,1,0.829,0.829,0.829
Uzunköprü,SPI,1,1987,5,1987,5,1,0.471,0.471,0.471
Uzunköprü,SPI,1,1987,7,1987,7,1,0.262,0.262,0.262
Uzunköprü,SPI,1,1987,9,1987,9,1,0.883,0.883,0.883
Uzunköprü,SPI,1,1988,1,1988,2,2,1.522,0.761,1.357
Uzunköprü,SPI,1,1988,5,1988,6,2,1.401,0.701,1.157
Uzunköprü,SPI,1,1988,10,1988,10,1,1.158,1.158,1.158
Uzunköprü,SPI,1,1989,1,1989,2,2,5.289,2.644,3.031
Uzunköprü,SPI,1,1989,4,1989,4,1,1.293,1.293,1.293
Uzunköprü,SPI,1,1989,9,1989,9,1,0.431,0.431,0.431
Uzunköprü,SPI,1,1989,12,1990,3,4,5.231,1.308,2.522
Uzunköprü,SPI,1,1990,6,1990,8,3,1.478,0.493,0.727
Uzunköprü,SPI,1,1990,11,1990,11,1,0.044,0.044,0.044
Uzunköprü,SPI,1,1991,1,1991,3,3,3.12,1.04,1.662
Uzunköprü,SPI,1,1991,6,1991,6,1,0.843,0.843,0.843
Uzunköprü,SPI,1,1991,9,1991,9,1,0.35,0.35,0.35
Uzunköprü,SPI,1,1991,12,1992,5,6,5.83,0.972,2.774
Uzunköprü,SPI,1,1992,8,1992,9,2,3.38,1.69,1.834
Uzunköprü,SPI,1,1992,12,1993,2,3,2.428,0.809,1.119
Uzunköprü,SPI,1,1993,4,1993,4,1,1.528,1.528,1.528
Uzunköprü,SPI,1,1993,6,1993,10,5,4.773,0.955,1.337
Uzunköprü,SPI,1,1993,12,1994,5,6,2.557,0.426,1.158
Uzunköprü,SPI,1,1994,7,1994,9,3,1.502,0.501,0.713
Uzunköprü,SPI,1,1995,2,1995,2,1,0.094,0.094,0.094
Uzunköprü,SPI,1,1995,4,1995,5,2,1.375,0.688,1.021
Uzunköprü,SPI,1,1995,10,1995,10,1,0.842,0.842,0.842
Uzunköprü,SPI,1,1995,12,1996,1,2,1.087,0.543,1.049
Uzunköprü,SPI,1,1996,5,1996,6,2,3.28,1.64,2.647
Uzunköprü,SPI,1,1996,10,1996,10,1,1.062,1.062,1.062
Uzunköprü,SPI,1,1997,1,1997,2,2,0.535,0.267,0.291
Uzunköprü,SPI,1,1997,5,1997,6,2,1.443,0.722,0.754
Uzunköprü,SPI,1,1997,9,1997,9,1,1.352,1.352,1.352
Uzunköprü,SPI,1,1997,11,1997,11,1,0.107,0.107,0.107
Uzunköprü,SPI,1,1998,1,1998,1,1,0.783,0.783,0.783
Uzunköprü,SPI,1,1998,4,1998,4,1,0.704,0.704,0.704
Uzunköprü,SPI,1,1998,6,1998,6,1,0.557,0.557,0.557
Uzunköprü,SPI,1,1999,4,1999,5,2,2.184,1.092,1.141
Uzunköprü,SPI,1,1999,7,1999,10,4,1.583,0.396,0.556
Uzunköprü,SPI,1,2000,1,2000,1,1,0.473,0.473,0.473
Uzunköprü,SPI,1,2000,6,2000,7,2,1.244,0.622,0.955
Uzunköprü,SPI,1,2000,10,2000,12,3,1.664,0.555,0.853
Uzunköprü,SPI,1,2001,2,2001,3,2,1.221,0.611,0.84
Uzunköprü,SPI,1,2001,5,2001,8,4,2.931,0.733,1.047
Uzunköprü,SPI,1,2001,10,2001,11,2,2.012,1.006,1.866
Uzunköprü,SPI,1,2002,1,2002,2,2,0.827,0.413,0.577
Uzunköprü,SPI,1,2002,4,2002,6,3,2.459,0.82,1.266
Uzunköprü,SPI,1,2002,10,2002,10,1,0.111,0.111,0.111
Uzunköprü,SPI,1,2002,12,2002,12,1,0.844,0.844,0.844
Uzunköprü,SPI,1,2003,3,2003,3,1,1.345,1.345,1.345
Uzunköprü,SPI,1,2003,7,2003,8,2,0.736,0.368,0.519
Uzunköprü,SPI,1,2003,11,2003,12,2,1.921,0.96,1.319
Uzunköprü,SPI,1,2004,2,2004,2,1,1.874,1.874,1.874
Uzunköprü,SPI,1,2004,4,2004,5,2,1.784,0.892,1.746
Uzunköprü,SPI,1,2004,7,2004,11,5,3.868,0.774,1.536
Uzunköprü,SPI,1,2005,3,2005,4,2,1.507,0.754,1.102
Uzunköprü,SPI,1,2005,7,2005,10,4,3.499,0.875,1.645
Uzunköprü,SPI,1,2006,1,2006,1,1,0.092,0.092,0.092
Uzunköprü,SPI,1,2006,4,2006,4,1,0.987,0.987,0.987
Uzunköprü,SPI,1,2006,11,2007,4,6,5.383,0.897,1.48
Uzunköprü,SPI,1,2007,6,2007,8,3,2.745,0.915,1.476
Uzunköprü,SPI,1,2007,10,2007,10,1,0.046,0.046,0.046
Uzunköprü,SPI,1,2007,12,2008,2,3,2.166,0.722,1.332
Uzunköprü,SPI,1,2008,4,2008,6,3,1.414,0.471,0.665
Uzunköprü,SPI,1,2008,10,2008,12,3,2.298,0.766,0.865
Uzunköprü,SPI,1,2009,4,2009,6,3,2.523,0.841,1.263
Uzunköprü,SPI,1,2009,11,2009,11,1,0.404,0.404,0.404
Uzunköprü,SPI,1,2010,4,2010,6,3,1.174,0.391,0.925
Uzunköprü,SPI,1,2010,8,2010,8,1,1.645,1.645,1.645
Uzunköprü,SPI,1,2010,12,2010,12,1,0.021,0.021,0.021
Uzunköprü,SPI,1,2011,2,2011,3,2,2.519,1.26,1.683
Uzunköprü,SPI,1,2011,7,2011,8,2,0.416,0.208,0.268
Uzunköprü,SPI,1,2011,11,2011,11,1,3.582,3.582,3.582
Uzunköprü,SPI,1,2012,1,2012,3,3,1.612,0.537,1.246
Uzunköprü,SPI,1,2012,6,2012,11,6,4.904,0.817,1.495
Uzunköprü,SPI,1,2013,3,2013,5,3,2.692,0.897,2.036
Uzunköprü,SPI,1,2013,7,2013,9,3,1.167,0.389,0.42
Uzunköprü,SPI,1,2013,12,2013,12,1,1.842,1.842,1.842
Uzunköprü,SPI,1,2014,2,2014,2,1,1.989,1.989,1.989
Uzunköprü,SPI,1,2014,8,2014,8,1,0.406,0.406,0.406
Uzunköprü,SPI,1,2015,5,2015,9,5,7.125,1.425,2.282
Uzunköprü,SPI,1,2015,11,2015,12,2,3.861,1.93,3.311
Uzunköprü,SPI,1,2016,3,2016,4,2,2.356,1.178,1.963
Uzunköprü,SPI,1,2016,7,2016,7,1,1.645,1.645,1.645
Uzunköprü,SPI,1,2016,9,2016,12,4,3.771,0.943,2.034
Uzunköprü,SPI,1,2017,3,2017,3,1,0.306,0.306,0.306
Uzunköprü,SPI,1,2017,11,2017,11,1,1.621,1.621,1.621
Uzunköprü,SPI,1,2018,4,2018,6,3,6.401,2.134,3.266
Uzunköprü,SPI,1,2018,8,2018,10,3,4.334,1.445,2.128
Uzunköprü,SPI,1,2018,12,2018,12,1,0.439,0.439,0.439
Uzunköprü,SPI,1,2019,2,2019,3,2,1.965,0.983,1.588
Uzunköprü,SPI,1,2019,7,2019,7,1,0.017,0.017,0.017
Uzunköprü,SPI,1,2019,11,2020,3,5,4.556,0.911,1.548
Uzunköprü,SPI,1,2020,9,2020,11,3,2.612,0.871,2.556
Uzunköprü,SPI,1,2021,7,2021,8,2,2.554,1.277,1.645
Uzunköprü,SPI,1,2021,10,2021,10,1,0.006,0.006,0.006
Uzunköprü,SPI,1,2022,1,2022,1,1,0.776,0.776,0.776
Uzunköprü,SPI,1,2022,3,2022,3,1,1.308,1.308,1.308
Uzunköprü,SPI,1,2022,5,2022,5,1,0.028,0.028,0.028
Uzunköprü,SPI,1,2022,7,2022,8,2,0.723,0.361,0.626
Uzunköprü,SPI,1,2022,10,2023,3,6,5.174,0.862,2.273
Uzunköprü,SPI,1,2023,7,2024,3,9,6.186,0.687,1.645
Uzunköprü,SPI,1,2024,6,2024,8,3,2.834,0.945,1.571
Uzunköprü,SPI,1,2024,10,2024,11,2,2.884,1.442,1.715
Uzunköprü,SPI,3,1965,6,1965,11,6,4.828,0.805,2.065
Uzunköprü,SPI,3,1966,4,1966,4,1,0.306,0.306,0.306
Uzunköprü,SPI,3,1966,6,1966,8,3,1.02,0.34,0.407
Uzunköprü,SPI,3,1967,3,1967,12,10,4.033,0.403,0.654
Uzunköprü,SPI,3,1968,4,1968,8,5,8.244,1.649,2.85
Uzunköprü,SPI,3,1968,12,1968,12,1,0.163,0.163,0.163
Uzunköprü,SPI,3,1969,5,1969,7,3,1.63,0.543,1.106
Uzunköprü,SPI,3,1969,11,1969,11,1,0.834,0.834,0.834
Uzunköprü,SPI,3,1970,8,1970,10,3,3.535,1.178,1.72
Uzunköprü,SPI,3,1971,6,1971,6,1,0.425,0.425,0.425
Uzunköprü,SPI,3,1971,10,1971,10,1,0.14,0.14,0.14
Uzunköprü,SPI,3,1972,2,1972,5,4,2.341,0.585,1.034
Uzunköprü,SPI,3,1972,12,1973,2,3,1.825,0.608,1.537
Uzunköprü,SPI,3,1973,7,1973,8,2,0.434,0.217,0.307
Uzunköprü,SPI,3,1974,1,1974,3,3,1.801,0.6,1.056
Uzunköprü,SPI,3,1974,7,1974,9,3,0.817,0.272,0.36
Uzunköprü,SPI,3,1975,4,1975,4,1,0.294,0.294,0.294
Uzunköprü,SPI,3,1976,1,1976,5,5,4.81,0.962,1.482
Uzunköprü,SPI,3,1977,4,1977,5,2,0.676,0.338,0.478
Uzunköprü,SPI,3,1978,7,1978,8,2,0.898,0.449,0.657
Uzunköprü,SPI,3,1979,1,1979,1,1,0.471,0.471,0.471
Uzunköprü,SPI,3,1979,5,1979,5,1,0.474,0.474,0.474
Uzunköprü,SPI,3,1980,2,1980,2,1,0.019,0.019,0.019
Uzunköprü,SPI,3,1980,4,1980,4,1,0.271,0.271,0.271
Uzunköprü,SPI,3,1980,10,1980,11,2,1.331,0.665,0.709
Uzunköprü,SPI,3,1981,4,1981,9,6,7.248,1.208,1.475
Uzunköprü,SPI,3,1982,7,1983,5,11,11.231,1.021,1.654
Uzunköprü,SPI,3,1983,10,1984,1,4,3.683,0.921,1.476
Uzunköprü,SPI,3,1984,6,1985,10,17,13.1,0.771,2.057
Uzunköprü,SPI,3,1985,12,1985,12,1,0.215,0.215,0.215
Uzunköprü,SPI,3,1986,4,1986,5,2,2.392,1.196,1.941
Uzunköprü,SPI,3,1986,11,1987,4,6,3.876,0.646,1.149
Uzunköprü,SPI,3,1987,7,1987,7,1,0.284,0.284,0.284
Uzunköprü,SPI,3,1987,9,1987,9,1,0.581,0.581,0.581
Uzunköprü,SPI,3,1988,2,1988,7,6,3.168,0.528,0.857
Uzunköprü,SPI,3,1988,10,1988,10,1,0.402,0.402,0.402
Uzunköprü,SPI,3,1989,2,1989,5,4,5.427,1.357,1.805
Uzunköprü,SPI,3,1989,11,1990,5,7,7.239,1.034,2.747
Uzunköprü,SPI,3,1990,7,1990,9,3,1.612,0.537,0.869
Uzunköprü,SPI,3,1991,1,1991,7,7,4.169,0.596,1.756
Uzunköprü,SPI,3,1992,1,1992,5,5,7.61,1.522,2.593
Uzunköprü,SPI,3,1992,9,1994,9,25,20.981,0.839,1.847
Uzunköprü,SPI,3,1995,6,1995,6,1,0.387,0.387,0.387
Uzunköprü,SPI,3,1996,5,1996,7,3,1.921,0.64,1.072
Uzunköprü,SPI,3,1996,12,1996,12,1,0.045,0.045,0.045
Uzunköprü,SPI,3,1997,2,1997,2,1,0.087,0.087,0.087
Uzunköprü,SPI,3,1997,7,1997,7,1,0.861,0.861,0.861
Uzunköprü,SPI,3,1997,11,1997,11,1,0.086,0.086,0.086
Uzunköprü,SPI,3,1999,5,1999,11,7,4.928,0.704,1.384
Uzunköprü,SPI,3,2000,3,2000,3,1,0.287,0.287,0.287
Uzunköprü,SPI,3,2000,6,2001,11,18,12.668,0.704,1.507
Uzunköprü,SPI,3,2002,3,2002,6,4,3.078,0.77,1.574
Uzunköprü,SPI,3,2003,2,2003,5,4,0.76,0.19,0.377
Uzunköprü,SPI,3,2003,8,2003,9,2,0.709,0.355,0.444
Uzunköprü,SPI,3,2003,11,2004,2,4,2.623,0.656,0.846
Uzunköprü,SPI,3,2004,4,2005,1,10,10.044,1.004,2.046
Uzunköprü,SPI,3,2005,5,2005,5,1,0.682,0.682,0.682
Uzunköprü,SPI,3,2005,8,2005,10,3,2.973,0.991,1.378
Uzunköprü,SPI,3,2006,2,2006,2,1,0.044,0.044,0.044
Uzunköprü,SPI,3,2006,12,2007,9,10,10.6,1.06,1.968
Uzunköprü,SPI,3,2008,2,2008,8,7,5.542,0.792,1.298
Uzunköprü,SPI,3,2008,10,2009,2,5,4.856,0.971,1.905
Uzunköprü,SPI,3,2009,5,2009,8,4,3.311,0.828,1.649
Uzunköprü,SPI,3,2010,5,2010,6,2,1.169,0.585,0.885
Uzunköprü,SPI,3,2011,1,2011,5,5,3.467,0.693,1.162
Uzunköprü,SPI,3,2011,8,2011,8,1,0.13,0.13,0.13
Uzunköprü,SPI,3,2012,1,2012,1,1,0.626,0.626,0.626
Uzunköprü,SPI,3,2012,3,2012,4,2,1.25,0.625,0.944
Uzunköprü,SPI,3,2012,8,2012,11,4,5.439,1.36,1.828
Uzunköprü,SPI,3,2013,5,2013,5,1,1.502,1.502,1.502
Uzunköprü,SPI,3,2013,9,2013,9,1,0.916,0.916,0.916
Uzunköprü,SPI,3,2013,12,2014,2,3,1.412,0.471,0.974
Uzunköprü,SPI,3,2014,4,2014,4,1,0.413,0.413,0.413
Uzunköprü,SPI,3,2015,6,2016,2,9,10.763,1.196,2.711
Uzunköprü,SPI,3,2016,4,2017,2,11,7.957,0.723,2.094
Uzunköprü,SPI,3,2017,11,2018,1,3,0.721,0.24,0.42
Uzunköprü,SPI,3,2018,6,2018,6,1,2.979,2.979,2.979
Uzunköprü,SPI,3,2018,10,2018,12,3,5.414,1.805,2.712
Uzunköprü,SPI,3,2019,4,2019,5,2,1.591,0.795,0.951
Uzunköprü,SPI,3,2019,11,2020,4,6,7.631,1.272,2.592
Uzunköprü,SPI,3,2020,10,2020,12,3,2.903,0.968,1.548
Uzunköprü,SPI,3,2021,9,2021,10,2,1.404,0.702,0.965
Uzunköprü,SPI,3,2022,5,2022,5,1,0.632,0.632,0.632
Uzunköprü,SPI,3,2022,7,2022,7,1,0.055,0.055,0.055
Uzunköprü,SPI,3,2022,9,2023,4,8,9.559,1.195,1.676
Uzunköprü,SPI,3,2023,8,2024,12,17,20.378,1.199,2.19
Uzunköprü,SPI,6,1965,8,1965,12,5,4.415,0.883,1.274
Uzunköprü,SPI,6,1966,7,1966,9,3,1.037,0.346,0.608
Uzunköprü,SPI,6,1967,6,1968,8,15,11.203,0.747,2.191
Uzunköprü,SPI,6,1969,10,1969,11,2,0.655,0.328,0.384
Uzunköprü,SPI,6,1970,8,1971,1,6,1.902,0.317,0.543
Uzunköprü,SPI,6,1971,9,1971,10,2,0.491,0.245,0.29
Uzunköprü,SPI,6,1972,1,1972,6,6,2.328,0.388,0.842
Uzunköprü,SPI,6,1974,1,1974,4,4,0.952,0.238,0.377
Uzunköprü,SPI,6,1974,6,1974,6,1,0.206,0.206,0.206
Uzunköprü,SPI,6,1974,10,1974,10,1,0.163,0.163,0.163
Uzunköprü,SPI,6,1976,2,1976,7,6,5.443,0.907,1.365
Uzunköprü,SPI,6,1979,4,1979,4,1,0.274,0.274,0.274
Uzunköprü,SPI,6,1980,11,1980,11,1,0.22,0.22,0.22
Uzunköprü,SPI,6,1981,7,1981,10,4,6.205,1.551,2.127
Uzunköprü,SPI,6,1982,9,1983,6,10,11.362,1.136,1.766
Uzunköprü,SPI,6,1983,12,1984,2,3,1.985,0.662,1.061
Uzunköprü,SPI,6,1984,9,1986,1,17,17.49,1.029,1.684
Uzunköprü,SPI,6,1986,5,1986,5,1,0.636,0.636,0.636
Uzunköprü,SPI,6,1986,12,1987,7,8,5.408,0.676,1.268
Uzunköprü,SPI,6,1987,9,1987,10,2,0.544,0.272,0.275
Uzunköprü,SPI,6,1988,5,1988,10,6,4.113,0.685,1.451
Uzunköprü,SPI,6,1989,2,1989,6,5,3.547,0.709,1.459
Uzunköprü,SPI,6,1990,1,1990,11,11,11.359,1.033,1.821
Uzunköprü,SPI,6,1991,1,1991,8,8,4.976,0.622,1.834
Uzunköprü,SPI,6,1992,2,1992,10,9,8.066,0.896,2.488
Uzunköprü,SPI,6,1992,12,1994,9,22,28.249,1.284,1.761
Uzunköprü,SPI,6,1996,6,1996,6,1,0.15,0.15,0.15
Uzunköprü,SPI,6,1996,8,1996,8,1,0.106,0.106,0.106
Uzunköprü,SPI,6,1996,10,1996,10,1,0.265,0.265,0.265
Uzunköprü,SPI,6,1997,2,1997,2,1,0.093,0.093,0.093
Uzunköprü,SPI,6,1999,7,2000,2,8,4.818,0.602,1.845
Uzunköprü,SPI,6,2000,6,2002,6,25,21.197,0.848,1.607
Uzunköprü,SPI,6,2003,3,2003,3,1,0.031,0.031,0.031
Uzunköprü,SPI,6,2003,5,2003,5,1,0.272,0.272,0.272
Uzunköprü,SPI,6,2003,7,2003,8,2,0.693,0.347,0.419
Uzunköprü,SPI,6,2003,11,2005,4,18,17.308,0.962,1.59
Uzunköprü,SPI,6,2005,8,2006,2,7,3.785,0.541,1.093
Uzunköprü,SPI,6,2006,12,2007,10,11,13.106,1.191,2.557
Uzunköprü,SPI,6,2008,3,2009,9,19,13.731,0.723,1.775
Uzunköprü,SPI,6,2010,8,2010,8,1,0.018,0.018,0.018
Uzunköprü,SPI,6,2011,3,2011,8,6,3.975,0.662,0.951
Uzunköprü,SPI,6,2012,4,2012,4,1,0.669,0.669,0.669
Uzunköprü,SPI,6,2012,11,2012,11,1,1.684,1.684,1.684
Uzunköprü,SPI,6,2013,8,2013,9,2,0.685,0.343,0.377
Uzunköprü,SPI,6,2013,12,2014,5,6,2.508,0.418,0.711
Uzunköprü,SPI,6,2015,7,2016,5,11,10.381,0.944,2.27
Uzunköprü,SPI,6,2016,7,2017,4,10,10.319,1.032,2.177
Uzunköprü,SPI,6,2018,9,2019,5,9,4.287,0.476,0.806
Uzunköprü,SPI,6,2019,7,2019,7,1,0.758,0.758,0.758
Uzunköprü,SPI,6,2019,12,2020,6,7,8.032,1.147,1.962
Uzunköprü,SPI,6,2020,11,2020,12,2,1.891,0.946,0.949
Uzunköprü,SPI,6,2021,10,2021,10,1,0.198,0.198,0.198
Uzunköprü,SPI,6,2022,8,2023,7,12,13.955,1.163,2.303
Uzunköprü,SPI,6,2023,9,2024,12,16,24.284,1.518,2.462
Uzunköprü,SPI,9,1965,9,1965,12,4,1.68,0.42,0.873
Uzunköprü,SPI,9,1966,2,1966,2,1,0.348,0.348,0.348
Uzunköprü,SPI,9,1966,10,1966,10,1,0.192,0.192,0.192
Uzunköprü,SPI,9,1967,9,1968,8,12,9.099,0.758,1.27
Uzunköprü,SPI,9,1968,10,1968,12,3,1.035,0.345,0.522
Uzunköprü,SPI,9,1969,6,1969,6,1,0.101,0.101,0.101
Uzunköprü,SPI,9,1969,11,1969,11,1,0.591,0.591,0.591
Uzunköprü,SPI,9,1970,1,1970,1,1,0.024,0.024,0.024
Uzunköprü,SPI,9,1970,12,1971,2,3,0.768,0.256,0.368
Uzunköprü,SPI,9,1972,1,1972,6,6,1.299,0.216,0.349
Uzunköprü,SPI,9,1972,8,1972,9,2,0.55,0.275,0.386
Uzunköprü,SPI,9,1974,1,1974,3,3,0.834,0.278,0.381
Uzunköprü,SPI,9,1974,6,1974,9,4,1.101,0.275,0.527
Uzunköprü,SPI,9,1975,2,1975,2,1,0.032,0.032,0.032
Uzunköprü,SPI,9,1976,3,1976,10,8,4.288,0.536,0.987
Uzunköprü,SPI,9,1981,9,1981,11,3,1.574,0.525,0.92
Uzunköprü,SPI,9,1982,9,1983,7,11,11.687,1.062,1.775
Uzunköprü,SPI,9,1983,11,1983,12,2,0.395,0.197,0.355
Uzunköprü,SPI,9,1984,6,1984,6,1,0.007,0.007,0.007
Uzunköprü,SPI,9,1984,12,1986,1,14,17.341,1.239,1.725
Uzunköprü,SPI,9,1986,3,1986,5,3,1.114,0.371,0.409
Uzunköprü,SPI,9,1986,11,1987,10,12,6.94,0.578,1.121
Uzunköprü,SPI,9,1988,5,1988,5,1,0.054,0.054,0.054
Uzunköprü,SPI,9,1988,7,1988,10,4,2.255,0.564,1.001
Uzunköprü,SPI,9,1989,1,1989,6,6,2.199,0.367,0.664
Uzunköprü,SPI,9,1989,8,1989,9,2,0.454,0.227,0.379
Uzunköprü,SPI,9,1990,2,1990,11,10,11.741,1.174,1.782
Uzunköprü,SPI,9,1991,1,1991,9,9,5.406,0.601,1.06
Uzunköprü,SPI,9,1992,2,1994,11,34,41.311,1.215,2.124
Uzunköprü,SPI,9,1996,6,1996,6,1,0.124,0.124,0.124
Uzunköprü,SPI,9,1996,11,1996,11,1,0.05,0.05,0.05
Uzunköprü,SPI,9,1997,1,1997,2,2,0.27,0.135,0.153
Uzunköprü,SPI,9,1999,10,2000,6,9,3.473,0.386,0.663
Uzunköprü,SPI,9,2000,8,2002,6,23,24.859,1.081,1.817
Uzunköprü,SPI,9,2003,8,2006,2,31,24.386,0.787,2.054
Uzunköprü,SPI,9,2006,12,2007,10,11,12.579,1.144,2.529
Uzunköprü,SPI,9,2008,2,2009,8,19,16.167,0.851,1.782
Uzunköprü,SPI,9,2011,7,2011,9,3,2.299,0.766,0.86
Uzunköprü,SPI,9,2013,11,2014,5,7,1.905,0.272,0.494
Uzunköprü,SPI,9,2015,9,2017,6,22,21.299,0.968,2.063
Uzunköprü,SPI,9,2018,12,2019,7,8,4.583,0.573,1.296
Uzunköprü,SPI,9,2019,11,2020,12,14,9.73,0.695,1.255
Uzunköprü,SPI,9,2021,10,2021,10,1,0.131,0.131,0.131
Uzunköprü,SPI,9,2022,9,2024,12,28,43.138,1.541,2.286
Uzunköprü,SPI,12,1965,12,1965,12,1,0.038,0.038,0.038
Uzunköprü,SPI,12,1966,2,1966,8,7,1.18,0.169,0.328
Uzunköprü,SPI,12,1967,11,1968,11,13,8.602,0.662,1.232
Uzunköprü,SPI,12,1969,1,1969,1,1,0.407,0.407,0.407
Uzunköprü,SPI,12,1969,9,1969,9,1,0.007,0.007,0.007
Uzunköprü,SPI,12,1971,5,1971,5,1,0.019,0.019,0.019
Uzunköprü,SPI,12,1972,3,1972,7,5,1.248,0.25,0.468
Uzunköprü,SPI,12,1972,12,1972,12,1,0.325,0.325,0.325
Uzunköprü,SPI,12,1974,4,1974,4,1,0.074,0.074,0.074
Uzunköprü,SPI,12,1974,6,1974,7,2,0.164,0.082,0.103
Uzunköprü,SPI,12,1974,9,1974,10,2,0.777,0.388,0.469
Uzunköprü,SPI,12,1974,12,1974,12,1,0.148,0.148,0.148
Uzunköprü,SPI,12,1976,6,1977,1,8,2.479,0.31,0.659
Uzunköprü,SPI,12,1981,9,1981,9,1,0.005,0.005,0.005
Uzunköprü,SPI,12,1982,11,1984,2,16,12.228,0.764,1.94
Uzunköprü,SPI,12,1984,9,1984,10,2,0.59,0.295,0.328
Uzunköprü,SPI,12,1984,12,1986,7,20,18.328,0.916,1.768
Uzunköprü,SPI,12,1986,11,1986,11,1,0.306,0.306,0.306
Uzunköprü,SPI,12,1987,1,1987,11,11,6.642,0.604,1.025
Uzunköprü,SPI,12,1988,1,1988,1,1,0.035,0.035,0.035
Uzunköprü,SPI,12,1988,5,1988,8,4,0.461,0.115,0.234
Uzunköprü,SPI,12,1988,10,1988,10,1,0.294,0.294,0.294
Uzunköprü,SPI,12,1988,12,1989,5,6,3.131,0.522,0.811
Uzunköprü,SPI,12,1989,11,1991,9,23,17.093,0.743,1.696
Uzunköprü,SPI,12,1991,12,1994,12,37,44.388,1.2,2.092
Uzunköprü,SPI,12,1997,2,1997,2,1,0.196,0.196,0.196
Uzunköprü,SPI,12,2000,1,2002,8,32,30.076,0.94,1.969
Uzunköprü,SPI,12,2003,9,2003,9,1,0.028,0.028,0.028
Uzunköprü,SPI,12,2003,11,2006,2,28,26.492,0.946,2.007
Uzunköprü,SPI,12,2007,3,2009,9,31,29.086,0.938,2.142
Uzunköprü,SPI,12,2011,3,2011,3,1,0.097,0.097,0.097
Uzunköprü,SPI,12,2011,7,2011,7,1,0.01,0.01,0.01
Uzunköprü,SPI,12,2011,11,2011,11,1,0.24,0.24,0.24
Uzunköprü,SPI,12,2012,1,2012,1,1,0.039,0.039,0.039
Uzunköprü,SPI,12,2012,10,2012,10,1,0.117,0.117,0.117
Uzunköprü,SPI,12,2014,2,2014,4,3,1.26,0.42,0.667
Uzunköprü,SPI,12,2014,6,2014,6,1,0.113,0.113,0.113
Uzunköprü,SPI,12,2015,11,2017,9,23,20.815,0.905,1.581
Uzunköprü,SPI,12,2019,3,2019,9,7,3.708,0.53,1.015
Uzunköprü,SPI,12,2019,11,2020,12,14,11.628,0.831,1.357
Uzunköprü,SPI,12,2022,12,2024,12,25,44.667,1.787,2.433
Uzunköprü,SPEI,1,1965,1,1965,1,1,0.642,0.642,0.642
Uzunköprü,SPEI,1,1965,4,1965,4,1,0.334,0.334,0.334
Uzunköprü,SPEI,1,1965,6,1965,7,2,3.048,1.524,1.89
Uzunköprü,SPEI,1,1965,10,1965,10,1,1.146,1.146,1.146
Uzunköprü,SPEI,1,1966,2,1966,2,1,1.179,1.179,1.179
Uzunköprü,SPEI,1,1966,4,1966,4,1,0.237,0.237,0.237
Uzunköprü,SPEI,1,1966,6,1966,6,1,0.142,0.142,0.142
Uzunköprü,SPEI,1,1966,8,1966,8,1,0.248,0.248,0.248
Uzunköprü,SPEI,1,1967,2,1967,5,4,0.962,0.24,0.479
Uzunköprü,SPEI,1,1967,8,1967,9,2,0.767,0.384,0.617
Uzunköprü,SPEI,1,1967,11,1967,12,2,1.061,0.53,0.919
Uzunköprü,SPEI,1,1968,2,1968,2,1,0.417,0.417,0.417
Uzunköprü,SPEI,1,1968,4,1968,7,4,4.939,1.235,1.999
Uzunköprü,SPEI,1,1968,10,1968,11,2,0.613,0.306,0.574
Uzunköprü,SPEI,1,1969,5,1969,6,2,1.757,0.878,1.17
Uzunköprü,SPEI,1,1969,9,1969,11,3,1.579,0.526,0.841
Uzunköprü,SPEI,1,1970,4,1970,4,1,0.015,0.015,0.015
Uzunköprü,SPEI,1,1970,6,1970,9,4,2.678,0.669,1.012
Uzunköprü,SPEI,1,1970,12,1970,12,1,0.458,0.458,0.458
Uzunköprü,SPEI,1,1971,4,1971,5,2,1.455,0.728,1.141
Uzunköprü,SPEI,1,1971,8,1971,8,1,0.337,0.337,0.337
Uzunköprü,SPEI,1,1972,1,1972,4,4,1.917,0.479,1.145
Uzunköprü,SPEI,1,1972,11,1972,12,2,2.859,1.429,1.574
Uzunköprü,SPEI,1,1973,5,1973,5,1,0.705,0.705,0.705
Uzunköprü,SPEI,1,1973,7,1973,7,1,0.459,0.459,0.459
Uzunköprü,SPEI,1,1973,11,1973,11,1,0.795,0.795,0.795
Uzunköprü,SPEI,1,1974,1,1974,1,1,1.247,1.247,1.247
Uzunköprü,SPEI,1,1974,6,1974,6,1,0.65,0.65,0.65
Uzunköprü,SPEI,1,1974,9,1974,10,2,0.769,0.385,0.637
Uzunköprü,SPEI,1,1974,12,1974,12,1,0.53,0.53,0.53
Uzunköprü,SPEI,1,1975,2,1975,2,1,0.599,0.599,0.599
Uzunköprü,SPEI,1,1975,4,1975,4,1,0.382,0.382,0.382
Uzunköprü,SPEI,1,1975,7,1975,7,1,0.484,0.484,0.484
Uzunköprü,SPEI,1,1975,9,1975,9,1,1.49,1.49,1.49
Uzunköprü,SPEI,1,1975,12,1976,4,5,3.034,0.607,1.23
Uzunköprü,SPEI,1,1976,9,1976,9,1,0.024,0.024,0.024
Uzunköprü,SPEI,1,1976,11,1976,11,1,0.074,0.074,0.074
Uzunköprü,SPEI,1,1977,2,1977,5,4,0.427,0.107,0.303
Uzunköprü,SPEI,1,1977,7,1977,7,1,0.313,0.313,0.313
Uzunköprü,SPEI,1,1977,10,1977,10,1,0.178,0.178,0.178
Uzunköprü,SPEI,1,1978,1,1978,1,1,0.128,0.128,0.128
Uzunköprü,SPEI,1,1978,7,1978,7,1,0.271,0.271,0.271
Uzunköprü,SPEI,1,1978,11,1978,12,2,1.825,0.913,1.026
Uzunköprü,SPEI,1,1979,3,1979,3,1,2.217,2.217,2.217
Uzunköprü,SPEI,1,1979,5,1979,5,1,0.782,0.782,0.782
Uzunköprü,SPEI,1,1979,9,1979,9,1,0.329,0.329,0.329
Uzunköprü,SPEI,1,1979,12,1979,12,1,0.725,0.725,0.725
Uzunköprü,SPEI,1,1980,2,1980,2,1,0.584,0.584,0.584
Uzunköprü,SPEI,1,1980,10,1980,10,1,1.667,1.667,1.667
Uzunköprü,SPEI,1,1981,3,1981,4,2,1.462,0.731,0.828
Uzunköprü,SPEI,1,1981,6,1981,6,1,1.591,1.591,1.591
Uzunköprü,SPEI,1,1981,8,1981,9,2,0.515,0.258,0.493
Uzunköprü,SPEI,1,1982,1,1982,2,2,0.194,0.097,0.183
Uzunköprü,SPEI,1,1982,6,1982,6,1,1.013,1.013,1.013
Uzunköprü,SPEI,1,1982,8,1983,1,6,3.581,0.597,1.082
Uzunköprü,SPEI,1,1983,3,1983,5,3,3.002,1.001,1.508
Uzunköprü,SPEI,1,1983,10,1983,12,3,2.035,0.678,0.913
Uzunköprü,SPEI,1,1984,5,1984,6,2,0.607,0.303,0.519
Uzunköprü,SPEI,1,1984,9,1984,10,2,3.393,1.696,1.864
Uzunköprü,SPEI,1,1984,12,1984,12,1,1.623,1.623,1.623
Uzunköprü,SPEI,1,1985,3,1985,5,3,2.896,0.965,1.718
Uzunköprü,SPEI,1,1985,8,1985,10,3,1.31,0.437,0.571
Uzunköprü,SPEI,1,1985,12,1985,12,1,1.586,1.586,1.586
Uzunköprü,SPEI,1,1986,3,1986,5,3,2.472,0.824,1.326
Uzunköprü,SPEI,1,1986,9,1986,9,1,1.027,1.027,1.027
Uzunköprü,SPEI,1,1986,11,1986,12,2,0.698,0.349,0.652
Uzunköprü,SPEI,1,1987,2,1987,2,1,1.001,1.001,1.001
Uzunköprü,SPEI,1,1987,5,1987,5,1,0.094,0.094,0.094
Uzunköprü,SPEI,1,1987,7,1987,7,1,0.381,0.381,0.381
Uzunköprü,SPEI,1,1987,9,1987,9,1,1.077,1.077,1.077
Uzunköprü,SPEI,1,1988,1,1988,2,2,1.79,0.895,1.538
Uzunköprü,SPEI,1,1988,5,1988,7,3,1.062,0.354,0.738
Uzunköprü,SPEI,1,1988,10,1988,10,1,0.961,0.961,0.961
Uzunköprü,SPEI,1,1989,1,1989,4,4,5.178,1.294,1.736
Uzunköprü,SPEI,1,1989,9,1989,9,1,0.413,0.413,0.413
Uzunköprü,SPEI,1,1989,12,1990,3,4,4.732,1.183,1.631
Uzunköprü,SPEI,1,1990,6,1990,8,3,0.611,0.204,0.323
Uzunköprü,SPEI,1,1990,11,1990,11,1,0.445,0.445,0.445
Uzunköprü,SPEI,1,1991,1,1991,3,3,2.841,0.947,1.479
Uzunköprü,SPEI,1,1991,6,1991,6,1,0.837,0.837,0.837
Uzunköprü,SPEI,1,1991,9,1991,9,1,0.47,0.47,0.47
Uzunköprü,SPEI,1,1991,12,1992,4,5,4.335,0.867,1.693
Uzunköprü,SPEI,1,1992,8,1992,10,3,1.68,0.56,0.874
Uzunköprü,SPEI,1,1992,12,1993,2,3,2.385,0.795,1.173
Uzunköprü,SPEI,1,1993,4,1993,4,1,1.116,1.116,1.116
Uzunköprü,SPEI,1,1993,6,1993,10,5,3.324,0.665,1.068
Uzunköprü,SPEI,1,1993,12,1994,5,6,3.792,0.632,1.102
Uzunköprü,SPEI,1,1994,7,1994,9,3,3.375,1.125,2.021
Uzunköprü,SPEI,1,1995,2,1995,2,1,0.423,0.423,0.423
Uzunköprü,SPEI,1,1995,4,1995,5,2,1.248,0.624,0.862
Uzunköprü,SPEI,1,1995,10,1995,10,1,0.754,0.754,0.754
Uzunköprü,SPEI,1,1995,12,1996,1,2,1.377,0.689,1.127
Uzunköprü,SPEI,1,1996,5,1996,6,2,2.845,1.422,1.51
Uzunköprü,SPEI,1,1996,10,1996,10,1,0.972,0.972,0.972
Uzunköprü,SPEI,1,1997,1,1997,2,2,0.93,0.465,0.537
Uzunköprü,SPEI,1,1997,5,1997,6,2,1.994,0.997,1.056
Uzunköprü,SPEI,1,1997,9,1997,9,1,0.318,0.318,0.318
Uzunköprü,SPEI,1,1997,11,1997,11,1,0.321,0.321,0.321
Uzunköprü,SPEI,1,1998,1,1998,1,1,1.07,1.07,1.07
Uzunköprü,SPEI,1,1998,4,1998,4,1,1.053,1.053,1.053
Uzunköprü,SPEI,1,1998,6,1998,6,1,0.785,0.785,0.785
Uzunköprü,SPEI,1,1999,4,1999,10,7,5.311,0.759,1.26
Uzunköprü,SPEI,1,2000,1,2000,1,1,0.628,0.628,0.628
Uzunköprü,SPEI,1,2000,4,2000,4,1,0.258,0.258,0.258
Uzunköprü,SPEI,1,2000,6,2000,7,2,1.658,0.829,1.471
Uzunköprü,SPEI,1,2000,10,2001,3,6,4.489,0.748,1.175
Uzunköprü,SPEI,1,2001,5,2001,8,4,3.885,0.971,1.677
Uzunköprü,SPEI,1,2001,10,2001,11,2,1.674,0.837,1.492
Uzunköprü,SPEI,1,2002,1,2002,2,2,1.426,0.713,0.771
Uzunköprü,SPEI,1,2002,4,2002,6,3,1.997,0.666,0.904
Uzunköprü,SPEI,1,2002,10,2002,10,1,0.36,0.36,0.36
Uzunköprü,SPEI,1,2002,12,2002,12,1,0.95,0.95,0.95
Uzunköprü,SPEI,1,2003,3,2003,3,1,0.803,0.803,0.803
Uzunköprü,SPEI,1,2003,6,2003,8,3,1.688,0.563,1.084
Uzunköprü,SPEI,1,2003,11,2003,12,2,2.128,1.064,1.341
Uzunköprü,SPEI,1,2004,2,2004,2,1,1.546,1.546,1.546
Uzunköprü,SPEI,1,2004,4,2004,4,1,1.227,1.227,1.227
Uzunköprü,SPEI,1,2004,8,2004,12,5,3.783,0.757,1.479
Uzunköprü,SPEI,1,2005,3,2005,4,2,1.693,0.847,1.059
Uzunköprü,SPEI,1,2005,7,2005,10,4,2.658,0.664,0.988
Uzunköprü,SPEI,1,2006,1,2006,1,1,0.217,0.217,0.217
Uzunköprü,SPEI,1,2006,4,2006,5,2,1.197,0.599,1.101
Uzunköprü,SPEI,1,2006,8,2006,8,1,0.53,0.53,0.53
Uzunköprü,SPEI,1,2006,11,2007,4,6,5.704,0.951,1.423
Uzunköprü,SPEI,1,2007,6,2007,8,3,4.584,1.528,1.823
Uzunköprü,SPEI,1,2007,10,2007,10,1,0.27,0.27,0.27
Uzunköprü,SPEI,1,2007,12,2008,2,3,2.287,0.762,1.225
Uzunköprü,SPEI,1,2008,4,2008,6,3,1.945,0.648,0.703
Uzunköprü,SPEI,1,2008,8,2008,8,1,0.238,0.238,0.238
Uzunköprü,SPEI,1,2008,10,2008,12,3,3.045,1.015,1.059
Uzunköprü,SPEI,1,2009,4,2009,6,3,2.664,0.888,1.321
Uzunköprü,SPEI,1,2009,8,2009,8,1,0.048,0.048,0.048
Uzunköprü,SPEI,1,2009,11,2009,11,1,0.621,0.621,0.621
Uzunköprü,SPEI,1,2010,4,2010,6,3,1.904,0.635,1.215
Uzunköprü,SPEI,1,2010,8,2010,8,1,3.177,3.177,3.177
Uzunköprü,SPEI,1,2010,11,2010,12,2,0.587,0.293,0.325
Uzunköprü,SPEI,1,2011,2,2011,3,2,2.303,1.151,1.513
Uzunköprü,SPEI,1,2011,7,2011,8,2,1.274,0.637,0.988
Uzunköprü,SPEI,1,2011,11,2011,11,1,1.483,1.483,1.483
Uzunköprü,SPEI,1,2012,1,2012,3,3,1.519,0.506,1.124
Uzunköprü,SPEI,1,2012,6,2012,11,6,10.428,1.738,4.421
Uzunköprü,SPEI,1,2013,3,2013,5,3,3.404,1.135,2.212
Uzunköprü,SPEI,1,2013,7,2013,9,3,2.622,0.874,1.27
Uzunköprü,SPEI,1,2013,12,2013,12,1,1.503,1.503,1.503
Uzunköprü,SPEI,1,2014,2,2014,2,1,1.945,1.945,1.945
Uzunköprü,SPEI,1,2014,4,2014,4,1,0.082,0.082,0.082
Uzunköprü,SPEI,1,2014,8,2014,8,1,0.552,0.552,0.552
Uzunköprü,SPEI,1,2015,5,2015,9,5,6.406,1.281,1.981
Uzunköprü,SPEI,1,2015,11,2015,12,2,2.737,1.369,1.757
Uzunköprü,SPEI,1,2016,3,2016,4,2,2.544,1.272,1.873
Uzunköprü,SPEI,1,2016,6,2016,12,7,4.929,0.704,1.48
Uzunköprü,SPEI,1,2017,2,2017,3,2,0.596,0.298,0.594
Uzunköprü,SPEI,1,2017,8,2017,8,1,0.013,0.013,0.013
Uzunköprü,SPEI,1,2017,11,2017,11,1,1.467,1.467,1.467
Uzunköprü,SPEI,1,2018,4,2018,6,3,4.75,1.583,2.102
Uzunköprü,SPEI,1,2018,8,2018,10,3,3.337,1.112,1.506
Uzunköprü,SPEI,1,2018,12,2018,12,1,0.58,0.58,0.58
Uzunköprü,SPEI,1,2019,2,2019,3,2,2.229,1.115,1.745
Uzunköprü,SPEI,1,2019,6,2019,6,1,0.09,0.09,0.09
Uzunköprü,SPEI,1,2019,9,2019,9,1,0.078,0.078,0.078
Uzunköprü,SPEI,1,2019,11,2020,3,5,5.808,1.162,1.551
Uzunköprü,SPEI,1,2020,8,2020,12,5,3.363,0.673,1.648
Uzunköprü,SPEI,1,2021,2,2021,2,1,0.103,0.103,0.103
Uzunköprü,SPEI,1,2021,7,2021,8,2,3.537,1.768,1.926
Uzunköprü,SPEI,1,2021,10,2021,10,1,0.013,0.013,0.013
Uzunköprü,SPEI,1,2022,1,2022,1,1,1.035,1.035,1.035
Uzunköprü,SPEI,1,2022,3,2022,3,1,0.83,0.83,0.83
Uzunköprü,SPEI,1,2022,5,2022,5,1,0.138,0.138,0.138
Uzunköprü,SPEI,1,2022,7,2023,3,9,7.522,0.836,1.648
Uzunköprü,SPEI,1,2023,7,2024,4,10,11.688,1.169,2.326
Uzunköprü,SPEI,1,2024,6,2024,11,6,9.978,1.663,3.553
Uzunköprü,SPEI,3,1965,6,1965,12,7,5.124,0.732,1.511
Uzunköprü,SPEI,3,1966,4,1966,4,1,0.627,0.627,0.627
Uzunköprü,SPEI,3,1966,6,1966,8,3,1.014,0.338,0.411
Uzunköprü,SPEI,3,1967,3,1967,12,10,3.836,0.384,0.774
Uzunköprü,SPEI,3,1968,4,1968,8,5,8.253,1.651,2.297
Uzunköprü,SPEI,3,1968,12,1968,12,1,0.152,0.152,0.152
Uzunköprü,SPEI,3,1969,5,1969,7,3,1.791,0.597,1.03
Uzunköprü,SPEI,3,1969,11,1969,12,2,1.017,0.508,0.95
Uzunköprü,SPEI,3,1970,8,1970,10,3,2.222,0.741,1.083
Uzunköprü,SPEI,3,1971,1,1971,1,1,0.019,0.019,0.019
Uzunköprü,SPEI,3,1971,6,1971,6,1,0.577,0.577,0.577
Uzunköprü,SPEI,3,1972,2,1972,6,5,2.715,0.543,1.014
Uzunköprü,SPEI,3,1972,12,1973,2,3,1.616,0.539,1.363
Uzunköprü,SPEI,3,1973,7,1973,7,1,0.039,0.039,0.039
Uzunköprü,SPEI,3,1974,1,1974,3,3,1.849,0.616,0.937
Uzunköprü,SPEI,3,1974,9,1974,10,2,0.157,0.079,0.123
Uzunköprü,SPEI,3,1975,4,1975,4,1,0.512,0.512,0.512
Uzunköprü,SPEI,3,1976,1,1976,5,5,4.161,0.832,1.257
Uzunköprü,SPEI,3,1977,3,1977,5,3,1.083,0.361,0.422
Uzunköprü,SPEI,3,1978,8,1978,8,1,0.197,0.197,0.197
Uzunköprü,SPEI,3,1979,1,1979,1,1,0.46,0.46,0.46
Uzunköprü,SPEI,3,1979,3,1979,3,1,0.081,0.081,0.081
Uzunköprü,SPEI,3,1979,5,1979,5,1,0.589,0.589,0.589
Uzunköprü,SPEI,3,1980,2,1980,2,1,0.002,0.002,0.002
Uzunköprü,SPEI,3,1980,4,1980,4,1,0.021,0.021,0.021
Uzunköprü,SPEI,3,1980,10,1980,11,2,1.421,0.711,0.802
Uzunköprü,SPEI,3,1981,4,1981,9,6,5.11,0.852,1.213
Uzunköprü,SPEI,3,1982,7,1983,5,11,10.659,0.969,2.029
Uzunköprü,SPEI,3,1983,10,1984,1,4,2.898,0.725,1.206
Uzunköprü,SPEI,3,1984,7,1984,7,1,0.065,0.065,0.065
Uzunköprü,SPEI,3,1984,9,1985,7,11,9.082,0.826,1.875
Uzunköprü,SPEI,3,1985,9,1985,10,2,1.375,0.688,0.733
Uzunköprü,SPEI,3,1985,12,1985,12,1,0.321,0.321,0.321
Uzunköprü,SPEI,3,1986,4,1986,5,2,2.224,1.112,1.73
Uzunköprü,SPEI,3,1986,11,1987,3,5,2.927,0.585,0.898
Uzunköprü,SPEI,3,1987,7,1987,7,1,0.036,0.036,0.036
Uzunköprü,SPEI,3,1987,9,1987,9,1,0.459,0.459,0.459
Uzunköprü,SPEI,3,1988,2,1988,7,6,2.812,0.469,1.037
Uzunköprü,SPEI,3,1988,10,1988,10,1,0.384,0.384,0.384
Uzunköprü,SPEI,3,1989,2,1989,5,4,5.962,1.491,2.113
Uzunköprü,SPEI,3,1989,11,1990,5,7,6.012,0.859,1.938
Uzunköprü,SPEI,3,1990,7,1990,9,3,0.679,0.226,0.505
Uzunköprü,SPEI,3,1991,1,1991,5,5,2.841,0.568,1.431
Uzunköprü,SPEI,3,1992,1,1992,5,5,5.789,1.158,1.911
Uzunköprü,SPEI,3,1992,9,1993,4,8,5.587,0.698,1.376
Uzunköprü,SPEI,3,1993,6,1993,6,1,0.565,0.565,0.565
Uzunköprü,SPEI,3,1993,8,1994,10,15,13.01,0.867,1.534
Uzunköprü,SPEI,3,1995,6,1995,6,1,0.662,0.662,0.662
Uzunköprü,SPEI,3,1996,6,1996,7,2,2.616,1.308,1.557
Uzunköprü,SPEI,3,1996,12,1996,12,1,0.187,0.187,0.187
Uzunköprü,SPEI,3,1997,2,1997,2,1,0.198,0.198,0.198
Uzunköprü,SPEI,3,1997,7,1997,7,1,1.122,1.122,1.122
Uzunköprü,SPEI,3,1998,8,1998,8,1,0.095,0.095,0.095
Uzunköprü,SPEI,3,1999,5,1999,11,7,6.661,0.952,1.557
Uzunköprü,SPEI,3,2000,3,2000,4,2,0.363,0.181,0.355
Uzunköprü,SPEI,3,2000,6,2001,11,18,15.76,0.876,1.584
Uzunköprü,SPEI,3,2002,3,2002,6,4,3.025,0.756,1.255
Uzunköprü,SPEI,3,2003,2,2003,3,2,0.168,0.084,0.118
Uzunköprü,SPEI,3,2003,7,2003,9,3,1.846,0.615,0.875
Uzunköprü,SPEI,3,2003,11,2004,6,8,5.014,0.627,1.375
Uzunköprü,SPEI,3,2004,9,2005,1,5,6.045,1.209,1.671
Uzunköprü,SPEI,3,2005,5,2005,5,1,0.766,0.766,0.766
Uzunköprü,SPEI,3,2005,8,2005,10,3,2.565,0.855,1.121
Uzunköprü,SPEI,3,2006,12,2007,10,11,13.083,1.189,1.981
Uzunköprü,SPEI,3,2008,2,2009,2,13,11.498,0.884,1.64
Uzunköprü,SPEI,3,2009,6,2009,8,3,3.952,1.317,1.592
Uzunköprü,SPEI,3,2010,5,2010,8,4,2.042,0.511,1.181
Uzunköprü,SPEI,3,2011,1,2011,5,5,3.177,0.635,1.052
Uzunköprü,SPEI,3,2011,7,2011,9,3,1.376,0.459,0.563
Uzunköprü,SPEI,3,2012,1,2012,1,1,0.502,0.502,0.502
Uzunköprü,SPEI,3,2012,3,2012,4,2,1.091,0.545,0.856
Uzunköprü,SPEI,3,2012,8,2012,11,4,7.341,1.835,2.463
Uzunköprü,SPEI,3,2013,5,2013,7,3,2.385,0.795,2.135
Uzunköprü,SPEI,3,2013,9,2013,10,2,1.517,0.759,1.286
Uzunköprü,SPEI,3,2013,12,2014,4,5,2.609,0.522,1.195
Uzunköprü,SPEI,3,2015,6,2016,2,9,10.264,1.14,2.323
Uzunköprü,SPEI,3,2016,4,2017,2,11,9.812,0.892,1.504
Uzunköprü,SPEI,3,2017,11,2018,1,3,1.064,0.355,0.507
Uzunköprü,SPEI,3,2018,6,2018,6,1,2.384,2.384,2.384
Uzunköprü,SPEI,3,2018,10,2018,12,3,4.131,1.377,1.712
Uzunköprü,SPEI,3,2019,3,2019,5,3,1.614,0.538,0.914
Uzunköprü,SPEI,3,2019,7,2019,7,1,0.173,0.173,0.173
Uzunköprü,SPEI,3,2019,11,2020,4,6,7.701,1.283,2.26
Uzunköprü,SPEI,3,2020,8,2020,12,5,4.591,0.918,1.599
Uzunköprü,SPEI,3,2021,8,2021,10,3,2.606,0.869,1.384
Uzunköprü,SPEI,3,2022,5,2022,5,1,0.416,0.416,0.416
Uzunköprü,SPEI,3,2022,7,2023,4,10,10.756,1.076,1.712
Uzunköprü,SPEI,3,2023,8,2024,12,17,27.28,1.605,2.67
Uzunköprü,SPEI,6,1965,8,1965,12,5,4.764,0.953,1.274
Uzunköprü,SPEI,6,1966,6,1966,9,4,1.368,0.342,0.844
Uzunköprü,SPEI,6,1967,6,1968,9,16,11.513,0.72,2.133
Uzunköprü,SPEI,6,1969,10,1969,11,2,0.552,0.276,0.34
Uzunköprü,SPEI,6,1970,8,1970,9,2,0.377,0.189,0.359
Uzunköprü,SPEI,6,1970,11,1971,1,3,1.081,0.36,0.425
Uzunköprü,SPEI,6,1972,3,1972,7,5,2.558,0.512,1.064
Uzunköprü,SPEI,6,1974,1,1974,4,4,0.779,0.195,0.321
Uzunköprü,SPEI,6,1974,6,1974,6,1,0.003,0.003,0.003
Uzunköprü,SPEI,6,1974,12,1974,12,1,0.006,0.006,0.006
Uzunköprü,SPEI,6,1976,2,1976,7,6,4.474,0.746,1.171
Uzunköprü,SPEI,6,1977,4,1977,4,1,0.009,0.009,0.009
Uzunköprü,SPEI,6,1979,4,1979,5,2,0.518,0.259,0.383
Uzunköprü,SPEI,6,1980,11,1980,11,1,0.13,0.13,0.13
Uzunköprü,SPEI,6,1981,7,1981,10,4,4.394,1.099,1.444
Uzunköprü,SPEI,6,1982,9,1983,6,10,10.87,1.087,1.488
Uzunköprü,SPEI,6,1983,12,1984,2,3,1.417,0.472,0.794
Uzunköprü,SPEI,6,1984,9,1985,10,14,13.877,0.991,1.322
Uzunköprü,SPEI,6,1985,12,1986,1,2,0.983,0.491,0.624
Uzunköprü,SPEI,6,1986,4,1986,5,2,0.989,0.494,0.829
Uzunköprü,SPEI,6,1986,12,1987,5,6,3.08,0.513,1.04
Uzunköprü,SPEI,6,1987,7,1987,7,1,0.127,0.127,0.127
Uzunköprü,SPEI,6,1988,5,1988,10,6,3.743,0.624,1.306
Uzunköprü,SPEI,6,1989,2,1989,6,5,3.51,0.702,1.505
Uzunköprü,SPEI,6,1990,1,1990,8,8,9.069,1.134,1.513
Uzunköprü,SPEI,6,1990,11,1990,11,1,0.313,0.313,0.313
Uzunköprü,SPEI,6,1991,1,1991,7,7,4.189,0.598,1.379
Uzunköprü,SPEI,6,1992,2,1992,7,6,4.84,0.807,1.763
Uzunköprü,SPEI,6,1992,12,1994,11,24,25.314,1.055,1.578
Uzunköprü,SPEI,6,1996,6,1996,6,1,0.124,0.124,0.124
Uzunköprü,SPEI,6,1996,8,1996,8,1,0.052,0.052,0.052
Uzunköprü,SPEI,6,1996,10,1996,10,1,0.295,0.295,0.295
Uzunköprü,SPEI,6,1997,2,1997,2,1,0.072,0.072,0.072
Uzunköprü,SPEI,6,1999,7,2000,2,8,6.642,0.83,1.92
Uzunköprü,SPEI,6,2000,6,2002,6,25,23.846,0.954,1.771
Uzunköprü,SPEI,6,2003,5,2003,5,1,0.049,0.049,0.049
Uzunköprü,SPEI,6,2003,7,2005,4,22,16.534,0.752,1.5
Uzunköprü,SPEI,6,2005,8,2006,2,7,3.499,0.5,0.942
Uzunköprü,SPEI,6,2006,12,2007,10,11,14.444,1.313,2.153
Uzunköprü,SPEI,6,2008,3,2009,9,19,15.723,0.828,1.744
Uzunköprü,SPEI,6,2010,8,2010,9,2,1.287,0.643,0.666
Uzunköprü,SPEI,6,2011,3,2011,8,6,4.099,0.683,0.998
Uzunköprü,SPEI,6,2012,4,2012,4,1,0.605,0.605,0.605
Uzunköprü,SPEI,6,2012,10,2012,12,3,2.332,0.777,2.02
Uzunköprü,SPEI,6,2013,8,2013,10,3,2.47,0.823,1.192
Uzunköprü,SPEI,6,2013,12,2014,5,6,3.874,0.646,0.882
Uzunköprü,SPEI,6,2015,7,2017,4,22,24.021,1.092,2.111
Uzunköprü,SPEI,6,2017,11,2017,11,1,0.101,0.101,0.101
Uzunköprü,SPEI,6,2018,1,2018,1,1,0.227,0.227,0.227
Uzunköprü,SPEI,6,2018,9,2019,5,9,5.947,0.661,1.307
Uzunköprü,SPEI,6,2019,7,2019,7,1,0.999,0.999,0.999
Uzunköprü,SPEI,6,2019,11,2020,6,8,8.555,1.069,1.849
Uzunköprü,SPEI,6,2020,10,2021,3,6,3.724,0.621,1.328
Uzunköprü,SPEI,6,2021,8,2021,11,4,0.888,0.222,0.422
Uzunköprü,SPEI,6,2022,8,2024,12,29,44.569,1.537,2.478
Uzunköprü,SPEI,9,1965,9,1966,6,10,3.158,0.316,0.872
Uzunköprü,SPEI,9,1966,10,1966,10,1,0.453,0.453,0.453
Uzunköprü,SPEI,9,1967,9,1968,8,12,9.357,0.78,1.395
Uzunköprü,SPEI,9,1968,10,1968,12,3,1.329,0.443,0.617
Uzunköprü,SPEI,9,1969,6,1969,6,1,0.086,0.086,0.086
Uzunköprü,SPEI,9,1969,11,1970,1,3,0.587,0.196,0.421
Uzunköprü,SPEI,9,1970,12,1971,2,3,0.509,0.17,0.326
Uzunköprü,SPEI,9,1972,4,1972,6,3,0.704,0.235,0.322
Uzunköprü,SPEI,9,1972,8,1972,9,2,0.538,0.269,0.331
Uzunköprü,SPEI,9,1974,1,1974,1,1,0.151,0.151,0.151
Uzunköprü,SPEI,9,1974,3,1974,3,1,0.138,0.138,0.138
Uzunköprü,SPEI,9,1974,7,1974,7,1,0.125,0.125,0.125
Uzunköprü,SPEI,9,1974,9,1974,9,1,0.052,0.052,0.052
Uzunköprü,SPEI,9,1976,5,1976,9,5,1.781,0.356,0.484
Uzunköprü,SPEI,9,1981,9,1981,11,3,1.151,0.384,0.822
Uzunköprü,SPEI,9,1982,9,1983,7,11,10.384,0.944,1.672
Uzunköprü,SPEI,9,1983,11,1983,11,1,0.011,0.011,0.011
Uzunköprü,SPEI,9,1984,12,1986,1,14,14.65,1.046,1.692
Uzunköprü,SPEI,9,1986,3,1986,5,3,1.222,0.407,0.521
Uzunköprü,SPEI,9,1986,11,1986,12,2,0.423,0.211,0.302
Uzunköprü,SPEI,9,1987,2,1987,7,6,2.21,0.368,0.671
Uzunköprü,SPEI,9,1987,9,1987,9,1,0.247,0.247,0.247
Uzunköprü,SPEI,9,1988,5,1988,5,1,0.028,0.028,0.028
Uzunköprü,SPEI,9,1988,7,1988,10,4,2.061,0.515,1.028
Uzunköprü,SPEI,9,1989,1,1989,5,5,1.783,0.357,0.602
Uzunköprü,SPEI,9,1989,9,1989,9,1,0.2,0.2,0.2
Uzunköprü,SPEI,9,1990,3,1990,11,9,8.939,0.993,1.398
Uzunköprü,SPEI,9,1991,1,1991,7,7,3.262,0.466,0.638
Uzunköprü,SPEI,9,1991,9,1991,9,1,0.684,0.684,0.684
Uzunköprü,SPEI,9,1992,4,1994,12,33,32.881,0.996,1.971
Uzunköprü,SPEI,9,1997,1,1997,2,2,0.424,0.212,0.29
Uzunköprü,SPEI,9,1999,9,2000,6,10,5.666,0.567,0.988
Uzunköprü,SPEI,9,2000,8,2002,6,23,27.668,1.203,2.205
Uzunköprü,SPEI,9,2003,8,2006,2,31,21.898,0.706,1.681
Uzunköprü,SPEI,9,2006,12,2009,8,33,35.681,1.081,4.753
Uzunköprü,SPEI,9,2011,3,2011,4,2,0.246,0.123,0.182
Uzunköprü,SPEI,9,2011,7,2011,9,3,2.389,0.796,0.839
Uzunköprü,SPEI,9,2012,3,2012,3,1,0.026,0.026,0.026
Uzunköprü,SPEI,9,2012,9,2012,11,3,1.527,0.509,0.655
Uzunköprü,SPEI,9,2013,11,2014,5,7,4.367,0.624,0.905
Uzunköprü,SPEI,9,2015,9,2017,6,22,25.657,1.166,2.045
Uzunköprü,SPEI,9,2018,11,2019,7,9,5.67,0.63,1.488
Uzunköprü,SPEI,9,2019,10,2021,5,20,14.073,0.704,1.379
Uzunköprü,SPEI,9,2021,10,2021,10,1,0.21,0.21,0.21
Uzunköprü,SPEI,9,2022,9,2024,12,28,53.315,1.904,4.753
Uzunköprü,SPEI,12,1965,12,1965,12,1,0.129,0.129,0.129
Uzunköprü,SPEI,12,1966,2,1966,8,7,2.632,0.376,0.634
Uzunköprü,SPEI,12,1967,11,1968,11,13,8.435,0.649,1.262
Uzunköprü,SPEI,12,1969,1,1969,1,1,0.497,0.497,0.497
Uzunköprü,SPEI,12,1972,3,1972,4,2,0.35,0.175,0.178
Uzunköprü,SPEI,12,1972,6,1972,6,1,0.078,0.078,0.078
Uzunköprü,SPEI,12,1972,12,1972,12,1,0.29,0.29,0.29
Uzunköprü,SPEI,12,1974,10,1974,10,1,0.184,0.184,0.184
Uzunköprü,SPEI,12,1976,10,1976,11,2,0.223,0.111,0.173
Uzunköprü,SPEI,12,1982,12,1984,2,15,9.871,0.658,1.774
Uzunköprü,SPEI,12,1984,10,1984,10,1,0.08,0.08,0.08
Uzunköprü,SPEI,12,1984,12,1984,12,1,0.103,0.103,0.103
Uzunköprü,SPEI,12,1985,3,1986,6,16,14.696,0.919,1.544
Uzunköprü,SPEI,12,1986,11,1986,11,1,0.138,0.138,0.138
Uzunköprü,SPEI,12,1987,1,1987,3,3,1.066,0.355,0.628
Uzunköprü,SPEI,12,1987,6,1987,10,5,1.515,0.303,0.396
Uzunköprü,SPEI,12,1988,6,1988,8,3,0.202,0.067,0.151
Uzunköprü,SPEI,12,1988,10,1988,10,1,0.199,0.199,0.199
Uzunköprü,SPEI,12,1988,12,1989,5,6,2.478,0.413,0.827
Uzunköprü,SPEI,12,1989,12,1990,3,4,1.159,0.29,0.416
Uzunköprü,SPEI,12,1990,6,1991,7,14,9.534,0.681,1.13
Uzunköprü,SPEI,12,1991,9,1991,9,1,0.129,0.129,0.129
Uzunköprü,SPEI,12,1992,4,1992,5,2,0.235,0.117,0.21
Uzunköprü,SPEI,12,1992,8,1994,12,29,33.363,1.15,2.0
Uzunköprü,SPEI,12,1997,2,1997,2,1,0.119,0.119,0.119
Uzunköprü,SPEI,12,1999,12,2002,8,33,34.07,1.032,2.417
Uzunköprü,SPEI,12,2003,11,2006,2,28,22.896,0.818,1.741
Uzunköprü,SPEI,12,2007,3,2009,10,32,32.595,1.019,2.325
Uzunköprü,SPEI,12,2011,3,2011,4,2,0.711,0.356,0.465
Uzunköprü,SPEI,12,2011,7,2011,9,3,0.338,0.113,0.205
Uzunköprü,SPEI,12,2011,11,2011,11,1,0.155,0.155,0.155
Uzunköprü,SPEI,12,2012,1,2012,1,1,0.077,0.077,0.077
Uzunköprü,SPEI,12,2012,10,2012,11,2,0.776,0.388,0.493
Uzunköprü,SPEI,12,2013,5,2013,5,1,0.266,0.266,0.266
Uzunköprü,SPEI,12,2013,12,2014,6,7,3.77,0.539,1.151
Uzunköprü,SPEI,12,2015,11,2017,9,23,25.64,1.115,1.828
Uzunköprü,SPEI,12,2018,10,2018,10,1,0.005,0.005,0.005
Uzunköprü,SPEI,12,2018,12,2018,12,1,0.048,0.048,0.048
Uzunköprü,SPEI,12,2019,2,2019,9,8,4.598,0.575,1.326
Uzunköprü,SPEI,12,2019,11,2021,2,16,14.822,0.926,1.502
Uzunköprü,SPEI,12,2021,5,2021,5,1,0.123,0.123,0.123
Uzunköprü,SPEI,12,2021,7,2021,9,3,0.442,0.147,0.222
Uzunköprü,SPEI,12,2022,12,2024,12,25,61.888,2.476,4.753
Çorlu,SPI,1,1965,1,1965,1,1,0.639,0.639,0.639
Çorlu,SPI,1,1965,3,1965,3,1,0.472,0.472,0.472
Çorlu,SPI,1,1965,6,1965,7,2,0.913,0.457,0.672
Çorlu,SPI,1,1965,9,1965,10,2,2.326,1.163,2.005
Çorlu,SPI,1,1966,7,1966,8,2,1.476,0.738,1.402
Çorlu,SPI,1,1966,10,1966,10,1,1.461,1.461,1.461
Çorlu,SPI,1,1967,2,1967,3,2,0.85,0.425,0.75
Çorlu,SPI,1,1967,5,1967,7,3,1.588,0.529,0.937
Çorlu,SPI,1,1967,10,1967,11,2,1.507,0.754,1.338
Çorlu,SPI,1,1968,2,1968,2,1,0.087,0.087,0.087
Çorlu,SPI,1,1968,4,1968,5,2,2.893,1.446,1.805
Çorlu,SPI,1,1968,7,1968,7,1,0.918,0.918,0.918
Çorlu,SPI,1,1968,10,1968,11,2,0.923,0.462,0.529
Çorlu,SPI,1,1969,3,1969,3,1,0.354,0.354,0.354
Çorlu,SPI,1,1969,5,1969,5,1,2.128,2.128,2.128
Çorlu,SPI,1,1969,7,1969,7,1,1.124,1.124,1.124
Çorlu,SPI,1,1969,9,1969,11,3,3.479,1.16,2.462
Çorlu,SPI,1,1970,6,1970,9,4,3.868,0.967,1.645
Çorlu,SPI,1,1971,2,1971,2,1,0.137,0.137,0.137
Çorlu,SPI,1,1971,4,1971,4,1,0.871,0.871,0.871
Çorlu,SPI,1,1971,8,1971,10,3,1.329,0.443,0.709
Çorlu,SPI,1,1971,12,1972,4,5,6.15,1.23,2.002
Çorlu,SPI,1,1972,6,1972,6,1,0.315,0.315,0.315
Çorlu,SPI,1,1972,12,1973,1,2,2.398,1.199,2.084
Çorlu,SPI,1,1973,5,1973,6,2,1.528,0.764,1.101
Çorlu,SPI,1,1973,11,1974,2,4,2.759,0.69,1.043
Çorlu,SPI,1,1974,4,1974,4,1,0.392,0.392,0.392
Çorlu,SPI,1,1974,6,1974,8,3,1.973,0.658,1.145
Çorlu,SPI,1,1974,10,1974,10,1,0.214,0.214,0.214
Çorlu,SPI,1,1974,12,1974,12,1,0.481,0.481,0.481
Çorlu,SPI,1,1975,2,1975,2,1,1.256,1.256,1.256
Çorlu,SPI,1,1975,9,1975,9,1,1.827,1.827,1.827
Çorlu,SPI,1,1976,1,1976,4,4,2.49,0.623,0.745
Çorlu,SPI,1,1977,3,1977,3,1,0.147,0.147,0.147
Çorlu,SPI,1,1977,5,1977,5,1,0.057,0.057,0.057
Çorlu,SPI,1,1977,8,1977,10,3,1.455,0.485,1.002
Çorlu,SPI,1,1978,6,1978,8,3,2.578,0.859,0.942
Çorlu,SPI,1,1978,11,1978,12,2,1.692,0.846,1.005
Çorlu,SPI,1,1979,2,1979,3,2,1.856,0.928,1.45
Çorlu,SPI,1,1979,6,1979,6,1,1.706,1.706,1.706
Çorlu,SPI,1,1979,9,1979,9,1,0.878,0.878,0.878
Çorlu,SPI,1,1979,12,1979,12,1,0.504,0.504,0.504
Çorlu,SPI,1,1980,8,1980,10,3,2.596,0.865,1.226
Çorlu,SPI,1,1981,2,1981,2,1,0.346,0.346,0.346
Çorlu,SPI,1,1981,4,1981,4,1,2.007,2.007,2.007
Çorlu,SPI,1,1981,6,1981,6,1,2.757,2.757,2.757
Çorlu,SPI,1,1981,8,1981,8,1,0.577,0.577,0.577
Çorlu,SPI,1,1982,1,1982,3,3,3.004,1.001,1.586
Çorlu,SPI,1,1982,6,1982,6,1,0.44,0.44,0.44
Çorlu,SPI,1,1982,9,1982,11,3,2.81,0.937,1.302
Çorlu,SPI,1,1983,1,1983,1,1,0.394,0.394,0.394
Çorlu,SPI,1,1983,3,1983,6,4,4.252,1.063,2.357
Çorlu,SPI,1,1983,9,1983,12,4,1.886,0.472,0.864
Çorlu,SPI,1,1984,5,1984,6,2,1.165,0.583,1.01
Çorlu,SPI,1,1984,9,1984,10,2,1.941,0.971,1.302
Çorlu,SPI,1,1984,12,1984,12,1,1.301,1.301,1.301
Çorlu,SPI,1,1985,2,1985,3,2,0.795,0.398,0.662
Çorlu,SPI,1,1985,5,1985,10,6,3.151,0.525,1.505
Çorlu,SPI,1,1985,12,1985,12,1,0.723,0.723,0.723
Çorlu,SPI,1,1986,3,1986,5,3,2.227,0.742,0.983
Çorlu,SPI,1,1986,8,1986,8,1,1.204,1.204,1.204
Çorlu,SPI,1,1986,11,1986,12,2,1.238,0.619,0.667
Çorlu,SPI,1,1987,2,1987,6,5,2.975,0.595,1.168
Çorlu,SPI,1,1987,8,1987,10,3,1.866,0.622,1.569
Çorlu,SPI,1,1988,1,1988,1,1,1.337,1.337,1.337
Çorlu,SPI,1,1988,3,1988,3,1,0.005,0.005,0.005
Çorlu,SPI,1,1988,5,1988,5,1,0.4,0.4,0.4
Çorlu,SPI,1,1988,7,1988,8,2,1.272,0.636,1.241
Çorlu,SPI,1,1988,10,1988,10,1,0.551,0.551,0.551
Çorlu,SPI,1,1989,1,1989,2,2,3.911,1.956,1.975
Çorlu,SPI,1,1989,4,1989,4,1,2.043,2.043,2.043
Çorlu,SPI,1,1989,7,1989,7,1,0.813,0.813,0.813
Çorlu,SPI,1,1989,9,1989,11,3,0.714,0.238,0.446
Çorlu,SPI,1,1990,1,1990,3,3,5.037,1.679,1.832
Çorlu,SPI,1,1990,7,1990,8,2,1.85,0.925,1.169
Çorlu,SPI,1,1990,11,1990,11,1,0.167,0.167,0.167
Çorlu,SPI,1,1991,1,1991,3,3,2.403,0.801,0.826
Çorlu,SPI,1,1991,6,1991,6,1,0.583,0.583,0.583
Çorlu,SPI,1,1991,8,1991,9,2,0.342,0.171,0.248
Çorlu,SPI,1,1991,11,1992,2,4,4.441,1.11,2.057
Çorlu,SPI,1,1992,5,1992,5,1,0.96,0.96,0.96
Çorlu,SPI,1,1992,8,1992,9,2,3.985,1.993,2.544
Çorlu,SPI,1,1992,11,1993,1,3,0.937,0.312,0.498
Çorlu,SPI,1,1993,3,1993,4,2,0.861,0.43,0.594
Çorlu,SPI,1,1993,6,1993,10,5,3.688,0.738,1.39
Çorlu,SPI,1,1994,1,1994,1,1,0.508,0.508,0.508
Çorlu,SPI,1,1994,3,1994,6,4,2.023,0.506,0.75
Çorlu,SPI,1,1994,8,1994,9,2,2.153,1.077,2.086
Çorlu,SPI,1,1995,5,1995,5,1,1.032,1.032,1.032
Çorlu,SPI,1,1995,10,1995,10,1,0.718,0.718,0.718
Çorlu,SPI,1,1996,1,1996,1,1,1.134,1.134,1.134
Çorlu,SPI,1,1996,5,1996,6,2,3.688,1.844,2.042
Çorlu,SPI,1,1996,10,1996,11,2,1.377,0.689,1.04
Çorlu,SPI,1,1997,1,1997,2,2,1.152,0.576,0.749
Çorlu,SPI,1,1997,5,1997,6,2,2.282,1.141,1.531
Çorlu,SPI,1,1997,9,1997,9,1,1.219,1.219,1.219
Çorlu,SPI,1,1997,11,1997,11,1,0.509,0.509,0.509
Çorlu,SPI,1,1998,1,1998,2,2,0.864,0.432,0.489
Çorlu,SPI,1,1998,4,1998,4,1,0.644,0.644,0.644
Çorlu,SPI,1,1999,1,1999,1,1,0.624,0.624,0.624
Çorlu,SPI,1,1999,4,1999,4,1,0.088,0.088,0.088
Çorlu,SPI,1,1999,10,1999,10,1,0.874,0.874,0.874
Çorlu,SPI,1,2000,1,2000,1,1,1.009,1.009,1.009
Çorlu,SPI,1,2000,3,2000,3,1,0.139,0.139,0.139
Çorlu,SPI,1,2000,6,2000,6,1,1.045,1.045,1.045
Çorlu,SPI,1,2000,8,2000,8,1,0.248,0.248,0.248
Çorlu,SPI,1,2000,11,2001,1,3,3.37,1.123,1.712
Çorlu,SPI,1,2001,3,2001,3,1,1.303,1.303,1.303
Çorlu,SPI,1,2001,5,2001,8,4,0.906,0.226,0.352
Çorlu,SPI,1,2001,10,2001,10,1,1.937,1.937,1.937
Çorlu,SPI,1,2002,1,2002,2,2,0.824,0.412,0.687
Çorlu,SPI,1,2002,5,2002,5,1,0.692,0.692,0.692
Çorlu,SPI,1,2002,10,2002,10,1,0.011,0.011,0.011
Çorlu,SPI,1,2002,12,2002,12,1,0.843,0.843,0.843
Çorlu,SPI,1,2003,3,2003,3,1,0.842,0.842,0.842
Çorlu,SPI,1,2003,5,2003,9,5,4.999,1.0,2.544
Çorlu,SPI,1,2003,11,2003,12,2,1.312,0.656,0.968
Çorlu,SPI,1,2004,2,2004,2,1,0.442,0.442,0.442
Çorlu,SPI,1,2004,4,2004,5,2,1.225,0.613,0.948
Çorlu,SPI,1,2004,7,2004,7,1,0.133,0.133,0.133
Çorlu,SPI,1,2004,9,2005,1,5,4.132,0.826,1.464
Çorlu,SPI,1,2005,3,2005,4,2,1.87,0.935,1.412
Çorlu,SPI,1,2005,6,2005,6,1,0.047,0.047,0.047
Çorlu,SPI,1,2005,9,2005,9,1,0.75,0.75,0.75
Çorlu,SPI,1,2006,1,2006,2,2,1.538,0.769,1.077
Çorlu,SPI,1,2006,4,2006,5,2,2.365,1.182,1.936
Çorlu,SPI,1,2006,10,2007,4,7,5.866,0.838,1.347
Çorlu,SPI,1,2007,6,2007,8,3,3.606,1.202,1.604
Çorlu,SPI,1,2007,10,2007,10,1,0.078,0.078,0.078
Çorlu,SPI,1,2007,12,2008,2,3,2.407,0.802,1.16
Çorlu,SPI,1,2008,4,2008,4,1,1.008,1.008,1.008
Çorlu,SPI,1,2008,7,2008,8,2,1.015,0.508,0.739
Çorlu,SPI,1,2008,10,2008,12,3,2.354,0.785,1.344
Çorlu,SPI,1,2009,6,2009,6,1,0.145,0.145,0.145
Çorlu,SPI,1,2009,8,2009,8,1,1.645,1.645,1.645
Çorlu,SPI,1,2009,11,2009,11,1,0.214,0.214,0.214
Çorlu,SPI,1,2010,5,2010,5,1,0.673,0.673,0.673
Çorlu,SPI,1,2010,8,2010,8,1,1.241,1.241,1.241
Çorlu,SPI,1,2010,11,2010,11,1,0.073,0.073,0.073
Çorlu,SPI,1,2011,1,2011,3,3,0.944,0.315,0.524
Çorlu,SPI,1,2011,7,2011,8,2,0.773,0.386,0.709
Çorlu,SPI,1,2011,11,2011,11,1,1.517,1.517,1.517
Çorlu,SPI,1,2012,1,2012,3,3,0.89,0.297,0.449
Çorlu,SPI,1,2012,6,2012,7,2,3.336,1.668,1.691
Çorlu,SPI,1,2012,11,2012,11,1,0.584,0.584,0.584
Çorlu,SPI,1,2013,4,2013,5,2,1.66,0.83,1.044
Çorlu,SPI,1,2013,7,2013,9,3,1.504,0.501,1.215
Çorlu,SPI,1,2013,12,2014,2,3,4.021,1.34,1.952
Çorlu,SPI,1,2014,4,2014,4,1,0.142,0.142,0.142
Çorlu,SPI,1,2014,11,2014,11,1,0.43,0.43,0.43
Çorlu,SPI,1,2015,3,2015,3,1,0.306,0.306,0.306
Çorlu,SPI,1,2015,5,2015,5,1,1.814,1.814,1.814
Çorlu,SPI,1,2015,7,2015,8,2,2.246,1.123,1.645
Çorlu,SPI,1,2015,11,2015,12,2,2.764,1.382,2.406
Çorlu,SPI,1,2016,3,2016,4,2,1.271,0.635,0.968
Çorlu,SPI,1,2016,7,2016,10,4,1.975,0.494,1.124
Çorlu,SPI,1,2016,12,2016,12,1,0.89,0.89,0.89
Çorlu,SPI,1,2017,2,2017,3,2,0.709,0.354,0.61
Çorlu,SPI,1,2017,5,2017,5,1,0.293,0.293,0.293
Çorlu,SPI,1,2017,8,2017,9,2,0.431,0.215,0.297
Çorlu,SPI,1,2018,4,2018,5,2,1.367,0.683,1.347
Çorlu,SPI,1,2018,8,2018,8,1,1.441,1.441,1.441
Çorlu,SPI,1,2019,2,2019,3,2,1.752,0.876,1.053
Çorlu,SPI,1,2019,6,2019,6,1,0.501,0.501,0.501
Çorlu,SPI,1,2019,8,2019,9,2,1.514,0.757,1.107
Çorlu,SPI,1,2019,11,2020,4,6,8.149,1.358,2.973
Çorlu,SPI,1,2020,7,2020,7,1,1.494,1.494,1.494
Çorlu,SPI,1,2020,9,2020,9,1,0.087,0.087,0.087
Çorlu,SPI,1,2020,11,2020,12,2,2.603,1.301,1.913
Çorlu,SPI,1,2021,3,2021,4,2,2.019,1.01,1.57
Çorlu,SPI,1,2021,7,2021,7,1,0.643,0.643,0.643
Çorlu,SPI,1,2021,9,2021,11,3,1.089,0.363,0.588
Çorlu,SPI,1,2022,1,2022,1,1,1.407,1.407,1.407
Çorlu,SPI,1,2022,3,2022,3,1,1.645,1.645,1.645
Çorlu,SPI,1,2022,5,2022,5,1,0.914,0.914,0.914
Çorlu,SPI,1,2022,7,2022,7,1,1.645,1.645,1.645
Çorlu,SPI,1,2022,9,2023,3,7,10.004,1.429,2.813
Çorlu,SPI,1,2023,7,2023,10,4,3.914,0.979,1.645
Çorlu,SPI,1,2023,12,2024,2,3,0.452,0.151,0.244
Çorlu,SPI,1,2024,4,2024,7,4,4.741,1.185,1.494
Çorlu,SPI,1,2024,10,2024,11,2,3.713,1.857,2.421
Çorlu,SPI,3,1965,3,1965,3,1,0.026,0.026,0.026
Çorlu,SPI,3,1965,7,1965,10,4,2.011,0.503,0.723
Çorlu,SPI,3,1966,9,1966,10,2,2.12,1.06,1.265
Çorlu,SPI,3,1967,4,1967,12,9,7.39,0.821,1.37
Çorlu,SPI,3,1968,4,1968,8,5,4.712,0.942,1.779
Çorlu,SPI,3,1968,12,1968,12,1,0.018,0.018,0.018
Çorlu,SPI,3,1969,5,1969,12,8,7.643,0.955,1.822
Çorlu,SPI,3,1970,7,1970,10,4,4.598,1.15,2.632
Çorlu,SPI,3,1971,6,1972,8,15,13.744,0.916,2.814
Çorlu,SPI,3,1972,12,1973,2,3,1.389,0.463,0.937
Çorlu,SPI,3,1973,5,1973,7,3,2.764,0.921,1.209
Çorlu,SPI,3,1973,11,1974,4,6,4.873,0.812,1.439
Çorlu,SPI,3,1974,8,1974,10,3,2.994,0.998,1.291
Çorlu,SPI,3,1974,12,1974,12,1,0.158,0.158,0.158
Çorlu,SPI,3,1975,2,1975,2,1,0.799,0.799,0.799
Çorlu,SPI,3,1975,9,1975,9,1,0.379,0.379,0.379
Çorlu,SPI,3,1976,2,1976,5,4,3.182,0.795,1.308
Çorlu,SPI,3,1977,8,1977,12,5,2.874,0.575,1.048
Çorlu,SPI,3,1978,7,1978,8,2,2.556,1.278,1.875
Çorlu,SPI,3,1978,12,1979,1,2,0.321,0.161,0.216
Çorlu,SPI,3,1979,4,1979,6,3,2.438,0.813,1.104
Çorlu,SPI,3,1980,10,1980,11,2,2.694,1.347,2.013
Çorlu,SPI,3,1981,4,1981,6,3,2.404,0.801,1.494
Çorlu,SPI,3,1981,8,1981,8,1,0.174,0.174,0.174
Çorlu,SPI,3,1982,3,1982,4,2,1.793,0.897,1.328
Çorlu,SPI,3,1982,8,1983,1,6,4.391,0.732,1.919
Çorlu,SPI,3,1983,3,1983,6,4,5.945,1.486,2.642
Çorlu,SPI,3,1983,10,1984,2,5,3.486,0.697,1.296
Çorlu,SPI,3,1984,6,1984,12,7,4.858,0.694,1.238
Çorlu,SPI,3,1985,2,1985,2,1,0.032,0.032,0.032
Çorlu,SPI,3,1985,4,1985,10,7,7.454,1.065,1.557
Çorlu,SPI,3,1986,4,1987,11,20,15.09,0.754,1.681
Çorlu,SPI,3,1988,3,1988,3,1,0.551,0.551,0.551
Çorlu,SPI,3,1988,5,1988,5,1,0.031,0.031,0.031
Çorlu,SPI,3,1988,7,1988,10,4,2.245,0.561,1.151
Çorlu,SPI,3,1989,2,1989,5,4,4.436,1.109,1.696
Çorlu,SPI,3,1989,9,1990,5,9,9.449,1.05,2.558
Çorlu,SPI,3,1990,9,1990,9,1,0.15,0.15,0.15
Çorlu,SPI,3,1991,3,1991,3,1,1.319,1.319,1.319
Çorlu,SPI,3,1991,8,1991,8,1,0.029,0.029,0.029
Çorlu,SPI,3,1991,12,1992,3,4,4.827,1.207,2.224
Çorlu,SPI,3,1992,5,1992,6,2,0.825,0.413,0.548
Çorlu,SPI,3,1992,9,1993,2,6,3.2,0.533,0.957
Çorlu,SPI,3,1993,6,1994,10,17,13.396,0.788,1.572
Çorlu,SPI,3,1995,5,1995,7,3,1.29,0.43,0.886
Çorlu,SPI,3,1995,10,1995,10,1,0.066,0.066,0.066
Çorlu,SPI,3,1995,12,1996,2,3,0.743,0.248,0.279
Çorlu,SPI,3,1996,5,1996,7,3,3.381,1.127,1.882
Çorlu,SPI,3,1996,11,1996,12,2,0.476,0.238,0.318
Çorlu,SPI,3,1997,3,1997,3,1,0.509,0.509,0.509
Çorlu,SPI,3,1997,6,1997,7,2,1.257,0.628,0.841
Çorlu,SPI,3,2000,3,2000,3,1,0.368,0.368,0.368
Çorlu,SPI,3,2000,8,2001,3,8,6.216,0.777,1.927
Çorlu,SPI,3,2001,5,2001,8,4,2.125,0.531,0.91
Çorlu,SPI,3,2001,10,2001,10,1,0.505,0.505,0.505
Çorlu,SPI,3,2002,3,2002,3,1,0.285,0.285,0.285
Çorlu,SPI,3,2002,5,2002,6,2,0.308,0.154,0.219
Çorlu,SPI,3,2002,12,2002,12,1,0.075,0.075,0.075
Çorlu,SPI,3,2003,5,2003,9,5,7.701,1.54,2.288
Çorlu,SPI,3,2004,1,2004,1,1,0.249,0.249,0.249
Çorlu,SPI,3,2004,4,2004,6,3,1.376,0.459,0.566
Çorlu,SPI,3,2004,11,2005,6,8,6.65,0.831,2.516
Çorlu,SPI,3,2005,11,2005,11,1,0.116,0.116,0.116
Çorlu,SPI,3,2006,1,2006,6,6,1.94,0.323,0.604
Çorlu,SPI,3,2006,11,2007,10,12,12.676,1.056,2.496
Çorlu,SPI,3,2008,2,2008,4,3,2.784,0.928,1.349
Çorlu,SPI,3,2008,8,2009,1,6,4.248,0.708,1.658
Çorlu,SPI,3,2010,5,2010,5,1,0.012,0.012,0.012
Çorlu,SPI,3,2011,3,2011,3,1,0.59,0.59,0.59
Çorlu,SPI,3,2011,9,2011,9,1,0.255,0.255,0.255
Çorlu,SPI,3,2012,1,2012,4,4,1.567,0.392,0.749
Çorlu,SPI,3,2012,7,2012,9,3,2.895,0.965,1.727
Çorlu,SPI,3,2013,5,2013,9,5,3.353,0.671,1.125
Çorlu,SPI,3,2014,1,2014,4,4,3.116,0.779,1.892
Çorlu,SPI,3,2014,12,2015,1,2,0.073,0.036,0.061
Çorlu,SPI,3,2015,5,2015,5,1,0.388,0.388,0.388
Çorlu,SPI,3,2015,7,2015,8,2,0.837,0.418,0.712
Çorlu,SPI,3,2015,12,2016,5,6,4.02,0.67,1.163
Çorlu,SPI,3,2016,7,2016,12,6,3.735,0.622,1.28
Çorlu,SPI,3,2017,2,2017,2,1,0.062,0.062,0.062
Çorlu,SPI,3,2017,4,2017,5,2,0.904,0.452,0.508
Çorlu,SPI,3,2019,2,2019,4,3,1.356,0.452,0.677
Çorlu,SPI,3,2019,7,2020,4,10,13.6,1.36,2.522
Çorlu,SPI,3,2020,9,2020,9,1,0.882,0.882,0.882
Çorlu,SPI,3,2020,11,2020,12,2,2.081,1.04,1.147
Çorlu,SPI,3,2021,4,2021,5,2,1.021,0.51,0.762
Çorlu,SPI,3,2021,9,2022,1,5,3.148,0.63,1.061
Çorlu,SPI,3,2022,3,2022,3,1,0.499,0.499,0.499
Çorlu,SPI,3,2022,5,2023,4,12,16.899,1.408,2.702
Çorlu,SPI,3,2023,7,2023,10,4,4.805,1.201,2.253
Çorlu,SPI,3,2024,2,2024,8,7,8.751,1.25,2.886
Çorlu,SPI,3,2024,10,2024,12,3,1.971,0.657,1.132
Çorlu,SPI,6,1965,6,1965,6,1,0.037,0.037,0.037
Çorlu,SPI,6,1965,8,1965,10,3,1.257,0.419,0.727
Çorlu,SPI,6,1966,10,1966,10,1,0.297,0.297,0.297
Çorlu,SPI,6,1967,6,1967,12,7,8.297,1.185,1.624
Çorlu,SPI,6,1968,7,1968,10,4,2.66,0.665,1.428
Çorlu,SPI,6,1969,7,1970,1,7,7.093,1.013,2.023
Çorlu,SPI,6,1970,9,1970,12,4,1.837,0.459,0.813
Çorlu,SPI,6,1971,9,1972,8,12,17.533,1.461,2.775
Çorlu,SPI,6,1973,4,1973,6,3,0.748,0.249,0.578
Çorlu,SPI,6,1973,8,1974,5,10,5.372,0.537,1.354
Çorlu,SPI,6,1974,11,1975,3,5,2.39,0.478,0.716
Çorlu,SPI,6,1976,4,1976,6,3,1.296,0.432,0.729
Çorlu,SPI,6,1977,10,1978,1,4,2.456,0.614,0.848
Çorlu,SPI,6,1978,8,1978,8,1,0.128,0.128,0.128
Çorlu,SPI,6,1979,3,1979,9,7,2.582,0.369,0.898
Çorlu,SPI,6,1981,6,1981,9,4,1.718,0.429,0.625
Çorlu,SPI,6,1982,6,1982,7,2,0.889,0.445,0.583
Çorlu,SPI,6,1982,10,1983,8,11,9.516,0.865,1.666
Çorlu,SPI,6,1983,11,1984,3,5,1.964,0.393,0.853
Çorlu,SPI,6,1984,9,1985,12,16,15.21,0.951,1.797
Çorlu,SPI,6,1986,5,1986,5,1,0.02,0.02,0.02
Çorlu,SPI,6,1986,7,1987,11,17,19.346,1.138,1.876
Çorlu,SPI,6,1988,1,1988,2,2,0.561,0.28,0.384
Çorlu,SPI,6,1988,6,1988,6,1,0.388,0.388,0.388
Çorlu,SPI,6,1988,8,1988,10,3,1.522,0.507,0.92
Çorlu,SPI,6,1989,1,1989,7,7,3.763,0.538,1.143
Çorlu,SPI,6,1989,9,1989,9,1,0.229,0.229,0.229
Çorlu,SPI,6,1989,11,1990,8,10,10.89,1.089,1.788
Çorlu,SPI,6,1991,3,1991,3,1,0.35,0.35,0.35
Çorlu,SPI,6,1991,12,1992,6,7,6.937,0.991,1.733
Çorlu,SPI,6,1992,9,1994,12,28,23.049,0.823,1.816
Çorlu,SPI,6,1995,7,1995,7,1,0.018,0.018,0.018
Çorlu,SPI,6,1995,10,1995,10,1,0.201,0.201,0.201
Çorlu,SPI,6,1996,1,1996,3,3,0.746,0.249,0.421
Çorlu,SPI,6,1996,5,1996,8,4,2.023,0.506,1.11
Çorlu,SPI,6,1996,10,1996,11,2,0.856,0.428,0.562
Çorlu,SPI,6,1997,2,1997,3,2,0.763,0.382,0.51
Çorlu,SPI,6,1997,6,1997,7,2,1.199,0.6,0.887
Çorlu,SPI,6,1997,9,1997,9,1,0.41,0.41,0.41
Çorlu,SPI,6,2000,3,2000,3,1,0.141,0.141,0.141
Çorlu,SPI,6,2000,6,2000,6,1,0.071,0.071,0.071
Çorlu,SPI,6,2000,10,2001,11,14,11.849,0.846,1.73
Çorlu,SPI,6,2002,6,2002,6,1,0.462,0.462,0.462
Çorlu,SPI,6,2003,7,2003,12,6,6.615,1.102,2.034
Çorlu,SPI,6,2004,4,2004,5,2,0.857,0.428,0.502
Çorlu,SPI,6,2004,7,2004,7,1,0.547,0.547,0.547
Çorlu,SPI,6,2004,12,2005,7,8,5.626,0.703,1.485
Çorlu,SPI,6,2006,2,2006,2,1,0.578,0.578,0.578
Çorlu,SPI,6,2006,4,2006,6,3,1.672,0.557,0.773
Çorlu,SPI,6,2007,1,2007,10,10,14.657,1.466,2.229
Çorlu,SPI,6,2008,5,2009,3,11,6.338,0.576,1.731
Çorlu,SPI,6,2012,3,2012,4,2,0.703,0.351,0.619
Çorlu,SPI,6,2012,6,2012,9,4,1.677,0.419,0.585
Çorlu,SPI,6,2012,11,2012,11,1,0.846,0.846,0.846
Çorlu,SPI,6,2013,8,2013,9,2,2.107,1.053,1.394
Çorlu,SPI,6,2013,12,2014,2,3,0.738,0.246,0.396
Çorlu,SPI,6,2014,4,2014,5,2,1.774,0.887,0.976
Çorlu,SPI,6,2015,8,2015,8,1,0.484,0.484,0.484
Çorlu,SPI,6,2015,12,2017,5,18,10.47,0.582,1.316
Çorlu,SPI,6,2019,3,2020,5,15,18.461,1.231,2.814
Çorlu,SPI,6,2020,11,2021,1,3,1.655,0.552,1.575
Çorlu,SPI,6,2021,4,2021,4,1,0.095,0.095,0.095
Çorlu,SPI,6,2021,12,2024,2,27,30.081,1.114,3.407
Çorlu,SPI,6,2024,5,2024,12,8,11.557,1.445,2.05
Çorlu,SPI,9,1965,9,1965,10,2,0.756,0.378,0.429
Çorlu,SPI,9,1967,8,1968,2,7,5.426,0.775,1.869
Çorlu,SPI,9,1968,5,1968,7,3,0.326,0.109,0.168
Çorlu,SPI,9,1968,10,1968,12,3,1.118,0.373,0.51
Çorlu,SPI,9,1969,9,1970,1,5,5.046,1.009,1.889
Çorlu,SPI,9,1971,1,1971,2,2,0.2,0.1,0.157
Çorlu,SPI,9,1971,10,1971,10,1,0.21,0.21,0.21
Çorlu,SPI,9,1971,12,1972,10,11,16.434,1.494,2.179
Çorlu,SPI,9,1973,6,1973,8,3,1.311,0.437,0.646
Çorlu,SPI,9,1973,11,1974,10,12,7.815,0.651,1.237
Çorlu,SPI,9,1974,12,1974,12,1,0.049,0.049,0.049
Çorlu,SPI,9,1975,2,1975,4,3,1.626,0.542,1.089
Çorlu,SPI,9,1977,10,1978,1,4,1.3,0.325,0.458
Çorlu,SPI,9,1979,6,1979,10,5,1.41,0.282,0.688
Çorlu,SPI,9,1981,4,1981,4,1,0.012,0.012,0.012
Çorlu,SPI,9,1981,9,1981,10,2,0.188,0.094,0.138
Çorlu,SPI,9,1982,9,1983,7,11,10.369,0.943,1.595
Çorlu,SPI,9,1983,9,1984,2,6,3.436,0.573,1.033
Çorlu,SPI,9,1984,5,1984,7,3,0.638,0.213,0.332
Çorlu,SPI,9,1984,10,1986,1,16,14.086,0.88,1.818
Çorlu,SPI,9,1986,8,1986,8,1,0.174,0.174,0.174
Çorlu,SPI,9,1986,10,1988,5,20,21.804,1.09,2.134
Çorlu,SPI,9,1988,8,1988,10,3,1.514,0.505,0.805
Çorlu,SPI,9,1989,1,1990,11,23,18.894,0.821,1.973
Çorlu,SPI,9,1991,3,1991,3,1,0.461,0.461,0.461
Çorlu,SPI,9,1992,1,1994,12,36,33.554,0.932,1.903
Çorlu,SPI,9,1995,10,1995,10,1,0.136,0.136,0.136
Çorlu,SPI,9,1995,12,1996,1,2,0.636,0.318,0.51
Çorlu,SPI,9,1996,5,1997,2,10,3.569,0.357,0.914
Çorlu,SPI,9,1997,5,1997,7,3,1.095,0.365,0.738
Çorlu,SPI,9,1997,9,1997,9,1,0.816,0.816,0.816
Çorlu,SPI,9,2000,9,2000,9,1,0.189,0.189,0.189
Çorlu,SPI,9,2000,11,2001,11,13,13.124,1.01,1.533
Çorlu,SPI,9,2003,6,2004,5,12,5.625,0.469,1.205
Çorlu,SPI,9,2004,7,2004,7,1,0.596,0.596,0.596
Çorlu,SPI,9,2004,11,2005,9,11,6.136,0.558,1.444
Çorlu,SPI,9,2006,2,2006,2,1,0.256,0.256,0.256
Çorlu,SPI,9,2006,4,2006,6,3,1.081,0.36,0.699
Çorlu,SPI,9,2006,12,2007,10,11,14.91,1.355,2.36
Çorlu,SPI,9,2008,2,2008,2,1,0.392,0.392,0.392
Çorlu,SPI,9,2008,8,2009,4,9,6.074,0.675,1.292
Çorlu,SPI,9,2009,6,2009,6,1,0.14,0.14,0.14
Çorlu,SPI,9,2012,3,2012,3,1,0.251,0.251,0.251
Çorlu,SPI,9,2012,6,2012,11,6,2.666,0.444,0.987
Çorlu,SPI,9,2013,12,2014,5,6,2.298,0.383,0.587
Çorlu,SPI,9,2015,12,2017,5,18,12.641,0.702,1.259
Çorlu,SPI,9,2019,6,2020,9,16,19.785,1.237,2.793
Çorlu,SPI,9,2021,3,2021,5,3,0.322,0.107,0.159
Çorlu,SPI,9,2021,11,2022,1,3,0.463,0.154,0.277
Çorlu,SPI,9,2022,3,2023,11,21,34.824,1.658,3.107
Çorlu,SPI,9,2024,1,2024,12,12,10.119,0.843,1.888
Çorlu,SPI,12,1967,6,1967,6,1,0.055,0.055,0.055
Çorlu,SPI,12,1967,11,1968,8,10,4.093,0.409,0.906
Çorlu,SPI,12,1969,9,1970,2,6,1.904,0.317,0.585
Çorlu,SPI,12,1971,12,1973,2,15,17.53,1.169,2.175
Çorlu,SPI,12,1973,9,1975,2,18,10.248,0.569,1.215
Çorlu,SPI,12,1975,5,1975,5,1,0.182,0.182,0.182
Çorlu,SPI,12,1977,10,1977,12,3,0.376,0.125,0.233
Çorlu,SPI,12,1979,4,1979,6,3,0.339,0.113,0.178
Çorlu,SPI,12,1979,9,1979,10,2,0.438,0.219,0.225
Çorlu,SPI,12,1982,11,1984,3,17,14.442,0.85,1.587
Çorlu,SPI,12,1984,7,1986,6,24,15.337,0.639,1.508
Çorlu,SPI,12,1986,8,1986,8,1,0.007,0.007,0.007
Çorlu,SPI,12,1986,11,1988,10,24,24.232,1.01,1.922
Çorlu,SPI,12,1988,12,1991,3,28,21.594,0.771,1.676
Çorlu,SPI,12,1992,4,1994,12,33,34.389,1.042,1.693
Çorlu,SPI,12,1996,1,1997,9,21,5.968,0.284,0.7
Çorlu,SPI,12,2000,9,2000,9,1,0.051,0.051,0.051
Çorlu,SPI,12,2000,11,2001,11,13,14.292,1.099,1.546
Çorlu,SPI,12,2003,9,2003,9,1,0.391,0.391,0.391
Çorlu,SPI,12,2003,11,2004,7,9,5.149,0.572,0.985
Çorlu,SPI,12,2004,10,2005,11,14,6.93,0.495,0.978
Çorlu,SPI,12,2006,1,2006,2,2,0.515,0.258,0.339
Çorlu,SPI,12,2006,5,2006,6,2,0.476,0.238,0.373
Çorlu,SPI,12,2006,12,2008,5,18,15.276,0.849,2.131
Çorlu,SPI,12,2008,11,2009,6,8,5.258,0.657,1.604
Çorlu,SPI,12,2012,6,2012,11,6,1.906,0.318,0.58
Çorlu,SPI,12,2014,1,2014,5,5,2.392,0.478,0.803
Çorlu,SPI,12,2015,12,2017,6,19,12.959,0.682,1.502
Çorlu,SPI,12,2019,7,2020,12,18,22.177,1.232,2.489
Çorlu,SPI,12,2022,1,2022,3,3,0.908,0.303,0.36
Çorlu,SPI,12,2022,5,2024,12,32,46.696,1.459,3.043
Çorlu,SPEI,1,1965,1,1965,1,1,0.822,0.822,0.822
Çorlu,SPEI,1,1965,3,1965,3,1,0.53,0.53,0.53
Çorlu,SPEI,1,1965,6,1965,7,2,1.079,0.539,0.845
Çorlu,SPEI,1,1965,9,1965,10,2,1.526,0.763,1.344
Çorlu,SPEI,1,1966,7,1966,8,2,1.048,0.524,0.983
Çorlu,SPEI,1,1966,10,1966,10,1,1.91,1.91,1.91
Çorlu,SPEI,1,1967,3,1967,3,1,0.784,0.784,0.784
Çorlu,SPEI,1,1967,5,1967,8,4,1.263,0.316,0.894
Çorlu,SPEI,1,1967,10,1967,11,2,1.683,0.842,1.324
Çorlu,SPEI,1,1968,2,1968,2,1,0.269,0.269,0.269
Çorlu,SPEI,1,1968,4,1968,5,2,3.108,1.554,1.611
Çorlu,SPEI,1,1968,7,1968,7,1,0.575,0.575,0.575
Çorlu,SPEI,1,1968,10,1968,11,2,0.912,0.456,0.496
Çorlu,SPEI,1,1969,3,1969,3,1,0.029,0.029,0.029
Çorlu,SPEI,1,1969,5,1969,5,1,1.834,1.834,1.834
Çorlu,SPEI,1,1969,9,1969,11,3,2.849,0.95,1.35
Çorlu,SPEI,1,1970,1,1970,1,1,0.005,0.005,0.005
Çorlu,SPEI,1,1970,6,1970,9,4,2.031,0.508,0.794
Çorlu,SPEI,1,1970,12,1970,12,1,0.028,0.028,0.028
Çorlu,SPEI,1,1971,2,1971,2,1,0.198,0.198,0.198
Çorlu,SPEI,1,1971,4,1971,5,2,0.658,0.329,0.534
Çorlu,SPEI,1,1971,8,1971,10,3,0.783,0.261,0.386
Çorlu,SPEI,1,1971,12,1972,6,7,6.286,0.898,1.539
Çorlu,SPEI,1,1972,12,1973,1,2,1.837,0.918,1.581
Çorlu,SPEI,1,1973,5,1973,6,2,1.348,0.674,1.159
Çorlu,SPEI,1,1973,9,1973,9,1,0.104,0.104,0.104
Çorlu,SPEI,1,1973,11,1974,2,4,2.752,0.688,0.84
Çorlu,SPEI,1,1974,4,1974,4,1,0.032,0.032,0.032
Çorlu,SPEI,1,1974,6,1974,7,2,0.812,0.406,0.465
Çorlu,SPEI,1,1974,9,1974,10,2,1.024,0.512,0.955
Çorlu,SPEI,1,1974,12,1974,12,1,0.592,0.592,0.592
Çorlu,SPEI,1,1975,2,1975,2,1,1.031,1.031,1.031
Çorlu,SPEI,1,1975,4,1975,4,1,0.075,0.075,0.075
Çorlu,SPEI,1,1975,9,1975,9,1,1.366,1.366,1.366
Çorlu,SPEI,1,1976,1,1976,4,4,2.41,0.603,0.769
Çorlu,SPEI,1,1976,11,1976,11,1,0.102,0.102,0.102
Çorlu,SPEI,1,1977,3,1977,3,1,0.282,0.282,0.282
Çorlu,SPEI,1,1977,5,1977,5,1,0.196,0.196,0.196
Çorlu,SPEI,1,1977,8,1977,8,1,0.8,0.8,0.8
Çorlu,SPEI,1,1977,10,1977,11,2,0.397,0.199,0.203
Çorlu,SPEI,1,1978,6,1978,7,2,1.492,0.746,0.928
Çorlu,SPEI,1,1978,11,1978,12,2,1.725,0.863,0.909
Çorlu,SPEI,1,1979,2,1979,3,2,2.371,1.185,1.776
Çorlu,SPEI,1,1979,6,1979,6,1,1.58,1.58,1.58
Çorlu,SPEI,1,1979,9,1979,9,1,0.795,0.795,0.795
Çorlu,SPEI,1,1979,12,1979,12,1,0.729,0.729,0.729
Çorlu,SPEI,1,1980,8,1980,10,3,1.846,0.615,1.609
Çorlu,SPEI,1,1981,2,1981,2,1,0.37,0.37,0.37
Çorlu,SPEI,1,1981,4,1981,4,1,1.324,1.324,1.324
Çorlu,SPEI,1,1981,6,1981,6,1,1.753,1.753,1.753
Çorlu,SPEI,1,1982,1,1982,3,3,2.382,0.794,1.19
Çorlu,SPEI,1,1982,6,1982,6,1,0.623,0.623,0.623
Çorlu,SPEI,1,1982,9,1982,11,3,3.375,1.125,1.585
Çorlu,SPEI,1,1983,1,1983,1,1,0.474,0.474,0.474
Çorlu,SPEI,1,1983,3,1983,5,3,4.346,1.449,1.912
Çorlu,SPEI,1,1983,9,1983,12,4,1.901,0.475,0.739
Çorlu,SPEI,1,1984,5,1984,6,2,1.32,0.66,0.758
Çorlu,SPEI,1,1984,9,1984,10,2,2.81,1.405,1.593
Çorlu,SPEI,1,1984,12,1984,12,1,1.257,1.257,1.257
Çorlu,SPEI,1,1985,3,1985,6,4,2.323,0.581,1.604
Çorlu,SPEI,1,1985,8,1985,10,3,0.74,0.247,0.458
Çorlu,SPEI,1,1985,12,1985,12,1,1.039,1.039,1.039
Çorlu,SPEI,1,1986,3,1986,5,3,2.035,0.678,1.349
Çorlu,SPEI,1,1986,8,1986,8,1,0.966,0.966,0.966
Çorlu,SPEI,1,1986,11,1986,12,2,0.933,0.467,0.643
Çorlu,SPEI,1,1987,2,1987,3,2,1.56,0.78,1.332
Çorlu,SPEI,1,1987,5,1987,7,3,1.183,0.394,0.71
Çorlu,SPEI,1,1987,9,1987,10,2,1.499,0.75,1.326
Çorlu,SPEI,1,1988,1,1988,1,1,1.541,1.541,1.541
Çorlu,SPEI,1,1988,3,1988,3,1,0.245,0.245,0.245
Çorlu,SPEI,1,1988,5,1988,5,1,0.456,0.456,0.456
Çorlu,SPEI,1,1988,7,1988,10,4,1.717,0.429,0.654
Çorlu,SPEI,1,1989,1,1989,4,4,5.328,1.332,2.125
Çorlu,SPEI,1,1989,7,1989,7,1,0.217,0.217,0.217
Çorlu,SPEI,1,1989,9,1989,11,3,0.576,0.192,0.3
Çorlu,SPEI,1,1990,1,1990,3,3,4.753,1.584,1.677
Çorlu,SPEI,1,1990,7,1990,8,2,0.518,0.259,0.415
Çorlu,SPEI,1,1990,11,1990,11,1,0.548,0.548,0.548
Çorlu,SPEI,1,1991,1,1991,3,3,2.31,0.77,0.812
Çorlu,SPEI,1,1991,6,1991,6,1,0.67,0.67,0.67
Çorlu,SPEI,1,1991,9,1991,9,1,0.396,0.396,0.396
Çorlu,SPEI,1,1991,11,1992,2,4,3.552,0.888,1.521
Çorlu,SPEI,1,1992,4,1992,5,2,0.698,0.349,0.468
Çorlu,SPEI,1,1992,8,1993,1,6,3.105,0.517,1.136
Çorlu,SPEI,1,1993,3,1993,4,2,0.785,0.393,0.548
Çorlu,SPEI,1,1993,6,1993,7,2,1.146,0.573,0.779
Çorlu,SPEI,1,1993,9,1993,10,2,2.37,1.185,1.839
Çorlu,SPEI,1,1993,12,1994,1,2,0.816,0.408,0.759
Çorlu,SPEI,1,1994,3,1994,9,7,6.067,0.867,2.536
Çorlu,SPEI,1,1995,2,1995,2,1,0.298,0.298,0.298
Çorlu,SPEI,1,1995,5,1995,6,2,1.63,0.815,1.005
Çorlu,SPEI,1,1995,10,1995,10,1,0.536,0.536,0.536
Çorlu,SPEI,1,1996,1,1996,1,1,0.976,0.976,0.976
Çorlu,SPEI,1,1996,5,1996,6,2,3.188,1.594,1.957
Çorlu,SPEI,1,1996,10,1996,11,2,1.334,0.667,0.826
Çorlu,SPEI,1,1997,1,1997,2,2,1.425,0.712,0.86
Çorlu,SPEI,1,1997,5,1997,6,2,2.267,1.134,1.36
Çorlu,SPEI,1,1997,9,1997,9,1,0.28,0.28,0.28
Çorlu,SPEI,1,1997,11,1997,11,1,0.619,0.619,0.619
Çorlu,SPEI,1,1998,1,1998,2,2,1.237,0.619,0.68
Çorlu,SPEI,1,1998,4,1998,4,1,0.99,0.99,0.99
Çorlu,SPEI,1,1998,6,1998,6,1,0.026,0.026,0.026
Çorlu,SPEI,1,1999,1,1999,1,1,0.751,0.751,0.751
Çorlu,SPEI,1,1999,4,1999,4,1,0.503,0.503,0.503
Çorlu,SPEI,1,1999,10,1999,10,1,1.043,1.043,1.043
Çorlu,SPEI,1,2000,1,2000,1,1,0.841,0.841,0.841
Çorlu,SPEI,1,2000,3,2000,3,1,0.182,0.182,0.182
Çorlu,SPEI,1,2000,6,2000,8,3,1.101,0.367,0.678
Çorlu,SPEI,1,2000,11,2001,1,3,3.871,1.29,1.639
Çorlu,SPEI,1,2001,3,2001,3,1,2.122,2.122,2.122
Çorlu,SPEI,1,2001,5,2001,8,4,2.212,0.553,1.26
Çorlu,SPEI,1,2001,10,2001,10,1,1.381,1.381,1.381
Çorlu,SPEI,1,2002,1,2002,2,2,1.315,0.657,0.672
Çorlu,SPEI,1,2002,5,2002,5,1,0.653,0.653,0.653
Çorlu,SPEI,1,2002,7,2002,7,1,0.16,0.16,0.16
Çorlu,SPEI,1,2002,10,2002,10,1,0.209,0.209,0.209
Çorlu,SPEI,1,2002,12,2002,12,1,0.751,0.751,0.751
Çorlu,SPEI,1,2003,3,2003,3,1,0.339,0.339,0.339
Çorlu,SPEI,1,2003,5,2003,9,5,5.154,1.031,1.79
Çorlu,SPEI,1,2003,11,2003,12,2,1.427,0.714,0.994
Çorlu,SPEI,1,2004,2,2004,2,1,0.568,0.568,0.568
Çorlu,SPEI,1,2004,4,2004,5,2,1.037,0.519,0.81
Çorlu,SPEI,1,2004,7,2004,7,1,0.067,0.067,0.067
Çorlu,SPEI,1,2004,9,2005,1,5,4.532,0.906,1.373
Çorlu,SPEI,1,2005,3,2005,4,2,1.875,0.938,1.274
Çorlu,SPEI,1,2005,9,2005,9,1,0.898,0.898,0.898
Çorlu,SPEI,1,2006,1,2006,2,2,1.383,0.692,0.906
Çorlu,SPEI,1,2006,4,2006,5,2,2.117,1.058,1.504
Çorlu,SPEI,1,2006,8,2006,8,1,0.2,0.2,0.2
Çorlu,SPEI,1,2006,10,2007,4,7,6.005,0.858,1.431
Çorlu,SPEI,1,2007,6,2007,8,3,5.336,1.779,2.027
Çorlu,SPEI,1,2007,10,2007,10,1,0.256,0.256,0.256
Çorlu,SPEI,1,2007,12,2008,2,3,2.247,0.749,0.991
Çorlu,SPEI,1,2008,4,2008,4,1,1.231,1.231,1.231
Çorlu,SPEI,1,2008,7,2008,8,2,1.783,0.891,1.273
Çorlu,SPEI,1,2008,10,2008,12,3,2.675,0.892,1.374
Çorlu,SPEI,1,2009,6,2009,6,1,0.609,0.609,0.609
Çorlu,SPEI,1,2009,8,2009,8,1,0.409,0.409,0.409
Çorlu,SPEI,1,2009,11,2009,11,1,0.31,0.31,0.31
Çorlu,SPEI,1,2010,5,2010,5,1,1.047,1.047,1.047
Çorlu,SPEI,1,2010,8,2010,8,1,4.753,4.753,4.753
Çorlu,SPEI,1,2010,11,2010,11,1,0.605,0.605,0.605
Çorlu,SPEI,1,2011,1,2011,3,3,1.146,0.382,0.568
Çorlu,SPEI,1,2011,7,2011,8,2,1.593,0.796,1.068
Çorlu,SPEI,1,2011,11,2011,11,1,1.004,1.004,1.004
Çorlu,SPEI,1,2012,1,2012,1,1,0.187,0.187,0.187
Çorlu,SPEI,1,2012,3,2012,3,1,0.377,0.377,0.377
Çorlu,SPEI,1,2012,6,2012,9,4,5.096,1.274,2.342
Çorlu,SPEI,1,2012,11,2012,11,1,0.805,0.805,0.805
Çorlu,SPEI,1,2013,4,2013,5,2,2.608,1.304,1.682
Çorlu,SPEI,1,2013,7,2013,9,3,2.434,0.811,0.988
Çorlu,SPEI,1,2013,12,2014,2,3,3.86,1.287,1.908
Çorlu,SPEI,1,2014,4,2014,4,1,0.511,0.511,0.511
Çorlu,SPEI,1,2014,11,2014,11,1,0.396,0.396,0.396
Çorlu,SPEI,1,2015,3,2015,3,1,0.434,0.434,0.434
Çorlu,SPEI,1,2015,5,2015,5,1,1.567,1.567,1.567
Çorlu,SPEI,1,2015,7,2015,8,2,2.646,1.323,1.472
Çorlu,SPEI,1,2015,11,2015,12,2,2.32,1.16,1.679
Çorlu,SPEI,1,2016,2,2016,4,3,2.478,0.826,1.353
Çorlu,SPEI,1,2016,7,2016,10,4,2.743,0.686,1.121
Çorlu,SPEI,1,2016,12,2016,12,1,0.685,0.685,0.685
Çorlu,SPEI,1,2017,2,2017,3,2,1.34,0.67,0.846
Çorlu,SPEI,1,2017,5,2017,5,1,0.277,0.277,0.277
Çorlu,SPEI,1,2017,8,2017,9,2,1.314,0.657,0.803
Çorlu,SPEI,1,2018,4,2018,5,2,1.878,0.939,1.462
Çorlu,SPEI,1,2018,8,2018,8,1,1.368,1.368,1.368
Çorlu,SPEI,1,2019,2,2019,3,2,2.105,1.052,1.136
Çorlu,SPEI,1,2019,6,2019,6,1,1.238,1.238,1.238
Çorlu,SPEI,1,2019,8,2020,3,8,9.539,1.192,2.715
Çorlu,SPEI,1,2020,7,2020,12,6,6.574,1.096,1.837
Çorlu,SPEI,1,2021,3,2021,4,2,1.022,0.511,0.768
Çorlu,SPEI,1,2021,7,2021,11,5,2.901,0.58,1.547
Çorlu,SPEI,1,2022,1,2022,1,1,1.326,1.326,1.326
Çorlu,SPEI,1,2022,3,2022,3,1,0.911,0.911,0.911
Çorlu,SPEI,1,2022,5,2022,7,3,2.169,0.723,1.181
Çorlu,SPEI,1,2022,9,2023,3,7,9.945,1.421,1.837
Çorlu,SPEI,1,2023,7,2023,10,4,8.03,2.008,3.265
Çorlu,SPEI,1,2023,12,2024,2,3,1.342,0.447,0.725
Çorlu,SPEI,1,2024,4,2024,8,5,7.459,1.492,2.626
Çorlu,SPEI,1,2024,10,2024,11,2,2.447,1.224,1.399
Çorlu,SPEI,3,1965,3,1965,3,1,0.047,0.047,0.047
Çorlu,SPEI,3,1965,7,1965,10,4,0.662,0.166,0.262
Çorlu,SPEI,3,1966,9,1966,11,3,2.066,0.689,1.311
Çorlu,SPEI,3,1967,4,1967,12,9,5.953,0.661,1.105
Çorlu,SPEI,3,1968,4,1968,7,4,5.292,1.323,1.845
Çorlu,SPEI,3,1969,5,1969,7,3,2.988,0.996,1.191
Çorlu,SPEI,3,1969,9,1969,12,4,3.07,0.767,1.549
Çorlu,SPEI,3,1970,7,1970,10,4,2.208,0.552,1.217
Çorlu,SPEI,3,1971,2,1971,2,1,0.007,0.007,0.007
Çorlu,SPEI,3,1971,6,1971,6,1,0.442,0.442,0.442
Çorlu,SPEI,3,1971,10,1972,8,11,10.662,0.969,1.99
Çorlu,SPEI,3,1972,12,1973,2,3,1.342,0.447,0.898
Çorlu,SPEI,3,1973,5,1973,7,3,2.18,0.727,0.917
Çorlu,SPEI,3,1973,11,1974,4,6,4.423,0.737,1.22
Çorlu,SPEI,3,1974,8,1974,12,5,2.697,0.539,0.892
Çorlu,SPEI,3,1975,2,1975,2,1,0.797,0.797,0.797
Çorlu,SPEI,3,1975,9,1975,9,1,0.156,0.156,0.156
Çorlu,SPEI,3,1976,2,1976,4,3,2.48,0.827,0.976
Çorlu,SPEI,3,1977,8,1977,12,5,1.985,0.397,0.604
Çorlu,SPEI,3,1978,7,1978,8,2,1.547,0.773,0.961
Çorlu,SPEI,3,1978,12,1979,1,2,0.376,0.188,0.223
Çorlu,SPEI,3,1979,3,1979,6,4,2.885,0.721,1.195
Çorlu,SPEI,3,1980,10,1980,11,2,2.294,1.147,1.386
Çorlu,SPEI,3,1981,4,1981,4,1,0.851,0.851,0.851
Çorlu,SPEI,3,1981,6,1981,6,1,1.185,1.185,1.185
Çorlu,SPEI,3,1981,8,1981,8,1,0.075,0.075,0.075
Çorlu,SPEI,3,1982,3,1982,4,2,1.247,0.623,1.117
Çorlu,SPEI,3,1982,9,1983,1,5,4.195,0.839,1.676
Çorlu,SPEI,3,1983,3,1983,6,4,6.259,1.565,2.664
Çorlu,SPEI,3,1983,11,1984,2,4,2.969,0.742,1.054
Çorlu,SPEI,3,1984,6,1984,7,2,0.671,0.335,0.567
Çorlu,SPEI,3,1984,10,1985,1,4,3.808,0.952,1.398
Çorlu,SPEI,3,1985,4,1985,10,7,5.882,0.84,1.499
Çorlu,SPEI,3,1986,4,1987,11,20,11.315,0.566,1.376
Çorlu,SPEI,3,1988,3,1988,3,1,0.811,0.811,0.811
Çorlu,SPEI,3,1988,7,1988,10,4,2.331,0.583,0.819
Çorlu,SPEI,3,1989,2,1989,5,4,5.344,1.336,2.021
Çorlu,SPEI,3,1989,9,1990,5,9,7.681,0.853,1.996
Çorlu,SPEI,3,1991,1,1991,3,3,1.34,0.447,1.16
Çorlu,SPEI,3,1991,12,1992,3,4,3.698,0.925,1.661
Çorlu,SPEI,3,1992,5,1992,6,2,0.427,0.213,0.378
Çorlu,SPEI,3,1992,10,1993,1,4,3.396,0.849,1.218
Çorlu,SPEI,3,1993,6,1994,11,18,14.924,0.829,1.73
Çorlu,SPEI,3,1995,5,1995,7,3,1.958,0.653,1.121
Çorlu,SPEI,3,1996,1,1996,2,2,0.37,0.185,0.212
Çorlu,SPEI,3,1996,5,1996,7,3,3.182,1.061,1.686
Çorlu,SPEI,3,1996,11,1997,3,5,1.391,0.278,0.535
Çorlu,SPEI,3,1997,6,1997,7,2,1.253,0.627,1.05
Çorlu,SPEI,3,1998,8,1998,8,1,0.007,0.007,0.007
Çorlu,SPEI,3,2000,3,2000,3,1,0.39,0.39,0.39
Çorlu,SPEI,3,2000,8,2000,9,2,0.982,0.491,0.829
Çorlu,SPEI,3,2000,11,2001,5,7,6.84,0.977,1.878
Çorlu,SPEI,3,2001,7,2001,10,4,3.129,0.782,1.09
Çorlu,SPEI,3,2002,3,2002,5,3,0.771,0.257,0.614
Çorlu,SPEI,3,2002,7,2002,7,1,0.258,0.258,0.258
Çorlu,SPEI,3,2002,12,2002,12,1,0.136,0.136,0.136
Çorlu,SPEI,3,2003,5,2003,9,5,6.955,1.391,2.14
Çorlu,SPEI,3,2004,1,2004,1,1,0.294,0.294,0.294
Çorlu,SPEI,3,2004,4,2004,6,3,1.234,0.411,0.657
Çorlu,SPEI,3,2004,11,2005,5,7,6.58,0.94,1.881
Çorlu,SPEI,3,2005,11,2005,11,1,0.095,0.095,0.095
Çorlu,SPEI,3,2006,1,2006,6,6,2.455,0.409,0.714
Çorlu,SPEI,3,2006,10,2007,10,13,14.738,1.134,2.566
Çorlu,SPEI,3,2008,2,2008,5,4,3.367,0.842,1.166
Çorlu,SPEI,3,2008,8,2009,2,7,4.975,0.711,1.514
Çorlu,SPEI,3,2009,6,2009,6,1,0.052,0.052,0.052
Çorlu,SPEI,3,2009,8,2009,8,1,0.045,0.045,0.045
Çorlu,SPEI,3,2010,5,2010,5,1,0.13,0.13,0.13
Çorlu,SPEI,3,2010,7,2010,9,3,1.245,0.415,0.675
Çorlu,SPEI,3,2011,3,2011,3,1,0.678,0.678,0.678
Çorlu,SPEI,3,2011,8,2011,9,2,1.332,0.666,0.942
Çorlu,SPEI,3,2012,1,2012,4,4,1.284,0.321,0.674
Çorlu,SPEI,3,2012,6,2012,11,6,6.409,1.068,2.463
Çorlu,SPEI,3,2013,5,2013,9,5,5.99,1.198,1.412
Çorlu,SPEI,3,2014,1,2014,4,4,4.311,1.078,1.811
Çorlu,SPEI,3,2014,12,2015,1,2,0.189,0.095,0.114
Çorlu,SPEI,3,2015,5,2015,5,1,0.414,0.414,0.414
Çorlu,SPEI,3,2015,7,2015,9,3,1.863,0.621,0.845
Çorlu,SPEI,3,2015,12,2016,12,13,11.219,0.863,1.351
Çorlu,SPEI,3,2017,4,2017,5,2,0.959,0.48,0.629
Çorlu,SPEI,3,2018,5,2018,5,1,0.094,0.094,0.094
Çorlu,SPEI,3,2019,2,2019,4,3,1.598,0.533,0.867
Çorlu,SPEI,3,2019,6,2020,4,11,13.797,1.254,2.164
Çorlu,SPEI,3,2020,9,2021,1,5,6.877,1.375,1.862
Çorlu,SPEI,3,2021,4,2021,5,2,0.654,0.327,0.383
Çorlu,SPEI,3,2021,9,2022,1,5,4.411,0.882,1.196
Çorlu,SPEI,3,2022,3,2022,3,1,0.47,0.47,0.47
Çorlu,SPEI,3,2022,5,2023,4,12,16.42,1.368,2.135
Çorlu,SPEI,3,2023,7,2023,11,5,7.234,1.447,2.862
Çorlu,SPEI,3,2024,2,2024,12,11,14.297,1.3,2.806
Çorlu,SPEI,6,1965,10,1965,10,1,0.35,0.35,0.35
Çorlu,SPEI,6,1966,10,1966,10,1,0.187,0.187,0.187
Çorlu,SPEI,6,1967,6,1967,12,7,5.969,0.853,1.184
Çorlu,SPEI,6,1968,7,1968,9,3,2.46,0.82,1.438
Çorlu,SPEI,6,1969,7,1970,1,7,4.888,0.698,1.559
Çorlu,SPEI,6,1970,9,1970,10,2,0.768,0.384,0.547
Çorlu,SPEI,6,1971,9,1972,8,12,13.253,1.104,2.22
Çorlu,SPEI,6,1973,5,1973,5,1,0.591,0.591,0.591
Çorlu,SPEI,6,1973,9,1973,9,1,0.105,0.105,0.105
Çorlu,SPEI,6,1973,12,1974,4,5,3.39,0.678,1.092
Çorlu,SPEI,6,1974,11,1975,3,5,2.921,0.584,0.779
Çorlu,SPEI,6,1976,4,1976,5,2,0.567,0.284,0.523
Çorlu,SPEI,6,1977,10,1977,12,3,1.624,0.541,0.656
Çorlu,SPEI,6,1979,3,1979,8,6,3.255,0.542,0.986
Çorlu,SPEI,6,1981,6,1981,9,4,0.976,0.244,0.327
Çorlu,SPEI,6,1982,6,1982,6,1,0.249,0.249,0.249
Çorlu,SPEI,6,1982,10,1983,8,11,10.27,0.934,1.673
Çorlu,SPEI,6,1984,1,1984,3,3,1.322,0.441,0.86
Çorlu,SPEI,6,1984,9,1985,10,14,12.034,0.86,1.439
Çorlu,SPEI,6,1985,12,1985,12,1,0.333,0.333,0.333
Çorlu,SPEI,6,1986,5,1986,5,1,0.191,0.191,0.191
Çorlu,SPEI,6,1986,7,1987,11,17,13.671,0.804,1.276
Çorlu,SPEI,6,1988,1,1988,3,3,0.553,0.184,0.313
Çorlu,SPEI,6,1988,6,1988,10,5,2.028,0.406,0.852
Çorlu,SPEI,6,1989,2,1989,7,6,3.909,0.651,1.341
Çorlu,SPEI,6,1989,9,1989,9,1,0.013,0.013,0.013
Çorlu,SPEI,6,1989,11,1990,7,9,8.615,0.957,1.55
Çorlu,SPEI,6,1991,2,1991,3,2,0.581,0.291,0.548
Çorlu,SPEI,6,1992,1,1992,6,6,5.373,0.896,1.225
Çorlu,SPEI,6,1992,9,1993,4,8,3.994,0.499,1.187
Çorlu,SPEI,6,1993,8,1994,12,17,18.574,1.093,2.074
Çorlu,SPEI,6,1995,7,1995,8,2,0.529,0.265,0.433
Çorlu,SPEI,6,1995,10,1995,10,1,0.189,0.189,0.189
Çorlu,SPEI,6,1996,5,1996,6,2,1.263,0.631,0.898
Çorlu,SPEI,6,1996,8,1996,8,1,0.038,0.038,0.038
Çorlu,SPEI,6,1996,10,1996,11,2,0.679,0.34,0.554
Çorlu,SPEI,6,1997,2,1997,3,2,0.972,0.486,0.613
Çorlu,SPEI,6,1997,6,1997,7,2,0.867,0.433,0.708
Çorlu,SPEI,6,2000,3,2000,3,1,0.247,0.247,0.247
Çorlu,SPEI,6,2000,11,2001,11,13,14.874,1.144,1.58
Çorlu,SPEI,6,2002,6,2002,7,2,0.995,0.497,0.605
Çorlu,SPEI,6,2003,7,2003,12,6,6.823,1.137,1.801
Çorlu,SPEI,6,2004,4,2004,5,2,0.751,0.376,0.413
Çorlu,SPEI,6,2004,7,2004,7,1,0.437,0.437,0.437
Çorlu,SPEI,6,2004,12,2005,7,8,6.171,0.771,1.534
Çorlu,SPEI,6,2006,2,2006,2,1,0.538,0.538,0.538
Çorlu,SPEI,6,2006,4,2006,6,3,1.723,0.574,0.843
Çorlu,SPEI,6,2006,12,2007,10,11,17.187,1.562,2.311
Çorlu,SPEI,6,2008,5,2009,3,11,8.44,0.767,1.528
Çorlu,SPEI,6,2010,8,2010,9,2,1.08,0.54,0.59
Çorlu,SPEI,6,2011,12,2011,12,1,0.038,0.038,0.038
Çorlu,SPEI,6,2012,4,2012,4,1,0.377,0.377,0.377
Çorlu,SPEI,6,2012,6,2012,11,6,7.537,1.256,1.797
Çorlu,SPEI,6,2013,7,2013,10,4,4.156,1.039,1.958
Çorlu,SPEI,6,2013,12,2014,5,6,3.871,0.645,1.331
Çorlu,SPEI,6,2015,8,2015,10,3,0.974,0.325,0.663
Çorlu,SPEI,6,2015,12,2017,3,16,15.051,0.941,1.682
Çorlu,SPEI,6,2017,5,2017,5,1,0.203,0.203,0.203
Çorlu,SPEI,6,2019,3,2019,3,1,0.409,0.409,0.409
Çorlu,SPEI,6,2019,5,2020,5,13,21.949,1.688,4.753
Çorlu,SPEI,6,2020,11,2021,4,6,5.575,0.929,2.11
Çorlu,SPEI,6,2021,11,2024,3,29,37.209,1.283,4.753
Çorlu,SPEI,6,2024,5,2024,12,8,16.066,2.008,2.42
Çorlu,SPEI,9,1965,9,1965,9,1,0.091,0.091,0.091
Çorlu,SPEI,9,1967,9,1968,1,5,4.103,0.821,1.506
Çorlu,SPEI,9,1968,5,1968,7,3,0.659,0.22,0.317
Çorlu,SPEI,9,1968,10,1968,12,3,0.847,0.282,0.42
Çorlu,SPEI,9,1969,10,1970,1,4,4.11,1.027,1.415
Çorlu,SPEI,9,1971,2,1971,2,1,0.018,0.018,0.018
Çorlu,SPEI,9,1971,12,1972,10,11,13.696,1.245,2.087
Çorlu,SPEI,9,1972,12,1972,12,1,0.098,0.098,0.098
Çorlu,SPEI,9,1973,6,1973,8,3,0.456,0.152,0.357
Çorlu,SPEI,9,1973,11,1974,4,6,3.049,0.508,0.95
Çorlu,SPEI,9,1974,6,1974,10,5,0.569,0.114,0.269
Çorlu,SPEI,9,1975,2,1975,4,3,1.822,0.607,1.057
Çorlu,SPEI,9,1977,10,1978,1,4,0.609,0.152,0.285
Çorlu,SPEI,9,1979,6,1979,10,5,1.463,0.293,0.63
Çorlu,SPEI,9,1981,6,1981,6,1,0.148,0.148,0.148
Çorlu,SPEI,9,1981,10,1981,10,1,0.047,0.047,0.047
Çorlu,SPEI,9,1982,9,1983,7,11,10.151,0.923,2.193
Çorlu,SPEI,9,1983,9,1984,1,5,2.306,0.461,0.791
Çorlu,SPEI,9,1984,6,1984,6,1,0.14,0.14,0.14
Çorlu,SPEI,9,1984,12,1986,1,14,11.825,0.845,1.391
Çorlu,SPEI,9,1986,8,1986,8,1,0.155,0.155,0.155
Çorlu,SPEI,9,1986,10,1988,3,18,14.825,0.824,1.402
Çorlu,SPEI,9,1988,5,1988,5,1,0.128,0.128,0.128
Çorlu,SPEI,9,1988,8,1988,10,3,1.523,0.508,0.89
Çorlu,SPEI,9,1989,1,1989,5,5,1.756,0.351,0.558
Çorlu,SPEI,9,1989,8,1990,10,15,11.724,0.782,1.503
Çorlu,SPEI,9,1991,3,1991,3,1,0.407,0.407,0.407
Çorlu,SPEI,9,1992,2,1994,12,35,28.489,0.814,1.946
Çorlu,SPEI,9,1995,10,1995,10,1,0.205,0.205,0.205
Çorlu,SPEI,9,1996,1,1996,1,1,0.373,0.373,0.373
Çorlu,SPEI,9,1996,6,1996,8,3,0.728,0.243,0.613
Çorlu,SPEI,9,1996,11,1997,2,4,1.254,0.314,0.654
Çorlu,SPEI,9,1997,6,1997,7,2,0.761,0.381,0.667
Çorlu,SPEI,9,1997,9,1997,9,1,0.38,0.38,0.38
Çorlu,SPEI,9,2000,9,2000,9,1,0.138,0.138,0.138
Çorlu,SPEI,9,2000,11,2001,11,13,16.515,1.27,2.252
Çorlu,SPEI,9,2003,8,2004,5,10,5.854,0.585,1.234
Çorlu,SPEI,9,2004,7,2004,7,1,0.33,0.33,0.33
Çorlu,SPEI,9,2004,11,2005,9,11,6.659,0.605,1.615
Çorlu,SPEI,9,2006,2,2006,2,1,0.122,0.122,0.122
Çorlu,SPEI,9,2006,4,2006,6,3,0.757,0.252,0.504
Çorlu,SPEI,9,2006,12,2008,3,16,22.149,1.384,4.753
Çorlu,SPEI,9,2008,8,2009,4,9,7.83,0.87,1.429
Çorlu,SPEI,9,2009,6,2009,6,1,0.265,0.265,0.265
Çorlu,SPEI,9,2012,2,2012,3,2,0.349,0.175,0.323
Çorlu,SPEI,9,2012,7,2012,11,5,5.756,1.151,1.367
Çorlu,SPEI,9,2013,9,2013,9,1,0.532,0.532,0.532
Çorlu,SPEI,9,2013,11,2014,5,7,4.641,0.663,1.046
Çorlu,SPEI,9,2015,11,2017,5,19,18.397,0.968,1.886
Çorlu,SPEI,9,2019,6,2020,12,19,24.598,1.295,4.753
Çorlu,SPEI,9,2021,2,2021,5,4,2.849,0.712,1.096
Çorlu,SPEI,9,2021,10,2024,12,39,61.759,1.584,4.753
Çorlu,SPEI,12,1967,6,1967,6,1,0.043,0.043,0.043
Çorlu,SPEI,12,1967,11,1968,8,10,3.476,0.348,0.706
Çorlu,SPEI,12,1969,11,1970,4,6,0.837,0.14,0.466
Çorlu,SPEI,12,1972,1,1973,2,14,13.846,0.989,1.825
Çorlu,SPEI,12,1973,11,1974,4,6,3.274,0.546,0.926
Çorlu,SPEI,12,1974,8,1975,2,7,1.971,0.282,0.565
Çorlu,SPEI,12,1975,5,1975,6,2,0.403,0.202,0.339
Çorlu,SPEI,12,1977,11,1977,12,2,0.294,0.147,0.206
Çorlu,SPEI,12,1979,6,1979,6,1,0.103,0.103,0.103
Çorlu,SPEI,12,1979,9,1979,10,2,0.305,0.152,0.232
Çorlu,SPEI,12,1982,12,1984,2,15,12.844,0.856,1.629
Çorlu,SPEI,12,1984,9,1984,12,4,0.841,0.21,0.334
Çorlu,SPEI,12,1985,3,1986,5,15,10.667,0.711,1.376
Çorlu,SPEI,12,1986,11,1988,10,24,17.204,0.717,1.313
Çorlu,SPEI,12,1989,2,1989,9,8,2.815,0.352,0.943
Çorlu,SPEI,12,1989,11,1991,1,15,12.73,0.849,1.425
Çorlu,SPEI,12,1992,5,1995,2,34,28.752,0.846,1.77
Çorlu,SPEI,12,1996,1,1996,1,1,0.334,0.334,0.334
Çorlu,SPEI,12,1996,6,1996,6,1,0.039,0.039,0.039
Çorlu,SPEI,12,1996,11,1996,12,2,0.351,0.175,0.349
Çorlu,SPEI,12,1997,2,1997,4,3,0.961,0.32,0.508
Çorlu,SPEI,12,1997,9,1997,9,1,0.442,0.442,0.442
Çorlu,SPEI,12,2000,9,2000,9,1,0.051,0.051,0.051
Çorlu,SPEI,12,2000,11,2001,11,13,16.939,1.303,1.939
Çorlu,SPEI,12,2002,2,2002,2,1,0.164,0.164,0.164
Çorlu,SPEI,12,2003,9,2003,9,1,0.407,0.407,0.407
Çorlu,SPEI,12,2003,11,2004,7,9,5.525,0.614,1.213
Çorlu,SPEI,12,2004,10,2005,11,14,7.218,0.516,1.049
Çorlu,SPEI,12,2006,1,2006,2,2,0.288,0.144,0.244
Çorlu,SPEI,12,2006,5,2006,6,2,0.48,0.24,0.35
Çorlu,SPEI,12,2006,11,2008,6,20,22.018,1.101,2.998
Çorlu,SPEI,12,2008,11,2009,7,9,6.764,0.752,1.616
Çorlu,SPEI,12,2012,6,2012,12,7,3.925,0.561,1.118
Çorlu,SPEI,12,2013,5,2013,5,1,0.061,0.061,0.061
Çorlu,SPEI,12,2013,12,2014,6,7,5.35,0.764,1.407
Çorlu,SPEI,12,2015,12,2017,6,19,19.62,1.033,1.898
Çorlu,SPEI,12,2019,7,2021,1,19,25.575,1.346,2.536
Çorlu,SPEI,12,2021,5,2021,10,6,1.778,0.296,0.525
Çorlu,SPEI,12,2022,1,2024,12,36,65.396,1.817,4.753
İpsala,SPI,1,1965,1,1965,1,1,0.441,0.441,0.441
İpsala,SPI,1,1965,3,1965,3,1,0.798,0.798,0.798
İpsala,SPI,1,1965,6,1965,10,5,6.148,1.23,1.814
İpsala,SPI,1,1966,3,1966,4,2,0.393,0.197,0.203
İpsala,SPI,1,1966,6,1966,6,1,1.168,1.168,1.168
İpsala,SPI,1,1966,8,1966,8,1,0.926,0.926,0.926
İpsala,SPI,1,1966,10,1966,10,1,0.39,0.39,0.39
İpsala,SPI,1,1967,2,1967,3,2,0.369,0.184,0.321
İpsala,SPI,1,1967,8,1967,8,1,1.0,1.0,1.0
İpsala,SPI,1,1967,10,1967,11,2,0.649,0.325,0.56
İpsala,SPI,1,1968,4,1968,7,4,2.767,0.692,1.279
İpsala,SPI,1,1968,10,1968,11,2,0.82,0.41,0.637
İpsala,SPI,1,1969,4,1969,5,2,0.555,0.278,0.498
İpsala,SPI,1,1969,7,1969,7,1,0.99,0.99,0.99
İpsala,SPI,1,1969,9,1969,9,1,0.756,0.756,0.756
İpsala,SPI,1,1969,11,1969,11,1,0.447,0.447,0.447
İpsala,SPI,1,1970,3,1970,4,2,1.086,0.543,0.83
İpsala,SPI,1,1970,6,1970,9,4,2.099,0.525,1.03
İpsala,SPI,1,1970,12,1971,1,2,0.251,0.126,0.23
İpsala,SPI,1,1971,4,1971,5,2,1.14,0.57,0.76
İpsala,SPI,1,1971,8,1971,8,1,0.203,0.203,0.203
İpsala,SPI,1,1971,10,1971,10,1,0.59,0.59,0.59
İpsala,SPI,1,1971,12,1972,3,4,1.264,0.316,0.742
İpsala,SPI,1,1972,7,1972,7,1,0.074,0.074,0.074
İpsala,SPI,1,1972,11,1972,12,2,2.77,1.385,2.116
İpsala,SPI,1,1973,5,1973,5,1,0.39,0.39,0.39
İpsala,SPI,1,1973,11,1974,1,3,2.415,0.805,1.032
İpsala,SPI,1,1974,7,1974,7,1,0.139,0.139,0.139
İpsala,SPI,1,1974,12,1974,12,1,0.362,0.362,0.362
İpsala,SPI,1,1975,2,1975,2,1,0.603,0.603,0.603
İpsala,SPI,1,1975,4,1975,4,1,0.297,0.297,0.297
İpsala,SPI,1,1975,9,1975,9,1,1.814,1.814,1.814
İpsala,SPI,1,1976,2,1976,4,3,0.998,0.333,0.373
İpsala,SPI,1,1976,11,1976,11,1,0.002,0.002,0.002
İpsala,SPI,1,1977,3,1977,4,2,0.983,0.492,0.655
İpsala,SPI,1,1977,7,1977,8,2,2.057,1.028,1.542
İpsala,SPI,1,1977,10,1977,10,1,0.74,0.74,0.74
İpsala,SPI,1,1977,12,1978,1,2,0.276,0.138,0.149
İpsala,SPI,1,1978,5,1978,8,4,2.8,0.7,1.306
İpsala,SPI,1,1978,12,1978,12,1,0.236,0.236,0.236
İpsala,SPI,1,1979,3,1979,3,1,1.308,1.308,1.308
İpsala,SPI,1,1979,6,1979,8,3,1.755,0.585,0.95
İpsala,SPI,1,1979,12,1979,12,1,0.271,0.271,0.271
İpsala,SPI,1,1980,2,1980,2,1,0.632,0.632,0.632
İpsala,SPI,1,1980,8,1980,10,3,2.374,0.791,1.718
İpsala,SPI,1,1981,3,1981,4,2,2.021,1.01,1.15
İpsala,SPI,1,1981,8,1981,8,1,0.88,0.88,0.88
İpsala,SPI,1,1982,1,1982,2,2,0.351,0.176,0.323
İpsala,SPI,1,1982,5,1982,9,5,2.187,0.437,0.852
İpsala,SPI,1,1982,11,1982,11,1,0.048,0.048,0.048
İpsala,SPI,1,1983,1,1983,1,1,0.524,0.524,0.524
İpsala,SPI,1,1983,3,1983,4,2,1.611,0.805,1.379
İpsala,SPI,1,1983,8,1983,8,1,0.926,0.926,0.926
İpsala,SPI,1,1984,5,1984,6,2,1.05,0.525,0.546
İpsala,SPI,1,1984,9,1984,10,2,3.961,1.981,2.128
İpsala,SPI,1,1984,12,1984,12,1,1.059,1.059,1.059
İpsala,SPI,1,1985,2,1985,5,4,3.501,0.875,1.381
İpsala,SPI,1,1985,7,1985,10,4,2.768,0.692,1.222
İpsala,SPI,1,1985,12,1985,12,1,1.307,1.307,1.307
İpsala,SPI,1,1986,3,1986,4,2,3.097,1.548,1.84
İpsala,SPI,1,1986,7,1986,12,6,2.997,0.5,1.122
İpsala,SPI,1,1987,2,1987,3,2,0.825,0.412,0.497
İpsala,SPI,1,1987,7,1987,7,1,0.321,0.321,0.321
İpsala,SPI,1,1987,9,1987,9,1,1.155,1.155,1.155
İpsala,SPI,1,1988,1,1988,1,1,1.113,1.113,1.113
İpsala,SPI,1,1988,4,1988,6,3,2.18,0.727,0.892
İpsala,SPI,1,1988,10,1988,10,1,0.522,0.522,0.522
İpsala,SPI,1,1988,12,1989,2,3,4.825,1.608,3.518
İpsala,SPI,1,1989,4,1989,4,1,1.018,1.018,1.018
İpsala,SPI,1,1989,7,1989,7,1,0.081,0.081,0.081
İpsala,SPI,1,1989,11,1989,11,1,0.682,0.682,0.682
İpsala,SPI,1,1990,1,1990,3,3,3.743,1.248,2.179
İpsala,SPI,1,1990,6,1990,8,3,2.155,0.718,1.153
İpsala,SPI,1,1990,11,1990,11,1,0.866,0.866,0.866
İpsala,SPI,1,1991,1,1991,3,3,2.075,0.692,1.243
İpsala,SPI,1,1991,6,1991,6,1,0.845,0.845,0.845
İpsala,SPI,1,1991,9,1991,9,1,0.634,0.634,0.634
İpsala,SPI,1,1991,12,1992,2,3,4.288,1.429,2.558
İpsala,SPI,1,1992,5,1992,5,1,0.52,0.52,0.52
İpsala,SPI,1,1992,7,1992,7,1,0.193,0.193,0.193
İpsala,SPI,1,1992,9,1992,9,1,0.571,0.571,0.571
İpsala,SPI,1,1992,12,1993,4,5,3.883,0.777,1.793
İpsala,SPI,1,1993,7,1993,10,4,1.495,0.374,0.539
İpsala,SPI,1,1993,12,1994,3,4,1.641,0.41,0.75
İpsala,SPI,1,1994,5,1994,6,2,1.659,0.83,1.343
İpsala,SPI,1,1994,9,1994,9,1,1.121,1.121,1.121
İpsala,SPI,1,1995,4,1995,5,2,1.669,0.835,1.318
İpsala,SPI,1,1995,10,1995,10,1,1.527,1.527,1.527
İpsala,SPI,1,1996,1,1996,1,1,0.735,0.735,0.735
İpsala,SPI,1,1996,5,1996,6,2,2.222,1.111,1.36
İpsala,SPI,1,1996,10,1996,10,1,0.969,0.969,0.969
İpsala,SPI,1,1997,1,1997,2,2,0.729,0.364,0.487
İpsala,SPI,1,1997,5,1997,5,1,1.032,1.032,1.032
İpsala,SPI,1,1997,9,1997,9,1,1.359,1.359,1.359
İpsala,SPI,1,1998,4,1998,4,1,1.143,1.143,1.143
İpsala,SPI,1,1998,6,1998,6,1,1.177,1.177,1.177
İpsala,SPI,1,1999,5,1999,5,1,1.086,1.086,1.086
İpsala,SPI,1,1999,9,1999,10,2,0.365,0.182,0.285
İpsala,SPI,1,2000,1,2000,2,2,0.787,0.394,0.616
İpsala,SPI,1,2000,4,2000,4,1,0.677,0.677,0.677
İpsala,SPI,1,2000,6,2000,6,1,0.345,0.345,0.345
İpsala,SPI,1,2000,11,2000,11,1,1.182,1.182,1.182
İpsala,SPI,1,2001,2,2001,3,2,1.574,0.787,0.85
İpsala,SPI,1,2001,5,2001,6,2,1.432,0.716,1.429
İpsala,SPI,1,2001,8,2001,8,1,0.305,0.305,0.305
İpsala,SPI,1,2001,10,2001,10,1,1.98,1.98,1.98
İpsala,SPI,1,2002,1,2002,2,2,1.457,0.729,0.902
İpsala,SPI,1,2002,4,2002,6,3,3.257,1.086,1.507
İpsala,SPI,1,2002,12,2002,12,1,0.364,0.364,0.364
İpsala,SPI,1,2003,3,2003,3,1,1.978,1.978,1.978
İpsala,SPI,1,2003,6,2003,6,1,0.798,0.798,0.798
İpsala,SPI,1,2003,9,2003,9,1,0.015,0.015,0.015
İpsala,SPI,1,2003,11,2003,12,2,2.375,1.188,1.482
İpsala,SPI,1,2004,2,2004,2,1,1.776,1.776,1.776
İpsala,SPI,1,2004,4,2004,6,3,0.926,0.309,0.658
İpsala,SPI,1,2004,8,2004,11,4,4.057,1.014,1.888
İpsala,SPI,1,2005,3,2005,4,2,2.587,1.293,1.412
İpsala,SPI,1,2005,9,2005,10,2,0.745,0.372,0.414
İpsala,SPI,1,2006,4,2006,4,1,1.311,1.311,1.311
İpsala,SPI,1,2006,11,2007,2,4,3.182,0.795,1.168
İpsala,SPI,1,2007,4,2007,4,1,0.992,0.992,0.992
İpsala,SPI,1,2007,7,2007,7,1,1.645,1.645,1.645
İpsala,SPI,1,2007,9,2007,9,1,0.223,0.223,0.223
İpsala,SPI,1,2007,12,2008,2,3,2.223,0.741,1.519
İpsala,SPI,1,2008,7,2008,7,1,0.012,0.012,0.012
İpsala,SPI,1,2008,9,2008,12,4,2.693,0.673,1.002
İpsala,SPI,1,2009,4,2009,8,5,3.098,0.62,1.457
İpsala,SPI,1,2009,11,2009,11,1,0.376,0.376,0.376
İpsala,SPI,1,2010,5,2010,5,1,0.337,0.337,0.337
İpsala,SPI,1,2010,8,2010,8,1,1.645,1.645,1.645
İpsala,SPI,1,2010,12,2011,8,9,12.931,1.437,2.281
İpsala,SPI,1,2011,11,2011,11,1,1.834,1.834,1.834
İpsala,SPI,1,2012,1,2012,1,1,0.099,0.099,0.099
İpsala,SPI,1,2012,3,2012,3,1,0.927,0.927,0.927
İpsala,SPI,1,2012,6,2012,9,4,5.492,1.373,1.676
İpsala,SPI,1,2013,4,2013,4,1,0.124,0.124,0.124
İpsala,SPI,1,2013,7,2013,9,3,3.092,1.031,1.468
İpsala,SPI,1,2013,12,2013,12,1,1.875,1.875,1.875
İpsala,SPI,1,2014,2,2014,2,1,2.126,2.126,2.126
İpsala,SPI,1,2015,5,2015,5,1,2.281,2.281,2.281
İpsala,SPI,1,2015,7,2015,7,1,1.645,1.645,1.645
İpsala,SPI,1,2015,11,2015,12,2,2.821,1.411,2.128
İpsala,SPI,1,2016,3,2016,4,2,1.883,0.942,1.129
İpsala,SPI,1,2016,6,2016,6,1,0.36,0.36,0.36
İpsala,SPI,1,2016,8,2016,12,5,7.238,1.448,2.128
İpsala,SPI,1,2017,2,2017,3,2,2.934,1.467,1.929
İpsala,SPI,1,2017,6,2017,6,1,0.365,0.365,0.365
İpsala,SPI,1,2017,9,2017,9,1,0.626,0.626,0.626
İpsala,SPI,1,2017,11,2018,2,4,2.586,0.647,1.834
İpsala,SPI,1,2018,4,2018,5,2,3.553,1.776,2.476
İpsala,SPI,1,2018,10,2018,12,3,1.153,0.384,0.566
İpsala,SPI,1,2019,2,2019,3,2,1.94,0.97,1.601
İpsala,SPI,1,2019,8,2019,9,2,0.816,0.408,0.672
İpsala,SPI,1,2019,11,2020,3,5,2.912,0.582,1.075
İpsala,SPI,1,2020,6,2020,9,4,2.604,0.651,1.185
İpsala,SPI,1,2020,11,2020,12,2,2.08,1.04,1.833
İpsala,SPI,1,2021,2,2021,2,1,0.846,0.846,0.846
İpsala,SPI,1,2021,4,2021,4,1,0.337,0.337,0.337
İpsala,SPI,1,2021,7,2021,7,1,1.258,1.258,1.258
İpsala,SPI,1,2021,9,2021,9,1,0.785,0.785,0.785
İpsala,SPI,1,2022,1,2022,1,1,1.667,1.667,1.667
İpsala,SPI,1,2022,3,2022,3,1,1.522,1.522,1.522
İpsala,SPI,1,2022,5,2022,6,2,2.252,1.126,1.588
İpsala,SPI,1,2022,9,2023,3,7,8.833,1.262,3.153
İpsala,SPI,1,2023,6,2023,10,5,5.468,1.094,1.645
İpsala,SPI,1,2023,12,2024,7,8,5.949,0.744,2.113
İpsala,SPI,1,2024,10,2024,11,2,3.356,1.678,1.98
İpsala,SPI,3,1965,5,1965,10,6,6.602,1.1,2.127
İpsala,SPI,3,1966,5,1966,8,4,2.432,0.608,0.9
İpsala,SPI,3,1966,10,1966,10,1,0.189,0.189,0.189
İpsala,SPI,3,1967,4,1967,5,2,0.484,0.242,0.276
İpsala,SPI,3,1967,10,1967,12,3,1.622,0.541,0.804
İpsala,SPI,3,1968,4,1968,7,4,2.882,0.721,1.295
İpsala,SPI,3,1968,11,1968,12,2,0.494,0.247,0.349
İpsala,SPI,3,1969,5,1969,7,3,0.765,0.255,0.286
İpsala,SPI,3,1969,9,1969,11,3,1.573,0.524,0.922
İpsala,SPI,3,1970,5,1970,6,2,0.514,0.257,0.303
İpsala,SPI,3,1970,8,1970,9,2,1.967,0.984,1.359
İpsala,SPI,3,1971,1,1971,1,1,0.457,0.457,0.457
İpsala,SPI,3,1971,6,1971,6,1,0.56,0.56,0.56
İpsala,SPI,3,1971,10,1972,4,7,3.75,0.536,0.852
İpsala,SPI,3,1972,12,1973,2,3,1.821,0.607,1.486
İpsala,SPI,3,1973,9,1974,3,7,6.039,0.863,1.875
İpsala,SPI,3,1974,12,1974,12,1,0.072,0.072,0.072
İpsala,SPI,3,1975,2,1975,2,1,0.199,0.199,0.199
İpsala,SPI,3,1975,4,1975,4,1,0.806,0.806,0.806
İpsala,SPI,3,1975,11,1975,11,1,0.096,0.096,0.096
İpsala,SPI,3,1976,1,1976,4,4,1.719,0.43,0.944
İpsala,SPI,3,1976,11,1976,11,1,0.119,0.119,0.119
İpsala,SPI,3,1977,3,1977,8,6,2.091,0.348,0.674
İpsala,SPI,3,1977,12,1978,2,3,1.383,0.461,0.702
İpsala,SPI,3,1978,7,1978,8,2,1.524,0.762,0.92
İpsala,SPI,3,1979,3,1979,3,1,0.079,0.079,0.079
İpsala,SPI,3,1979,7,1979,9,3,1.931,0.644,0.764
İpsala,SPI,3,1980,9,1980,11,3,3.301,1.1,1.687
İpsala,SPI,3,1981,4,1981,6,3,1.79,0.597,1.036
İpsala,SPI,3,1981,9,1981,9,1,0.248,0.248,0.248
İpsala,SPI,3,1982,3,1982,3,1,0.176,0.176,0.176
İpsala,SPI,3,1982,7,1982,11,5,3.619,0.724,1.108
İpsala,SPI,3,1983,1,1983,5,5,3.774,0.755,1.081
İpsala,SPI,3,1983,12,1984,1,2,0.427,0.214,0.27
İpsala,SPI,3,1984,6,1984,7,2,0.663,0.332,0.419
İpsala,SPI,3,1984,9,1985,12,16,14.21,0.888,2.191
İpsala,SPI,3,1986,4,1987,5,14,9.54,0.681,1.639
İpsala,SPI,3,1987,9,1987,10,2,0.653,0.327,0.595
İpsala,SPI,3,1988,3,1988,3,1,0.294,0.294,0.294
İpsala,SPI,3,1988,5,1988,7,3,3.067,1.022,1.541
İpsala,SPI,3,1989,2,1989,4,3,3.456,1.152,1.658
İpsala,SPI,3,1989,6,1989,6,1,0.426,0.426,0.426
İpsala,SPI,3,1990,1,1990,9,9,7.153,0.795,1.94
İpsala,SPI,3,1990,11,1990,11,1,0.321,0.321,0.321
İpsala,SPI,3,1991,3,1991,4,2,1.419,0.71,1.291
İpsala,SPI,3,1991,8,1991,9,2,0.729,0.364,0.383
İpsala,SPI,3,1992,1,1992,5,5,4.51,0.902,1.992
İpsala,SPI,3,1992,7,1992,7,1,0.175,0.175,0.175
İpsala,SPI,3,1992,9,1993,5,9,6.595,0.733,1.311
İpsala,SPI,3,1993,9,1994,7,11,8.063,0.733,1.233
İpsala,SPI,3,1994,9,1994,9,1,0.02,0.02,0.02
İpsala,SPI,3,1995,6,1995,7,2,1.108,0.554,1.042
İpsala,SPI,3,1996,6,1996,8,3,1.937,0.646,0.8
İpsala,SPI,3,1996,10,1996,10,1,0.155,0.155,0.155
İpsala,SPI,3,1997,2,1997,2,1,0.027,0.027,0.027
İpsala,SPI,3,1997,7,1997,7,1,0.078,0.078,0.078
İpsala,SPI,3,1999,6,1999,7,2,0.952,0.476,0.54
İpsala,SPI,3,1999,9,1999,10,2,0.647,0.324,0.47
İpsala,SPI,3,2000,3,2000,4,2,0.409,0.205,0.271
İpsala,SPI,3,2000,6,2000,6,1,0.332,0.332,0.332
İpsala,SPI,3,2000,8,2000,9,2,0.416,0.208,0.302
İpsala,SPI,3,2001,1,2001,4,4,1.026,0.257,0.472
İpsala,SPI,3,2001,7,2001,8,2,0.167,0.084,0.109
İpsala,SPI,3,2001,10,2001,11,2,1.451,0.726,0.974
İpsala,SPI,3,2002,3,2002,7,5,4.78,0.956,2.104
İpsala,SPI,3,2003,5,2003,5,1,0.348,0.348,0.348
İpsala,SPI,3,2003,7,2003,9,3,1.004,0.335,0.585
İpsala,SPI,3,2003,11,2004,2,4,2.206,0.551,0.904
İpsala,SPI,3,2004,4,2004,4,1,0.361,0.361,0.361
İpsala,SPI,3,2004,6,2004,7,2,0.842,0.421,0.794
İpsala,SPI,3,2004,9,2004,12,4,5.429,1.357,2.282
İpsala,SPI,3,2005,5,2005,5,1,0.448,0.448,0.448
İpsala,SPI,3,2005,10,2005,10,1,0.562,0.562,0.562
İpsala,SPI,3,2006,6,2006,6,1,0.293,0.293,0.293
İpsala,SPI,3,2006,11,2007,4,6,6.386,1.064,2.039
İpsala,SPI,3,2007,8,2007,9,2,1.002,0.501,0.683
İpsala,SPI,3,2008,1,2008,5,5,3.494,0.699,1.217
İpsala,SPI,3,2008,9,2009,1,5,5.627,1.125,2.134
İpsala,SPI,3,2009,6,2009,8,3,2.415,0.805,0.975
İpsala,SPI,3,2010,5,2010,5,1,0.141,0.141,0.141
İpsala,SPI,3,2011,1,2011,9,9,21.905,2.434,3.961
İpsala,SPI,3,2012,1,2012,1,1,0.368,0.368,0.368
İpsala,SPI,3,2012,3,2012,4,2,0.763,0.382,0.506
İpsala,SPI,3,2012,8,2012,11,4,5.998,1.499,2.916
İpsala,SPI,3,2013,5,2013,5,1,0.04,0.04,0.04
İpsala,SPI,3,2013,9,2013,9,1,1.514,1.514,1.514
İpsala,SPI,3,2014,2,2014,2,1,0.84,0.84,0.84
İpsala,SPI,3,2015,5,2015,7,3,0.694,0.231,0.524
İpsala,SPI,3,2015,12,2016,2,3,1.99,0.663,1.111
İpsala,SPI,3,2016,4,2016,6,3,1.444,0.481,0.649
İpsala,SPI,3,2016,8,2017,9,14,17.929,1.281,3.382
İpsala,SPI,3,2017,11,2018,7,9,7.892,0.877,1.879
İpsala,SPI,3,2018,10,2019,5,8,6.306,0.788,1.131
İpsala,SPI,3,2019,10,2020,3,6,5.656,0.943,1.166
İpsala,SPI,3,2020,7,2021,1,7,6.257,0.894,1.801
İpsala,SPI,3,2021,4,2021,11,8,2.857,0.357,0.949
İpsala,SPI,3,2022,3,2022,3,1,0.672,0.672,0.672
İpsala,SPI,3,2022,5,2022,7,3,3.501,1.167,1.484
İpsala,SPI,3,2022,9,2023,4,8,13.155,1.644,2.818
İpsala,SPI,3,2023,7,2023,10,4,6.249,1.562,1.953
İpsala,SPI,3,2024,2,2024,8,7,9.718,1.388,3.231
İpsala,SPI,3,2024,10,2024,12,3,2.587,0.862,1.427
İpsala,SPI,6,1965,8,1965,11,4,4.472,1.118,1.714
İpsala,SPI,6,1966,7,1966,10,4,2.256,0.564,0.867
İpsala,SPI,6,1967,7,1967,8,2,0.055,0.028,0.034
İpsala,SPI,6,1967,10,1968,1,4,1.368,0.342,0.726
İpsala,SPI,6,1968,4,1968,4,1,0.027,0.027,0.027
İpsala,SPI,6,1968,7,1968,8,2,1.088,0.544,0.747
İpsala,SPI,6,1968,11,1968,11,1,0.105,0.105,0.105
İpsala,SPI,6,1969,8,1969,12,5,2.466,0.493,0.89
İpsala,SPI,6,1970,8,1970,9,2,1.759,0.879,1.085
İpsala,SPI,6,1970,11,1971,1,3,0.535,0.178,0.254
İpsala,SPI,6,1971,10,1971,10,1,0.078,0.078,0.078
İpsala,SPI,6,1971,12,1972,7,8,5.063,0.633,1.137
İpsala,SPI,6,1973,11,1974,5,7,7.316,1.045,1.886
İpsala,SPI,6,1974,12,1974,12,1,0.012,0.012,0.012
İpsala,SPI,6,1975,3,1975,5,3,0.291,0.097,0.185
İpsala,SPI,6,1976,2,1976,5,4,1.283,0.321,0.474
İpsala,SPI,6,1977,3,1977,4,2,0.298,0.149,0.152
İpsala,SPI,6,1977,6,1977,8,3,1.709,0.57,0.895
İpsala,SPI,6,1977,10,1978,3,6,2.172,0.362,0.541
İpsala,SPI,6,1980,10,1980,11,2,1.496,0.748,0.96
İpsala,SPI,6,1981,7,1981,9,3,1.423,0.474,0.742
İpsala,SPI,6,1982,10,1983,6,9,6.126,0.681,0.949
İpsala,SPI,6,1984,1,1984,1,1,0.147,0.147,0.147
İpsala,SPI,6,1984,9,1986,1,17,19.44,1.144,2.039
İpsala,SPI,6,1986,7,1987,10,16,12.733,0.796,1.683
İpsala,SPI,6,1988,6,1988,10,5,2.507,0.501,1.029
İpsala,SPI,6,1989,2,1989,7,6,4.081,0.68,1.229
İpsala,SPI,6,1990,2,1990,11,10,9.122,0.912,1.492
İpsala,SPI,6,1991,3,1991,4,2,0.206,0.103,0.195
İpsala,SPI,6,1991,6,1991,7,2,0.796,0.398,0.671
İpsala,SPI,6,1992,1,1993,7,19,13.572,0.714,1.459
İpsala,SPI,6,1993,9,1993,10,2,0.197,0.099,0.183
İpsala,SPI,6,1993,12,1994,9,10,9.414,0.941,1.45
İpsala,SPI,6,1995,10,1995,10,1,0.038,0.038,0.038
İpsala,SPI,6,1996,8,1996,11,4,1.362,0.341,0.838
İpsala,SPI,6,1997,2,1997,2,1,0.112,0.112,0.112
İpsala,SPI,6,1999,9,1999,10,2,1.632,0.816,0.873
İpsala,SPI,6,2000,6,2000,7,2,0.633,0.317,0.477
İpsala,SPI,6,2000,9,2000,9,1,0.54,0.54,0.54
İpsala,SPI,6,2000,11,2000,11,1,0.001,0.001,0.001
İpsala,SPI,6,2001,2,2001,4,3,0.629,0.21,0.398
İpsala,SPI,6,2001,6,2001,7,2,0.319,0.159,0.173
İpsala,SPI,6,2001,10,2001,11,2,1.54,0.77,0.959
İpsala,SPI,6,2002,2,2002,3,2,0.251,0.126,0.185
İpsala,SPI,6,2002,5,2002,9,5,3.272,0.654,1.549
İpsala,SPI,6,2003,7,2003,9,3,1.023,0.341,0.698
İpsala,SPI,6,2003,11,2004,7,9,4.014,0.446,0.86
İpsala,SPI,6,2004,9,2005,1,5,6.097,1.219,1.771
İpsala,SPI,6,2006,12,2007,7,8,7.847,0.981,1.864
İpsala,SPI,6,2007,9,2007,9,1,0.385,0.385,0.385
İpsala,SPI,6,2008,2,2009,4,15,10.62,0.708,2.079
İpsala,SPI,6,2009,8,2009,8,1,0.163,0.163,0.163
İpsala,SPI,6,2011,1,2011,11,11,21.755,1.978,3.672
İpsala,SPI,6,2012,4,2012,4,1,0.429,0.429,0.429
İpsala,SPI,6,2012,11,2012,11,1,0.962,0.962,0.962
İpsala,SPI,6,2015,7,2015,7,1,0.108,0.108,0.108
İpsala,SPI,6,2015,12,2015,12,1,0.441,0.441,0.441
İpsala,SPI,6,2016,3,2016,5,3,1.694,0.565,1.024
İpsala,SPI,6,2016,7,2017,9,15,23.951,1.597,2.864
İpsala,SPI,6,2017,11,2019,8,22,20.117,0.914,1.728
İpsala,SPI,6,2019,10,2020,7,10,7.522,0.752,1.543
İpsala,SPI,6,2020,10,2021,4,7,6.74,0.963,2.185
İpsala,SPI,6,2021,7,2021,11,5,2.743,0.549,0.793
İpsala,SPI,6,2022,1,2022,1,1,0.225,0.225,0.225
İpsala,SPI,6,2022,5,2023,10,18,28.312,1.573,3.112
İpsala,SPI,6,2024,1,2024,3,3,0.246,0.082,0.147
İpsala,SPI,6,2024,5,2024,12,8,11.536,1.442,1.956
İpsala,SPI,9,1965,9,1965,11,3,1.627,0.542,0.632
İpsala,SPI,9,1966,10,1966,10,1,0.506,0.506,0.506
İpsala,SPI,9,1967,10,1968,1,4,1.313,0.328,0.519
İpsala,SPI,9,1968,4,1968,7,4,1.161,0.29,0.386
İpsala,SPI,9,1968,10,1968,12,3,0.872,0.291,0.403
İpsala,SPI,9,1969,11,1970,1,3,1.191,0.397,0.653
İpsala,SPI,9,1970,11,1971,2,4,0.913,0.228,0.352
İpsala,SPI,9,1971,12,1972,8,9,6.329,0.703,0.857
İpsala,SPI,9,1973,12,1974,8,9,7.349,0.817,1.322
İpsala,SPI,9,1975,3,1975,4,2,0.087,0.043,0.063
İpsala,SPI,9,1976,4,1976,5,2,0.427,0.214,0.342
İpsala,SPI,9,1976,7,1976,7,1,0.018,0.018,0.018
İpsala,SPI,9,1977,4,1978,3,12,3.983,0.332,0.584
İpsala,SPI,9,1978,6,1978,8,3,0.724,0.241,0.348
İpsala,SPI,9,1980,10,1980,11,2,0.557,0.278,0.41
İpsala,SPI,9,1982,9,1982,9,1,0.183,0.183,0.183
İpsala,SPI,9,1982,12,1983,6,7,5.144,0.735,1.01
İpsala,SPI,9,1984,12,1986,1,14,18.632,1.331,2.06
İpsala,SPI,9,1986,3,1986,6,4,0.787,0.197,0.327
İpsala,SPI,9,1986,8,1986,8,1,0.221,0.221,0.221
İpsala,SPI,9,1986,10,1987,10,13,13.049,1.004,1.984
İpsala,SPI,9,1988,9,1988,10,2,0.853,0.426,0.493
İpsala,SPI,9,1989,1,1989,9,9,3.05,0.339,0.504
İpsala,SPI,9,1990,1,1990,11,11,8.883,0.808,1.497
İpsala,SPI,9,1991,1,1991,3,3,0.635,0.212,0.29
İpsala,SPI,9,1991,6,1991,7,2,0.067,0.034,0.042
İpsala,SPI,9,1991,9,1991,10,2,0.879,0.44,0.837
İpsala,SPI,9,1992,1,1994,11,35,28.25,0.807,1.398
İpsala,SPI,9,1996,11,1996,11,1,0.211,0.211,0.211
İpsala,SPI,9,1997,1,1997,2,2,0.679,0.34,0.356
İpsala,SPI,9,2000,1,2000,1,1,0.101,0.101,0.101
İpsala,SPI,9,2000,8,2000,9,2,0.614,0.307,0.573
İpsala,SPI,9,2000,12,2000,12,1,0.181,0.181,0.181
İpsala,SPI,9,2001,2,2001,3,2,0.497,0.248,0.274
İpsala,SPI,9,2001,6,2001,8,3,0.569,0.19,0.451
İpsala,SPI,9,2001,10,2001,11,2,1.066,0.533,0.805
İpsala,SPI,9,2002,1,2002,2,2,0.419,0.209,0.312
İpsala,SPI,9,2002,4,2002,10,7,2.504,0.358,0.676
İpsala,SPI,9,2003,11,2005,1,15,10.333,0.689,1.464
İpsala,SPI,9,2005,4,2005,4,1,0.305,0.305,0.305
İpsala,SPI,9,2006,12,2007,10,11,9.773,0.888,1.43
İpsala,SPI,9,2008,2,2009,8,19,13.089,0.689,1.586
İpsala,SPI,9,2011,2,2012,3,14,19.58,1.399,3.916
İpsala,SPI,9,2015,12,2016,1,2,0.766,0.383,0.49
İpsala,SPI,9,2016,3,2021,7,65,71.892,1.106,2.694
İpsala,SPI,9,2021,10,2021,11,2,1.5,0.75,1.016
İpsala,SPI,9,2022,1,2022,1,1,0.316,0.316,0.316
İpsala,SPI,9,2022,3,2024,12,34,43.023,1.265,2.915
İpsala,SPI,12,1967,12,1968,2,3,0.606,0.202,0.339
İpsala,SPI,12,1968,4,1968,8,5,1.367,0.273,0.498
İpsala,SPI,12,1968,10,1968,10,1,0.085,0.085,0.085
İpsala,SPI,12,1969,1,1969,1,1,0.131,0.131,0.131
İpsala,SPI,12,1969,9,1969,9,1,0.033,0.033,0.033
İpsala,SPI,12,1971,1,1971,2,2,0.366,0.183,0.211
İpsala,SPI,12,1972,1,1972,9,9,4.889,0.543,0.927
İpsala,SPI,12,1974,1,1974,10,10,5.714,0.571,0.764
İpsala,SPI,12,1977,6,1978,9,16,4.851,0.303,0.774
İpsala,SPI,12,1980,11,1980,11,1,0.167,0.167,0.167
İpsala,SPI,12,1982,12,1983,8,9,4.514,0.502,1.193
İpsala,SPI,12,1984,12,1987,11,36,32.675,0.908,1.73
İpsala,SPI,12,1988,12,1989,9,10,2.884,0.288,0.598
İpsala,SPI,12,1989,11,1991,7,21,10.495,0.5,1.242
İpsala,SPI,12,1991,9,1991,10,2,0.187,0.093,0.17
İpsala,SPI,12,1991,12,1994,12,37,30.703,0.83,1.436
İpsala,SPI,12,1997,2,1997,3,2,0.315,0.158,0.292
İpsala,SPI,12,2000,3,2000,4,2,0.182,0.091,0.15
İpsala,SPI,12,2000,12,2000,12,1,0.366,0.366,0.366
İpsala,SPI,12,2001,2,2001,3,2,0.498,0.249,0.408
İpsala,SPI,12,2001,5,2001,6,2,0.203,0.101,0.15
İpsala,SPI,12,2001,10,2001,11,2,1.163,0.582,0.843
İpsala,SPI,12,2002,1,2002,2,2,0.298,0.149,0.165
İpsala,SPI,12,2002,4,2002,9,6,2.455,0.409,0.545
İpsala,SPI,12,2002,12,2002,12,1,0.079,0.079,0.079
İpsala,SPI,12,2003,11,2005,1,15,9.661,0.644,1.396
İpsala,SPI,12,2005,3,2005,5,3,0.593,0.198,0.372
İpsala,SPI,12,2007,1,2009,8,32,22.879,0.715,2.016
İpsala,SPI,12,2011,2,2012,4,15,18.2,1.213,2.554
İpsala,SPI,12,2015,12,2016,1,2,0.269,0.135,0.148
İpsala,SPI,12,2016,3,2021,11,69,82.565,1.197,2.583
İpsala,SPI,12,2022,1,2024,12,36,45.274,1.258,3.057
İpsala,SPEI,1,1965,1,1965,1,1,0.868,0.868,0.868
İpsala,SPEI,1,1965,3,1965,3,1,0.768,0.768,0.768
İpsala,SPEI,1,1965,6,1965,7,2,1.389,0.695,1.176
İpsala,SPEI,1,1965,9,1965,10,2,2.179,1.089,1.275
İpsala,SPEI,1,1966,3,1966,4,2,0.603,0.301,0.387
İpsala,SPEI,1,1966,6,1966,6,1,0.429,0.429,0.429
İpsala,SPEI,1,1966,8,1966,8,1,0.874,0.874,0.874
İpsala,SPEI,1,1966,10,1966,10,1,1.117,1.117,1.117
İpsala,SPEI,1,1967,3,1967,3,1,0.318,0.318,0.318
İpsala,SPEI,1,1967,5,1967,5,1,0.185,0.185,0.185
İpsala,SPEI,1,1967,8,1967,8,1,0.447,0.447,0.447
İpsala,SPEI,1,1967,10,1967,12,3,1.221,0.407,0.771
İpsala,SPEI,1,1968,4,1968,7,4,3.684,0.921,1.446
İpsala,SPEI,1,1968,10,1968,11,2,0.988,0.494,0.598
İpsala,SPEI,1,1969,5,1969,5,1,1.229,1.229,1.229
İpsala,SPEI,1,1969,9,1969,9,1,1.002,1.002,1.002
İpsala,SPEI,1,1969,11,1969,11,1,0.798,0.798,0.798
İpsala,SPEI,1,1970,3,1970,4,2,1.626,0.813,1.26
İpsala,SPEI,1,1970,7,1970,9,3,1.327,0.442,0.76
İpsala,SPEI,1,1970,11,1971,1,3,0.949,0.316,0.548
İpsala,SPEI,1,1971,4,1971,5,2,1.427,0.714,0.896
İpsala,SPEI,1,1971,8,1971,8,1,0.151,0.151,0.151
İpsala,SPEI,1,1971,10,1972,3,6,2.0,0.333,0.968
İpsala,SPEI,1,1972,6,1972,7,2,0.312,0.156,0.225
İpsala,SPEI,1,1972,11,1972,12,2,2.648,1.324,1.771
İpsala,SPEI,1,1973,5,1973,5,1,0.696,0.696,0.696
İpsala,SPEI,1,1973,9,1974,2,6,3.045,0.507,1.089
İpsala,SPEI,1,1974,10,1974,10,1,0.21,0.21,0.21
İpsala,SPEI,1,1974,12,1974,12,1,0.524,0.524,0.524
İpsala,SPEI,1,1975,2,1975,4,3,1.441,0.48,0.612
İpsala,SPEI,1,1975,9,1975,9,1,1.566,1.566,1.566
İpsala,SPEI,1,1976,1,1976,2,2,0.486,0.243,0.263
İpsala,SPEI,1,1976,4,1976,4,1,0.516,0.516,0.516
İpsala,SPEI,1,1976,10,1976,11,2,0.474,0.237,0.269
İpsala,SPEI,1,1977,1,1977,4,4,1.215,0.304,0.736
İpsala,SPEI,1,1977,7,1977,8,2,0.681,0.341,0.363
İpsala,SPEI,1,1977,10,1978,1,4,1.167,0.292,0.485
İpsala,SPEI,1,1978,5,1978,5,1,0.202,0.202,0.202
İpsala,SPEI,1,1978,7,1978,7,1,0.283,0.283,0.283
İpsala,SPEI,1,1978,12,1978,12,1,0.484,0.484,0.484
İpsala,SPEI,1,1979,2,1979,3,2,1.786,0.893,1.673
İpsala,SPEI,1,1979,5,1979,6,2,0.496,0.248,0.378
İpsala,SPEI,1,1979,12,1979,12,1,0.553,0.553,0.553
İpsala,SPEI,1,1980,2,1980,2,1,0.557,0.557,0.557
İpsala,SPEI,1,1980,9,1980,11,3,1.985,0.662,1.686
İpsala,SPEI,1,1981,3,1981,4,2,2.132,1.066,1.203
İpsala,SPEI,1,1981,9,1981,9,1,0.037,0.037,0.037
İpsala,SPEI,1,1982,1,1982,1,1,0.607,0.607,0.607
İpsala,SPEI,1,1982,5,1982,6,2,0.726,0.363,0.686
İpsala,SPEI,1,1982,9,1982,11,3,1.333,0.444,1.219
İpsala,SPEI,1,1983,1,1983,1,1,0.885,0.885,0.885
İpsala,SPEI,1,1983,3,1983,5,3,2.331,0.777,1.366
İpsala,SPEI,1,1983,12,1984,1,2,0.177,0.088,0.152
İpsala,SPEI,1,1984,5,1984,6,2,1.064,0.532,0.853
İpsala,SPEI,1,1984,9,1984,10,2,3.389,1.695,1.792
İpsala,SPEI,1,1984,12,1984,12,1,1.208,1.208,1.208
İpsala,SPEI,1,1985,3,1985,5,3,3.643,1.214,1.742
İpsala,SPEI,1,1985,8,1985,10,3,1.809,0.603,0.897
İpsala,SPEI,1,1985,12,1985,12,1,1.601,1.601,1.601
İpsala,SPEI,1,1986,3,1986,4,2,2.91,1.455,1.952
İpsala,SPEI,1,1986,7,1986,12,6,2.941,0.49,0.853
İpsala,SPEI,1,1987,2,1987,2,1,0.708,0.708,0.708
İpsala,SPEI,1,1987,7,1987,7,1,0.76,0.76,0.76
İpsala,SPEI,1,1987,9,1987,9,1,1.257,1.257,1.257
İpsala,SPEI,1,1988,1,1988,1,1,1.451,1.451,1.451
İpsala,SPEI,1,1988,4,1988,7,4,2.246,0.561,0.747
İpsala,SPEI,1,1988,10,1988,10,1,0.505,0.505,0.505
İpsala,SPEI,1,1988,12,1989,2,3,3.06,1.02,1.546
İpsala,SPEI,1,1989,4,1989,4,1,1.661,1.661,1.661
İpsala,SPEI,1,1989,11,1989,11,1,0.73,0.73,0.73
İpsala,SPEI,1,1990,1,1990,3,3,3.551,1.184,1.485
İpsala,SPEI,1,1990,7,1990,8,2,1.451,0.726,1.188
İpsala,SPEI,1,1990,11,1990,11,1,1.234,1.234,1.234
İpsala,SPEI,1,1991,1,1991,3,3,2.092,0.697,1.286
İpsala,SPEI,1,1991,6,1991,6,1,1.506,1.506,1.506
İpsala,SPEI,1,1991,9,1991,9,1,0.529,0.529,0.529
İpsala,SPEI,1,1991,12,1992,2,3,3.063,1.021,1.572
İpsala,SPEI,1,1992,8,1992,10,3,1.195,0.398,0.556
İpsala,SPEI,1,1992,12,1993,2,3,2.221,0.74,1.336
İpsala,SPEI,1,1993,4,1993,4,1,0.913,0.913,0.913
İpsala,SPEI,1,1993,7,1993,10,4,2.92,0.73,1.144
İpsala,SPEI,1,1993,12,1994,5,6,3.739,0.623,1.242
İpsala,SPEI,1,1994,8,1994,9,2,2.998,1.499,2.558
İpsala,SPEI,1,1995,4,1995,6,3,1.678,0.559,0.958
İpsala,SPEI,1,1995,10,1995,10,1,1.033,1.033,1.033
İpsala,SPEI,1,1996,1,1996,1,1,0.927,0.927,0.927
İpsala,SPEI,1,1996,5,1996,6,2,3.168,1.584,1.881
İpsala,SPEI,1,1996,10,1996,10,1,0.894,0.894,0.894
İpsala,SPEI,1,1997,1,1997,2,2,1.297,0.649,0.675
İpsala,SPEI,1,1997,5,1997,5,1,1.395,1.395,1.395
İpsala,SPEI,1,1997,9,1997,9,1,0.129,0.129,0.129
İpsala,SPEI,1,1997,11,1997,11,1,0.098,0.098,0.098
İpsala,SPEI,1,1998,4,1998,4,1,1.156,1.156,1.156
İpsala,SPEI,1,1998,6,1998,6,1,1.526,1.526,1.526
İpsala,SPEI,1,1999,4,1999,10,7,2.435,0.348,0.874
İpsala,SPEI,1,2000,1,2000,2,2,1.118,0.559,0.788
İpsala,SPEI,1,2000,4,2000,4,1,1.095,1.095,1.095
İpsala,SPEI,1,2000,6,2000,7,2,0.744,0.372,0.569
İpsala,SPEI,1,2000,11,2000,12,2,1.616,0.808,1.474
İpsala,SPEI,1,2001,2,2001,3,2,2.596,1.298,1.459
İpsala,SPEI,1,2001,6,2001,6,1,0.853,0.853,0.853
İpsala,SPEI,1,2001,8,2001,8,1,1.288,1.288,1.288
İpsala,SPEI,1,2001,10,2001,10,1,1.547,1.547,1.547
İpsala,SPEI,1,2002,1,2002,2,2,2.295,1.147,1.465
İpsala,SPEI,1,2002,4,2002,6,3,2.612,0.871,1.133
İpsala,SPEI,1,2002,10,2002,10,1,0.173,0.173,0.173
İpsala,SPEI,1,2002,12,2002,12,1,0.402,0.402,0.402
İpsala,SPEI,1,2003,3,2003,3,1,1.177,1.177,1.177
İpsala,SPEI,1,2003,5,2003,8,4,2.797,0.699,1.614
İpsala,SPEI,1,2003,11,2003,12,2,2.432,1.216,1.421
İpsala,SPEI,1,2004,2,2004,2,1,1.605,1.605,1.605
İpsala,SPEI,1,2004,4,2004,4,1,0.067,0.067,0.067
İpsala,SPEI,1,2004,6,2004,6,1,0.375,0.375,0.375
İpsala,SPEI,1,2004,9,2004,11,3,3.497,1.166,1.409
İpsala,SPEI,1,2005,3,2005,4,2,2.37,1.185,1.28
İpsala,SPEI,1,2005,9,2005,10,2,0.935,0.468,0.471
İpsala,SPEI,1,2006,4,2006,4,1,1.294,1.294,1.294
İpsala,SPEI,1,2006,8,2006,8,1,0.295,0.295,0.295
İpsala,SPEI,1,2006,11,2007,2,4,3.947,0.987,1.379
İpsala,SPEI,1,2007,4,2007,4,1,0.629,0.629,0.629
İpsala,SPEI,1,2007,6,2007,8,3,2.823,0.941,1.736
İpsala,SPEI,1,2007,12,2008,5,6,2.734,0.456,1.365
İpsala,SPEI,1,2008,7,2008,12,6,4.058,0.676,1.27
İpsala,SPEI,1,2009,4,2009,8,5,2.806,0.561,1.324
İpsala,SPEI,1,2009,11,2009,11,1,0.618,0.618,0.618
İpsala,SPEI,1,2010,1,2010,1,1,0.01,0.01,0.01
İpsala,SPEI,1,2010,4,2010,5,2,0.846,0.423,0.819
İpsala,SPEI,1,2010,8,2010,8,1,4.34,4.34,4.34
İpsala,SPEI,1,2010,11,2011,9,11,10.592,0.963,1.824
İpsala,SPEI,1,2011,11,2011,11,1,1.348,1.348,1.348
İpsala,SPEI,1,2012,1,2012,1,1,0.293,0.293,0.293
İpsala,SPEI,1,2012,3,2012,3,1,0.798,0.798,0.798
İpsala,SPEI,1,2012,6,2012,10,5,7.965,1.593,2.331
İpsala,SPEI,1,2013,4,2013,5,2,1.404,0.702,0.99
İpsala,SPEI,1,2013,7,2013,9,3,2.934,0.978,1.534
İpsala,SPEI,1,2013,12,2013,12,1,1.569,1.569,1.569
İpsala,SPEI,1,2014,2,2014,2,1,2.121,2.121,2.121
İpsala,SPEI,1,2015,5,2015,5,1,2.101,2.101,2.101
İpsala,SPEI,1,2015,7,2015,7,1,1.164,1.164,1.164
İpsala,SPEI,1,2015,11,2015,12,2,2.932,1.466,1.847
İpsala,SPEI,1,2016,3,2016,4,2,2.573,1.286,1.552
İpsala,SPEI,1,2016,6,2016,12,7,6.996,0.999,1.564
İpsala,SPEI,1,2017,2,2017,3,2,3.455,1.728,2.078
İpsala,SPEI,1,2017,6,2017,9,4,2.136,0.534,0.945
İpsala,SPEI,1,2017,11,2018,2,4,3.207,0.802,1.634
İpsala,SPEI,1,2018,4,2018,5,2,3.799,1.899,2.19
İpsala,SPEI,1,2018,7,2018,8,2,0.562,0.281,0.505
İpsala,SPEI,1,2018,10,2019,3,6,3.787,0.631,1.568
İpsala,SPEI,1,2019,6,2019,6,1,0.574,0.574,0.574
İpsala,SPEI,1,2019,8,2020,3,8,6.305,0.788,1.36
İpsala,SPEI,1,2020,6,2020,12,7,6.656,0.951,1.58
İpsala,SPEI,1,2021,2,2021,2,1,1.118,1.118,1.118
İpsala,SPEI,1,2021,7,2021,10,4,2.761,0.69,1.706
İpsala,SPEI,1,2022,1,2022,1,1,1.347,1.347,1.347
İpsala,SPEI,1,2022,3,2022,3,1,0.826,0.826,0.826
İpsala,SPEI,1,2022,5,2022,6,2,2.073,1.036,1.185
İpsala,SPEI,1,2022,9,2023,3,7,8.623,1.232,1.857
İpsala,SPEI,1,2023,6,2023,10,5,8.248,1.65,2.522
İpsala,SPEI,1,2023,12,2024,8,9,10.306,1.145,3.375
İpsala,SPEI,1,2024,10,2024,11,2,2.986,1.493,1.635
İpsala,SPEI,3,1965,8,1965,11,4,2.274,0.569,1.07
İpsala,SPEI,3,1966,4,1966,6,3,1.165,0.388,0.57
İpsala,SPEI,3,1966,8,1966,8,1,0.435,0.435,0.435
İpsala,SPEI,3,1966,10,1966,10,1,0.639,0.639,0.639
İpsala,SPEI,3,1967,4,1967,5,2,0.299,0.15,0.264
İpsala,SPEI,3,1967,10,1967,12,3,2.056,0.685,0.93
İpsala,SPEI,3,1968,4,1968,7,4,4.892,1.223,1.823
İpsala,SPEI,3,1968,11,1968,12,2,0.451,0.225,0.346
İpsala,SPEI,3,1969,5,1969,7,3,0.84,0.28,0.428
İpsala,SPEI,3,1969,9,1969,12,4,1.477,0.369,0.86
İpsala,SPEI,3,1970,5,1970,6,2,0.645,0.323,0.4
İpsala,SPEI,3,1970,8,1970,9,2,1.325,0.662,0.864
İpsala,SPEI,3,1971,1,1971,1,1,0.63,0.63,0.63
İpsala,SPEI,3,1971,6,1971,6,1,0.689,0.689,0.689
İpsala,SPEI,3,1971,12,1972,4,5,3.279,0.656,0.854
İpsala,SPEI,3,1972,8,1972,8,1,0.134,0.134,0.134
İpsala,SPEI,3,1972,12,1973,2,3,1.643,0.548,1.315
İpsala,SPEI,3,1973,10,1974,3,6,5.501,0.917,1.525
İpsala,SPEI,3,1974,12,1974,12,1,0.361,0.361,0.361
İpsala,SPEI,3,1975,2,1975,4,3,1.223,0.408,1.047
İpsala,SPEI,3,1975,11,1975,11,1,0.169,0.169,0.169
İpsala,SPEI,3,1976,2,1976,4,3,0.944,0.315,0.474
İpsala,SPEI,3,1976,11,1976,12,2,0.307,0.153,0.216
İpsala,SPEI,3,1977,3,1977,6,4,1.964,0.491,0.77
İpsala,SPEI,3,1977,8,1977,8,1,0.259,0.259,0.259
İpsala,SPEI,3,1977,12,1978,3,4,1.569,0.392,0.657
İpsala,SPEI,3,1978,7,1978,7,1,0.398,0.398,0.398
İpsala,SPEI,3,1979,2,1979,3,2,0.37,0.185,0.366
İpsala,SPEI,3,1979,7,1979,8,2,0.502,0.251,0.317
İpsala,SPEI,3,1980,10,1980,11,2,2.356,1.178,1.239
İpsala,SPEI,3,1981,4,1981,6,3,1.665,0.555,0.882
İpsala,SPEI,3,1982,3,1982,3,1,0.063,0.063,0.063
İpsala,SPEI,3,1982,7,1983,5,11,7.587,0.69,1.611
İpsala,SPEI,3,1983,12,1984,2,3,0.555,0.185,0.254
İpsala,SPEI,3,1984,6,1984,7,2,0.233,0.116,0.12
İpsala,SPEI,3,1984,10,1985,2,5,5.054,1.011,1.487
İpsala,SPEI,3,1985,4,1985,12,9,8.051,0.895,2.172
İpsala,SPEI,3,1986,4,1987,4,13,8.334,0.641,1.651
İpsala,SPEI,3,1987,9,1987,9,1,0.549,0.549,0.549
İpsala,SPEI,3,1988,3,1988,3,1,0.534,0.534,0.534
İpsala,SPEI,3,1988,5,1988,7,3,2.848,0.949,1.319
İpsala,SPEI,3,1989,2,1989,6,5,4.828,0.966,1.498
İpsala,SPEI,3,1990,1,1990,5,5,5.796,1.159,1.701
İpsala,SPEI,3,1990,7,1990,9,3,1.039,0.346,0.597
İpsala,SPEI,3,1990,11,1990,11,1,0.373,0.373,0.373
İpsala,SPEI,3,1991,1,1991,1,1,0.039,0.039,0.039
İpsala,SPEI,3,1991,3,1991,3,1,1.158,1.158,1.158
İpsala,SPEI,3,1991,7,1991,9,3,0.978,0.326,0.627
İpsala,SPEI,3,1992,1,1992,4,4,3.433,0.858,1.539
İpsala,SPEI,3,1992,9,1993,5,9,6.579,0.731,1.228
İpsala,SPEI,3,1993,9,1994,7,11,10.121,0.92,1.444
İpsala,SPEI,3,1994,9,1994,10,2,1.077,0.538,1.044
İpsala,SPEI,3,1995,6,1995,7,2,1.502,0.751,1.175
İpsala,SPEI,3,1996,6,1996,8,3,3.248,1.083,1.641
İpsala,SPEI,3,1996,10,1996,10,1,0.024,0.024,0.024
İpsala,SPEI,3,1996,12,1996,12,1,0.032,0.032,0.032
İpsala,SPEI,3,1997,2,1997,3,2,0.165,0.083,0.16
İpsala,SPEI,3,1997,7,1997,7,1,0.459,0.459,0.459
İpsala,SPEI,3,1998,8,1998,8,1,0.504,0.504,0.504
İpsala,SPEI,3,1999,6,1999,10,5,3.476,0.695,0.896
İpsala,SPEI,3,2000,2,2000,4,3,0.656,0.219,0.311
İpsala,SPEI,3,2000,6,2000,6,1,0.536,0.536,0.536
İpsala,SPEI,3,2000,8,2000,9,2,0.624,0.312,0.369
İpsala,SPEI,3,2000,12,2001,4,5,2.331,0.466,0.874
İpsala,SPEI,3,2001,7,2001,11,5,3.168,0.634,1.468
İpsala,SPEI,3,2002,3,2002,8,6,5.633,0.939,1.616
İpsala,SPEI,3,2003,5,2003,9,5,3.714,0.743,1.355
İpsala,SPEI,3,2003,11,2004,2,4,2.318,0.579,0.885
İpsala,SPEI,3,2004,4,2004,4,1,0.383,0.383,0.383
İpsala,SPEI,3,2004,6,2004,6,1,0.541,0.541,0.541
İpsala,SPEI,3,2004,10,2005,1,4,4.713,1.178,1.91
İpsala,SPEI,3,2005,5,2005,5,1,0.654,0.654,0.654
İpsala,SPEI,3,2005,10,2005,10,1,0.645,0.645,0.645
İpsala,SPEI,3,2006,6,2006,6,1,0.497,0.497,0.497
İpsala,SPEI,3,2006,11,2007,4,6,6.194,1.032,1.698
İpsala,SPEI,3,2007,6,2007,9,4,3.448,0.862,1.46
İpsala,SPEI,3,2008,2,2009,2,13,10.231,0.787,1.737
İpsala,SPEI,3,2009,6,2009,8,3,3.409,1.136,1.433
İpsala,SPEI,3,2010,5,2010,5,1,0.339,0.339,0.339
İpsala,SPEI,3,2010,9,2010,9,1,0.386,0.386,0.386
İpsala,SPEI,3,2011,1,2011,9,9,16.236,1.804,2.437
İpsala,SPEI,3,2012,1,2012,1,1,0.281,0.281,0.281
İpsala,SPEI,3,2012,3,2012,4,2,0.431,0.215,0.351
İpsala,SPEI,3,2012,8,2012,11,4,7.452,1.863,2.941
İpsala,SPEI,3,2013,5,2013,5,1,0.77,0.77,0.77
İpsala,SPEI,3,2013,9,2013,10,2,1.477,0.738,1.44
İpsala,SPEI,3,2014,2,2014,4,3,1.241,0.414,1.059
İpsala,SPEI,3,2015,5,2015,7,3,1.157,0.386,0.926
İpsala,SPEI,3,2015,9,2015,9,1,0.045,0.045,0.045
İpsala,SPEI,3,2015,12,2016,2,3,2.335,0.778,1.182
İpsala,SPEI,3,2016,4,2017,9,18,19.681,1.093,2.096
İpsala,SPEI,3,2017,11,2019,5,19,17.402,0.916,2.064
İpsala,SPEI,3,2019,8,2020,3,8,7.594,0.949,1.395
İpsala,SPEI,3,2020,7,2021,1,7,8.079,1.154,1.869
İpsala,SPEI,3,2021,4,2021,4,1,0.566,0.566,0.566
İpsala,SPEI,3,2021,7,2021,11,5,3.428,0.686,1.46
İpsala,SPEI,3,2022,3,2022,3,1,0.516,0.516,0.516
İpsala,SPEI,3,2022,5,2023,4,12,15.993,1.333,2.093
İpsala,SPEI,3,2023,7,2023,10,4,7.908,1.977,2.555
İpsala,SPEI,3,2024,2,2024,12,11,18.653,1.696,4.428
İpsala,SPEI,6,1965,8,1965,11,4,1.731,0.433,0.854
İpsala,SPEI,6,1966,7,1966,10,4,1.649,0.412,0.667
İpsala,SPEI,6,1967,11,1968,2,4,1.135,0.284,0.511
İpsala,SPEI,6,1968,4,1968,5,2,0.231,0.116,0.136
İpsala,SPEI,6,1968,7,1968,9,3,1.75,0.583,1.151
İpsala,SPEI,6,1969,9,1970,1,5,1.52,0.304,0.556
İpsala,SPEI,6,1970,8,1970,9,2,1.542,0.771,0.864
İpsala,SPEI,6,1970,12,1971,1,2,0.281,0.141,0.269
İpsala,SPEI,6,1972,1,1972,8,8,4.707,0.588,0.958
İpsala,SPEI,6,1973,12,1974,5,6,5.675,0.946,1.407
İpsala,SPEI,6,1975,2,1975,5,4,0.82,0.205,0.316
İpsala,SPEI,6,1976,2,1976,2,1,0.322,0.322,0.322
İpsala,SPEI,6,1976,4,1976,5,2,0.384,0.192,0.299
İpsala,SPEI,6,1977,2,1977,8,7,2.715,0.388,0.669
İpsala,SPEI,6,1977,11,1978,4,6,1.095,0.183,0.531
İpsala,SPEI,6,1980,10,1980,11,2,0.839,0.419,0.721
İpsala,SPEI,6,1981,7,1981,9,3,0.562,0.187,0.462
İpsala,SPEI,6,1982,10,1983,6,9,6.837,0.76,1.095
İpsala,SPEI,6,1984,10,1986,1,16,16.515,1.032,1.735
İpsala,SPEI,6,1986,4,1986,5,2,0.255,0.128,0.225
İpsala,SPEI,6,1986,7,1987,5,11,9.658,0.878,1.682
İpsala,SPEI,6,1987,7,1987,7,1,0.172,0.172,0.172
İpsala,SPEI,6,1988,6,1988,10,5,2.734,0.547,0.968
İpsala,SPEI,6,1989,2,1989,7,6,4.169,0.695,1.403
İpsala,SPEI,6,1990,2,1990,9,8,7.861,0.983,1.443
İpsala,SPEI,6,1990,11,1990,11,1,0.678,0.678,0.678
İpsala,SPEI,6,1991,3,1991,4,2,0.378,0.189,0.284
İpsala,SPEI,6,1991,6,1991,7,2,0.814,0.407,0.604
İpsala,SPEI,6,1992,1,1992,7,7,3.57,0.51,1.12
İpsala,SPEI,6,1992,9,1993,6,10,7.6,0.76,1.399
İpsala,SPEI,6,1993,9,1994,10,14,12.389,0.885,1.523
İpsala,SPEI,6,1996,8,1996,11,4,1.581,0.395,0.957
İpsala,SPEI,6,1997,2,1997,3,2,0.169,0.084,0.149
İpsala,SPEI,6,1999,9,1999,11,3,2.465,0.822,1.182
İpsala,SPEI,6,2000,2,2000,2,1,0.007,0.007,0.007
İpsala,SPEI,6,2000,5,2000,9,5,1.66,0.332,0.667
İpsala,SPEI,6,2000,11,2000,12,2,0.173,0.086,0.142
İpsala,SPEI,6,2001,2,2001,8,7,2.753,0.393,0.781
İpsala,SPEI,6,2001,10,2001,11,2,2.277,1.139,1.35
İpsala,SPEI,6,2002,1,2002,3,3,0.575,0.192,0.292
İpsala,SPEI,6,2002,5,2002,9,5,4.261,0.852,1.778
İpsala,SPEI,6,2003,7,2004,5,11,6.053,0.55,1.104
İpsala,SPEI,6,2004,7,2004,7,1,0.228,0.228,0.228
İpsala,SPEI,6,2004,9,2005,1,5,4.432,0.886,1.292
İpsala,SPEI,6,2006,12,2007,10,11,10.706,0.973,1.603
İpsala,SPEI,6,2008,2,2009,4,15,12.913,0.861,2.17
İpsala,SPEI,6,2009,7,2009,8,2,0.559,0.279,0.373
İpsala,SPEI,6,2010,8,2010,9,2,0.26,0.13,0.16
İpsala,SPEI,6,2011,1,2011,11,11,19.0,1.727,4.753
İpsala,SPEI,6,2012,4,2012,4,1,0.343,0.343,0.343
İpsala,SPEI,6,2012,10,2012,11,2,1.896,0.948,1.717
İpsala,SPEI,6,2014,5,2014,5,1,0.073,0.073,0.073
İpsala,SPEI,6,2015,7,2015,9,3,0.338,0.113,0.167
İpsala,SPEI,6,2015,12,2020,5,54,62.281,1.153,3.827
İpsala,SPEI,6,2020,7,2020,7,1,0.047,0.047,0.047
İpsala,SPEI,6,2020,10,2021,4,7,10.792,1.542,4.394
İpsala,SPEI,6,2021,7,2022,1,7,3.907,0.558,0.892
İpsala,SPEI,6,2022,5,2024,12,32,48.684,1.521,2.979
İpsala,SPEI,9,1965,10,1965,11,2,0.258,0.129,0.232
İpsala,SPEI,9,1966,10,1966,10,1,0.648,0.648,0.648
İpsala,SPEI,9,1967,10,1967,12,3,1.13,0.377,0.502
İpsala,SPEI,9,1968,4,1968,7,4,2.041,0.51,0.637
İpsala,SPEI,9,1968,10,1968,12,3,1.11,0.37,0.501
İpsala,SPEI,9,1969,11,1970,1,3,1.209,0.403,0.552
İpsala,SPEI,9,1970,4,1970,4,1,0.051,0.051,0.051
İpsala,SPEI,9,1970,11,1971,2,4,0.684,0.171,0.297
İpsala,SPEI,9,1971,12,1972,8,9,4.93,0.548,0.882
İpsala,SPEI,9,1973,12,1974,7,8,5.253,0.657,1.061
İpsala,SPEI,9,1975,3,1975,5,3,0.328,0.109,0.229
İpsala,SPEI,9,1976,5,1976,5,1,0.174,0.174,0.174
İpsala,SPEI,9,1977,5,1978,3,11,3.033,0.276,0.395
İpsala,SPEI,9,1978,6,1978,7,2,0.548,0.274,0.327
İpsala,SPEI,9,1982,12,1983,6,7,5.766,0.824,1.204
İpsala,SPEI,9,1984,12,1986,1,14,16.332,1.167,1.81
İpsala,SPEI,9,1986,3,1986,8,6,1.451,0.242,0.454
İpsala,SPEI,9,1986,10,1987,7,10,9.084,0.908,1.577
İpsala,SPEI,9,1987,9,1987,10,2,0.184,0.092,0.172
İpsala,SPEI,9,1988,9,1988,10,2,0.848,0.424,0.477
İpsala,SPEI,9,1989,1,1989,2,2,0.51,0.255,0.367
İpsala,SPEI,9,1989,4,1989,9,6,1.682,0.28,0.447
İpsala,SPEI,9,1990,3,1990,11,9,7.639,0.849,1.369
İpsala,SPEI,9,1991,1,1991,3,3,0.612,0.204,0.324
İpsala,SPEI,9,1991,6,1991,7,2,0.291,0.146,0.2
İpsala,SPEI,9,1991,9,1991,10,2,0.64,0.32,0.596
İpsala,SPEI,9,1992,1,1994,11,35,27.779,0.794,1.74
İpsala,SPEI,9,1996,11,1997,2,4,1.341,0.335,0.566
İpsala,SPEI,9,1999,10,1999,10,1,0.059,0.059,0.059
İpsala,SPEI,9,1999,12,2000,2,3,0.711,0.237,0.304
İpsala,SPEI,9,2000,4,2000,4,1,0.097,0.097,0.097
İpsala,SPEI,9,2000,8,2000,9,2,0.59,0.295,0.474
İpsala,SPEI,9,2000,11,2000,12,2,0.504,0.252,0.431
İpsala,SPEI,9,2001,2,2001,11,10,4.841,0.484,1.236
İpsala,SPEI,9,2002,1,2002,10,10,4.397,0.44,0.727
İpsala,SPEI,9,2003,8,2003,8,1,0.067,0.067,0.067
İpsala,SPEI,9,2003,11,2004,8,10,6.221,0.622,1.083
İpsala,SPEI,9,2004,10,2005,1,4,3.929,0.982,1.207
İpsala,SPEI,9,2005,4,2005,5,2,0.497,0.248,0.379
İpsala,SPEI,9,2006,12,2007,10,11,11.752,1.068,1.64
İpsala,SPEI,9,2007,12,2009,8,21,15.571,0.741,1.586
İpsala,SPEI,9,2011,1,2012,3,15,21.33,1.422,4.753
İpsala,SPEI,9,2012,9,2012,11,3,0.791,0.264,0.372
İpsala,SPEI,9,2015,12,2021,8,69,82.015,1.189,2.149
İpsala,SPEI,9,2021,10,2024,12,39,52.111,1.336,2.648
İpsala,SPEI,12,1967,12,1968,2,3,0.241,0.08,0.12
İpsala,SPEI,12,1968,4,1968,11,8,2.215,0.277,0.717
İpsala,SPEI,12,1969,1,1969,1,1,0.131,0.131,0.131
İpsala,SPEI,12,1970,4,1970,4,1,0.157,0.157,0.157
İpsala,SPEI,12,1970,7,1970,9,3,0.273,0.091,0.125
İpsala,SPEI,12,1971,1,1971,2,2,0.436,0.218,0.269
İpsala,SPEI,12,1972,2,1972,9,8,3.423,0.428,0.663
İpsala,SPEI,12,1974,2,1974,10,9,3.139,0.349,0.541
İpsala,SPEI,12,1977,8,1978,3,8,2.575,0.322,0.662
İpsala,SPEI,12,1978,5,1978,7,3,0.243,0.081,0.097
İpsala,SPEI,12,1983,1,1983,8,8,4.429,0.554,1.264
İpsala,SPEI,12,1985,3,1987,10,32,27.374,0.855,1.593
İpsala,SPEI,12,1989,1,1989,7,7,2.251,0.322,0.586
İpsala,SPEI,12,1989,11,1991,4,18,7.853,0.436,1.161
İpsala,SPEI,12,1991,6,1991,7,2,0.221,0.11,0.175
İpsala,SPEI,12,1991,9,1991,9,1,0.259,0.259,0.259
İpsala,SPEI,12,1991,12,1994,12,37,28.802,0.778,1.505
İpsala,SPEI,12,1997,2,1997,3,2,0.435,0.218,0.34
İpsala,SPEI,12,2000,3,2000,9,7,1.349,0.193,0.384
İpsala,SPEI,12,2000,11,2001,11,13,5.269,0.405,1.125
İpsala,SPEI,12,2002,1,2002,2,2,0.905,0.453,0.453
İpsala,SPEI,12,2002,4,2002,9,6,3.719,0.62,0.78
İpsala,SPEI,12,2002,12,2002,12,1,0.085,0.085,0.085
İpsala,SPEI,12,2003,11,2005,1,15,9.448,0.63,1.089
İpsala,SPEI,12,2005,3,2005,5,3,0.415,0.138,0.285
İpsala,SPEI,12,2007,1,2009,8,32,28.647,0.895,2.657
İpsala,SPEI,12,2011,2,2012,4,15,17.461,1.164,1.887
İpsala,SPEI,12,2012,10,2012,10,1,0.252,0.252,0.252
İpsala,SPEI,12,2015,12,2021,11,72,92.731,1.288,2.327
İpsala,SPEI,12,2022,1,2024,12,36,56.355,1.565,4.753
