name,year,month,SPI1,SPEI1,SPI3,SPEI3,SPI6,SPEI6,SPI9,SPEI9,SPI12,SPEI12
Edirne,1965,1,-0.401,-0.731,,,,,,,,
Edirne,1965,2,1.386,1.576,,,,,,,,
Edirne,1965,3,0.556,0.585,0.636,0.718,,,,,,
Edirne,1965,4,-0.108,0.178,1.103,1.367,,,,,,
Edirne,1965,5,0.750,0.917,0.540,0.886,,,,,,
Edirne,1965,6,-1.427,-1.152,-0.393,-0.057,0.324,0.481,,,,
Edirne,1965,7,-1.020,-0.732,-0.737,-0.517,0.409,0.731,,,,
Edirne,1965,8,0.499,0.965,-1.137,-0.445,-0.372,0.214,,,,
Edirne,1965,9,-2.211,-1.148,-1.000,-0.577,-1.237,-0.499,-0.278,0.124,,
Edirne,1965,10,-1.693,-1.077,-1.605,-0.834,-1.560,-0.923,-0.503,0.057,,
Edirne,1965,11,0.662,0.675,-0.894,-0.896,-1.413,-1.010,-0.864,-0.432,,
Edirne,1965,12,1.299,1.415,0.656,0.647,-0.022,0.142,-0.287,0.086,0.127,0.456
Edirne,1966,1,1.017,1.152,1.785,1.602,0.691,0.859,0.248,0.464,0.715,1.045
Edirne,1966,2,-0.723,-1.326,1.053,0.938,0.338,0.189,-0.162,-0.222,0.027,0.216
Edirne,1966,3,0.588,0.624,0.525,0.343,0.738,0.654,0.244,0.320,0.039,0.273
Edirne,1966,4,0.290,0.012,-0.106,-0.442,1.249,1.055,0.465,0.481,0.122,0.221
Edirne,1966,5,0.236,0.410,0.423,0.493,1.130,1.057,0.444,0.381,-0.026,0.030
Edirne,1966,6,0.003,0.317,0.001,0.394,0.403,0.423,0.664,0.736,0.178,0.447
Edirne,1966,7,0.175,0.135,-0.088,0.419,-0.247,-0.100,1.059,1.080,0.339,0.571
Edirne,1966,8,0.411,0.213,0.001,0.153,0.205,0.517,0.913,0.958,0.321,0.378
Edirne,1966,9,0.315,0.407,0.142,0.167,-0.054,0.426,0.300,0.484,0.549,0.684
Edirne,1966,10,0.874,0.614,0.665,0.527,0.365,0.556,0.170,0.213,1.160,1.091
Edirne,1966,11,2.230,2.165,2.090,1.909,1.646,1.634,1.632,1.573,1.843,1.731
Edirne,1966,12,1.163,1.352,2.510,2.222,2.140,1.861,2.067,1.816,1.928,1.730
Edirne,1967,1,0.903,1.081,2.775,2.267,2.454,2.029,2.074,1.933,1.898,1.731
Edirne,1967,2,-0.807,-0.638,0.860,1.020,1.994,1.826,1.749,1.715,1.764,1.719
Edirne,1967,3,-0.212,-0.362,0.070,0.084,1.886,1.685,1.638,1.513,1.579,1.541
Edirne,1967,4,-0.013,-0.103,-0.924,-0.782,1.772,1.796,1.737,1.565,1.531,1.551
Edirne,1967,5,0.162,-0.024,-0.322,-0.455,0.550,0.652,1.780,1.632,1.542,1.505
Edirne,1967,6,0.865,1.130,0.436,0.687,0.180,0.394,2.023,1.906,1.804,1.678
Edirne,1967,7,0.671,0.847,0.745,1.055,-0.174,0.216,1.899,1.938,1.869,1.751
Edirne,1967,8,-0.495,-0.386,0.544,0.573,0.052,0.417,0.651,0.962,1.729,1.726
Edirne,1967,9,0.514,0.394,0.253,0.289,0.362,0.703,0.179,0.521,1.805,1.739
Edirne,1967,10,0.014,-0.306,-0.255,-0.296,0.212,0.454,-0.404,-0.064,1.513,1.605
Edirne,1967,11,-0.599,-0.843,-0.546,-0.671,-0.133,0.015,-0.371,-0.149,0.217,0.428
Edirne,1967,12,-0.087,-0.288,-0.847,-0.946,-0.609,-0.489,-0.403,-0.092,-0.385,-0.075
Edirne,1968,1,1.260,1.479,0.386,0.511,0.016,0.085,0.306,0.577,-0.173,0.149
Edirne,1968,2,0.232,0.120,0.715,0.793,0.173,0.183,0.310,0.497,0.099,0.333
Edirne,1968,3,-0.921,-0.900,0.544,0.563,-0.187,-0.166,-0.133,0.013,-0.029,0.269
Edirne,1968,4,-2.918,-1.967,-1.568,-1.584,-0.533,-0.671,-0.683,-0.733,-0.334,-0.159
Edirne,1968,5,-2.666,-2.137,-3.599,-2.546,-0.741,-1.147,-1.039,-1.365,-0.722,-0.781
Edirne,1968,6,0.069,0.082,-2.817,-2.481,-0.760,-1.063,-1.218,-1.444,-1.036,-1.217
Edirne,1968,7,-1.077,-0.789,-1.968,-1.801,-2.644,-2.268,-1.351,-1.500,-1.382,-1.536
Edirne,1968,8,1.481,1.674,0.329,0.393,-1.980,-1.680,-0.548,-0.676,-0.833,-0.922
Edirne,1968,9,0.739,0.776,0.690,0.880,-1.029,-1.020,-0.259,-0.363,-0.756,-0.809
Edirne,1968,10,-0.899,-0.820,0.411,0.761,-0.686,-0.545,-1.614,-1.411,-1.013,-0.958
Edirne,1968,11,-0.145,-0.383,-0.525,-0.462,-0.267,-0.048,-1.678,-1.463,-0.778,-0.799
Edirne,1968,12,0.682,0.794,-0.345,-0.295,0.083,0.391,-1.026,-0.974,-0.491,-0.466
Edirne,1969,1,0.590,0.694,0.469,0.618,0.500,0.852,-0.285,-0.167,-0.997,-1.025
Edirne,1969,2,1.333,1.387,1.159,1.288,0.609,0.778,0.593,0.849,-0.404,-0.381
Edirne,1969,3,0.203,0.397,0.923,1.110,0.443,0.644,0.612,0.916,-0.152,-0.007
Edirne,1969,4,0.736,1.014,1.197,1.409,1.005,1.220,0.957,1.256,0.312,0.594
Edirne,1969,5,-1.637,-1.677,-0.344,-0.420,0.858,0.981,0.357,0.535,0.373,0.673
Edirne,1969,6,-0.413,-0.517,-0.865,-0.981,0.448,0.409,0.038,0.141,0.284,0.609
Edirne,1969,7,-0.316,0.360,-1.749,-1.255,0.065,0.311,0.292,0.527,0.361,0.775
Edirne,1969,8,1.001,1.096,-0.074,0.246,-0.488,0.011,0.636,0.960,0.215,0.573
Edirne,1969,9,-0.034,-0.337,0.058,0.356,-0.739,-0.329,0.292,0.577,-0.040,0.275
Edirne,1969,10,-2.042,-1.269,-0.645,-0.489,-1.555,-1.152,-0.421,-0.100,-0.116,0.136
Edirne,1969,11,-1.287,-1.599,-2.350,-1.863,-1.605,-1.071,-1.594,-1.151,-0.331,-0.133
Edirne,1969,12,1.445,1.658,-0.111,-0.285,-0.186,0.034,-0.655,-0.470,0.096,0.311
Edirne,1970,1,-0.030,-0.360,0.356,0.213,-0.221,-0.285,-0.912,-0.988,-0.205,-0.064
Edirne,1970,2,0.850,0.837,1.110,1.067,-0.095,-0.298,-0.203,-0.159,-0.398,-0.301
Edirne,1970,3,0.879,0.915,0.613,0.474,0.304,0.172,0.197,0.321,-0.155,-0.075
Edirne,1970,4,1.397,1.166,1.536,1.342,1.160,0.924,0.646,0.511,0.043,-0.052
Edirne,1970,5,0.241,0.443,1.242,1.291,1.647,1.580,0.506,0.383,0.350,0.447
Edirne,1970,6,-0.288,-0.214,0.639,0.726,0.854,0.633,0.501,0.418,0.380,0.579
Edirne,1970,7,0.506,0.318,-0.042,0.229,1.163,1.138,0.991,0.885,0.530,0.522
Edirne,1970,8,-1.288,-0.600,-0.497,-0.248,0.636,0.698,1.213,1.188,0.208,0.135
Edirne,1970,9,-0.318,-0.263,-0.540,-0.451,-0.076,0.186,0.367,0.403,0.148,0.139
Edirne,1970,10,0.205,0.260,-0.796,-0.387,-0.637,-0.168,0.452,0.635,0.484,0.515
Edirne,1970,11,0.090,0.003,-0.424,-0.239,-0.702,-0.473,0.109,0.313,0.747,0.812
Edirne,1970,12,-0.714,-0.946,-0.652,-0.574,-0.992,-0.727,-0.602,-0.279,-0.126,0.019
Edirne,1971,1,0.365,0.116,-0.539,-0.702,-1.032,-0.889,-0.923,-0.671,0.010,0.153
Edirne,1971,2,0.442,0.438,-0.151,-0.318,-0.530,-0.468,-0.767,-0.650,-0.123,0.027
Edirne,1971,3,1.600,1.746,1.021,1.056,0.369,0.452,0.032,0.191,0.207,0.446
Edirne,1971,4,1.010,1.127,1.626,1.664,0.713,0.714,0.185,0.381,0.091,0.420
Edirne,1971,5,-0.589,-0.943,1.302,1.325,0.611,0.514,0.186,0.268,-0.088,0.037
Edirne,1971,6,1.603,1.681,1.344,1.294,1.690,1.125,0.901,0.968,0.529,0.710
Edirne,1971,7,1.229,1.609,1.388,1.486,2.105,2.118,1.256,1.354,0.727,0.982
Edirne,1971,8,-1.342,-0.655,1.338,1.024,1.962,1.879,1.149,1.312,0.716,0.966
Edirne,1971,9,1.434,1.624,1.256,1.620,1.931,1.862,2.027,2.076,1.315,1.493
Edirne,1971,10,-0.128,-0.106,0.484,0.793,1.089,1.351,1.862,1.930,1.240,1.449
Edirne,1971,11,-0.150,-0.271,0.494,0.763,1.090,1.472,1.557,1.732,1.097,1.340
Edirne,1971,12,-0.253,-0.505,-0.797,-0.684,0.270,0.725,0.858,1.192,1.291,1.475
Edirne,1972,1,-0.974,-1.111,-1.375,-1.384,-0.668,-0.346,0.160,0.567,0.945,1.284
Edirne,1972,2,-0.040,-0.045,-0.928,-0.942,-0.432,-0.177,0.260,0.669,0.767,1.129
Edirne,1972,3,-1.441,-1.333,-1.354,-1.271,-1.669,-1.394,-0.596,-0.149,-0.047,0.406
Edirne,1972,4,0.233,-0.433,-0.871,-1.101,-1.522,-1.506,-0.998,-0.830,-0.250,0.046
Edirne,1972,5,0.318,0.113,-0.593,-0.996,-1.315,-1.414,-0.767,-0.685,-0.047,0.271
Edirne,1972,6,-0.879,-1.096,-0.409,-0.977,-1.656,-2.073,-1.857,-1.760,-0.846,-0.624
Edirne,1972,7,0.211,0.162,-0.430,-0.581,-1.065,-1.258,-1.656,-1.657,-1.181,-1.080
Edirne,1972,8,1.483,1.459,0.362,0.163,-0.309,-0.523,-0.987,-1.102,-0.587,-0.524
Edirne,1972,9,1.274,1.499,1.397,1.617,1.004,0.883,-0.246,-0.303,-0.719,-0.627
Edirne,1972,10,1.543,1.919,2.236,2.199,1.636,1.633,1.105,1.121,0.245,0.309
Edirne,1972,11,-0.902,-1.089,1.411,1.634,1.217,1.361,0.792,0.819,0.074,0.108
Edirne,1972,12,-1.978,-1.564,0.004,0.167,0.890,1.173,0.616,0.721,-0.273,-0.156
Edirne,1973,1,0.660,0.758,-1.317,-1.253,1.091,1.350,0.716,0.951,0.258,0.425
Edirne,1973,2,1.124,1.118,0.190,0.187,1.017,1.222,0.972,1.113,0.653,0.749
Edirne,1973,3,0.940,1.149,1.144,1.294,0.843,1.010,1.323,1.468,1.138,1.208
Edirne,1973,4,0.519,0.435,1.364,1.377,0.118,0.146,1.492,1.579,1.197,1.327
Edirne,1973,5,-1.173,-1.173,0.259,0.180,0.207,0.184,1.015,1.197,0.972,1.111
Edirne,1973,6,0.299,0.513,-0.390,-0.276,0.928,0.778,0.629,0.853,1.205,1.424
Edirne,1973,7,-0.223,-0.148,-0.881,-0.551,0.586,0.721,-0.340,-0.181,1.113,1.348
Edirne,1973,8,-0.872,0.103,-0.473,0.109,-0.262,0.262,-0.119,0.183,0.687,1.095
Edirne,1973,9,-0.486,-0.653,-1.089,-0.564,-1.289,-0.644,0.248,0.549,0.116,0.482
Edirne,1973,10,0.303,0.078,-0.682,-0.392,-1.102,-0.655,0.002,0.284,-0.710,-0.437
Edirne,1973,11,-1.282,-1.059,-1.210,-1.057,-1.263,-0.695,-0.949,-0.491,-0.699,-0.405
Edirne,1973,12,0.054,-0.097,-0.775,-0.708,-1.384,-0.904,-1.529,-0.989,-0.290,0.074
Edirne,1974,1,-0.974,-1.037,-1.790,-1.504,-1.897,-1.436,-2.035,-1.535,-0.941,-0.582
Edirne,1974,2,0.244,0.140,-0.550,-0.590,-1.345,-1.235,-1.477,-1.003,-1.245,-0.881
Edirne,1974,3,0.446,0.475,-0.323,-0.451,-0.907,-0.782,-1.311,-0.970,-1.465,-1.126
Edirne,1974,4,-0.624,-0.338,-0.092,0.031,-1.240,-0.975,-1.499,-1.056,-1.762,-1.312
Edirne,1974,5,1.007,1.210,0.459,0.807,-0.292,-0.065,-0.992,-0.684,-1.151,-0.565
Edirne,1974,6,0.416,0.508,0.447,0.934,-0.185,0.187,-0.721,-0.352,-1.160,-0.571
Edirne,1974,7,-0.455,-0.021,0.493,0.959,0.177,0.665,-0.889,-0.348,-1.184,-0.524
Edirne,1974,8,-0.517,-0.102,-0.386,0.087,-0.026,0.658,-0.532,-0.041,-1.115,-0.576
Edirne,1974,9,0.016,-0.200,-0.756,-0.386,-0.372,0.396,-0.644,-0.117,-1.038,-0.494
Edirne,1974,10,0.277,-0.350,-0.386,-0.546,-0.035,0.238,-0.193,0.156,-1.075,-0.644
Edirne,1974,11,0.636,0.774,0.196,-0.054,-0.148,-0.074,0.040,0.385,-0.390,-0.111
Edirne,1974,12,-0.484,-0.723,-0.059,-0.287,-0.587,-0.468,-0.378,0.071,-0.626,-0.259
Edirne,1975,1,0.115,0.008,-0.177,-0.050,-0.504,-0.530,-0.232,0.066,-0.341,0.019
Edirne,1975,2,-1.200,-0.962,-0.912,-0.874,-0.660,-0.756,-0.838,-0.646,-0.603,-0.219
Edirne,1975,3,0.047,-0.404,-0.566,-0.775,-0.578,-0.744,-0.901,-0.839,-0.730,-0.406
Edirne,1975,4,1.465,1.319,0.116,-0.146,-0.105,-0.246,-0.381,-0.498,-0.196,-0.007
Edirne,1975,5,1.454,1.407,1.510,1.309,0.245,0.076,0.218,0.025,-0.022,0.032
Edirne,1975,6,1.390,1.447,2.518,2.195,1.140,0.788,0.760,0.621,0.333,0.427
Edirne,1975,7,-0.874,-0.622,1.456,1.423,1.062,0.969,0.614,0.619,0.280,0.260
Edirne,1975,8,2.365,2.416,1.809,1.263,2.522,2.120,1.172,1.316,1.012,1.041
Edirne,1975,9,-0.689,-1.045,0.758,0.900,2.365,1.982,1.269,1.323,0.922,0.909
Edirne,1975,10,1.250,1.485,1.689,1.738,1.997,1.905,1.894,1.750,1.419,1.460
Edirne,1975,11,0.324,0.477,0.701,0.723,1.547,1.749,2.066,1.910,1.219,1.325
Edirne,1975,12,-0.418,-0.570,0.645,0.846,0.868,1.123,2.030,1.874,1.332,1.408
Edirne,1976,1,-0.741,-0.994,-0.963,-0.812,0.692,0.974,1.203,1.401,1.121,1.254
Edirne,1976,2,-0.984,-0.747,-1.394,-1.221,-0.518,-0.409,0.502,0.797,1.080,1.219
Edirne,1976,3,-0.820,-0.667,-1.554,-1.261,-0.535,-0.269,-0.137,0.252,0.923,1.171
Edirne,1976,4,-0.485,-0.786,-1.696,-1.325,-1.690,-1.341,-0.110,0.224,0.496,0.838
Edirne,1976,5,0.005,-0.059,-1.012,-0.956,-1.980,-1.578,-1.038,-0.874,0.054,0.420
Edirne,1976,6,-0.195,0.058,-0.754,-0.538,-2.066,-1.618,-0.936,-0.604,-0.491,0.012
Edirne,1976,7,-0.114,0.229,-0.530,0.030,-1.710,-1.007,-1.855,-1.229,-0.375,0.171
Edirne,1976,8,0.827,1.466,-0.005,0.549,-0.943,0.034,-1.742,-0.911,-0.992,-0.373
Edirne,1976,9,-0.241,-0.128,-0.074,0.641,-0.790,0.226,-1.812,-0.863,-0.950,-0.197
Edirne,1976,10,0.595,0.500,0.326,0.812,-0.138,0.555,-1.112,-0.251,-1.473,-0.686
Edirne,1976,11,-0.113,-0.445,-0.173,-0.252,-0.230,0.259,-0.793,-0.184,-1.521,-0.889
Edirne,1976,12,0.307,0.198,0.165,0.021,-0.039,0.434,-0.462,0.141,-1.337,-0.705
Edirne,1977,1,0.009,-0.146,-0.287,-0.367,-0.102,0.287,-0.380,0.186,-1.136,-0.530
Edirne,1977,2,0.743,0.460,0.305,0.149,0.011,-0.113,-0.080,0.244,-0.528,-0.138
Edirne,1977,3,-0.010,-0.201,0.157,-0.174,0.112,-0.097,-0.026,0.248,-0.348,0.020
Edirne,1977,4,0.606,0.547,0.535,0.270,0.089,-0.194,0.147,0.314,-0.115,0.277
Edirne,1977,5,-0.084,-0.248,0.006,-0.166,0.166,-0.058,-0.065,-0.200,-0.137,0.191
Edirne,1977,6,0.616,0.678,0.432,0.514,0.264,0.147,0.221,0.056,0.071,0.423
Edirne,1977,7,0.762,0.836,0.488,0.652,0.643,0.582,0.236,0.152,0.270,0.521
Edirne,1977,8,-1.360,-0.591,0.286,0.329,0.080,0.289,0.189,0.175,-0.016,0.007
Edirne,1977,9,1.361,1.559,0.952,1.175,1.019,1.222,0.707,0.819,0.576,0.624
Edirne,1977,10,-0.479,-0.398,0.232,0.606,0.361,0.742,0.540,0.745,0.220,0.348
Edirne,1977,11,-0.221,-0.607,0.228,0.410,0.239,0.476,0.129,0.393,0.191,0.291
Edirne,1977,12,-0.653,-0.758,-1.333,-1.160,-0.319,0.045,-0.153,0.277,-0.125,0.082
Edirne,1978,1,-0.308,-0.524,-1.331,-1.404,-0.863,-0.540,-0.508,-0.140,-0.266,-0.051
Edirne,1978,2,0.418,0.304,-0.568,-0.626,-0.403,-0.233,-0.306,-0.039,-0.346,-0.071
Edirne,1978,3,0.620,0.487,0.117,-0.131,-0.854,-0.845,-0.254,-0.028,-0.144,0.158
Edirne,1978,4,0.707,0.766,0.730,0.642,-0.380,-0.537,-0.289,-0.088,-0.118,0.189
Edirne,1978,5,0.620,0.657,0.879,0.933,-0.005,-0.006,0.033,0.241,0.070,0.384
Edirne,1978,6,-0.139,-0.136,0.474,0.675,0.249,0.256,-0.661,-0.556,-0.139,0.224
Edirne,1978,7,-1.077,-0.448,-0.348,0.024,0.280,0.414,-0.593,-0.500,-0.480,-0.124
Edirne,1978,8,-0.800,0.086,-1.196,-0.281,-0.064,0.399,-0.571,-0.272,-0.429,-0.014
Edirne,1978,9,1.660,1.868,0.810,1.279,0.904,1.369,0.594,0.991,-0.231,0.213
Edirne,1978,10,-0.033,-0.352,0.845,1.175,0.388,0.849,0.685,1.023,-0.115,0.197
Edirne,1978,11,-1.057,-1.004,0.450,0.686,-0.272,0.163,0.192,0.639,-0.272,0.098
Edirne,1978,12,-0.865,-1.088,-1.678,-1.505,-0.645,-0.111,-0.412,0.227,-0.359,0.064
Edirne,1979,1,0.975,1.112,-0.554,-0.466,0.140,0.560,-0.097,0.423,0.205,0.640
Edirne,1979,2,0.707,0.717,0.418,0.419,0.498,0.693,-0.022,0.345,0.313,0.723
Edirne,1979,3,-2.075,-2.027,0.380,0.154,-0.770,-0.863,-0.284,0.026,-0.155,0.276
Edirne,1979,4,-0.551,-0.411,-0.724,-0.871,-0.865,-0.913,-0.259,0.027,-0.430,0.004
Edirne,1979,5,0.153,-0.084,-1.324,-1.379,-0.392,-0.586,-0.124,-0.021,-0.578,-0.243
Edirne,1979,6,-1.798,-1.389,-1.315,-1.277,-0.418,-0.566,-1.399,-1.457,-0.832,-0.567
Edirne,1979,7,1.564,1.928,0.365,0.499,-0.358,-0.338,-0.655,-0.581,-0.156,0.197
Edirne,1979,8,-0.131,0.224,0.270,0.385,-0.901,-0.547,-0.293,-0.207,-0.074,0.199
Edirne,1979,9,-0.705,-0.641,0.440,0.840,-0.614,-0.080,-0.180,-0.033,-1.059,-0.843
Edirne,1979,10,0.914,1.138,0.183,0.479,0.253,0.568,-0.263,0.006,-0.574,-0.334
Edirne,1979,11,1.030,1.120,0.854,0.958,0.717,0.943,0.016,0.229,0.180,0.313
Edirne,1979,12,0.296,0.101,1.132,1.226,1.066,1.344,0.483,0.796,0.536,0.715
Edirne,1980,1,0.563,0.652,0.957,1.012,0.725,0.954,0.705,0.975,0.300,0.546
Edirne,1980,2,-0.254,-0.163,0.182,0.260,0.596,0.769,0.557,0.836,0.013,0.291
Edirne,1980,3,-0.446,-0.430,-0.133,-0.089,0.634,0.808,0.651,1.021,0.196,0.613
Edirne,1980,4,1.300,1.478,0.091,0.337,0.695,0.840,0.580,0.867,0.605,0.957
Edirne,1980,5,1.203,1.365,1.031,1.358,0.690,0.974,0.990,1.234,0.914,1.256
Edirne,1980,6,0.134,0.300,1.447,1.705,0.666,0.801,1.198,1.487,1.175,1.549
Edirne,1980,7,-0.405,-0.290,0.503,0.851,0.317,0.781,0.790,1.104,0.678,1.083
Edirne,1980,8,0.788,1.114,0.042,0.335,0.764,1.248,0.534,1.023,0.830,1.247
Edirne,1980,9,-0.290,-0.090,-0.237,0.179,0.797,1.324,0.331,0.971,0.884,1.336
Edirne,1980,10,-0.923,-1.419,-0.763,-0.432,-0.241,0.226,-0.265,0.312,0.306,0.708
Edirne,1980,11,0.105,-0.029,-1.078,-1.100,-0.824,-0.515,-0.120,0.317,-0.082,0.290
Edirne,1980,12,1.252,1.417,0.352,0.107,0.031,0.196,0.713,1.040,0.400,0.818
Edirne,1981,1,1.574,1.808,1.950,1.778,1.102,1.223,1.085,1.342,0.996,1.345
Edirne,1981,2,0.192,0.250,1.650,1.705,0.875,0.927,0.719,0.942,1.044,1.344
Edirne,1981,3,0.558,0.371,1.228,1.353,1.123,1.023,0.818,0.948,1.270,1.427
Edirne,1981,4,-1.436,-1.123,-0.282,-0.346,1.306,1.308,0.741,0.855,0.804,1.073
Edirne,1981,5,0.171,0.534,-0.283,-0.160,1.424,1.599,0.647,0.789,0.520,0.849
Edirne,1981,6,-1.406,-1.408,-1.658,-1.237,0.534,0.501,0.549,0.486,0.306,0.557
Edirne,1981,7,0.051,0.342,-0.812,-0.376,-0.858,-0.613,0.862,0.986,0.373,0.635
Edirne,1981,8,0.098,0.353,-0.865,-0.409,-1.001,-0.526,0.890,1.118,0.235,0.433
Edirne,1981,9,-0.594,-0.591,-0.552,-0.178,-1.872,-1.002,0.078,0.382,0.188,0.322
Edirne,1981,10,0.187,-0.356,-0.533,-0.522,-0.955,-0.635,-1.115,-0.833,0.453,0.556
Edirne,1981,11,0.694,0.944,-0.011,-0.079,-0.547,-0.488,-0.712,-0.464,0.646,0.819
Edirne,1981,12,0.484,0.267,0.501,0.399,0.011,0.190,-0.761,-0.450,0.295,0.509
Edirne,1982,1,-0.351,-0.500,0.240,0.393,-0.257,-0.161,-0.627,-0.409,-0.801,-0.621
Edirne,1982,2,0.380,0.535,0.054,0.061,-0.098,-0.069,-0.500,-0.424,-0.650,-0.448
Edirne,1982,3,0.531,0.657,0.029,0.091,0.257,0.334,-0.074,0.211,-0.656,-0.305
Edirne,1982,4,1.453,1.710,1.059,1.315,0.768,1.011,0.330,0.571,-0.030,0.366
Edirne,1982,5,-0.322,-0.277,0.791,1.087,0.424,0.641,0.245,0.455,-0.144,0.119
Edirne,1982,6,-0.413,-0.415,0.308,0.570,0.060,0.345,0.307,0.497,-0.029,0.411
Edirne,1982,7,-0.416,0.177,-1.056,-0.418,0.215,0.738,0.244,0.685,-0.110,0.329
Edirne,1982,8,0.098,0.411,-0.716,-0.051,0.087,0.721,-0.009,0.446,-0.101,0.316
Edirne,1982,9,-1.265,-1.263,-0.988,-0.502,-0.626,0.027,-0.513,-0.002,-0.160,0.187
Edirne,1982,10,0.027,-0.391,-0.831,-0.801,-1.312,-0.841,-0.383,0.080,-0.226,0.149
Edirne,1982,11,-0.193,-0.201,-1.008,-1.138,-1.270,-0.874,-0.592,-0.179,-0.529,-0.230
Edirne,1982,12,0.666,0.502,-0.004,-0.188,-0.637,-0.472,-0.498,-0.143,-0.489,-0.112
Edirne,1983,1,-0.974,-1.192,-0.519,-0.626,-1.036,-1.134,-1.402,-1.227,-0.686,-0.351
Edirne,1983,2,-0.362,-0.394,-0.363,-0.548,-1.064,-1.259,-1.336,-1.134,-0.834,-0.565
Edirne,1983,3,-1.318,-1.390,-1.549,-1.455,-1.113,-1.213,-1.465,-1.321,-1.292,-1.080
Edirne,1983,4,-0.783,-1.227,-1.702,-1.703,-1.340,-1.444,-1.658,-1.706,-1.974,-1.893
Edirne,1983,5,-0.651,-0.982,-1.882,-1.908,-1.498,-1.719,-1.938,-2.144,-2.091,-1.954
Edirne,1983,6,1.990,2.208,0.924,0.897,-0.748,-0.681,-0.635,-0.767,-1.049,-0.950
Edirne,1983,7,0.078,0.152,1.146,1.299,-0.233,-0.184,-0.544,-0.554,-0.934,-0.901
Edirne,1983,8,0.139,0.796,1.380,1.175,-0.004,0.364,-0.385,-0.248,-0.900,-0.792
Edirne,1983,9,1.494,1.605,1.054,1.413,1.448,1.560,0.042,0.328,-0.054,0.128
Edirne,1983,10,-0.551,-0.594,0.627,1.032,1.035,1.380,0.151,0.533,-0.217,0.044
Edirne,1983,11,-0.838,-0.766,0.084,0.306,0.856,1.395,-0.020,0.382,-0.337,-0.093
Edirne,1983,12,-0.410,-0.662,-1.617,-1.280,-0.373,0.172,0.074,0.577,-0.845,-0.424
Edirne,1984,1,0.710,0.669,-0.549,-0.508,-0.040,0.404,0.476,0.943,-0.253,0.144
Edirne,1984,2,0.287,0.309,0.151,0.100,0.043,0.217,0.650,1.098,-0.036,0.327
Edirne,1984,3,1.862,2.009,1.308,1.471,0.228,0.428,0.637,1.007,0.893,1.215
Edirne,1984,4,0.609,0.862,1.599,1.746,0.687,0.892,0.808,1.172,1.128,1.485
Edirne,1984,5,0.533,0.382,1.797,2.058,1.193,1.350,0.954,1.183,1.376,1.695
Edirne,1984,6,-1.137,-0.534,-0.051,0.309,1.282,1.046,0.124,0.470,0.572,1.098
Edirne,1984,7,0.907,1.301,0.153,0.630,1.325,1.709,0.624,1.039,0.757,1.274
Edirne,1984,8,0.764,1.328,0.222,0.668,1.570,1.939,1.063,1.586,0.864,1.392
Edirne,1984,9,-1.391,-1.319,0.225,0.680,-0.016,0.758,1.087,1.538,0.112,0.692
Edirne,1984,10,-2.794,-1.849,-1.358,-1.070,-0.786,-0.322,0.400,0.850,-0.023,0.387
Edirne,1984,11,1.227,1.349,-0.231,-0.687,-0.134,0.119,0.885,1.210,0.697,0.995
Edirne,1984,12,-1.342,-1.326,-0.531,-0.837,-0.399,-0.122,-0.477,0.027,0.560,0.912
Edirne,1985,1,0.270,0.202,0.182,0.270,-0.690,-0.632,-0.554,-0.225,0.343,0.799
Edirne,1985,2,1.057,1.282,-0.009,0.104,-0.290,-0.436,-0.241,0.105,0.614,1.044
Edirne,1985,3,-1.030,-0.800,0.213,0.344,-0.301,-0.268,-0.242,0.133,-0.320,0.229
Edirne,1985,4,0.378,0.013,0.292,0.435,0.247,0.325,-0.423,-0.268,-0.380,0.018
Edirne,1985,5,-1.434,-1.452,-1.322,-1.428,-0.854,-0.906,-0.937,-1.166,-0.800,-0.513
Edirne,1985,6,0.424,0.605,-0.476,-0.640,-0.199,-0.036,-0.584,-0.650,-0.505,-0.162
Edirne,1985,7,-0.394,0.111,-0.949,-0.521,-0.440,-0.126,-0.238,-0.004,-0.825,-0.533
Edirne,1985,8,0.558,0.457,0.102,0.336,-1.063,-0.658,-0.772,-0.522,-0.856,-0.798
Edirne,1985,9,-0.681,-0.517,-0.536,-0.211,-0.979,-0.593,-0.559,-0.247,-0.835,-0.662
Edirne,1985,10,-0.603,-0.526,-0.943,-0.538,-1.322,-0.734,-0.993,-0.468,-0.714,-0.353
Edirne,1985,11,0.636,0.619,-0.543,-0.405,-0.429,-0.070,-1.121,-0.748,-0.968,-0.654
Edirne,1985,12,-1.715,-1.664,-1.053,-1.070,-1.317,-0.931,-1.520,-1.201,-1.125,-0.792
Edirne,1986,1,0.596,0.473,-0.212,-0.473,-0.844,-0.837,-1.192,-1.046,-0.997,-0.791
Edirne,1986,2,1.390,1.520,0.377,0.296,-0.137,-0.092,-0.164,0.080,-0.713,-0.550
Edirne,1986,3,-1.188,-0.953,0.620,0.654,-0.226,-0.171,-0.505,-0.245,-0.731,-0.538
Edirne,1986,4,-1.193,-1.591,0.018,-0.086,-0.189,-0.475,-0.689,-0.690,-1.039,-0.940
Edirne,1986,5,-0.725,-0.607,-2.099,-1.722,-0.749,-0.950,-1.043,-1.038,-0.948,-0.698
Edirne,1986,6,-0.422,-0.448,-1.841,-1.659,-0.332,-0.329,-1.000,-1.035,-1.228,-1.063
Edirne,1986,7,-0.013,0.227,-1.090,-0.612,-0.761,-0.589,-0.717,-0.764,-1.133,-0.965
Edirne,1986,8,-0.250,-0.465,-0.672,-0.342,-2.330,-1.680,-1.066,-1.072,-1.271,-1.138
Edirne,1986,9,-2.013,-1.083,-0.979,-0.791,-2.385,-1.868,-0.863,-0.869,-1.365,-1.258
Edirne,1986,10,0.582,0.635,-0.366,-0.403,-0.986,-0.700,-0.937,-0.746,-0.913,-0.919
Edirne,1986,11,-0.712,-0.571,-0.784,-0.608,-1.077,-0.772,-2.080,-1.542,-1.324,-1.169
Edirne,1986,12,-0.399,-0.496,-0.602,-0.348,-1.177,-0.794,-2.055,-1.621,-1.134,-0.917
Edirne,1987,1,0.370,0.389,-0.857,-0.529,-1.005,-0.779,-1.390,-1.048,-1.327,-1.083
Edirne,1987,2,-0.788,-0.956,-0.540,-0.515,-1.082,-0.872,-1.334,-1.025,-2.130,-1.841
Edirne,1987,3,-0.123,0.279,-0.346,-0.264,-0.808,-0.405,-1.185,-0.760,-1.862,-1.567
Edirne,1987,4,1.498,1.777,0.165,0.546,-0.514,-0.110,-0.724,-0.309,-1.118,-0.609
Edirne,1987,5,-0.947,-0.552,0.194,0.764,-0.467,-0.035,-0.938,-0.392,-1.176,-0.608
Edirne,1987,6,0.177,0.063,0.395,0.742,-0.241,0.205,-0.661,-0.114,-1.070,-0.465
Edirne,1987,7,-0.683,-0.847,-1.109,-0.837,-0.640,-0.253,-1.041,-0.553,-1.174,-0.711
Edirne,1987,8,0.441,0.862,-0.234,-0.032,-0.158,0.512,-0.616,-0.111,-1.006,-0.411
Edirne,1987,9,-1.312,-1.227,-0.875,-0.721,-0.488,-0.020,-0.741,-0.302,-1.022,-0.453
Edirne,1987,10,0.344,0.366,-0.327,-0.030,-0.965,-0.580,-0.816,-0.265,-1.179,-0.576
Edirne,1987,11,1.093,1.134,0.384,0.280,0.080,0.054,0.087,0.470,-0.346,0.001
Edirne,1987,12,0.956,1.143,1.210,1.315,0.546,0.659,0.622,0.898,0.202,0.597
Edirne,1988,1,-1.363,-1.498,0.671,0.671,0.205,0.384,-0.319,-0.156,-0.294,0.083
Edirne,1988,2,-0.193,-0.284,-0.129,-0.192,0.029,-0.014,-0.158,-0.132,-0.128,0.241
Edirne,1988,3,1.323,1.403,-0.014,-0.227,0.770,0.802,0.306,0.398,0.374,0.637
Edirne,1988,4,-0.093,0.051,0.600,0.698,0.771,0.777,0.414,0.589,-0.033,0.206
Edirne,1988,5,-0.837,-0.592,0.434,0.598,0.035,0.118,0.166,0.255,-0.017,0.157
Edirne,1988,6,-0.503,-0.391,-1.274,-0.743,-0.869,-0.585,0.262,0.429,-0.171,0.094
Edirne,1988,7,-0.940,-1.270,-1.728,-1.355,-0.521,-0.484,0.054,0.019,-0.196,-0.030
Edirne,1988,8,-2.128,-0.867,-1.731,-1.102,-0.734,-0.576,-0.676,-0.673,-0.417,-0.426
Edirne,1988,9,0.292,0.176,-0.966,-1.055,-1.937,-1.427,-1.337,-1.227,-0.196,-0.139
Edirne,1988,10,-0.555,-0.593,-1.122,-0.813,-1.916,-1.420,-1.145,-0.896,-0.499,-0.455
Edirne,1988,11,1.353,1.675,0.554,0.867,-0.340,-0.236,-0.130,0.142,-0.287,-0.109
Edirne,1988,12,-0.205,-0.386,0.312,0.668,-0.335,-0.156,-0.974,-0.531,-0.893,-0.620
Edirne,1989,1,-3.320,-1.607,-0.084,0.302,-0.822,-0.431,-1.462,-1.167,-1.034,-0.742
Edirne,1989,2,-1.946,-1.642,-1.977,-1.722,-0.926,-0.646,-1.543,-1.261,-1.202,-0.954
Edirne,1989,3,1.536,1.477,-0.357,-0.688,-0.153,0.005,-0.579,-0.532,-1.071,-0.885
Edirne,1989,4,-0.927,-1.615,0.055,-0.600,-0.079,-0.265,-0.652,-0.649,-1.235,-1.297
Edirne,1989,5,0.664,0.911,1.056,0.814,-0.702,-0.934,-0.282,-0.170,-0.849,-0.820
Edirne,1989,6,0.911,1.201,0.455,0.635,-0.210,-0.160,-0.023,0.214,-0.466,-0.292
Edirne,1989,7,-0.932,-0.182,0.477,1.127,0.273,0.406,0.083,0.393,-0.459,-0.058
Edirne,1989,8,0.183,0.223,0.159,0.450,0.865,1.030,-0.613,-0.437,-0.261,0.127
Edirne,1989,9,0.070,0.025,-0.571,-0.202,-0.250,0.311,-0.586,-0.361,-0.340,0.076
Edirne,1989,10,0.092,-0.019,-0.289,-0.074,0.013,0.632,-0.062,0.211,-0.163,0.205
Edirne,1989,11,0.215,0.331,-0.250,-0.077,-0.187,0.265,0.368,0.662,-0.694,-0.434
Edirne,1989,12,0.486,0.524,0.122,0.310,-0.338,0.106,-0.158,0.390,-0.465,-0.119
Edirne,1990,1,-2.170,-1.477,-0.645,-0.408,-0.797,-0.451,-0.464,0.239,-0.483,-0.117
Edirne,1990,2,-1.688,-1.566,-1.121,-1.099,-1.147,-0.939,-0.990,-0.493,-0.406,-0.069
Edirne,1990,3,-1.818,-1.941,-3.146,-2.071,-1.530,-1.394,-1.663,-1.320,-1.390,-1.044
Edirne,1990,4,0.626,0.454,-1.483,-1.670,-1.336,-1.312,-1.366,-1.199,-1.034,-0.543
Edirne,1990,5,0.581,0.690,-0.220,-0.453,-1.211,-1.217,-1.231,-1.076,-1.081,-0.635
Edirne,1990,6,-0.139,-0.009,0.391,0.606,-1.888,-1.810,-1.293,-1.086,-1.509,-1.111
Edirne,1990,7,-0.219,-0.136,-0.105,0.274,-1.226,-1.074,-1.318,-1.079,-1.372,-1.026
Edirne,1990,8,-1.075,-0.324,-0.868,-0.249,-0.945,-0.577,-1.566,-1.225,-1.511,-1.116
Edirne,1990,9,0.797,0.966,-0.030,0.231,0.092,0.610,-1.645,-1.213,-1.234,-0.826
Edirne,1990,10,0.903,1.040,0.691,0.953,0.378,0.790,-0.479,-0.183,-0.796,-0.460
Edirne,1990,11,-0.609,-1.118,0.469,0.506,-0.132,0.047,-0.317,-0.120,-0.982,-0.782
Edirne,1990,12,1.115,1.226,0.843,0.778,0.565,0.716,0.639,0.888,-0.691,-0.531
Edirne,1991,1,-1.289,-1.290,-0.332,-0.535,0.152,0.315,0.016,0.331,-0.661,-0.555
Edirne,1991,2,-0.277,-0.261,-0.003,-0.033,0.183,0.258,-0.235,-0.040,-0.377,-0.197
Edirne,1991,3,-0.708,-0.753,-1.376,-1.236,-0.278,-0.308,-0.345,-0.135,-0.245,0.098
Edirne,1991,4,-0.176,-0.071,-1.013,-0.768,-0.858,-0.896,-0.364,-0.139,-0.432,-0.038
Edirne,1991,5,1.289,1.537,0.237,0.569,0.019,0.231,0.208,0.475,-0.179,0.227
Edirne,1991,6,-1.254,-0.948,0.156,0.518,-1.247,-0.744,-0.283,-0.142,-0.364,0.048
Edirne,1991,7,-0.281,-0.167,0.098,0.422,-0.761,-0.327,-0.797,-0.609,-0.369,0.011
Edirne,1991,8,0.437,0.595,-0.801,-0.320,-0.483,0.093,-0.416,-0.100,-0.160,0.180
Edirne,1991,9,-0.241,-0.378,-0.386,-0.211,-0.366,0.220,-1.372,-0.848,-0.508,-0.232
Edirne,1991,10,1.161,1.311,0.759,0.855,0.538,0.792,-0.112,0.295,-0.336,-0.125
Edirne,1991,11,0.703,0.764,0.941,0.933,0.315,0.343,0.315,0.610,0.145,0.378
Edirne,1991,12,-1.012,-0.970,0.585,0.675,0.162,0.387,0.145,0.571,-0.712,-0.285
Edirne,1992,1,-2.170,-1.563,-1.288,-1.177,-0.369,-0.157,-0.325,0.025,-0.834,-0.413
Edirne,1992,2,-0.723,-0.619,-2.203,-1.656,-0.645,-0.537,-0.989,-0.751,-0.845,-0.439
Edirne,1992,3,-0.309,-0.476,-1.603,-1.376,-0.611,-0.505,-0.788,-0.535,-0.754,-0.323
Edirne,1992,4,-0.249,-0.392,-1.088,-0.974,-1.597,-1.343,-0.841,-0.622,-0.771,-0.416
Edirne,1992,5,0.536,0.838,-0.231,-0.063,-1.918,-1.394,-0.790,-0.528,-1.085,-0.714
Edirne,1992,6,1.614,1.731,1.281,1.563,-0.482,-0.054,-0.006,0.308,-0.260,0.229
Edirne,1992,7,-0.132,0.426,1.223,1.655,0.146,0.723,-0.678,-0.142,-0.232,0.322
Edirne,1992,8,-0.350,-0.654,0.848,0.695,0.394,0.818,-1.087,-0.587,-0.352,0.047
Edirne,1992,9,-0.791,-0.453,-0.957,-0.504,0.252,0.826,-0.989,-0.443,-0.443,0.018
Edirne,1992,10,0.428,-0.067,-0.486,-0.731,0.416,0.712,-0.272,0.105,-0.934,-0.554
Edirne,1992,11,0.850,0.941,0.276,0.130,0.620,0.676,0.364,0.608,-0.762,-0.451
Edirne,1992,12,-1.141,-1.119,-0.019,-0.222,-0.638,-0.500,0.071,0.455,-0.867,-0.491
Edirne,1993,1,-1.370,-1.264,-1.025,-0.927,-1.211,-1.295,-0.313,0.062,-0.851,-0.479
Edirne,1993,2,-0.525,-0.344,-1.953,-1.492,-1.173,-1.079,-0.603,-0.366,-0.723,-0.347
Edirne,1993,3,-0.369,-0.341,-1.367,-1.110,-1.033,-0.958,-1.382,-1.094,-0.733,-0.263
Edirne,1993,4,-1.179,-0.999,-1.469,-1.059,-1.621,-1.261,-1.711,-1.496,-0.888,-0.420
Edirne,1993,5,1.615,1.692,0.346,0.493,-1.300,-0.964,-0.923,-0.718,-0.460,-0.102
Edirne,1993,6,1.216,1.322,1.446,1.574,-0.214,0.157,-0.260,-0.086,-0.687,-0.282
Edirne,1993,7,-0.858,-0.253,1.448,1.624,0.159,0.634,-0.534,-0.091,-0.786,-0.457
Edirne,1993,8,0.588,0.609,0.619,0.595,0.620,1.006,-0.805,-0.313,-0.586,-0.202
Edirne,1993,9,-1.039,-0.785,-0.783,-0.422,0.484,0.886,-0.681,-0.172,-0.625,-0.285
Edirne,1993,10,0.079,-0.492,-0.478,-0.555,0.582,0.771,-0.257,0.125,-0.801,-0.435
Edirne,1993,11,0.413,0.670,-0.418,-0.457,0.001,0.180,0.102,0.443,-0.933,-0.516
Edirne,1993,12,-0.075,-0.458,-0.141,-0.289,-0.673,-0.494,0.146,0.467,-0.708,-0.306
Edirne,1994,1,-0.787,-1.123,-0.651,-0.644,-0.927,-0.971,0.021,0.260,-0.651,-0.318
Edirne,1994,2,-1.234,-1.058,-1.221,-1.338,-1.344,-1.380,-0.876,-0.703,-0.692,-0.428
Edirne,1994,3,-0.625,-0.844,-1.576,-1.473,-1.246,-1.296,-1.508,-1.352,-0.744,-0.499
Edirne,1994,4,-0.005,-0.384,-1.369,-1.365,-1.284,-1.275,-1.430,-1.420,-0.544,-0.375
Edirne,1994,5,0.071,-0.156,-0.608,-0.910,-1.563,-1.629,-1.617,-1.680,-1.151,-1.044
Edirne,1994,6,0.389,0.470,-0.017,-0.082,-1.520,-1.522,-1.271,-1.316,-1.572,-1.486
Edirne,1994,7,0.182,0.049,0.063,0.140,-1.016,-0.957,-1.180,-1.113,-1.347,-1.291
Edirne,1994,8,-0.532,-0.794,-0.104,-0.106,-0.722,-0.770,-1.473,-1.470,-1.536,-1.525
Edirne,1994,9,-2.211,-2.266,-0.954,-1.363,-0.889,-1.250,-1.903,-1.941,-1.605,-1.753
Edirne,1994,10,1.176,1.300,0.331,-0.278,0.186,-0.154,-0.633,-0.960,-0.924,-1.147
Edirne,1994,11,0.120,0.293,0.413,0.097,0.169,-0.137,-0.231,-0.520,-0.954,-1.188
Edirne,1994,12,0.806,0.944,1.141,1.285,0.455,0.238,0.346,0.164,-0.604,-0.826
Edirne,1995,1,1.456,1.662,1.507,1.581,1.246,1.080,1.033,0.945,0.423,0.303
Edirne,1995,2,-0.300,-0.726,1.159,1.197,1.102,0.964,0.877,0.711,0.554,0.364
Edirne,1995,3,0.890,0.927,1.126,1.139,1.541,1.486,1.013,0.843,0.935,0.785
Edirne,1995,4,0.154,0.206,0.265,0.159,1.205,1.300,1.089,0.906,0.966,0.871
Edirne,1995,5,-1.560,-1.062,-0.081,-0.078,0.983,1.044,0.955,0.857,0.749,0.660
Edirne,1995,6,-0.041,-0.549,-1.078,-1.070,0.615,0.396,1.170,1.149,0.671,0.491
Edirne,1995,7,1.174,1.245,-0.187,-0.253,-0.016,-0.159,0.979,1.026,0.912,0.729
Edirne,1995,8,0.870,1.053,0.828,0.540,0.482,0.609,1.167,1.242,1.114,1.040
Edirne,1995,9,0.347,0.275,0.893,1.083,0.045,0.301,0.937,0.999,1.340,1.386
Edirne,1995,10,-0.324,-0.421,-0.048,0.259,-0.238,-0.022,-0.152,-0.010,0.750,0.923
Edirne,1995,11,0.753,1.050,0.109,0.365,0.491,0.659,0.315,0.588,0.931,1.111
Edirne,1995,12,0.087,-0.150,0.020,0.227,0.498,0.851,-0.042,0.329,0.707,0.895
Edirne,1996,1,-0.704,-0.837,-0.177,0.071,-0.288,0.132,-0.391,-0.093,-0.308,-0.065
Edirne,1996,2,1.495,1.641,0.403,0.520,0.267,0.566,0.530,0.778,0.401,0.738
Edirne,1996,3,0.272,0.654,0.497,0.772,0.288,0.680,0.593,1.027,0.196,0.688
Edirne,1996,4,0.966,1.171,1.478,1.757,0.804,1.193,0.564,1.029,0.391,0.862
Edirne,1996,5,-0.430,-1.114,0.251,0.235,0.401,0.519,0.294,0.602,0.543,0.828
Edirne,1996,6,-2.436,-1.326,-0.655,-0.982,0.031,0.142,-0.051,0.182,0.327,0.741
Edirne,1996,7,-1.834,-1.066,-2.449,-2.074,0.135,0.176,-0.072,0.091,-0.181,0.176
Edirne,1996,8,0.742,0.844,-1.290,-0.725,-0.730,-0.533,-0.210,-0.114,-0.204,0.090
Edirne,1996,9,0.950,1.172,0.375,0.548,-0.280,-0.153,0.133,0.403,0.033,0.400
Edirne,1996,10,-1.080,-1.009,0.133,0.480,-1.125,-0.977,0.080,0.379,-0.100,0.227
Edirne,1996,11,1.250,1.341,0.749,0.913,-0.027,0.041,0.025,0.204,0.177,0.355
Edirne,1996,12,0.666,0.596,0.643,0.638,0.622,0.792,0.246,0.305,0.430,0.654
Edirne,1997,1,-0.711,-0.972,0.733,0.715,0.520,0.736,-0.369,-0.456,0.414,0.643
Edirne,1997,2,-0.618,-0.681,-0.367,-0.501,0.132,0.248,-0.402,-0.330,-0.322,-0.180
Edirne,1997,3,0.249,0.331,-0.766,-0.831,-0.144,-0.119,-0.036,0.182,-0.327,-0.228
Edirne,1997,4,0.673,1.160,-0.102,0.278,0.425,0.560,0.325,0.667,-0.412,-0.252
Edirne,1997,5,-0.307,-0.723,0.106,0.241,-0.382,-0.358,0.097,0.318,-0.392,-0.179
Edirne,1997,6,-0.248,-0.509,-0.238,-0.206,-1.043,-0.830,-0.327,-0.309,-0.202,0.069
Edirne,1997,7,0.320,0.338,-0.504,-0.655,-0.518,-0.345,0.102,0.150,0.057,0.337
Edirne,1997,8,1.720,1.957,0.798,0.670,0.592,0.955,0.024,0.274,0.361,0.698
Edirne,1997,9,-1.098,-0.242,0.536,1.044,0.156,0.763,-0.587,-0.079,-0.116,0.269
Edirne,1997,10,0.659,0.787,0.733,1.236,0.217,0.582,0.033,0.602,0.383,0.751
Edirne,1997,11,0.413,0.369,0.086,0.346,0.456,0.788,0.375,0.826,-0.013,0.336
Edirne,1997,12,1.199,1.416,1.164,1.277,1.148,1.474,0.947,1.293,0.273,0.720
Edirne,1998,1,-0.427,-0.725,0.643,0.679,0.851,1.216,0.473,0.779,0.322,0.799
Edirne,1998,2,0.758,0.759,0.738,0.758,0.541,0.736,0.747,1.015,0.681,1.055
Edirne,1998,3,0.847,1.129,0.381,0.401,0.999,1.102,1.008,1.312,0.863,1.220
Edirne,1998,4,-0.684,-1.092,0.588,0.580,0.744,0.710,0.914,1.173,0.620,0.885
Edirne,1998,5,2.453,2.450,1.894,2.048,1.728,1.775,1.422,1.514,1.511,1.636
Edirne,1998,6,-0.854,-0.877,1.338,1.172,1.050,0.778,1.494,1.495,1.483,1.617
Edirne,1998,7,0.777,0.649,1.771,1.625,1.624,1.556,1.498,1.436,1.556,1.636
Edirne,1998,8,1.610,1.336,0.763,0.336,2.011,1.688,1.781,1.711,1.496,1.504
Edirne,1998,9,1.781,1.921,2.060,2.107,2.760,2.107,2.146,2.007,2.296,2.058
Edirne,1998,10,1.117,1.242,2.310,2.089,2.659,2.240,2.786,2.294,2.547,2.246
Edirne,1998,11,1.474,1.662,2.499,2.393,2.318,2.275,2.950,2.478,2.729,2.495
Edirne,1998,12,0.691,0.885,1.827,1.910,2.680,2.333,3.131,2.398,2.756,2.315
Edirne,1999,1,0.280,0.193,1.411,1.514,2.597,2.210,2.901,2.404,2.982,2.403
Edirne,1999,2,0.668,0.807,0.640,0.821,2.166,2.069,2.172,2.041,2.750,2.315
Edirne,1999,3,0.741,0.759,0.600,0.632,1.652,1.650,2.350,2.046,2.716,2.154
Edirne,1999,4,-0.570,-0.844,0.471,0.449,1.238,1.365,2.325,2.024,2.734,2.225
Edirne,1999,5,0.886,0.876,0.606,0.510,0.832,0.955,2.299,2.103,2.280,2.007
Edirne,1999,6,0.049,-0.291,0.114,-0.099,0.546,0.408,1.662,1.648,2.483,2.058
Edirne,1999,7,1.913,1.833,1.585,1.367,1.400,1.266,1.817,1.746,2.755,2.231
Edirne,1999,8,1.327,1.193,1.610,0.897,1.689,1.367,1.493,1.487,2.633,2.292
Edirne,1999,9,-0.697,-0.754,1.257,1.160,1.142,0.913,1.145,1.060,1.950,1.793
Edirne,1999,10,-1.119,-1.291,-0.527,-0.625,0.658,0.517,0.770,0.632,1.345,1.300
Edirne,1999,11,-0.216,-0.260,-1.638,-1.446,0.174,-0.070,0.392,0.242,0.617,0.584
Edirne,1999,12,0.060,-0.241,-1.020,-1.139,0.143,0.047,0.108,-0.021,0.399,0.319
Edirne,2000,1,-0.416,-0.534,-0.855,-0.821,-1.112,-1.145,-0.012,-0.083,0.143,0.096
Edirne,2000,2,-0.456,-0.583,-0.665,-0.749,-1.683,-1.624,-0.419,-0.569,-0.168,-0.287
Edirne,2000,3,-0.193,-0.192,-0.806,-0.825,-1.454,-1.349,-0.455,-0.456,-0.460,-0.523
Edirne,2000,4,0.573,0.012,-0.376,-0.604,-0.866,-0.966,-1.104,-1.169,-0.218,-0.344
Edirne,2000,5,0.250,0.194,0.072,-0.164,-0.651,-0.796,-1.504,-1.519,-0.424,-0.582
Edirne,2000,6,-0.715,-0.570,-0.162,-0.343,-1.027,-0.919,-1.534,-1.470,-0.604,-0.670
Edirne,2000,7,-1.722,-1.565,-1.140,-1.130,-1.135,-1.286,-1.392,-1.430,-1.555,-1.621
Edirne,2000,8,0.491,0.291,-1.016,-0.850,-0.760,-0.932,-1.115,-1.242,-1.811,-1.773
Edirne,2000,9,0.541,0.571,-0.137,-0.470,-0.416,-0.609,-1.042,-1.118,-1.495,-1.482
Edirne,2000,10,-0.005,-0.139,0.095,0.203,-0.633,-0.588,-0.900,-0.930,-1.246,-1.194
Edirne,2000,11,0.159,-0.088,-0.065,-0.084,-0.660,-0.779,-0.603,-0.742,-0.986,-1.080
Edirne,2000,12,-1.004,-1.252,-0.901,-1.049,-0.933,-1.093,-1.014,-1.199,-1.451,-1.497
Edirne,2001,1,-0.068,-0.360,-1.014,-1.331,-0.772,-0.851,-1.207,-1.386,-1.380,-1.660
Edirne,2001,2,-0.593,-0.799,-1.131,-1.313,-1.009,-1.102,-1.402,-1.475,-1.282,-1.540
Edirne,2001,3,-0.543,-1.285,-0.800,-1.212,-1.366,-1.586,-1.310,-1.643,-1.367,-1.859
Edirne,2001,4,0.476,0.544,-0.707,-0.986,-1.178,-1.424,-1.006,-1.146,-1.400,-1.676
Edirne,2001,5,-0.711,-0.541,-0.707,-0.885,-1.558,-1.600,-1.365,-1.435,-1.684,-1.779
Edirne,2001,6,-0.715,-0.541,-0.868,-0.520,-1.484,-1.532,-1.804,-1.733,-1.755,-1.993
Edirne,2001,7,0.179,-0.717,-1.109,-1.132,-1.396,-1.526,-1.675,-1.820,-1.449,-1.602
Edirne,2001,8,-0.563,-1.095,-0.821,-1.015,-1.348,-1.582,-1.852,-1.911,-1.616,-1.779
Edirne,2001,9,0.903,0.806,0.329,-0.472,-0.465,-0.738,-1.073,-1.469,-1.456,-1.711
Edirne,2001,10,-1.302,-1.368,-0.466,-0.896,-1.074,-1.336,-1.493,-1.742,-1.803,-1.936
Edirne,2001,11,0.169,0.271,-0.221,-0.345,-0.704,-1.030,-1.076,-1.334,-1.633,-1.735
Edirne,2001,12,0.797,1.031,-0.112,-0.027,-0.008,-0.329,-0.479,-0.581,-0.993,-1.265
Edirne,2002,1,-0.647,-0.791,-0.015,0.297,-0.425,-0.492,-0.888,-1.094,-1.247,-1.585
Edirne,2002,2,-0.847,-1.247,-0.294,-0.321,-0.516,-0.543,-0.877,-1.140,-1.178,-1.519
Edirne,2002,3,1.189,1.204,-0.139,-0.431,-0.309,-0.312,-0.196,-0.504,-0.556,-0.756
Edirne,2002,4,-0.560,-0.282,0.030,-0.059,-0.046,0.044,-0.366,-0.426,-0.785,-0.969
Edirne,2002,5,-1.257,-0.996,-0.019,-0.020,-0.399,-0.372,-0.564,-0.512,-0.883,-1.078
Edirne,2002,6,-0.276,-0.511,-1.668,-1.260,-1.207,-1.168,-1.036,-0.974,-0.837,-1.147
Edirne,2002,7,0.356,-0.303,-0.978,-1.179,-0.689,-0.954,-0.536,-0.587,-0.779,-0.973
Edirne,2002,8,-0.324,-0.128,-0.372,-0.468,-0.439,-0.481,-0.622,-0.695,-0.726,-0.776
Edirne,2002,9,1.628,1.742,1.184,1.088,0.114,0.181,-0.160,-0.273,-0.276,-0.259
Edirne,2002,10,0.678,0.654,1.318,1.377,0.552,0.464,0.421,0.319,0.260,0.291
Edirne,2002,11,1.037,1.131,1.810,1.794,1.256,1.115,1.065,0.990,0.606,0.581
Edirne,2002,12,-0.130,-0.245,0.732,0.803,1.232,1.198,0.560,0.634,0.268,0.258
Edirne,2003,1,1.177,1.295,1.248,1.266,1.704,1.641,1.114,1.076,0.999,0.957
Edirne,2003,2,-0.006,0.192,0.536,0.687,1.558,1.586,1.222,1.196,1.094,1.140
Edirne,2003,3,-1.195,-0.739,0.323,0.469,0.639,0.828,1.039,1.134,0.530,0.751
Edirne,2003,4,0.394,0.798,-0.667,-0.031,0.561,0.885,1.131,1.356,0.700,0.924
Edirne,2003,5,0.925,0.475,0.047,0.163,0.413,0.639,1.465,1.546,1.137,1.180
Edirne,2003,6,-1.638,-1.577,0.047,-0.313,0.209,0.209,0.581,0.634,1.033,1.057
Edirne,2003,7,0.679,0.512,0.205,-0.414,-0.444,-0.413,0.530,0.567,1.088,1.145
Edirne,2003,8,-0.287,-0.778,-0.596,-0.837,-0.531,-0.683,0.023,-0.073,1.075,1.056
Edirne,2003,9,0.116,0.203,0.037,-0.170,-0.113,-0.327,0.079,0.037,0.431,0.454
Edirne,2003,10,1.083,1.256,0.601,0.582,0.471,0.133,-0.019,0.025,0.670,0.681
Edirne,2003,11,-1.788,-1.632,-0.074,0.030,-0.474,-0.698,-0.465,-0.503,-0.094,-0.095
Edirne,2003,12,-0.186,-0.355,-0.205,-0.187,-0.274,-0.247,-0.314,-0.400,-0.132,-0.079
Edirne,2004,1,0.243,0.194,-1.219,-1.147,-0.473,-0.399,-0.355,-0.630,-0.721,-0.666
Edirne,2004,2,-1.393,-1.224,-0.665,-0.657,-0.696,-0.534,-0.957,-1.044,-0.911,-0.932
Edirne,2004,3,-0.268,-0.535,-0.663,-0.812,-0.755,-0.704,-0.716,-0.687,-0.732,-0.853
Edirne,2004,4,-1.514,-1.267,-1.992,-1.712,-2.035,-1.699,-1.264,-1.182,-1.084,-1.370
Edirne,2004,5,0.442,0.572,-0.746,-0.730,-1.184,-1.057,-1.091,-0.865,-1.286,-1.291
Edirne,2004,6,1.397,1.486,0.612,0.847,-0.366,-0.125,-0.499,-0.331,-0.524,-0.336
Edirne,2004,7,0.363,0.411,1.170,1.369,-0.341,-0.112,-1.024,-0.763,-0.607,-0.368
Edirne,2004,8,0.287,0.380,1.025,0.777,0.223,0.533,-0.435,-0.187,-0.491,-0.149
Edirne,2004,9,-1.728,-1.059,-0.417,-0.319,-0.017,0.379,-0.646,-0.399,-0.713,-0.444
Edirne,2004,10,-1.261,-1.552,-1.683,-1.431,-0.113,0.071,-1.205,-0.949,-1.683,-1.329
Edirne,2004,11,-0.763,-0.995,-2.478,-2.020,-0.655,-0.620,-1.053,-0.870,-1.350,-1.130
Edirne,2004,12,0.853,0.922,-0.559,-0.846,-0.842,-0.838,-0.497,-0.305,-0.932,-0.796
Edirne,2005,1,0.628,0.597,0.381,0.388,-0.626,-0.775,0.058,0.185,-0.771,-0.735
Edirne,2005,2,1.806,1.873,1.551,1.599,0.371,0.289,0.717,0.758,0.350,0.485
Edirne,2005,3,-0.424,-0.563,1.073,1.185,0.468,0.410,0.162,0.213,0.320,0.515
Edirne,2005,4,-1.289,-1.233,0.731,0.774,0.651,0.625,-0.123,-0.172,0.342,0.506
Edirne,2005,5,0.329,0.145,-0.872,-0.998,1.074,1.086,-0.093,-0.238,0.318,0.362
Edirne,2005,6,-0.806,-0.355,-1.194,-0.924,0.501,0.488,-0.044,-0.094,-0.306,-0.192
Edirne,2005,7,1.933,2.001,0.999,1.143,1.149,1.293,0.996,1.092,0.264,0.355
Edirne,2005,8,1.036,0.864,1.237,0.868,0.366,0.499,1.466,1.555,0.433,0.443
Edirne,2005,9,0.687,0.634,1.596,1.648,0.861,0.940,1.375,1.451,0.778,0.794
Edirne,2005,10,0.404,0.317,0.737,0.740,1.023,1.113,1.257,1.315,1.143,1.202
Edirne,2005,11,0.684,0.821,0.683,0.748,1.153,1.282,0.623,0.744,1.447,1.523
Edirne,2005,12,0.583,0.573,0.697,0.802,1.519,1.516,1.012,1.116,1.448,1.480
Edirne,2006,1,0.151,0.127,0.597,0.775,0.821,0.942,1.075,1.246,1.274,1.404
Edirne,2006,2,0.359,0.473,0.353,0.478,0.604,0.773,1.021,1.201,0.616,0.839
Edirne,2006,3,1.564,1.639,0.861,0.989,1.030,1.134,1.587,1.559,1.223,1.320
Edirne,2006,4,-0.887,-1.138,0.879,0.842,0.888,0.944,1.033,1.061,1.265,1.344
Edirne,2006,5,-0.270,-0.352,0.624,0.455,0.579,0.606,0.791,0.878,1.166,1.266
Edirne,2006,6,1.268,1.286,0.212,0.121,0.890,0.712,1.048,1.135,1.677,1.602
Edirne,2006,7,1.102,1.322,1.133,1.270,1.354,1.430,1.274,1.395,1.366,1.406
Edirne,2006,8,0.827,0.265,1.489,0.924,1.590,1.372,1.217,1.268,1.296,1.325
Edirne,2006,9,1.243,1.343,1.436,1.467,1.399,1.258,1.537,1.553,1.542,1.537
Edirne,2006,10,0.380,0.161,1.062,0.916,1.339,1.293,1.634,1.502,1.561,1.540
Edirne,2006,11,-0.838,-0.877,0.316,0.346,1.079,1.089,1.196,1.146,1.067,1.124
Edirne,2006,12,-0.629,-0.817,-1.009,-1.001,0.319,0.404,0.320,0.408,0.760,0.860
Edirne,2007,1,0.746,0.684,-0.634,-0.660,0.280,0.209,0.714,0.793,1.013,1.047
Edirne,2007,2,-0.140,-0.281,-0.097,-0.228,0.005,0.006,0.684,0.692,0.832,0.841
Edirne,2007,3,-0.033,-0.201,0.209,-0.025,-0.589,-0.658,0.271,0.306,0.274,0.324
Edirne,2007,4,-1.331,-0.897,-0.988,-0.897,-1.071,-1.035,-0.243,-0.289,0.224,0.354
Edirne,2007,5,1.725,1.580,0.582,0.499,0.159,0.025,0.222,0.225,0.830,0.841
Edirne,2007,6,-1.308,-1.614,0.190,-0.271,0.171,-0.142,-0.562,-0.842,0.277,0.177
Edirne,2007,7,-1.722,-1.746,0.228,-0.707,-0.641,-1.205,-0.907,-1.297,-0.202,-0.634
Edirne,2007,8,-0.587,-1.066,-2.255,-2.220,-0.747,-1.407,-0.657,-1.233,-0.444,-0.898
Edirne,2007,9,0.615,0.744,-0.510,-0.977,-0.427,-1.017,-0.224,-0.818,-0.805,-1.185
Edirne,2007,10,0.102,-0.189,-0.117,-0.241,-0.037,-0.649,-0.682,-1.136,-0.954,-1.280
Edirne,2007,11,1.476,1.671,1.102,1.262,0.084,-0.432,0.304,-0.084,0.080,-0.313
Edirne,2007,12,0.512,0.590,1.088,1.251,0.565,0.450,0.546,0.277,0.472,0.168
Edirne,2008,1,-0.413,-0.551,0.944,1.166,0.541,0.694,0.490,0.213,-0.011,-0.286
Edirne,2008,2,-2.214,-1.461,-0.662,-0.584,0.230,0.490,-0.494,-0.776,-0.244,-0.498
Edirne,2008,3,-0.365,-0.936,-1.365,-1.391,-0.053,0.006,-0.341,-0.488,-0.322,-0.630
Edirne,2008,4,0.083,-0.238,-1.358,-1.515,0.023,-0.015,-0.142,-0.148,-0.099,-0.492
Edirne,2008,5,-0.387,-0.364,-0.696,-1.003,-1.150,-1.167,-0.165,-0.036,-0.823,-1.157
Edirne,2008,6,0.357,0.050,-0.276,-0.452,-1.566,-1.734,-0.251,-0.298,-0.532,-0.753
Edirne,2008,7,0.360,0.129,-0.119,-0.213,-1.160,-1.297,-0.116,-0.158,-0.252,-0.285
Edirne,2008,8,-0.670,-1.196,-0.058,-0.395,-0.752,-1.140,-1.108,-1.275,-0.247,-0.327
Edirne,2008,9,1.046,1.177,0.529,0.227,0.124,-0.079,-0.973,-1.180,-0.057,-0.153
Edirne,2008,10,-0.562,-0.853,-0.093,-0.275,-0.231,-0.371,-1.056,-1.230,-0.250,-0.364
Edirne,2008,11,-0.712,-0.968,-0.408,-0.409,-0.434,-0.687,-0.830,-1.072,-1.169,-1.245
Edirne,2008,12,-0.547,-0.893,-1.658,-1.630,-0.899,-1.053,-1.045,-1.217,-1.776,-1.849
Edirne,2009,1,0.596,0.636,-0.705,-0.808,-0.703,-0.878,-0.700,-0.912,-1.340,-1.689
Edirne,2009,2,0.889,0.956,0.338,0.323,-0.097,-0.072,-0.198,-0.418,-0.530,-0.838
Edirne,2009,3,0.190,0.145,0.665,0.692,-0.469,-0.511,-0.218,-0.308,-0.379,-0.524
Edirne,2009,4,-1.405,-1.067,0.045,0.094,-0.498,-0.563,-0.569,-0.627,-0.622,-0.733
Edirne,2009,5,-0.212,-0.514,-0.847,-0.931,-0.256,-0.373,-0.553,-0.552,-0.592,-0.779
Edirne,2009,6,-0.383,-0.633,-1.501,-1.433,-0.142,-0.158,-1.151,-1.231,-0.815,-1.019
Edirne,2009,7,1.640,1.465,0.581,0.212,0.341,0.125,-0.224,-0.423,-0.334,-0.534
Edirne,2009,8,-0.083,-0.262,0.673,0.224,-0.192,-0.395,0.049,-0.178,-0.250,-0.367
Edirne,2009,9,1.082,1.197,1.347,1.269,0.401,0.254,0.713,0.618,-0.244,-0.372
Edirne,2009,10,1.439,1.652,1.572,1.520,1.452,1.229,1.308,1.134,0.686,0.546
Edirne,2009,11,-0.032,-0.144,1.446,1.475,1.400,1.254,0.884,0.747,0.806,0.692
Edirne,2009,12,1.107,1.195,1.533,1.505,1.955,1.724,1.408,1.186,1.472,1.304
Edirne,2010,1,0.791,0.901,1.061,1.074,1.770,1.623,1.694,1.484,1.575,1.408
Edirne,2010,2,2.282,2.179,2.063,1.991,2.498,2.176,2.444,2.111,2.082,1.785
Edirne,2010,3,0.733,0.871,1.823,2.027,2.368,2.069,2.552,2.090,2.209,1.811
Edirne,2010,4,-0.308,-0.445,2.012,1.933,1.916,1.890,2.351,1.997,2.323,1.901
Edirne,2010,5,-1.628,-1.377,-0.487,-0.650,1.809,1.778,2.261,1.973,2.211,1.848
Edirne,2010,6,0.575,0.418,-0.845,-0.981,1.605,1.084,2.156,1.940,2.468,1.973
Edirne,2010,7,1.471,1.486,0.484,0.341,1.873,1.740,1.927,1.771,2.374,1.976
Edirne,2010,8,0.042,-1.286,1.018,0.348,0.383,-0.021,1.975,1.722,2.343,1.944
Edirne,2010,9,0.450,0.256,0.848,0.314,0.121,-0.368,1.702,1.428,2.170,1.776
Edirne,2010,10,0.995,1.265,0.750,0.457,0.738,0.463,1.830,1.507,1.962,1.686
Edirne,2010,11,-0.323,-0.988,0.456,0.323,0.854,0.433,0.477,0.130,1.758,1.493
Edirne,2010,12,-0.096,-0.371,0.189,0.074,0.587,0.259,0.137,-0.248,1.445,1.172
Edirne,2011,1,0.139,0.016,-0.640,-0.960,0.006,-0.391,0.166,-0.208,1.189,0.953
Edirne,2011,2,-0.593,-0.508,-0.479,-0.501,-0.169,-0.208,0.274,-0.003,0.003,-0.249
Edirne,2011,3,-1.162,-1.118,-0.845,-0.867,-0.563,-0.565,-0.103,-0.306,-0.454,-0.755
Edirne,2011,4,0.349,0.624,-1.074,-0.715,-1.121,-1.098,-0.514,-0.675,-0.314,-0.507
Edirne,2011,5,-1.148,-0.974,-1.293,-1.014,-1.324,-1.113,-0.803,-0.724,-0.266,-0.415
Edirne,2011,6,0.503,0.347,-0.329,-0.152,-1.175,-0.831,-0.780,-0.704,-0.306,-0.426
Edirne,2011,7,-0.195,-0.914,-0.664,-0.943,-1.384,-1.238,-1.420,-1.459,-0.814,-1.097
Edirne,2011,8,0.084,-0.148,0.009,-0.310,-1.131,-1.066,-1.211,-1.181,-0.782,-0.862
Edirne,2011,9,0.246,-0.509,-0.219,-0.954,-0.611,-0.909,-1.213,-1.336,-0.881,-1.060
Edirne,2011,10,1.594,1.952,1.325,1.196,0.680,0.397,0.009,-0.087,-0.394,-0.619
Edirne,2011,11,-3.609,-1.542,0.565,0.601,0.350,0.073,-0.345,-0.384,-0.668,-0.692
Edirne,2011,12,0.347,0.195,0.659,0.924,0.308,0.147,0.064,0.047,-0.546,-0.535
Edirne,2012,1,0.967,1.147,-0.102,0.149,0.828,0.901,0.397,0.318,-0.135,-0.090
Edirne,2012,2,0.054,0.246,0.621,0.778,0.738,0.897,0.581,0.529,0.047,0.130
Edirne,2012,3,-1.986,-1.421,0.054,0.130,0.392,0.711,0.164,0.201,-0.019,0.119
Edirne,2012,4,0.413,0.021,-0.790,-0.735,-0.567,-0.451,0.310,0.401,-0.004,-0.036
Edirne,2012,5,1.433,1.437,0.348,0.200,0.664,0.749,0.784,0.895,0.632,0.592
Edirne,2012,6,-1.882,-1.859,0.524,-0.093,0.219,0.064,0.535,0.593,0.300,0.135
Edirne,2012,7,-1.474,-2.326,-0.156,-1.314,-0.804,-1.484,-0.671,-1.084,0.165,-0.215
Edirne,2012,8,-1.989,-1.853,-3.311,-3.712,-1.210,-2.144,-0.266,-1.023,0.018,-0.552
Edirne,2012,9,-0.869,-1.244,-2.552,-2.331,-0.959,-2.287,-0.699,-1.529,-0.185,-0.709
Edirne,2012,10,0.554,0.090,-0.591,-1.478,-0.588,-1.800,-1.107,-1.991,-0.974,-1.584
Edirne,2012,11,-1.373,-1.554,-1.029,-1.478,-2.236,-2.355,-1.525,-2.282,-0.759,-1.486
Edirne,2012,12,1.581,1.938,0.807,0.679,-0.201,-1.183,0.000,-1.153,-0.073,-0.892
Edirne,2013,1,1.273,1.438,1.501,1.477,0.776,0.388,0.535,-0.402,0.106,-0.813
Edirne,2013,2,1.255,1.289,2.045,2.002,1.307,1.128,0.512,-0.424,0.556,-0.286
Edirne,2013,3,0.507,0.387,1.428,1.500,1.574,1.388,0.841,0.241,0.942,0.182
Edirne,2013,4,-0.368,-0.808,0.870,0.660,1.520,1.430,0.995,0.573,0.805,-0.009
Edirne,2013,5,-1.747,-1.892,-0.773,-1.453,1.684,1.444,0.910,0.448,0.142,-1.044
Edirne,2013,6,1.565,1.528,0.238,-0.474,1.560,0.856,1.624,1.226,0.888,0.026
Edirne,2013,7,-0.455,-0.637,0.200,-0.356,0.727,0.173,1.434,1.110,0.954,0.356
Edirne,2013,8,-1.116,-1.504,0.576,0.076,-0.236,-1.009,1.657,1.252,0.965,0.388
Edirne,2013,9,-0.528,-0.725,-1.346,-1.415,-0.869,-1.580,0.770,0.160,1.003,0.468
Edirne,2013,10,0.199,0.235,-0.869,-1.000,-0.511,-0.930,0.042,-0.492,0.880,0.489
Edirne,2013,11,0.676,0.680,-0.003,-0.006,0.251,-0.052,-0.229,-0.747,1.294,0.963
Edirne,2013,12,-1.959,-1.502,-0.577,-0.486,-1.310,-1.354,-1.100,-1.507,0.261,-0.139
Edirne,2014,1,0.817,0.820,-0.005,-0.012,-0.634,-0.817,-0.486,-0.941,-0.054,-0.557
Edirne,2014,2,-1.931,-1.860,-0.885,-1.081,-0.798,-0.875,-0.477,-0.748,-0.827,-1.410
Edirne,2014,3,1.550,1.522,0.757,0.515,0.160,0.082,-0.380,-0.670,-0.341,-0.907
Edirne,2014,4,0.182,-0.050,0.479,0.140,0.236,-0.051,-0.276,-0.558,-0.231,-0.734
Edirne,2014,5,1.119,1.095,1.674,1.614,0.392,0.166,0.222,0.123,0.363,0.110
Edirne,2014,6,1.281,1.354,1.546,1.521,1.544,0.976,0.814,0.782,0.244,0.081
Edirne,2014,7,1.785,1.786,2.276,2.064,1.960,1.737,1.398,1.267,0.838,0.690
Edirne,2014,8,-0.330,-0.631,1.586,0.961,2.458,1.953,1.134,1.002,0.885,0.803
Edirne,2014,9,1.478,1.603,1.702,1.710,2.510,2.013,2.226,1.962,1.522,1.414
Edirne,2014,10,1.259,1.506,1.656,1.601,2.435,2.133,2.507,2.071,2.024,1.807
Edirne,2014,11,-0.440,-0.544,1.422,1.528,1.896,1.938,2.460,2.132,1.586,1.515
Edirne,2014,12,1.205,1.379,1.289,1.380,2.022,1.856,2.570,2.107,2.488,2.061
Edirne,2015,1,0.439,0.392,0.692,0.767,1.599,1.525,2.339,2.068,2.382,1.994
Edirne,2015,2,0.662,0.674,1.064,1.100,1.662,1.636,2.084,1.945,2.574,2.145
Edirne,2015,3,1.055,1.155,0.846,0.877,1.427,1.408,1.962,1.756,2.404,1.985
Edirne,2015,4,-0.317,-0.182,0.795,0.895,0.901,0.971,1.616,1.534,2.339,2.019
Edirne,2015,5,-1.611,-1.704,-0.150,-0.479,0.848,0.730,1.497,1.419,1.938,1.722
Edirne,2015,6,0.907,0.973,-0.483,-0.605,0.526,0.382,1.221,1.207,1.888,1.668
Edirne,2015,7,-1.002,-1.310,-0.703,-1.137,0.144,-0.147,0.494,0.323,1.286,1.139
Edirne,2015,8,0.592,-0.106,0.333,-0.105,-0.003,-0.442,0.806,0.485,1.395,1.211
Edirne,2015,9,1.095,0.914,0.547,-0.257,0.009,-0.608,0.641,0.188,1.217,0.933
Edirne,2015,10,0.783,0.892,1.151,0.886,0.503,-0.013,0.827,0.443,0.965,0.654
Edirne,2015,11,-0.304,-0.744,0.717,0.501,0.641,0.156,0.422,-0.034,0.937,0.577
Edirne,2015,12,-2.128,-1.663,-0.828,-0.929,-0.363,-0.857,-0.655,-1.115,0.030,-0.352
Edirne,2016,1,1.594,1.810,0.226,0.240,0.887,0.708,0.437,0.019,0.718,0.431
Edirne,2016,2,0.911,0.715,0.821,0.803,0.999,0.858,0.944,0.607,0.776,0.431
Edirne,2016,3,-0.075,-0.442,1.324,1.292,0.581,0.458,0.657,0.284,0.430,0.033
Edirne,2016,4,1.748,1.514,1.275,0.849,0.903,0.577,1.290,0.892,0.926,0.417
Edirne,2016,5,0.603,0.718,1.090,0.932,1.288,1.163,1.387,1.134,1.297,0.923
Edirne,2016,6,-0.848,-1.265,0.958,0.572,1.802,1.019,0.916,0.618,0.974,0.482
Edirne,2016,7,-0.114,-0.761,-0.361,-0.754,0.758,0.073,0.620,0.118,1.055,0.540
Edirne,2016,8,-1.944,-1.534,-1.412,-1.624,0.060,-0.697,0.620,0.025,0.820,0.276
Edirne,2016,9,-0.713,-0.942,-1.319,-1.552,-0.200,-0.938,1.003,0.361,0.337,-0.222
Edirne,2016,10,-2.575,-1.308,-3.187,-2.115,-1.743,-1.845,-0.466,-1.167,-0.297,-0.911
Edirne,2016,11,-0.452,-0.573,-2.101,-1.677,-2.486,-1.979,-1.070,-1.495,-0.293,-0.818
Edirne,2016,12,-2.066,-1.480,-2.898,-2.006,-3.271,-2.565,-1.856,-2.103,-0.311,-0.809
Edirne,2017,1,0.861,1.034,-0.824,-0.602,-2.104,-2.043,-1.909,-2.107,-0.917,-1.523
Edirne,2017,2,-0.300,-0.403,-0.454,-0.361,-1.693,-1.496,-2.176,-2.082,-1.281,-1.703
Edirne,2017,3,0.102,-0.320,0.300,0.147,-1.334,-1.220,-1.774,-1.946,-1.219,-1.723
Edirne,2017,4,0.442,0.470,-0.188,-0.343,-0.727,-0.699,-1.698,-1.664,-1.719,-2.011
Edirne,2017,5,0.541,0.419,0.354,0.156,-0.288,-0.297,-1.330,-1.254,-1.772,-1.965
Edirne,2017,6,1.359,1.125,1.344,1.181,0.978,0.656,-0.562,-0.602,-1.069,-1.418
Edirne,2017,7,1.391,1.156,1.759,1.392,1.123,0.823,0.327,0.223,-0.573,-0.795
Edirne,2017,8,-0.473,-1.165,1.353,0.518,1.274,0.721,0.459,0.162,-0.470,-0.724
Edirne,2017,9,-0.285,-0.872,0.324,-0.431,1.111,0.558,0.882,0.447,-0.428,-0.726
Edirne,2017,10,1.371,1.649,0.769,0.455,1.511,1.106,1.258,0.826,0.593,0.324
Edirne,2017,11,0.245,0.219,0.871,0.806,1.358,0.952,1.327,0.925,0.754,0.499
Edirne,2017,12,0.905,0.886,1.448,1.478,1.273,0.961,1.763,1.318,1.539,1.186
Edirne,2018,1,0.007,-0.218,0.473,0.442,0.756,0.527,1.415,1.080,1.209,0.859
Edirne,2018,2,1.569,1.618,1.155,1.150,1.374,1.277,1.726,1.368,1.717,1.341
Edirne,2018,3,1.945,1.991,1.615,1.745,2.141,1.905,1.931,1.568,2.302,1.756
Edirne,2018,4,-3.019,-2.386,1.844,1.531,1.442,1.207,1.510,1.118,2.011,1.478
Edirne,2018,5,-0.778,-1.255,0.548,-0.262,1.299,0.900,1.489,1.106,1.818,1.221
Edirne,2018,6,1.332,1.241,-0.411,-1.300,1.504,0.789,2.023,1.636,1.872,1.301
Edirne,2018,7,1.178,1.033,1.059,0.663,2.069,1.544,1.734,1.311,1.777,1.236
Edirne,2018,8,-1.010,-1.335,1.125,0.490,1.206,0.430,1.593,1.086,1.711,1.220
Edirne,2018,9,-0.313,-0.677,0.046,-0.500,-0.437,-1.335,1.192,0.600,1.730,1.252
Edirne,2018,10,0.092,-0.286,-0.879,-1.273,0.107,-0.423,1.222,0.593,1.162,0.595
Edirne,2018,11,1.692,1.804,0.943,0.854,1.267,0.961,1.332,0.767,1.679,1.211
Edirne,2018,12,-0.708,-0.862,0.701,0.739,0.482,0.267,0.202,-0.406,1.302,0.850
Edirne,2019,1,0.333,0.234,0.919,1.022,0.150,-0.036,0.574,0.256,1.425,0.991
Edirne,2019,2,-0.540,-0.659,-0.641,-0.702,0.111,0.065,0.558,0.334,0.683,0.250
Edirne,2019,3,-2.329,-1.894,-0.835,-1.061,-0.134,-0.208,-0.186,-0.426,-0.395,-1.031
Edirne,2019,4,0.510,0.639,-1.187,-1.144,0.070,0.046,-0.431,-0.610,0.031,-0.276
Edirne,2019,5,0.290,0.138,-0.584,-0.703,-1.062,-1.075,-0.237,-0.302,0.253,0.058
Edirne,2019,6,0.033,-0.772,0.198,-0.147,-0.801,-1.042,-0.124,-0.367,-0.187,-0.550
Edirne,2019,7,0.497,0.243,0.157,-0.329,-0.826,-1.125,0.056,-0.161,-0.406,-0.767
Edirne,2019,8,0.812,0.131,0.411,-0.268,-0.259,-0.784,-0.757,-1.124,-0.109,-0.483
Edirne,2019,9,-0.342,-0.712,0.179,-0.385,0.123,-0.396,-0.657,-1.148,-0.126,-0.506
Edirne,2019,10,-0.312,-0.805,-0.458,-0.966,-0.302,-0.892,-1.044,-1.465,-0.259,-0.670
Edirne,2019,11,-0.354,-1.016,-1.192,-1.546,-0.621,-1.265,-0.938,-1.476,-1.243,-1.585
Edirne,2019,12,-1.250,-1.384,-1.672,-1.907,-1.222,-1.685,-1.053,-1.651,-1.501,-1.967
Edirne,2020,1,-1.384,-1.358,-2.498,-2.733,-2.168,-2.650,-1.638,-2.328,-2.178,-2.806
Edirne,2020,2,-0.293,-0.538,-1.854,-1.770,-2.369,-2.437,-1.753,-2.114,-1.915,-2.497
Edirne,2020,3,-0.123,-0.469,-1.090,-1.265,-2.123,-2.201,-1.707,-2.171,-1.553,-2.332
Edirne,2020,4,1.520,1.818,0.382,0.388,-1.212,-1.340,-1.360,-1.687,-1.188,-1.832
Edirne,2020,5,1.082,1.131,1.214,1.396,-0.509,-0.550,-1.178,-1.379,-0.908,-1.419
Edirne,2020,6,0.381,0.307,1.633,1.751,0.103,0.184,-0.945,-1.093,-0.842,-1.223
Edirne,2020,7,-1.834,-1.741,0.279,0.015,0.383,0.207,-0.995,-1.235,-1.177,-1.591
Edirne,2020,8,-1.556,-1.748,-1.010,-1.277,0.353,-0.028,-0.982,-1.269,-1.510,-1.842
Edirne,2020,9,-1.568,-1.995,-3.334,-2.279,0.061,-0.526,-0.866,-1.377,-1.662,-2.037
Edirne,2020,10,0.530,0.097,-0.676,-1.711,-0.349,-1.142,-0.168,-0.852,-1.302,-1.775
Edirne,2020,11,-2.275,-1.725,-1.374,-1.769,-1.715,-1.892,-0.562,-1.122,-1.507,-1.775
Edirne,2020,12,0.626,0.459,-0.253,-0.622,-1.361,-2.152,-0.229,-0.845,-0.923,-1.499
Edirne,2021,1,1.998,2.112,1.407,1.305,0.659,0.035,0.612,-0.037,0.674,0.105
Edirne,2021,2,0.190,0.010,1.657,1.567,0.781,0.398,0.300,-0.472,0.759,0.246
Edirne,2021,3,-0.148,-0.057,1.381,1.480,0.923,0.779,0.164,-0.498,0.753,0.378
Edirne,2021,4,0.653,0.930,0.080,0.273,1.036,1.075,0.522,0.127,0.519,0.094
Edirne,2021,5,-0.525,-0.762,-0.270,-0.172,1.438,1.428,0.559,0.272,0.114,-0.492
Edirne,2021,6,0.956,0.981,0.531,0.666,1.647,1.144,1.066,0.976,0.303,-0.242
Edirne,2021,7,-0.001,-1.012,0.123,-0.369,0.042,-0.151,0.939,0.766,0.472,-0.090
Edirne,2021,8,-0.376,-1.318,0.305,-0.369,-0.118,-0.495,1.318,0.969,0.542,-0.037
Edirne,2021,9,-0.457,-0.572,-0.748,-1.445,-0.296,-0.751,1.011,0.668,0.608,0.191
Edirne,2021,10,0.706,0.850,-0.074,-0.340,-0.072,-0.510,-0.123,-0.373,0.703,0.423
Edirne,2021,11,-0.603,-0.945,-0.401,-0.414,-0.199,-0.673,-0.403,-0.643,0.847,0.546
Edirne,2021,12,1.354,1.537,0.895,0.932,0.293,-0.189,0.451,0.155,1.275,1.001
Edirne,2022,1,-0.860,-1.067,0.085,-0.002,-0.108,-0.350,-0.100,-0.565,-0.135,-0.440
Edirne,2022,2,0.993,1.048,0.864,0.873,0.388,0.407,0.387,0.021,0.193,-0.015
Edirne,2022,3,-1.598,-0.921,-0.491,-0.502,0.224,0.336,-0.167,-0.439,-0.022,-0.161
Edirne,2022,4,0.035,-0.129,-0.071,0.079,-0.034,-0.081,-0.169,-0.252,-0.167,-0.442
Edirne,2022,5,-0.584,-0.740,-1.394,-1.155,0.081,0.055,-0.262,-0.204,-0.179,-0.459
Edirne,2022,6,0.084,-0.427,-0.633,-0.962,-1.034,-1.015,-0.110,-0.192,-0.482,-0.934
Edirne,2022,7,-1.532,-1.708,-1.229,-1.684,-0.916,-1.200,-0.614,-0.953,-0.661,-1.043
Edirne,2022,8,1.670,1.040,0.427,-0.467,-0.789,-1.327,0.191,-0.349,-0.123,-0.514
Edirne,2022,9,0.529,0.362,0.612,-0.261,-0.016,-0.870,-0.521,-1.060,0.108,-0.298
Edirne,2022,10,-1.346,-1.442,0.304,-0.231,-0.491,-1.251,-0.584,-1.127,-0.470,-0.997
Edirne,2022,11,0.237,-0.053,-0.517,-0.882,-0.195,-1.016,-0.924,-1.456,-0.160,-0.736
Edirne,2022,12,-0.607,-1.030,-1.197,-1.557,-0.548,-1.334,-0.901,-1.737,-1.164,-1.714
Edirne,2023,1,0.045,-0.318,-0.646,-1.111,-0.363,-1.052,-0.876,-1.850,-0.921,-1.740
Edirne,2023,2,-1.820,-1.464,-1.163,-1.407,-1.379,-1.717,-1.019,-1.721,-1.581,-2.269
Edirne,2023,3,0.203,0.057,-0.633,-0.920,-1.438,-1.701,-0.912,-1.633,-1.183,-2.147
Edirne,2023,4,1.641,1.900,0.232,0.325,-0.338,-0.588,-0.212,-0.626,-0.673,-1.438
Edirne,2023,5,0.601,0.863,1.157,1.506,-0.190,-0.177,-0.557,-0.672,-0.376,-0.926
Edirne,2023,6,-0.047,-0.287,1.169,1.413,0.063,0.173,-0.751,-0.889,-0.430,-0.938
Edirne,2023,7,-0.444,-1.721,-0.125,-0.568,-0.002,-0.247,-0.450,-0.842,-0.320,-0.887
Edirne,2023,8,0.103,-1.230,-0.490,-1.417,0.558,-0.026,-0.485,-1.060,-0.764,-1.354
Edirne,2023,9,-0.403,-1.415,-0.738,-1.971,0.264,-0.585,-0.416,-1.169,-1.059,-1.719
Edirne,2023,10,-1.346,-1.851,-1.489,-2.516,-1.053,-1.964,-0.836,-1.595,-1.083,-1.765
Edirne,2023,11,1.028,1.020,-0.239,-1.076,-0.552,-1.611,0.159,-0.709,-0.586,-1.350
Edirne,2023,12,0.251,0.016,0.116,-0.385,-0.421,-1.723,0.177,-0.724,-0.337,-1.194
Edirne,2024,1,-0.787,-1.056,0.178,0.033,-0.743,-1.822,-0.736,-1.842,-0.634,-1.597
Edirne,2024,2,-0.872,-1.305,-0.837,-1.126,-0.940,-1.644,-1.131,-2.103,-0.461,-1.401
Edirne,2024,3,0.309,0.107,-0.852,-1.176,-0.626,-1.120,-0.938,-2.138,-0.424,-1.400
Edirne,2024,4,-0.212,-0.947,-0.661,-1.247,-0.287,-0.817,-0.961,-1.950,-0.972,-2.214
Edirne,2024,5,0.052,0.241,-0.133,-0.438,-0.929,-1.228,-1.002,-1.668,-1.166,-2.226
Edirne,2024,6,-1.470,-2.773,-1.119,-2.135,-1.692,-4.753,-1.175,-2.036,-1.467,-3.447
Edirne,2024,7,0.353,-1.509,-0.712,-2.301,-1.102,-2.369,-0.664,-1.851,-1.260,-2.830
Edirne,2024,8,-1.305,-2.224,-1.166,-4.753,-1.038,-2.711,-1.428,-2.439,-1.395,-2.732
Edirne,2024,9,0.743,0.357,0.149,-1.523,-0.813,-2.946,-1.364,-2.653,-1.041,-2.414
Edirne,2024,10,-1.760,-1.335,-0.889,-1.707,-1.136,-2.545,-1.517,-2.805,-1.088,-2.220
Edirne,2024,11,-0.755,-0.670,-1.074,-1.152,-1.572,-2.309,-1.432,-2.482,-1.757,-2.436
Edirne,2024,12,0.971,1.067,-0.477,-0.474,-0.412,-1.429,-0.987,-2.473,-1.455,-2.620
Kırklareli,1965,1,-0.127,-0.435,,,,,,,,
Kırklareli,1965,2,1.392,1.662,,,,,,,,
Kırklareli,1965,3,-1.162,-1.093,0.284,0.297,,,,,,
Kırklareli,1965,4,1.095,1.415,1.080,1.358,,,,,,
Kırklareli,1965,5,0.779,0.957,0.412,0.743,,,,,,
Kırklareli,1965,6,-2.128,-1.677,0.040,0.290,0.166,0.365,,,,
Kırklareli,1965,7,-0.505,-0.398,-0.901,-0.784,0.215,0.420,,,,
Kırklareli,1965,8,-0.562,0.325,-2.445,-1.231,-1.021,-0.414,,,,
Kırklareli,1965,9,-2.038,-1.415,-1.822,-0.852,-1.092,-0.565,-0.543,-0.196,,
Kırklareli,1965,10,-2.003,-1.215,-2.903,-1.523,-2.034,-1.413,-0.934,-0.435,,
Kırklareli,1965,11,0.227,-0.110,-1.407,-1.478,-2.357,-1.759,-1.479,-1.139,,
Kırklareli,1965,12,0.876,0.865,0.001,-0.158,-0.752,-0.663,-0.666,-0.466,-0.428,-0.191
Kırklareli,1966,1,1.362,1.616,1.475,1.367,0.309,0.432,-0.165,-0.056,0.288,0.598
Kırklareli,1966,2,-0.063,-0.659,1.189,1.139,0.324,0.110,-0.417,-0.570,-0.260,-0.201
Kırklareli,1966,3,1.853,1.838,1.625,1.717,1.188,1.101,0.597,0.642,0.519,0.659
Kırklareli,1966,4,1.139,1.058,1.562,1.396,1.899,1.778,0.959,0.934,0.539,0.593
Kırklareli,1966,5,0.651,0.954,2.085,2.176,2.016,1.231,1.164,1.149,0.501,0.524
Kırklareli,1966,6,0.610,0.937,1.209,1.559,2.069,2.418,1.478,1.592,0.940,1.183
Kırklareli,1966,7,-0.579,-0.740,0.351,0.794,1.400,0.967,1.868,1.887,0.943,1.125
Kırklareli,1966,8,0.704,0.564,0.302,0.445,1.692,1.833,1.937,1.300,1.101,0.811
Kırklareli,1966,9,0.922,1.114,0.497,0.530,1.154,1.502,1.986,2.180,1.498,1.693
Kırklareli,1966,10,0.585,0.094,0.897,0.831,0.742,0.944,1.527,1.590,1.981,1.282
Kırklareli,1966,11,1.648,1.677,1.684,1.533,1.374,1.347,2.009,2.006,2.274,2.237
Kırklareli,1966,12,1.486,1.636,2.034,1.766,1.881,1.651,2.098,1.938,2.481,2.139
Kırklareli,1967,1,1.054,1.285,2.469,2.235,2.372,2.018,2.121,2.013,2.540,2.232
Kırklareli,1967,2,-1.170,-0.975,1.154,1.352,1.850,1.777,1.710,1.747,2.249,2.159
Kırklareli,1967,3,-0.663,-0.694,0.030,0.067,1.542,1.487,1.460,1.416,1.731,1.745
Kırklareli,1967,4,-0.055,-0.199,-1.447,-1.119,1.508,1.616,1.592,1.546,1.539,1.614
Kırklareli,1967,5,-0.980,-0.860,-1.264,-1.123,0.544,0.526,1.346,1.388,1.263,1.403
Kırklareli,1967,6,0.268,0.528,-0.630,-0.347,-0.433,-0.253,1.181,1.254,1.169,1.262
Kırklareli,1967,7,-0.194,-0.206,-0.663,-0.394,-1.712,-1.022,1.098,1.333,1.218,1.324
Kırklareli,1967,8,1.067,0.879,0.360,0.477,-0.646,-0.437,0.566,0.592,1.290,0.946
Kırklareli,1967,9,0.405,0.303,0.406,0.331,-0.266,-0.149,-0.257,-0.064,1.182,1.267
Kırklareli,1967,10,-0.214,-0.528,0.218,0.133,-0.305,-0.299,-1.177,-0.997,0.981,0.793
Kırklareli,1967,11,-0.750,-0.939,-0.819,-0.953,-0.407,-0.358,-0.926,-0.867,0.058,0.181
Kırklareli,1967,12,0.479,0.483,-0.463,-0.550,-0.241,-0.290,-0.536,-0.459,-0.482,-0.317
Kırklareli,1968,1,1.529,1.842,1.002,1.095,0.809,0.861,0.367,0.531,-0.211,-0.030
Kırklareli,1968,2,0.553,0.529,1.318,1.446,0.672,0.729,0.659,0.780,0.203,0.314
Kırklareli,1968,3,-0.629,-0.569,1.107,1.261,0.464,0.497,0.486,0.539,0.203,0.345
Kırklareli,1968,4,-2.215,-1.766,-0.892,-1.079,0.346,0.229,0.303,0.181,-0.026,0.007
Kırklareli,1968,5,-0.728,-1.738,-2.136,-2.188,0.484,0.186,-0.060,-0.459,0.012,-0.267
Kırklareli,1968,6,-1.314,-0.982,-2.887,-2.784,-0.089,-0.598,-0.436,-0.808,-0.302,-0.638
Kırklareli,1968,7,-1.097,-0.879,-2.114,-2.113,-2.290,-4.745,-0.526,-0.923,-0.395,-0.755
Kırklareli,1968,8,1.412,1.704,-0.410,-0.121,-1.895,-1.716,0.171,0.060,-0.282,-0.343
Kırklareli,1968,9,0.782,0.873,0.731,0.982,-1.161,-1.260,0.226,0.105,-0.178,-0.364
Kırklareli,1968,10,-1.623,-1.136,0.277,0.729,-0.897,-0.926,-1.498,-1.536,-0.421,-0.387
Kırklareli,1968,11,-0.873,-1.092,-1.113,-1.001,-1.116,-0.771,-1.884,-1.739,-0.381,-0.513
Kırklareli,1968,12,0.912,1.072,-0.481,-0.415,-0.043,0.270,-1.069,-1.134,-0.139,-0.122
Kırklareli,1969,1,0.180,0.146,0.067,0.153,0.111,0.511,-0.702,-0.669,-1.078,-1.191
Kırklareli,1969,2,1.688,1.820,1.306,1.475,0.548,0.736,0.260,0.541,-0.389,-0.443
Kırklareli,1969,3,-0.207,0.130,0.906,1.122,0.276,0.467,0.468,0.814,-0.329,-0.295
Kırklareli,1969,4,0.146,0.463,1.252,1.524,0.730,1.009,0.651,1.059,-0.045,0.213
Kırklareli,1969,5,-2.688,-2.358,-1.320,-1.108,0.695,0.616,0.017,0.129,-0.207,-0.000
Kırklareli,1969,6,-0.917,-0.946,-2.012,-1.844,-0.078,-0.125,-0.439,-0.389,-0.158,0.080
Kırklareli,1969,7,0.535,1.075,-1.587,-1.376,0.050,0.281,0.015,0.288,0.064,0.474
Kırklareli,1969,8,0.694,0.662,-0.192,0.112,-1.192,-0.710,0.462,0.571,-0.135,0.138
Kırklareli,1969,9,-1.017,-1.154,-0.058,0.297,-1.609,-1.192,-0.200,0.023,-0.529,-0.347
Kırklareli,1969,10,-2.848,-1.430,-1.434,-1.349,-1.974,-1.660,-0.750,-0.551,-0.597,-0.298
Kırklareli,1969,11,-0.889,-1.237,-2.644,-2.126,-1.789,-1.410,-2.106,-1.668,-0.517,-0.416
Kırklareli,1969,12,0.814,0.826,-0.658,-0.846,-0.670,-0.549,-1.447,-1.365,-0.539,-0.418
Kırklareli,1970,1,0.887,0.906,0.554,0.379,-0.295,-0.491,-0.939,-1.173,-0.255,-0.220
Kırklareli,1970,2,1.044,1.091,1.251,1.236,0.054,-0.193,-0.117,-0.181,-0.567,-0.612
Kırklareli,1970,3,0.442,0.394,1.109,1.051,0.357,0.132,0.216,0.220,-0.425,-0.545
Kırklareli,1970,4,0.628,0.049,1.090,0.779,0.964,0.656,0.272,-0.050,-0.316,-0.630
Kırklareli,1970,5,-0.156,0.279,0.305,0.202,1.226,0.794,0.116,-0.161,-0.042,-0.161
Kırklareli,1970,6,-0.712,-0.540,-0.493,-0.365,0.736,0.704,0.089,-0.069,-0.011,0.009
Kırklareli,1970,7,-0.854,-0.799,-1.235,-0.811,0.053,0.057,0.360,0.208,-0.223,-0.423
Kırklareli,1970,8,0.007,0.043,-1.257,-0.933,-0.676,-0.575,0.650,0.460,-0.351,-0.412
Kırklareli,1970,9,-1.940,-0.820,-1.579,-0.975,-1.497,-1.088,0.066,0.043,-0.410,-0.578
Kırklareli,1970,10,0.488,0.680,-0.352,0.035,-1.034,-0.617,-0.265,-0.099,0.074,0.075
Kırklareli,1970,11,0.342,0.279,-0.114,0.079,-0.793,-0.535,-0.533,-0.379,0.403,0.469
Kırklareli,1970,12,-0.815,-0.979,-0.238,-0.121,-0.928,-0.699,-1.064,-0.805,-0.134,-0.003
Kırklareli,1971,1,0.280,-0.106,-0.443,-0.668,-0.669,-0.578,-1.155,-0.953,-0.520,-0.506
Kırklareli,1971,2,0.936,1.089,0.047,-0.135,-0.153,-0.096,-0.660,-0.599,-0.512,-0.458
Kırklareli,1971,3,1.448,1.530,1.101,1.125,0.589,0.654,0.054,0.170,-0.173,-0.020
Kırklareli,1971,4,-0.715,-0.607,1.190,1.304,0.366,0.303,0.068,0.195,-0.426,-0.148
Kırklareli,1971,5,-0.010,-0.381,0.628,0.526,0.271,0.174,0.078,0.070,-0.384,-0.400
Kırklareli,1971,6,0.213,0.297,-0.497,-0.515,0.724,0.697,0.305,0.368,-0.167,-0.097
Kırklareli,1971,7,1.148,1.542,0.527,0.747,1.210,0.915,0.511,0.670,0.214,0.455
Kırklareli,1971,8,-1.151,-0.891,0.328,0.587,0.580,0.775,0.301,0.312,0.121,0.246
Kırklareli,1971,9,0.890,1.079,0.779,1.064,0.173,0.445,0.937,1.173,0.516,0.760
Kırklareli,1971,10,-0.240,-0.179,-0.154,0.135,0.160,0.438,0.769,1.163,0.292,0.392
Kırklareli,1971,11,1.068,1.211,0.789,1.070,0.682,1.063,0.784,1.106,0.564,0.806
Kırklareli,1971,12,-0.608,-0.750,-0.019,0.151,0.325,0.716,0.025,0.376,0.609,0.887
Kırklareli,1972,1,-1.137,-1.194,-0.483,-0.452,-0.579,-0.341,-0.263,0.055,0.261,0.655
Kırklareli,1972,2,-0.760,-0.836,-1.674,-1.470,-0.607,-0.381,-0.458,-0.104,-0.207,0.119
Kırklareli,1972,3,-0.953,-0.975,-1.878,-1.486,-1.231,-1.036,-0.703,-0.359,-0.887,-0.577
Kırklareli,1972,4,0.371,-0.292,-1.091,-1.204,-0.991,-1.065,-0.973,-0.885,-0.681,-0.503
Kırklareli,1972,5,0.656,0.560,-0.080,-0.469,-1.418,-1.543,-0.623,-0.612,-0.495,-0.354
Kırklareli,1972,6,-0.780,-1.115,-0.135,-0.723,-1.594,-1.739,-1.162,-1.278,-0.740,-0.680
Kırklareli,1972,7,0.636,0.585,0.013,-0.266,-0.884,-0.994,-0.970,-1.198,-0.924,-0.970
Kırklareli,1972,8,1.303,1.262,0.349,0.097,0.095,-0.260,-1.150,-1.175,-0.491,-0.382
Kırklareli,1972,9,1.316,1.522,1.550,1.604,1.174,0.977,-0.278,-0.440,-0.318,-0.350
Kırklareli,1972,10,1.581,1.925,2.157,2.104,1.592,1.750,1.097,1.159,0.545,0.464
Kırklareli,1972,11,-0.816,-0.957,1.385,1.623,1.156,1.276,0.912,0.932,-0.086,-0.110
Kırklareli,1972,12,-1.895,-1.546,-0.045,0.118,0.829,1.088,0.625,0.674,-0.273,-0.202
Kırklareli,1973,1,0.280,0.228,-1.627,-1.440,0.708,1.020,0.533,0.738,0.058,0.157
Kırklareli,1973,2,1.185,1.255,-0.030,-0.087,0.795,1.040,0.764,0.917,0.631,0.687
Kırklareli,1973,3,0.723,0.984,0.910,1.035,0.545,0.738,1.097,1.332,0.948,1.043
Kırklareli,1973,4,0.138,-0.010,1.178,1.225,-0.301,-0.288,1.060,1.288,0.920,1.097
Kırklareli,1973,5,-0.460,-0.712,0.103,0.055,-0.072,0.015,0.709,0.934,0.698,0.841
Kırklareli,1973,6,-0.669,-0.307,-1.001,-0.847,0.304,0.406,0.104,0.320,0.713,1.032
Kırklareli,1973,7,1.038,1.144,-0.262,-0.132,0.675,0.586,-0.499,-0.361,0.823,1.141
Kırklareli,1973,8,-0.500,0.172,-0.190,0.286,-0.192,0.244,-0.266,0.059,0.510,0.658
Kırklareli,1973,9,0.538,0.423,0.514,0.741,-0.407,-0.121,0.430,0.743,0.213,0.536
Kırklareli,1973,10,1.308,1.481,0.989,1.164,0.497,0.705,1.061,1.316,0.027,0.217
Kırklareli,1973,11,-1.248,-1.032,0.481,0.533,0.176,0.524,0.133,0.443,-0.028,0.223
Kırklareli,1973,12,0.734,0.797,0.686,0.793,0.729,0.972,0.229,0.506,0.632,0.931
Kırklareli,1974,1,-1.110,-1.104,-0.940,-0.787,-0.039,0.253,-0.219,0.085,0.293,0.636
Kırklareli,1974,2,0.171,-0.017,-0.127,-0.204,0.090,0.152,-0.083,0.195,-0.084,0.201
Kırklareli,1974,3,0.112,0.157,-0.702,-0.794,-0.023,0.027,0.119,0.350,-0.265,-0.020
Kırklareli,1974,4,0.592,0.863,0.180,0.283,-0.607,-0.472,0.007,0.248,-0.164,0.174
Kırklareli,1974,5,0.809,1.022,0.644,0.999,0.136,0.323,0.292,0.509,0.122,0.520
Kırklareli,1974,6,0.278,0.348,0.741,1.151,-0.215,0.028,0.237,0.550,0.333,0.745
Kırklareli,1974,7,-0.667,-0.202,0.175,0.591,0.152,0.443,-0.545,-0.132,0.010,0.431
Kırklareli,1974,8,-0.402,-0.031,-0.502,-0.120,0.026,0.620,-0.202,0.197,0.020,0.308
Kırklareli,1974,9,0.082,-0.058,-0.859,-0.352,-0.065,0.526,-0.659,-0.223,-0.119,0.267
Kırklareli,1974,10,0.391,-0.170,-0.145,-0.318,-0.063,0.056,-0.071,0.200,-0.653,-0.271
Kırklareli,1974,11,0.799,0.889,0.496,0.256,0.038,0.095,0.270,0.530,0.028,0.233
Kırklareli,1974,12,-0.368,-0.501,0.215,0.037,-0.282,-0.220,0.053,0.351,-0.377,-0.097
Kırklareli,1975,1,0.177,0.020,0.049,0.088,-0.159,-0.193,-0.118,0.081,-0.098,0.168
Kırklareli,1975,2,-1.413,-1.165,-0.852,-0.851,-0.395,-0.533,-0.643,-0.577,-0.355,-0.089
Kırklareli,1975,3,0.682,0.416,-0.277,-0.528,-0.158,-0.411,-0.497,-0.543,-0.213,-0.017
Kırklareli,1975,4,0.468,-0.046,-0.226,-0.602,-0.138,-0.367,-0.270,-0.498,-0.240,-0.206
Kırklareli,1975,5,0.976,0.925,1.044,0.631,-0.156,-0.218,0.075,-0.247,-0.183,-0.336
Kırklareli,1975,6,0.746,0.789,1.158,1.023,0.374,0.162,0.317,0.103,-0.024,-0.107
Kırklareli,1975,7,0.168,0.142,0.877,0.976,0.446,0.258,0.267,0.217,0.088,-0.051
Kırklareli,1975,8,1.083,1.286,0.846,1.072,1.281,1.182,0.213,0.204,0.349,0.217
Kırklareli,1975,9,-2.038,-1.673,-0.078,0.002,0.724,0.652,0.196,0.091,0.185,-0.025
Kırklareli,1975,10,1.652,1.923,1.338,1.411,1.351,1.520,1.167,1.176,0.871,0.652
Kırklareli,1975,11,0.383,0.507,1.070,1.122,1.179,1.337,1.379,1.383,0.654,0.721
Kırklareli,1975,12,-0.101,-0.112,1.087,1.255,0.803,1.017,1.135,1.233,0.726,0.857
Kırklareli,1976,1,-0.188,-0.457,-0.360,-0.228,0.601,0.830,0.837,1.065,0.637,0.769
Kırklareli,1976,2,-1.369,-1.090,-0.942,-0.871,-0.001,0.123,0.306,0.554,0.618,0.727
Kırklareli,1976,3,-0.917,-0.701,-1.399,-1.157,0.012,0.238,-0.095,0.180,0.312,0.539
Kırklareli,1976,4,-0.063,-0.465,-1.674,-1.293,-1.150,-0.974,-0.117,0.048,0.217,0.474
Kırklareli,1976,5,-0.403,-0.354,-1.078,-1.004,-1.477,-1.249,-0.448,-0.423,-0.097,0.057
Kırklareli,1976,6,0.602,0.860,-0.038,0.129,-1.233,-1.048,-0.058,0.239,-0.152,0.158
Kırklareli,1976,7,0.625,0.850,0.292,0.703,-0.970,-0.313,-0.939,-0.570,-0.051,0.304
Kırklareli,1976,8,2.139,2.426,1.609,2.236,0.737,1.347,-0.255,0.298,0.322,0.597
Kırklareli,1976,9,-0.046,0.130,1.307,1.760,0.983,1.638,-0.240,0.483,0.459,1.134
Kırklareli,1976,10,0.377,0.200,1.086,1.496,0.851,1.457,0.036,0.761,-0.258,0.304
Kırklareli,1976,11,0.159,-0.104,-0.047,-0.123,0.955,1.415,0.392,0.867,-0.290,0.171
Kırklareli,1976,12,0.763,0.814,0.522,0.428,1.061,1.373,0.875,1.240,0.088,0.584
Kırklareli,1977,1,0.453,0.374,0.589,0.525,1.037,1.296,0.930,1.339,0.304,0.820
Kırklareli,1977,2,0.800,0.559,0.840,0.740,0.570,0.485,1.176,1.459,0.756,1.063
Kırklareli,1977,3,-0.424,-0.549,0.364,0.051,0.516,0.286,0.945,1.147,0.829,1.084
Kırklareli,1977,4,0.307,0.152,0.303,-0.033,0.553,0.295,0.935,1.051,0.903,1.185
Kırklareli,1977,5,-0.347,-0.364,-0.549,-0.634,0.463,0.276,0.272,0.087,0.900,1.208
Kırklareli,1977,6,1.254,1.349,0.860,0.960,0.705,0.625,0.748,0.664,1.126,1.371
Kırklareli,1977,7,0.282,0.348,0.727,0.924,0.682,0.472,0.785,0.765,1.069,1.277
Kırklareli,1977,8,-0.544,-0.338,0.753,0.954,0.151,0.321,0.697,0.531,0.477,0.371
Kırklareli,1977,9,0.956,1.167,0.386,0.653,0.802,1.085,0.712,0.856,0.764,0.816
Kırklareli,1977,10,-0.354,-0.278,-0.067,0.358,0.343,0.703,0.390,0.626,0.577,0.517
Kırklareli,1977,11,0.512,0.322,0.357,0.519,0.618,0.892,0.257,0.484,0.652,0.768
Kırklareli,1977,12,-0.627,-0.638,-0.543,-0.450,-0.314,0.004,0.088,0.414,0.195,0.395
Kırklareli,1978,1,-0.090,-0.331,-0.507,-0.585,-0.541,-0.288,-0.124,0.199,-0.049,0.133
Kırklareli,1978,2,0.503,0.403,-0.401,-0.492,-0.193,-0.071,0.101,0.339,-0.136,0.074
Kırklareli,1978,3,1.154,1.124,0.508,0.328,-0.104,-0.158,-0.006,0.153,0.266,0.487
Kırklareli,1978,4,1.402,1.564,1.487,1.404,0.528,0.437,0.326,0.450,0.532,0.782
Kırklareli,1978,5,0.326,0.443,1.519,1.551,0.449,0.419,0.472,0.624,0.651,0.914
Kırklareli,1978,6,-0.996,-0.800,0.272,0.490,0.502,0.527,-0.034,0.046,0.043,0.276
Kırklareli,1978,7,-1.417,-0.592,-1.117,-0.769,0.494,0.453,-0.046,0.012,-0.138,0.075
Kırklareli,1978,8,-0.160,0.385,-1.743,-0.840,0.235,0.590,-0.267,0.032,-0.098,0.179
Kırklareli,1978,9,0.784,1.060,-0.180,0.454,-0.067,0.560,0.268,0.658,-0.187,0.131
Kırklareli,1978,10,0.024,-0.264,0.102,0.544,-0.625,-0.225,0.340,0.719,-0.093,0.141
Kırklareli,1978,11,-1.105,-1.053,-0.504,-0.340,-1.315,-0.769,-0.179,0.182,-0.510,-0.240
Kırklareli,1978,12,-0.552,-0.778,-1.289,-1.239,-1.227,-0.758,-0.908,-0.441,-0.459,-0.153
Kırklareli,1979,1,1.149,1.351,-0.147,-0.127,-0.163,0.186,-0.663,-0.279,0.098,0.449
Kırklareli,1979,2,1.047,1.183,0.834,0.894,0.338,0.502,-0.292,-0.004,0.323,0.657
Kırklareli,1979,3,-1.589,-2.068,0.883,0.804,-0.182,-0.334,-0.303,-0.099,-0.233,0.062
Kırklareli,1979,4,0.815,0.972,0.491,0.387,0.119,0.045,0.059,0.244,-0.400,-0.083
Kırklareli,1979,5,0.392,0.262,-0.159,-0.384,0.616,0.451,0.190,0.213,-0.373,-0.230
Kırklareli,1979,6,-0.887,-1.225,-0.083,-0.276,0.687,0.501,-0.247,-0.461,-0.358,-0.266
Kırklareli,1979,7,1.901,2.223,0.859,0.960,0.926,0.649,0.476,0.574,0.359,0.599
Kırklareli,1979,8,1.208,1.399,1.195,1.466,0.800,0.929,1.081,0.850,0.618,0.604
Kırklareli,1979,9,-0.898,-0.908,1.330,1.597,0.979,1.224,1.240,1.441,0.308,0.410
Kırklareli,1979,10,0.957,1.166,0.759,1.026,0.937,1.194,1.083,1.292,0.700,0.650
Kırklareli,1979,11,1.585,1.712,1.338,1.425,1.574,1.723,1.268,1.419,1.444,1.622
Kırklareli,1979,12,-0.146,-0.376,1.255,1.300,1.636,1.757,1.400,1.517,1.514,1.560
Kırklareli,1980,1,0.643,0.745,1.133,1.186,1.227,1.368,1.337,1.489,1.378,1.506
Kırklareli,1980,2,-1.622,-1.299,-0.339,-0.377,0.562,0.710,0.950,1.201,0.782,0.988
Kırklareli,1980,3,-0.280,-0.167,-0.361,-0.337,0.655,0.812,1.069,1.376,0.935,1.203
Kırklareli,1980,4,0.698,0.879,-0.808,-0.504,0.493,0.642,0.702,0.958,0.923,1.201
Kırklareli,1980,5,1.346,1.427,0.895,1.203,0.114,0.322,0.809,1.084,1.144,1.537
Kırklareli,1980,6,0.079,0.299,1.051,1.416,0.241,0.688,0.948,1.308,1.307,1.731
Kırklareli,1980,7,-1.312,-0.760,0.337,0.688,-0.412,0.136,0.530,0.925,0.703,1.106
Kırklareli,1980,8,0.730,1.031,-0.246,0.167,0.389,0.958,-0.116,0.296,0.587,0.715
Kırklareli,1980,9,-0.094,0.080,-0.442,0.071,0.421,1.066,-0.079,0.573,0.691,1.229
Kırklareli,1980,10,-0.453,-1.103,-0.412,-0.242,-0.113,0.169,-0.667,-0.168,0.207,0.444
Kırklareli,1980,11,-0.728,-1.074,-1.312,-1.447,-1.134,-0.900,-0.444,-0.147,-0.695,-0.449
Kırklareli,1980,12,1.527,1.635,0.484,0.230,0.117,0.174,0.522,0.793,0.171,0.536
Kırklareli,1981,1,0.914,1.101,1.266,1.256,0.725,0.835,0.685,0.944,0.295,0.678
Kırklareli,1981,2,-0.297,-0.385,1.247,1.379,0.416,0.398,0.194,0.355,0.461,0.781
Kırklareli,1981,3,0.627,0.460,0.583,0.534,0.647,0.462,0.355,0.401,0.663,0.900
Kırklareli,1981,4,-0.166,-0.273,-0.162,-0.306,0.875,0.815,0.489,0.492,0.512,0.717
Kırklareli,1981,5,1.396,1.627,1.033,1.197,1.545,1.081,0.743,0.815,0.522,0.755
Kırklareli,1981,6,-2.100,-1.927,-0.187,-0.082,0.335,0.352,0.464,0.357,0.218,0.293
Kırklareli,1981,7,-0.283,0.020,-0.227,-0.002,-0.419,-0.152,0.634,0.745,0.298,0.412
Kırklareli,1981,8,0.306,0.623,-1.489,-1.028,-0.127,0.131,0.928,0.810,0.215,0.251
Kırklareli,1981,9,-0.601,-0.612,-0.732,-0.154,-0.799,-0.346,-0.097,0.165,0.138,0.155
Kırklareli,1981,10,0.422,0.012,-0.145,-0.105,-0.313,-0.211,-0.511,-0.415,0.407,0.368
Kırklareli,1981,11,0.994,1.270,0.485,0.485,-0.350,-0.289,0.173,0.339,0.895,1.119
Kırklareli,1981,12,1.598,1.674,1.656,1.577,1.114,1.256,0.870,1.061,0.930,1.119
Kırklareli,1982,1,-0.539,-0.764,1.328,1.417,0.898,1.031,0.603,0.847,0.436,0.653
Kırklareli,1982,2,-0.101,-0.031,0.673,0.740,0.722,0.813,0.140,0.222,0.470,0.673
Kırklareli,1982,3,-0.037,0.133,-0.705,-0.639,0.841,0.934,0.458,0.724,0.312,0.613
Kırklareli,1982,4,0.977,1.229,0.146,0.460,1.064,1.345,0.755,0.980,0.549,0.894
Kırklareli,1982,5,0.323,0.371,0.485,0.742,0.751,0.684,0.785,0.977,0.257,0.431
Kırklareli,1982,6,-0.601,-0.637,0.119,0.321,-0.632,-0.468,0.752,0.949,0.416,0.753
Kırklareli,1982,7,-0.143,0.354,-0.565,-0.248,-0.412,0.144,0.688,1.132,0.438,0.796
Kırklareli,1982,8,-0.299,0.125,-1.006,-0.432,-0.392,0.207,0.232,0.483,0.358,0.515
Kırklareli,1982,9,-1.086,-1.506,-1.209,-0.579,-0.784,-0.354,-1.171,-0.769,0.323,0.601
Kırklareli,1982,10,0.348,0.133,-0.553,-0.623,-0.784,-0.666,-0.745,-0.367,0.302,0.486
Kırklareli,1982,11,0.192,0.165,-0.305,-0.570,-0.845,-0.670,-0.475,-0.219,-0.019,0.203
Kırklareli,1982,12,0.677,0.615,0.455,0.387,-0.164,-0.037,-0.147,0.062,-0.547,-0.270
Kırklareli,1983,1,-0.914,-1.126,-0.201,-0.303,-0.587,-0.689,-0.812,-0.756,-0.733,-0.504
Kırklareli,1983,2,-0.280,-0.319,-0.324,-0.470,-0.569,-0.777,-0.982,-0.922,-0.706,-0.523
Kırklareli,1983,3,-1.438,-1.509,-1.604,-1.412,-0.669,-0.796,-1.060,-0.986,-0.964,-0.823
Kırklareli,1983,4,-1.702,-1.646,-2.098,-1.796,-1.172,-1.304,-1.323,-1.401,-1.499,-1.487
Kırklareli,1983,5,-0.575,-0.901,-2.341,-2.097,-1.425,-1.926,-1.377,-1.641,-1.699,-1.643
Kırklareli,1983,6,1.463,1.668,0.341,0.274,-1.081,-1.191,-0.482,-0.638,-0.856,-0.863
Kırklareli,1983,7,0.353,0.327,0.886,1.084,-0.566,-0.373,-0.569,-0.671,-0.764,-0.854
Kırklareli,1983,8,-0.907,0.141,0.935,1.467,-0.564,-0.342,-0.744,-0.506,-0.814,-0.683
Kırklareli,1983,9,0.273,0.201,-0.266,0.144,-0.068,0.145,-1.187,-1.030,-0.646,-0.642
Kırklareli,1983,10,-0.321,-0.400,-0.743,-0.246,0.112,0.467,-0.969,-0.714,-0.931,-0.636
Kırklareli,1983,11,-0.588,-0.538,-0.891,-0.705,-0.020,0.517,-0.910,-0.668,-1.064,-0.918
Kırklareli,1983,12,-0.352,-0.580,-1.125,-0.945,-1.156,-0.729,-0.819,-0.528,-1.492,-1.275
Kırklareli,1984,1,0.715,0.663,-0.344,-0.384,-0.804,-0.532,-0.222,0.119,-0.980,-0.830
Kırklareli,1984,2,-0.122,-0.227,-0.013,-0.163,-0.638,-0.616,-0.154,0.215,-0.847,-0.721
Kırklareli,1984,3,1.827,1.877,1.114,1.253,0.119,0.240,-0.066,0.243,0.007,0.287
Kırklareli,1984,4,0.788,1.108,1.349,1.603,0.533,0.732,0.071,0.422,0.383,0.830
Kırklareli,1984,5,-0.599,-0.795,1.382,1.561,0.649,0.564,0.058,0.197,0.377,0.812
Kırklareli,1984,6,-1.146,-0.692,-0.828,-0.491,0.599,0.851,-0.247,-0.020,-0.386,-0.015
Kırklareli,1984,7,-0.283,0.109,-1.574,-1.079,0.153,0.458,-0.185,0.151,-0.508,-0.077
Kırklareli,1984,8,0.752,1.254,-0.725,0.075,0.526,1.171,0.218,0.507,-0.269,0.170
Kırklareli,1984,9,-1.274,-1.552,-0.551,-0.006,-1.200,-0.518,0.214,0.669,-0.512,-0.144
Kırklareli,1984,10,-2.003,-1.920,-1.365,-1.370,-1.924,-1.507,-0.637,-0.305,-0.772,-0.406
Kırklareli,1984,11,0.968,1.065,-0.506,-1.014,-0.865,-0.658,0.016,0.275,-0.114,0.033
Kırklareli,1984,12,-1.321,-1.291,-0.803,-1.039,-1.053,-0.900,-1.322,-1.024,-0.298,-0.039
Kırklareli,1985,1,0.486,0.424,0.060,0.071,-0.724,-0.778,-1.325,-1.249,-0.497,-0.228
Kırklareli,1985,2,0.424,0.647,-0.283,-0.255,-0.658,-0.888,-0.966,-0.774,-0.274,0.027
Kırklareli,1985,3,-0.629,-0.320,0.097,0.209,-0.610,-0.646,-0.812,-0.598,-1.106,-0.790
Kırklareli,1985,4,0.821,0.587,0.162,0.339,0.079,0.159,-0.528,-0.474,-1.103,-0.913
Kırklareli,1985,5,-1.934,-1.901,-0.898,-1.063,-0.793,-0.669,-1.002,-1.254,-1.256,-1.139
Kırklareli,1985,6,0.253,0.466,-0.346,-0.520,-0.218,-0.227,-0.730,-0.847,-0.918,-0.822
Kırklareli,1985,7,-0.184,0.209,-0.976,-0.753,-0.665,-0.188,-0.445,-0.252,-0.913,-0.788
Kırklareli,1985,8,-1.504,-0.789,-0.539,-0.137,-1.192,-0.861,-1.103,-0.702,-1.199,-1.052
Kırklareli,1985,9,-0.846,-0.655,-1.579,-0.768,-1.364,-1.056,-0.871,-0.661,-1.238,-1.168
Kırklareli,1985,10,-0.779,-0.630,-2.027,-1.344,-1.832,-1.317,-1.563,-1.089,-1.173,-0.701
Kırklareli,1985,11,1.117,1.167,-0.060,0.039,-0.424,-0.069,-0.797,-0.600,-0.947,-0.745
Kırklareli,1985,12,-1.588,-1.706,-0.511,-0.558,-1.190,-0.953,-1.203,-1.079,-0.944,-0.763
Kırklareli,1986,1,0.708,0.642,0.316,0.105,-0.682,-0.735,-1.066,-1.049,-0.946,-0.836
Kırklareli,1986,2,0.639,0.733,-0.030,-0.254,-0.182,-0.215,-0.462,-0.318,-0.771,-0.719
Kırklareli,1986,3,-1.369,-1.062,0.265,0.179,-0.284,-0.339,-0.777,-0.656,-0.899,-0.854
Kırklareli,1986,4,-0.879,-1.379,-0.712,-0.887,-0.162,-0.516,-0.904,-1.004,-1.276,-1.293
Kırklareli,1986,5,-1.458,-0.890,-2.474,-1.829,-1.148,-1.287,-1.017,-1.109,-1.204,-1.092
Kırklareli,1986,6,0.119,0.053,-1.425,-1.471,-0.575,-0.820,-0.822,-0.975,-1.252,-1.231
Kırklareli,1986,7,-0.148,0.057,-0.958,-0.661,-1.394,-1.031,-0.675,-0.855,-1.260,-1.226
Kırklareli,1986,8,-1.713,-1.219,-0.665,-0.682,-2.338,-1.792,-1.492,-1.479,-1.259,-1.142
Kırklareli,1986,9,-1.198,-1.197,-1.715,-1.265,-2.400,-1.878,-1.251,-1.393,-1.356,-1.434
Kırklareli,1986,10,0.255,0.254,-0.919,-1.055,-1.259,-1.130,-1.725,-1.609,-1.094,-1.090
Kırklareli,1986,11,-1.029,-0.824,-1.230,-1.003,-1.358,-1.114,-2.224,-1.791,-1.818,-1.683
Kırklareli,1986,12,0.674,0.838,-0.119,0.157,-0.846,-0.612,-1.397,-1.238,-0.972,-0.921
Kırklareli,1987,1,0.082,-0.068,-0.292,-0.057,-0.847,-0.723,-1.200,-0.993,-1.470,-1.388
Kırklareli,1987,2,-0.202,-0.478,0.134,0.152,-0.666,-0.543,-0.950,-0.851,-1.672,-1.540
Kırklareli,1987,3,0.375,0.875,-0.157,-0.079,-0.332,-0.009,-0.847,-0.564,-1.335,-1.139
Kırklareli,1987,4,1.019,1.314,0.350,0.721,-0.066,0.304,-0.522,-0.241,-0.909,-0.510
Kırklareli,1987,5,0.332,0.600,0.757,1.342,0.414,0.612,-0.283,0.123,-0.569,-0.244
Kırklareli,1987,6,0.140,0.061,0.599,0.930,0.107,0.487,-0.085,0.400,-0.563,-0.174
Kırklareli,1987,7,-0.618,-1.168,-0.231,-0.344,-0.012,0.240,-0.265,0.098,-0.632,-0.413
Kırklareli,1987,8,1.029,1.353,0.124,0.069,0.528,1.000,0.333,0.555,-0.287,0.122
Kırklareli,1987,9,-1.181,-1.434,-0.419,-0.488,0.050,0.222,-0.193,0.102,-0.314,0.060
Kırklareli,1987,10,-0.120,-0.123,-0.295,0.018,-0.413,-0.345,-0.286,0.114,-0.471,-0.001
Kırklareli,1987,11,0.956,0.970,0.027,-0.095,0.004,-0.037,0.298,0.614,0.210,0.514
Kırklareli,1987,12,0.533,0.607,0.590,0.698,0.222,0.292,0.394,0.621,0.161,0.506
Kırklareli,1988,1,-1.115,-1.430,0.183,0.072,-0.136,-0.009,-0.286,-0.243,-0.173,0.094
Kırklareli,1988,2,0.341,0.338,-0.202,-0.342,-0.264,-0.370,-0.265,-0.351,0.011,0.273
Kırklareli,1988,3,0.895,0.964,-0.133,-0.381,0.233,0.224,-0.014,-0.035,0.155,0.313
Kırklareli,1988,4,-0.783,-0.592,0.255,0.315,0.221,0.146,-0.033,0.063,-0.190,-0.086
Kırklareli,1988,5,0.706,0.777,0.522,0.641,0.008,0.104,-0.064,-0.107,-0.088,-0.131
Kırklareli,1988,6,1.232,1.281,0.961,1.154,0.355,0.409,0.550,0.713,0.304,0.412
Kırklareli,1988,7,-0.477,-1.193,0.942,0.853,0.827,0.574,0.612,0.596,0.320,0.388
Kırklareli,1988,8,0.851,0.677,0.941,0.695,0.999,0.924,0.410,0.294,0.275,0.173
Kırklareli,1988,9,-0.272,-0.369,-0.249,-0.593,0.455,0.365,0.105,-0.022,0.355,0.342
Kırklareli,1988,10,-1.143,-0.898,-0.736,-0.590,0.156,0.097,0.182,0.258,0.171,0.136
Kırklareli,1988,11,1.340,1.701,0.207,0.567,0.639,0.775,0.701,0.908,0.354,0.505
Kırklareli,1988,12,0.442,0.507,0.539,0.884,0.244,0.418,0.581,0.829,0.326,0.549
Kırklareli,1989,1,-2.853,-1.578,0.274,0.585,-0.277,0.080,0.193,0.433,0.218,0.504
Kırklareli,1989,2,-2.020,-1.765,-1.258,-1.253,-0.865,-0.626,-0.325,-0.248,-0.137,0.041
Kırklareli,1989,3,0.254,-0.117,-1.832,-1.680,-0.681,-0.576,-0.764,-0.794,-0.342,-0.239
Kırklareli,1989,4,-1.198,-1.758,-1.594,-1.954,-0.564,-0.796,-0.889,-0.960,-0.392,-0.521
Kırklareli,1989,5,-0.609,-0.184,-0.983,-1.366,-1.687,-2.242,-1.223,-1.195,-0.681,-0.837
Kırklareli,1989,6,1.514,1.698,0.510,0.615,-1.075,-1.234,-0.413,-0.268,-0.532,-0.538
Kırklareli,1989,7,-1.465,-0.458,0.523,1.114,-0.699,-0.473,-0.306,-0.102,-0.608,-0.407
Kırklareli,1989,8,0.405,0.345,0.898,1.309,0.042,0.124,-0.966,-0.729,-0.712,-0.350
Kırklareli,1989,9,-0.545,-0.412,-1.011,-0.463,-0.343,-0.037,-1.519,-1.381,-0.801,-0.561
Kırklareli,1989,10,0.094,0.032,-0.387,-0.158,0.027,0.539,-0.875,-0.753,-0.548,-0.194
Kırklareli,1989,11,0.054,0.115,-0.519,-0.319,0.160,0.625,-0.314,-0.135,-1.075,-0.928
Kırklareli,1989,12,-0.286,-0.410,-0.440,-0.289,-0.938,-0.556,-0.567,-0.212,-1.345,-1.186
Kırklareli,1990,1,-2.542,-1.539,-1.467,-1.257,-1.458,-1.186,-0.901,-0.349,-1.517,-1.375
Kırklareli,1990,2,-0.581,-0.973,-1.594,-1.510,-1.629,-1.445,-0.911,-0.560,-1.215,-1.071
Kırklareli,1990,3,-1.336,-1.952,-2.335,-1.879,-1.817,-1.641,-2.042,-1.726,-1.583,-1.386
Kırklareli,1990,4,1.324,1.297,-0.384,-0.788,-1.310,-1.331,-1.353,-1.248,-0.996,-0.666
Kırklareli,1990,5,0.073,0.346,0.080,-0.085,-1.262,-1.267,-1.382,-1.271,-0.833,-0.606
Kırklareli,1990,6,-0.123,-0.009,0.491,0.730,-1.321,-1.350,-1.296,-1.220,-1.575,-1.337
Kırklareli,1990,7,0.332,0.281,-0.193,0.101,-0.562,-0.390,-1.365,-1.290,-1.348,-1.160
Kırklareli,1990,8,-0.907,-0.250,-0.505,-0.239,-0.428,-0.246,-1.518,-1.197,-1.533,-1.115
Kırklareli,1990,9,0.802,1.062,0.199,0.560,0.377,0.832,-1.119,-0.933,-1.212,-0.971
Kırklareli,1990,10,0.637,0.695,0.462,0.849,0.128,0.546,-0.201,0.038,-1.015,-0.603
Kırklareli,1990,11,-0.536,-1.040,0.244,0.274,-0.167,0.037,-0.158,-0.039,-1.075,-0.996
Kırklareli,1990,12,0.730,0.747,0.353,0.237,0.291,0.459,0.404,0.658,-0.584,-0.492
Kırklareli,1991,1,-1.356,-1.328,-0.705,-0.959,-0.312,-0.170,-0.416,-0.158,-0.610,-0.566
Kırklareli,1991,2,-0.342,-0.427,-0.411,-0.511,-0.278,-0.257,-0.537,-0.402,-0.495,-0.394
Kırklareli,1991,3,-0.610,-0.587,-1.526,-1.308,-0.730,-0.832,-0.614,-0.482,-0.420,-0.175
Kırklareli,1991,4,-0.097,-0.048,-0.974,-0.746,-1.107,-1.134,-0.702,-0.547,-0.784,-0.481
Kırklareli,1991,5,1.418,1.659,0.427,0.867,-0.213,0.105,-0.119,0.099,-0.364,-0.077
Kırklareli,1991,6,-1.423,-1.143,0.036,0.507,-1.260,-0.956,-0.670,-0.560,-0.594,-0.301
Kırklareli,1991,7,0.973,0.964,0.586,0.903,-0.288,0.145,-0.718,-0.610,-0.419,-0.136
Kırklareli,1991,8,-0.780,-0.188,-0.634,-0.484,-0.231,0.265,-0.593,-0.166,-0.409,-0.065
Kırklareli,1991,9,-0.157,-0.239,-0.021,0.163,-0.139,0.339,-1.204,-0.798,-0.732,-0.563
Kırklareli,1991,10,0.537,0.434,-0.190,-0.030,0.179,0.450,-0.439,-0.034,-0.827,-0.504
Kırklareli,1991,11,0.522,0.495,0.304,0.250,-0.178,-0.127,-0.004,0.287,-0.368,-0.160
Kırklareli,1991,12,-1.145,-0.939,-0.192,-0.124,-0.274,-0.058,-0.277,0.133,-0.985,-0.613
Kırklareli,1992,1,-2.786,-1.569,-1.571,-1.332,-1.385,-1.163,-0.812,-0.476,-1.213,-0.846
Kırklareli,1992,2,-1.242,-1.070,-2.764,-1.807,-1.467,-1.314,-1.649,-1.371,-1.271,-0.891
Kırklareli,1992,3,0.701,0.782,-1.242,-1.117,-1.078,-0.952,-1.004,-0.797,-0.950,-0.566
Kırklareli,1992,4,-0.021,-0.233,-0.437,-0.400,-1.411,-1.186,-1.325,-1.066,-0.940,-0.601
Kırklareli,1992,5,-1.003,-0.352,-0.224,-0.041,-2.075,-1.632,-1.408,-1.157,-1.595,-1.259
Kırklareli,1992,6,1.463,1.480,0.716,0.965,-0.589,-0.444,-0.626,-0.425,-0.642,-0.369
Kırklareli,1992,7,0.267,0.723,0.727,1.228,0.175,0.488,-0.863,-0.430,-0.855,-0.442
Kırklareli,1992,8,-1.302,-1.190,0.868,1.013,0.456,0.746,-1.267,-0.676,-0.878,-0.459
Kırklareli,1992,9,-1.412,-0.572,-1.238,-0.575,-0.255,0.194,-1.138,-0.746,-1.065,-0.743
Kırklareli,1992,10,0.469,0.072,-0.645,-0.924,0.041,0.232,-0.317,-0.043,-1.161,-0.698
Kırklareli,1992,11,0.322,0.342,-0.127,-0.202,0.376,0.490,0.166,0.370,-1.106,-0.835
Kırklareli,1992,12,-1.085,-0.985,-0.368,-0.439,-0.951,-0.745,-0.466,-0.164,-1.046,-0.759
Kırklareli,1993,1,-1.296,-1.237,-1.541,-1.276,-1.688,-1.665,-0.925,-0.631,-1.100,-0.820
Kırklareli,1993,2,-0.573,-0.493,-1.972,-1.482,-1.528,-1.347,-0.859,-0.662,-0.895,-0.613
Kırklareli,1993,3,-0.097,0.038,-1.353,-1.090,-1.291,-1.146,-1.640,-1.304,-1.167,-0.816
Kırklareli,1993,4,-1.205,-1.008,-1.345,-0.968,-1.937,-1.428,-1.992,-1.611,-1.381,-0.986
Kırklareli,1993,5,2.631,2.332,1.418,1.610,-0.504,-0.084,-0.560,-0.368,-0.179,0.076
Kırklareli,1993,6,0.226,0.288,1.582,1.681,0.000,0.286,-0.314,-0.116,-0.702,-0.394
Kırklareli,1993,7,-0.123,0.242,1.628,1.895,0.549,0.690,-0.558,-0.087,-0.788,-0.514
Kırklareli,1993,8,0.381,0.403,-0.041,0.246,0.939,1.305,-0.592,-0.043,-0.604,-0.148
Kırklareli,1993,9,-0.877,-0.827,-0.684,-0.248,0.765,1.140,-0.395,0.056,-0.617,-0.337
Kırklareli,1993,10,-0.808,-1.484,-1.191,-1.423,0.510,0.667,-0.233,0.055,-1.075,-0.600
Kırklareli,1993,11,-0.816,-0.674,-1.972,-1.764,-1.352,-1.074,-0.264,-0.027,-1.313,-0.970
Kırklareli,1993,12,-0.272,-0.603,-1.435,-1.537,-1.641,-1.457,-0.403,-0.212,-1.034,-0.785
Kırklareli,1994,1,-0.822,-1.186,-1.687,-1.606,-2.140,-2.226,-0.551,-0.457,-1.093,-0.939
Kırklareli,1994,2,-0.886,-0.954,-1.318,-1.435,-2.376,-2.289,-2.059,-1.806,-1.052,-0.934
Kırklareli,1994,3,-0.663,-0.847,-1.615,-1.487,-2.334,-2.079,-2.353,-2.073,-1.207,-1.114
Kırklareli,1994,4,0.064,-0.402,-1.234,-1.260,-1.980,-1.748,-2.293,-2.038,-0.996,-0.977
Kırklareli,1994,5,-1.239,-1.166,-1.299,-1.416,-1.912,-2.842,-2.666,-2.308,-2.399,-2.006
Kırklareli,1994,6,-0.300,-0.107,-1.180,-1.166,-2.173,-1.930,-2.550,-2.360,-2.610,-2.302
Kırklareli,1994,7,0.031,-0.308,-1.150,-1.092,-1.949,-1.893,-2.484,-2.245,-2.599,-2.272
Kırklareli,1994,8,-1.211,-1.342,-0.899,-0.994,-1.759,-1.702,-2.310,-2.602,-2.848,-3.293
Kırklareli,1994,9,-1.235,-3.261,-1.445,-2.045,-2.050,-2.100,-2.706,-2.616,-3.025,-2.649
Kırklareli,1994,10,0.766,0.683,-0.250,-1.256,-0.913,-1.464,-1.705,-2.107,-2.376,-2.793
Kırklareli,1994,11,0.059,0.227,-0.030,-0.468,-0.572,-0.954,-1.085,-1.471,-1.795,-1.972
Kırklareli,1994,12,0.549,0.659,0.563,0.705,-0.119,-0.494,-0.637,-1.001,-1.335,-1.735
Kırklareli,1995,1,0.932,1.052,0.766,0.984,0.371,0.140,-0.191,-0.482,-0.704,-1.114
Kırklareli,1995,2,0.107,-0.249,0.721,0.738,0.473,0.295,0.038,-0.278,-0.412,-0.840
Kırklareli,1995,3,0.886,0.933,0.861,0.781,0.912,0.963,0.383,0.074,-0.052,-0.415
Kırklareli,1995,4,0.188,0.202,0.446,0.327,0.764,0.882,0.453,0.181,-0.025,-0.279
Kırklareli,1995,5,-1.045,-0.788,0.041,0.080,0.591,0.497,0.389,0.215,0.001,-0.296
Kırklareli,1995,6,0.413,0.120,-0.367,-0.443,0.531,0.378,0.653,0.699,0.188,-0.163
Kırklareli,1995,7,1.119,1.185,0.266,0.152,0.426,0.262,0.747,0.876,0.449,0.183
Kırklareli,1995,8,0.218,0.304,0.726,0.639,0.496,0.528,0.797,0.616,0.568,0.346
Kırklareli,1995,9,0.632,0.721,0.832,0.973,0.308,0.394,0.803,0.879,0.859,1.012
Kırklareli,1995,10,-0.598,-0.660,-0.262,0.021,-0.075,-0.033,0.081,0.144,0.464,0.485
Kırklareli,1995,11,1.322,1.630,0.720,1.022,0.855,1.054,0.690,0.928,0.906,1.128
Kırklareli,1995,12,-0.450,-0.645,0.142,0.364,0.479,0.800,0.216,0.485,0.592,0.796
Kırklareli,1996,1,-0.627,-0.806,0.026,0.236,-0.244,0.121,-0.141,0.108,0.000,0.213
Kırklareli,1996,2,0.889,1.105,-0.312,-0.312,0.125,0.429,0.351,0.593,0.287,0.569
Kırklareli,1996,3,0.245,0.724,0.058,0.270,0.016,0.382,0.302,0.745,0.105,0.518
Kırklareli,1996,4,0.448,0.611,0.765,1.185,0.403,0.819,0.136,0.600,0.163,0.605
Kırklareli,1996,5,-1.546,-2.021,-0.504,-0.495,-0.629,-0.390,-0.133,0.094,0.112,0.302
Kırklareli,1996,6,-1.386,-1.378,-1.675,-1.857,-0.907,-0.972,-0.607,-0.480,-0.251,-0.005
Kırklareli,1996,7,-1.745,-1.290,-2.946,-2.586,-0.934,-0.793,-0.634,-0.608,-0.701,-0.558
Kırklareli,1996,8,0.191,0.125,-1.774,-1.509,-1.635,-1.482,-1.390,-1.234,-0.702,-0.447
Kırklareli,1996,9,0.467,0.765,-0.388,-0.223,-1.698,-1.540,-1.096,-1.026,-0.809,-0.654
Kırklareli,1996,10,-1.418,-1.108,-0.723,-0.311,-2.116,-1.880,-1.253,-1.094,-0.983,-0.613
Kırklareli,1996,11,0.454,0.346,-0.362,-0.199,-1.200,-1.118,-1.250,-1.174,-1.324,-1.229
Kırklareli,1996,12,0.040,-0.173,-0.490,-0.571,-0.709,-0.650,-1.366,-1.451,-1.088,-1.056
Kırklareli,1997,1,-0.922,-1.193,-0.562,-0.781,-0.974,-0.892,-1.932,-2.155,-1.314,-1.374
Kırklareli,1997,2,-0.241,-0.409,-0.836,-1.026,-0.999,-0.979,-1.615,-1.595,-1.660,-1.648
Kırklareli,1997,3,1.092,1.266,-0.255,-0.374,-0.674,-0.734,-0.810,-0.776,-1.374,-1.484
Kırklareli,1997,4,0.889,1.411,0.749,1.090,0.002,0.062,-0.392,-0.148,-1.254,-1.289
Kırklareli,1997,5,-0.010,-0.445,1.018,1.188,-0.163,-0.041,-0.408,-0.322,-0.966,-0.985
Kırklareli,1997,6,-0.593,-0.779,-0.148,-0.139,-0.427,-0.520,-0.702,-0.765,-0.841,-0.837
Kırklareli,1997,7,0.780,0.784,-0.211,-0.552,0.336,0.356,-0.192,-0.242,-0.507,-0.410
Kırklareli,1997,8,1.556,1.875,0.691,0.924,1.141,1.414,0.115,0.270,-0.142,0.118
Kırklareli,1997,9,-1.940,-0.248,0.665,1.197,0.297,0.835,-0.093,0.356,-0.448,-0.182
Kırklareli,1997,10,0.987,1.213,0.928,1.449,0.473,0.792,0.776,1.307,0.238,0.448
Kırklareli,1997,11,0.044,-0.163,0.156,0.435,0.442,0.822,0.766,1.182,0.098,0.409
Kırklareli,1997,12,0.777,0.842,0.878,0.947,0.966,1.320,0.746,1.106,0.407,0.802
Kırklareli,1998,1,-0.024,-0.309,0.217,0.141,0.663,1.061,0.404,0.670,0.625,1.037
Kırklareli,1998,2,0.186,0.011,0.307,0.215,0.223,0.396,0.417,0.698,0.703,1.046
Kırklareli,1998,3,0.504,0.822,0.028,-0.042,0.566,0.656,0.682,1.059,0.540,0.923
Kırklareli,1998,4,-0.772,-1.085,-0.164,-0.250,0.024,-0.129,0.436,0.733,0.254,0.477
Kırklareli,1998,5,0.966,1.056,0.410,0.497,0.381,0.351,0.309,0.489,0.481,0.783
Kırklareli,1998,6,0.922,0.860,0.822,0.725,0.397,0.362,0.776,0.866,0.870,1.210
Kırklareli,1998,7,-0.133,-0.443,0.908,0.904,0.514,0.373,0.423,0.387,0.706,0.995
Kırklareli,1998,8,0.919,0.577,0.796,0.497,0.800,0.693,0.648,0.436,0.529,0.462
Kırklareli,1998,9,1.477,1.631,1.239,1.154,1.479,1.343,0.946,0.999,1.161,1.261
Kırklareli,1998,10,1.595,1.789,2.136,1.956,1.976,2.014,1.882,1.824,1.543,1.040
Kırklareli,1998,11,0.757,0.898,2.147,2.154,1.978,1.878,1.834,1.832,1.610,1.676
Kırklareli,1998,12,0.528,0.709,1.538,1.602,1.811,1.750,1.885,1.766,1.495,1.511
Kırklareli,1999,1,0.624,0.606,0.894,1.073,2.030,1.903,2.035,1.935,1.830,1.792
Kırklareli,1999,2,0.346,0.428,0.586,0.740,1.758,1.842,1.807,1.825,1.762,1.789
Kırklareli,1999,3,0.428,0.440,0.525,0.503,1.412,1.530,1.647,1.659,1.776,1.715
Kırklareli,1999,4,0.044,-0.311,0.230,0.143,0.754,0.867,1.755,1.757,1.896,1.812
Kırklareli,1999,5,1.018,1.093,0.710,0.659,0.781,0.661,1.826,1.987,1.880,2.001
Kırklareli,1999,6,0.816,0.715,1.055,0.977,0.959,1.026,1.617,1.700,1.846,1.850
Kırklareli,1999,7,0.685,0.266,1.178,1.079,1.011,0.615,1.210,1.304,1.991,1.943
Kırklareli,1999,8,-0.106,-0.544,0.654,0.199,0.891,0.593,0.930,0.643,1.838,1.222
Kırklareli,1999,9,-0.243,-0.530,-0.125,-0.570,0.609,0.208,0.710,0.540,1.435,1.466
Kırklareli,1999,10,-0.170,-0.556,-0.736,-1.102,0.332,0.013,0.338,0.074,0.734,0.497
Kırklareli,1999,11,0.674,0.811,-0.079,-0.195,0.262,-0.026,0.478,0.263,0.647,0.591
Kırklareli,1999,12,-0.031,-0.304,-0.001,-0.092,-0.167,-0.451,0.300,0.073,0.452,0.351
Kırklareli,2000,1,-0.454,-0.593,-0.233,-0.205,-0.708,-0.873,0.023,-0.137,0.051,-0.098
Kırklareli,2000,2,0.159,0.054,-0.480,-0.616,-0.546,-0.651,-0.239,-0.520,0.014,-0.193
Kırklareli,2000,3,0.044,0.179,-0.462,-0.494,-0.449,-0.482,-0.514,-0.700,-0.091,-0.250
Kırklareli,2000,4,0.229,-0.442,-0.062,-0.309,-0.262,-0.412,-0.627,-0.838,-0.051,-0.271
Kırklareli,2000,5,-0.118,-0.079,-0.183,-0.410,-0.608,-0.588,-0.615,-0.802,-0.334,-0.693
Kırklareli,2000,6,-0.948,-0.829,-0.874,-1.068,-1.028,-1.141,-0.790,-0.929,-0.828,-1.118
Kırklareli,2000,7,0.329,-0.667,-0.773,-1.144,-0.728,-0.928,-0.695,-1.001,-0.936,-1.259
Kırklareli,2000,8,0.599,0.429,-0.408,-0.865,-0.564,-0.940,-0.868,-1.024,-0.796,-0.924
Kırklareli,2000,9,-0.323,-0.294,-0.060,-0.460,-0.849,-1.202,-1.030,-1.296,-0.860,-1.129
Kırklareli,2000,10,-0.562,-0.635,-0.675,-0.524,-0.990,-1.140,-1.063,-1.297,-1.020,-1.013
Kırklareli,2000,11,-0.978,-1.415,-1.691,-1.542,-1.479,-1.580,-1.287,-1.502,-1.468,-1.628
Kırklareli,2000,12,-1.132,-1.297,-2.032,-1.859,-1.657,-1.846,-1.833,-2.010,-1.766,-2.017
Kırklareli,2001,1,-0.875,-1.237,-2.520,-2.363,-2.383,-2.387,-2.335,-2.491,-2.119,-2.459
Kırklareli,2001,2,-0.504,-0.815,-1.749,-1.734,-2.566,-2.382,-2.428,-2.329,-2.175,-2.304
Kırklareli,2001,3,-0.498,-1.438,-1.358,-1.607,-2.591,-2.337,-2.223,-2.422,-2.392,-2.654
Kırklareli,2001,4,0.150,0.054,-0.873,-1.195,-2.281,-2.108,-2.281,-2.095,-2.435,-2.569
Kırklareli,2001,5,-1.064,-0.891,-1.061,-1.289,-2.102,-4.591,-2.697,-2.320,-2.622,-2.322
Kırklareli,2001,6,-1.080,-0.897,-1.570,-1.305,-2.221,-2.074,-2.942,-2.635,-2.652,-2.627
Kırklareli,2001,7,-0.153,-1.440,-1.746,-1.911,-2.058,-3.681,-3.054,-2.941,-2.822,-2.578
Kırklareli,2001,8,-0.756,-1.317,-1.533,-1.818,-1.992,-2.189,-2.780,-4.753,-3.120,-4.753
Kırklareli,2001,9,0.740,0.627,-0.080,-1.062,-1.347,-1.684,-2.026,-2.395,-2.816,-2.618
Kırklareli,2001,10,-1.233,-1.416,-0.721,-1.344,-1.581,-1.950,-2.116,-2.505,-3.130,-4.753
Kırklareli,2001,11,-0.290,-0.250,-0.698,-0.843,-1.401,-1.745,-1.678,-1.996,-2.536,-2.455
Kırklareli,2001,12,0.040,0.183,-0.985,-0.827,-0.936,-1.338,-1.534,-1.728,-2.008,-2.464
Kırklareli,2002,1,-1.074,-1.173,-1.179,-0.891,-1.463,-1.574,-2.047,-2.293,-2.303,-2.701
Kırklareli,2002,2,-0.270,-0.877,-0.902,-0.981,-1.272,-1.353,-1.810,-2.023,-2.051,-2.338
Kırklareli,2002,3,0.330,0.164,-0.835,-1.146,-1.457,-1.432,-1.344,-1.765,-1.860,-2.145
Kırklareli,2002,4,-1.295,-0.838,-0.818,-0.999,-1.376,-1.221,-1.573,-1.571,-2.169,-2.332
Kırklareli,2002,5,-0.381,-0.438,-0.818,-0.831,-1.305,-1.233,-1.518,-1.490,-1.987,-1.987
Kırklareli,2002,6,-0.541,-0.690,-1.662,-1.413,-1.806,-1.793,-1.998,-1.887,-1.869,-2.133
Kırklareli,2002,7,1.154,0.666,-0.061,-0.572,-0.766,-1.060,-1.344,-1.498,-1.471,-1.696
Kırklareli,2002,8,0.723,0.865,0.442,0.107,-0.302,-0.510,-0.996,-0.978,-1.207,-1.200
Kırklareli,2002,9,2.281,2.219,2.409,2.145,1.444,1.405,0.407,0.261,-0.285,-0.403
Kırklareli,2002,10,0.325,0.199,1.895,1.905,1.336,1.362,0.904,0.809,0.065,0.079
Kırklareli,2002,11,0.537,0.401,1.850,1.862,1.573,1.488,1.060,1.015,0.338,0.259
Kırklareli,2002,12,-0.692,-0.698,-0.166,-0.189,1.419,1.399,0.728,0.775,0.149,0.109
Kırklareli,2003,1,1.218,1.366,0.647,0.641,1.681,1.679,1.358,1.325,0.962,0.914
Kırklareli,2003,2,0.238,0.429,0.446,0.572,1.450,1.558,1.392,1.431,1.031,1.087
Kırklareli,2003,3,-1.717,-0.883,0.486,0.656,0.122,0.259,1.303,1.413,0.774,0.942
Kırklareli,2003,4,1.182,1.600,-0.041,0.526,0.424,0.705,1.356,1.628,1.176,1.336
Kırklareli,2003,5,0.620,0.010,0.240,0.309,0.424,0.476,1.374,1.574,1.338,1.471
Kırklareli,2003,6,-0.593,-1.093,0.464,0.074,0.587,0.566,0.242,0.234,1.328,1.368
Kırklareli,2003,7,0.707,0.440,0.115,-0.698,-0.062,-0.041,0.358,0.313,1.228,1.325
Kırklareli,2003,8,-0.745,-1.398,-0.505,-1.216,-0.301,-0.724,0.076,-0.055,1.050,0.711
Kırklareli,2003,9,-0.090,0.181,-0.213,-0.453,0.067,-0.450,0.332,0.189,0.068,-0.088
Kırklareli,2003,10,1.020,1.153,0.366,0.344,0.233,-0.335,0.089,-0.008,0.392,0.246
Kırklareli,2003,11,-1.773,-1.511,-0.293,-0.155,-0.586,-0.887,-0.410,-0.618,-0.140,-0.245
Kırklareli,2003,12,-0.535,-0.646,-0.522,-0.493,-0.646,-0.720,-0.370,-0.618,-0.080,-0.104
Kırklareli,2004,1,0.576,0.608,-1.024,-0.968,-0.597,-0.596,-0.495,-0.910,-0.537,-0.609
Kırklareli,2004,2,-1.468,-1.359,-0.593,-0.629,-0.772,-0.636,-0.983,-1.185,-0.813,-0.956
Kırklareli,2004,3,-0.048,-0.194,-0.312,-0.468,-0.738,-0.746,-0.799,-0.887,-0.592,-0.835
Kırklareli,2004,4,-1.303,-1.080,-1.800,-1.491,-1.764,-1.515,-1.240,-1.194,-1.113,-1.459
Kırklareli,2004,5,0.055,0.330,-0.841,-0.707,-1.049,-0.779,-1.084,-0.915,-1.252,-1.332
Kırklareli,2004,6,1.608,1.636,0.897,1.126,0.176,0.306,-0.272,-0.137,-0.391,-0.364
Kırklareli,2004,7,0.523,0.685,1.319,1.612,0.022,0.265,-0.688,-0.478,-0.446,-0.310
Kırklareli,2004,8,1.809,1.862,2.033,2.270,1.307,1.530,0.383,0.518,0.110,0.349
Kırklareli,2004,9,-1.439,-0.992,0.741,0.943,1.105,1.444,0.452,0.805,-0.025,0.230
Kırklareli,2004,10,-0.969,-1.396,-0.080,-0.114,0.741,0.979,-0.134,0.068,-0.747,-0.441
Kırklareli,2004,11,-0.775,-0.987,-2.153,-1.935,0.418,0.513,-0.029,0.090,-0.490,-0.396
Kırklareli,2004,12,-0.108,-0.284,-1.330,-1.473,-0.601,-0.566,-0.111,0.074,-0.330,-0.163
Kırklareli,2005,1,0.586,0.541,-0.404,-0.536,-0.472,-0.571,0.273,0.462,-0.399,-0.295
Kırklareli,2005,2,1.106,1.336,0.629,0.688,-0.508,-0.666,0.631,0.759,0.284,0.451
Kırklareli,2005,3,-0.558,-0.522,0.634,0.692,-0.439,-0.583,-0.110,-0.036,0.189,0.405
Kırklareli,2005,4,-1.326,-1.197,-0.011,0.018,-0.357,-0.457,-0.421,-0.484,0.193,0.391
Kırklareli,2005,5,0.827,0.642,-0.535,-0.711,0.254,0.215,-0.725,-0.941,0.373,0.390
Kırklareli,2005,6,-0.585,-0.328,-0.674,-0.669,0.152,0.152,-0.706,-0.852,-0.379,-0.356
Kırklareli,2005,7,1.309,1.238,0.682,0.668,0.422,0.366,-0.036,-0.069,-0.135,-0.197
Kırklareli,2005,8,0.922,0.795,0.651,0.649,0.064,0.007,0.456,0.369,-0.433,-0.433
Kırklareli,2005,9,0.687,0.710,1.277,1.178,0.574,0.473,0.776,0.866,-0.115,-0.277
Kırklareli,2005,10,-0.120,-0.210,0.374,0.506,0.579,0.628,0.454,0.582,0.053,0.077
Kırklareli,2005,11,1.391,1.607,0.989,1.169,1.009,1.164,0.619,0.722,0.788,0.929
Kırklareli,2005,12,1.283,1.430,1.435,1.529,1.748,1.708,1.325,1.364,1.320,1.407
Kırklareli,2006,1,-0.422,-0.558,1.357,1.492,1.183,1.335,1.221,1.361,1.083,1.277
Kırklareli,2006,2,-0.190,-0.248,0.403,0.505,0.824,1.056,0.916,1.138,0.642,0.825
Kırklareli,2006,3,2.022,1.912,0.612,0.676,1.386,1.548,1.642,1.682,1.344,1.429
Kırklareli,2006,4,-1.220,-1.296,0.837,0.730,1.423,1.544,1.278,1.361,1.370,1.427
Kırklareli,2006,5,-0.662,-0.593,0.823,0.638,0.677,0.542,1.011,1.168,1.087,1.272
Kırklareli,2006,6,0.837,0.880,-0.374,-0.474,0.272,0.253,1.103,1.278,1.416,1.523
Kırklareli,2006,7,1.568,1.800,1.053,1.264,1.335,0.899,1.742,1.894,1.512,1.670
Kırklareli,2006,8,0.311,-0.427,1.356,1.368,1.557,1.400,1.230,0.886,1.401,1.030
Kırklareli,2006,9,1.377,1.483,1.713,1.620,1.213,1.141,1.178,1.304,1.694,1.883
Kırklareli,2006,10,-0.425,-0.753,0.550,0.417,0.921,0.986,1.257,1.274,1.706,1.194
Kırklareli,2006,11,-0.575,-0.553,0.050,0.116,0.827,0.912,0.989,1.021,0.947,1.072
Kırklareli,2006,12,-1.023,-1.108,-1.612,-1.401,0.070,0.163,-0.156,-0.123,0.159,0.294
Kırklareli,2007,1,0.476,0.264,-0.942,-0.975,-0.400,-0.546,0.167,0.228,0.455,0.507
Kırklareli,2007,2,-0.231,-0.470,-0.541,-0.765,-0.504,-0.562,0.198,0.193,0.437,0.422
Kırklareli,2007,3,0.215,0.164,0.055,-0.236,-1.125,-1.188,-0.021,-0.056,-0.205,-0.276
Kırklareli,2007,4,-2.379,-1.247,-1.141,-1.019,-1.376,-1.281,-0.839,-0.939,-0.291,-0.257
Kırklareli,2007,5,1.504,1.264,0.316,0.166,-0.378,-0.395,-0.360,-0.484,0.247,0.168
Kırklareli,2007,6,-0.005,-0.544,0.137,-0.257,0.012,-0.470,-0.948,-1.229,-0.021,-0.217
Kırklareli,2007,7,-1.636,-1.723,0.388,-0.414,-0.573,-0.947,-1.063,-1.485,-0.633,-1.076
Kırklareli,2007,8,0.839,0.312,-0.263,-1.172,-0.080,-0.790,-0.586,-1.022,-0.508,-0.775
Kırklareli,2007,9,0.792,0.985,0.314,-0.112,0.198,-0.438,0.069,-0.519,-0.842,-1.255
Kırklareli,2007,10,0.395,0.249,0.730,0.727,0.643,0.140,-0.003,-0.517,-0.597,-0.845
Kırklareli,2007,11,0.786,0.996,0.841,1.051,0.429,0.105,0.437,0.134,-0.056,-0.437
Kırklareli,2007,12,-0.101,-0.099,0.343,0.501,0.341,0.304,0.294,0.097,0.187,-0.017
Kırklareli,2008,1,-0.620,-0.809,-0.263,-0.057,0.187,0.367,0.265,0.055,-0.224,-0.473
Kırklareli,2008,2,-3.200,-1.702,-1.374,-1.234,-0.418,-0.211,-0.568,-0.819,-0.428,-0.673
Kırklareli,2008,3,0.350,0.019,-1.203,-1.285,-0.587,-0.601,-0.442,-0.607,-0.410,-0.707
Kırklareli,2008,4,0.410,0.092,-0.701,-0.984,-0.624,-0.686,-0.173,-0.234,-0.060,-0.400
Kırklareli,2008,5,-0.997,-0.712,-0.266,-0.572,-1.343,-1.322,-0.536,-0.516,-0.664,-0.997
Kırklareli,2008,6,0.637,0.519,0.011,-0.114,-1.067,-1.289,-0.560,-0.634,-0.450,-0.674
Kırklareli,2008,7,-0.385,-0.446,-0.378,-0.439,-0.944,-0.936,-0.853,-0.908,-0.372,-0.444
Kırklareli,2008,8,1.282,0.913,0.713,0.390,0.288,-0.104,-0.842,-0.875,-0.241,-0.204
Kırklareli,2008,9,1.354,1.538,1.249,1.185,0.955,0.838,-0.168,-0.380,-0.007,-0.068
Kırklareli,2008,10,-1.248,-1.210,0.736,0.780,0.240,0.172,-0.245,-0.463,-0.423,-0.348
Kırklareli,2008,11,-1.353,-1.406,-0.571,-0.524,-0.005,-0.126,-0.177,-0.407,-1.002,-1.124
Kırklareli,2008,12,-0.558,-0.788,-2.148,-1.862,-0.600,-0.661,-0.557,-0.658,-1.110,-1.303
Kırklareli,2009,1,0.688,0.692,-0.789,-0.927,-0.154,-0.208,-0.366,-0.460,-0.687,-0.950
Kırklareli,2009,2,1.407,1.579,0.720,0.746,0.198,0.271,0.406,0.345,0.238,0.102
Kırklareli,2009,3,0.546,0.686,1.236,1.377,-0.188,-0.260,0.362,0.382,0.286,0.274
Kırklareli,2009,4,-0.861,-0.754,0.990,1.081,0.021,-0.044,0.320,0.313,0.086,0.115
Kırklareli,2009,5,0.044,-0.137,-0.222,-0.274,0.476,0.397,0.038,0.040,0.254,0.141
Kırklareli,2009,6,0.021,-0.194,-0.696,-0.847,0.788,0.793,-0.486,-0.636,0.067,-0.008
Kırklareli,2009,7,1.756,1.747,0.938,0.748,1.358,0.828,0.438,0.366,0.620,0.560
Kırklareli,2009,8,-1.834,-0.781,0.707,0.509,0.310,0.195,0.683,0.482,0.252,0.204
Kırklareli,2009,9,2.069,2.069,2.201,2.033,1.602,1.521,1.929,1.979,0.664,0.679
Kırklareli,2009,10,0.886,0.850,1.692,1.667,1.646,1.646,2.064,1.971,1.241,0.860
Kırklareli,2009,11,-0.700,-0.931,1.470,1.494,1.403,1.343,1.088,1.071,1.225,1.251
Kırklareli,2009,12,0.765,0.726,0.507,0.361,1.668,1.549,1.240,1.136,1.594,1.498
Kırklareli,2010,1,0.110,-0.029,-0.061,-0.182,1.076,1.099,1.249,1.188,1.498,1.455
Kırklareli,2010,2,1.840,1.955,1.293,1.354,1.824,1.758,1.832,1.746,1.611,1.546
Kırklareli,2010,3,0.697,0.866,1.282,1.456,1.206,1.190,1.970,1.847,1.672,1.568
Kırklareli,2010,4,-0.030,-0.216,1.762,1.759,0.982,0.987,1.627,1.598,1.790,1.643
Kırklareli,2010,5,-1.280,-1.327,-0.329,-0.476,1.017,0.703,1.560,1.572,1.605,1.600
Kırklareli,2010,6,0.213,0.126,-0.787,-0.968,0.802,0.817,0.808,0.744,1.645,1.600
Kırklareli,2010,7,0.863,0.725,-0.159,-0.441,1.261,0.765,0.766,0.710,1.396,1.365
Kırklareli,2010,8,-1.834,-2.967,0.065,-0.855,-0.310,-0.977,0.878,0.371,1.392,0.790
Kırklareli,2010,9,0.089,-0.116,-0.080,-1.040,-0.802,-1.483,0.585,0.113,0.658,0.202
Kırklareli,2010,10,0.521,0.728,-0.173,-0.803,-0.290,-0.877,0.801,0.475,0.517,0.154
Kırklareli,2010,11,0.787,0.493,0.581,0.487,0.384,-0.176,0.132,-0.403,0.901,0.555
Kırklareli,2010,12,0.430,0.355,0.731,0.682,0.485,0.005,0.068,-0.484,0.763,0.502
Kırklareli,2011,1,-0.336,-0.638,0.248,-0.033,-0.016,-0.565,-0.154,-0.755,0.662,0.310
Kırklareli,2011,2,-0.524,-0.575,-0.389,-0.504,-0.028,-0.102,-0.084,-0.566,-0.236,-0.700
Kırklareli,2011,3,-1.162,-1.066,-1.273,-1.172,-0.268,-0.355,-0.340,-0.783,-0.645,-1.142
Kırklareli,2011,4,-0.118,0.197,-1.373,-0.887,-0.501,-0.614,-0.585,-0.891,-0.665,-1.052
Kırklareli,2011,5,-1.058,-0.924,-1.609,-1.106,-1.212,-0.933,-0.636,-0.666,-0.622,-0.992
Kırklareli,2011,6,-0.408,-0.413,-1.315,-0.924,-1.994,-1.589,-0.772,-0.755,-0.795,-1.137
Kırklareli,2011,7,0.668,0.170,-0.689,-0.939,-1.682,-1.279,-0.888,-1.088,-0.867,-1.229
Kırklareli,2011,8,-0.450,-0.443,-0.352,-0.633,-1.520,-1.244,-1.393,-1.181,-0.795,-0.704
Kırklareli,2011,9,0.638,0.211,0.340,-0.192,-0.777,-0.938,-1.550,-1.583,-0.670,-0.882
Kırklareli,2011,10,1.347,1.680,1.088,1.099,0.382,0.186,-0.389,-0.388,-0.216,-0.289
Kırklareli,2011,11,-2.887,-1.489,0.342,0.431,-0.015,-0.081,-0.689,-0.632,-0.927,-0.908
Kırklareli,2011,12,0.845,0.879,0.613,0.842,0.579,0.563,-0.016,0.057,-0.665,-0.595
Kırklareli,2012,1,1.214,1.487,0.598,0.795,1.046,1.168,0.572,0.634,0.017,0.190
Kırklareli,2012,2,-0.784,-0.662,0.883,1.049,0.818,1.020,0.531,0.615,-0.005,0.153
Kırklareli,2012,3,-1.599,-1.275,0.119,0.223,0.416,0.727,0.418,0.528,-0.053,0.132
Kırklareli,2012,4,0.292,-0.095,-1.393,-1.139,-0.201,-0.100,0.368,0.482,0.028,0.084
Kırklareli,2012,5,2.062,1.859,0.921,0.852,1.154,0.855,1.046,1.216,0.775,0.843
Kırklareli,2012,6,-0.837,-1.406,1.017,0.612,0.593,0.517,0.729,0.879,0.706,0.674
Kırklareli,2012,7,-1.188,-2.106,0.516,-0.329,-0.596,-0.986,0.002,-0.283,0.475,0.277
Kırklareli,2012,8,-0.130,-0.898,-1.541,-2.121,-0.249,-1.118,0.510,0.071,0.506,0.176
Kırklareli,2012,9,-0.127,-0.600,-1.073,-1.944,0.087,-1.025,0.045,-0.624,0.326,0.007
Kırklareli,2012,10,1.435,1.451,0.919,0.492,0.849,0.001,0.133,-0.730,0.393,-0.063
Kırklareli,2012,11,-0.235,-0.523,0.712,0.357,-0.161,-1.182,0.254,-0.587,0.681,0.144
Kırklareli,2012,12,2.047,2.171,2.104,1.902,1.465,1.022,1.649,1.079,1.335,1.015
Kırklareli,2013,1,0.791,0.858,1.840,1.800,1.874,1.570,1.743,1.277,1.206,0.806
Kırklareli,2013,2,1.176,1.261,2.069,2.120,2.077,1.867,1.481,1.010,1.620,1.182
Kırklareli,2013,3,0.546,0.502,1.158,1.171,2.270,2.086,1.736,1.348,1.926,1.404
Kırklareli,2013,4,-0.825,-1.152,0.757,0.462,1.767,1.726,1.816,1.496,1.808,1.273
Kırklareli,2013,5,-0.412,-1.224,-0.471,-1.185,1.802,1.037,1.773,1.487,1.221,0.476
Kırklareli,2013,6,1.186,1.228,0.292,-0.283,1.148,0.877,2.156,1.872,1.692,1.206
Kırklareli,2013,7,-0.650,-0.506,0.342,0.031,0.728,0.273,1.736,1.581,1.737,1.395
Kırklareli,2013,8,-1.409,-1.345,0.291,0.089,-0.217,-0.785,1.725,1.016,1.664,0.925
Kırklareli,2013,9,-0.062,-0.149,-1.279,-1.145,-0.659,-1.141,0.533,0.115,1.734,1.512
Kırklareli,2013,10,0.399,0.496,-0.362,-0.410,-0.081,-0.373,0.273,-0.087,1.347,0.831
Kırklareli,2013,11,0.483,0.391,0.201,0.256,0.227,0.217,-0.061,-0.416,1.417,1.320
Kırklareli,2013,12,-2.021,-1.558,-0.556,-0.453,-1.140,-1.075,-0.834,-1.071,0.055,-0.135
Kırklareli,2014,1,0.888,0.872,-0.098,-0.210,-0.400,-0.489,-0.225,-0.453,0.075,-0.227
Kırklareli,2014,2,-0.992,-1.484,-0.653,-0.915,-0.479,-0.584,-0.370,-0.519,-0.546,-0.953
Kırklareli,2014,3,0.984,0.855,0.553,0.171,-0.073,-0.272,-0.520,-0.752,-0.419,-0.851
Kırklareli,2014,4,0.994,0.836,0.436,0.008,0.121,-0.237,-0.147,-0.431,-0.058,-0.400
Kırklareli,2014,5,1.512,1.465,1.856,1.687,0.501,0.285,0.431,0.304,0.424,0.248
Kırklareli,2014,6,2.142,2.070,3.029,2.583,2.233,2.284,1.351,1.370,0.886,0.864
Kırklareli,2014,7,0.036,-0.189,2.307,2.263,2.162,1.175,1.406,1.355,0.970,0.896
Kırklareli,2014,8,-0.712,-1.168,1.530,1.484,2.399,2.043,1.189,0.733,0.994,0.655
Kırklareli,2014,9,1.678,1.756,1.032,0.864,2.973,2.684,2.382,2.204,1.590,1.596
Kırklareli,2014,10,1.206,1.440,1.640,1.586,2.392,2.424,2.592,2.305,1.992,1.252
Kırklareli,2014,11,0.338,0.342,1.769,1.863,2.081,2.016,2.485,2.308,1.764,1.753
Kırklareli,2014,12,1.264,1.379,1.520,1.548,1.686,1.594,2.740,2.329,2.448,2.059
Kırklareli,2015,1,0.021,-0.204,0.853,0.905,1.622,1.554,2.374,2.145,2.354,2.059
Kırklareli,2015,2,0.844,0.952,0.990,1.058,1.780,1.801,2.141,2.071,2.545,2.264
Kırklareli,2015,3,0.147,0.181,0.298,0.217,1.257,1.344,1.425,1.416,2.423,2.157
Kırklareli,2015,4,0.936,1.199,0.915,1.062,1.082,1.225,1.670,1.683,2.440,2.204
Kırklareli,2015,5,-0.334,-0.896,0.219,0.055,0.931,0.664,1.683,1.774,2.055,2.127
Kırklareli,2015,6,0.465,0.538,0.451,0.432,0.409,0.387,1.253,1.358,1.440,1.467
Kırklareli,2015,7,-1.256,-1.397,-0.454,-0.937,0.324,0.173,0.747,0.727,1.351,1.316
Kırklareli,2015,8,0.119,-0.811,-0.237,-0.785,-0.138,-0.563,0.673,0.347,1.419,0.932
Kırklareli,2015,9,0.399,-0.189,-0.445,-1.368,-0.091,-0.798,0.075,-0.444,0.991,0.796
Kırklareli,2015,10,0.665,0.739,0.429,-0.004,-0.036,-0.718,0.416,0.017,0.765,0.386
Kırklareli,2015,11,-0.306,-0.748,0.124,-0.258,-0.125,-0.678,-0.061,-0.567,0.526,0.168
Kırklareli,2015,12,-2.128,-1.776,-0.925,-1.014,-1.098,-1.659,-0.717,-1.196,-0.457,-0.860
Kırklareli,2016,1,1.347,1.597,-0.070,-0.203,0.110,-0.238,-0.172,-0.735,0.198,-0.143
Kırklareli,2016,2,1.063,0.966,0.682,0.613,0.523,0.303,0.295,-0.168,0.298,-0.126
Kırklareli,2016,3,-0.411,-0.835,1.251,1.163,0.349,0.117,0.083,-0.490,0.185,-0.317
Kırklareli,2016,4,0.177,-0.690,0.511,-0.226,0.185,-0.365,0.279,-0.359,0.021,-0.741
Kırklareli,2016,5,1.060,1.190,0.343,-0.080,0.692,0.379,0.550,0.153,0.345,-0.260
Kırklareli,2016,6,-0.847,-1.318,0.053,-0.497,1.130,0.749,0.279,-0.138,0.045,-0.715
Kırklareli,2016,7,-1.834,-1.493,-0.434,-0.852,-0.015,-0.639,-0.120,-0.808,0.029,-0.723
Kırklareli,2016,8,0.017,-0.723,-1.544,-1.842,-0.775,-1.495,0.029,-0.507,0.015,-0.550
Kırklareli,2016,9,-0.038,-0.277,-0.989,-1.421,-0.736,-1.429,0.586,-0.146,-0.107,-0.804
Kırklareli,2016,10,0.604,0.665,0.120,-0.075,-0.252,-0.711,-0.038,-0.843,-0.149,-0.674
Kırklareli,2016,11,-0.145,-0.228,-0.051,-0.054,-0.846,-1.260,-0.551,-1.104,-0.068,-0.627
Kırklareli,2016,12,-1.848,-1.348,-0.788,-0.588,-1.242,-1.340,-1.037,-1.376,-0.008,-0.398
Kırklareli,2017,1,0.631,0.753,-0.781,-0.564,-0.613,-0.568,-0.775,-0.965,-0.521,-1.042
Kırklareli,2017,2,0.431,0.391,-0.272,-0.197,-0.369,-0.230,-0.944,-1.196,-0.737,-1.121
Kırklareli,2017,3,-0.076,-0.486,0.386,0.242,-0.358,-0.315,-0.716,-0.903,-0.690,-1.073
Kırklareli,2017,4,1.256,1.366,0.662,0.510,-0.193,-0.184,-0.187,-0.244,-0.409,-0.594
Kırklareli,2017,5,-0.196,-0.150,0.380,0.225,-0.129,0.017,-0.217,-0.182,-0.734,-1.026
Kırklareli,2017,6,-0.362,-0.749,0.155,0.020,0.324,0.139,-0.302,-0.313,-0.637,-0.890
Kırklareli,2017,7,1.276,1.127,0.218,-0.122,0.562,0.228,-0.155,-0.255,-0.145,-0.325
Kırklareli,2017,8,-0.192,-1.009,0.261,-0.468,0.348,-0.201,-0.096,-0.249,-0.171,-0.259
Kırklareli,2017,9,0.536,0.106,0.763,0.127,0.593,-0.056,0.589,0.144,-0.042,-0.356
Kırklareli,2017,10,1.241,1.478,0.973,0.736,0.727,0.320,0.969,0.578,0.296,0.063
Kırklareli,2017,11,0.559,0.596,1.201,1.168,0.967,0.618,0.921,0.598,0.508,0.298
Kırklareli,2017,12,1.200,1.271,1.597,1.585,1.618,1.359,1.464,1.194,1.306,1.115
Kırklareli,2018,1,0.542,0.474,1.234,1.224,1.436,1.243,1.245,1.009,1.359,1.102
Kırklareli,2018,2,0.579,0.588,1.076,1.096,1.483,1.427,1.357,1.111,1.329,1.081
Kırklareli,2018,3,2.804,2.399,1.870,2.013,2.403,2.268,2.316,1.966,2.235,1.859
Kırklareli,2018,4,-3.233,-2.282,1.853,1.480,1.891,1.716,1.945,1.580,1.829,1.404
Kırklareli,2018,5,0.149,-0.338,1.801,1.186,1.769,0.957,1.997,1.729,1.855,1.445
Kırklareli,2018,6,1.770,1.723,0.909,0.210,2.170,2.011,2.478,2.159,2.437,1.977
Kırklareli,2018,7,1.956,2.025,2.318,2.115,3.099,1.446,2.848,2.412,2.663,2.195
Kırklareli,2018,8,-1.255,-1.335,2.088,2.031,2.832,2.138,2.599,1.408,2.603,1.434
Kırklareli,2018,9,-0.421,-0.769,0.785,0.514,1.150,0.404,2.207,1.856,2.557,2.295
Kırklareli,2018,10,-0.117,-0.438,-1.078,-1.513,1.097,0.883,2.032,1.593,2.218,1.235
Kırklareli,2018,11,1.087,1.219,0.277,0.152,1.496,1.386,1.975,1.625,2.175,1.898
Kırklareli,2018,12,-0.611,-0.665,0.051,0.082,0.381,0.314,0.669,0.307,1.593,1.321
Kırklareli,2019,1,1.164,1.357,0.993,1.105,0.225,0.152,1.372,1.262,1.997,1.656
Kırklareli,2019,2,-0.095,-0.238,0.293,0.326,0.285,0.307,1.236,1.225,1.724,1.461
Kırklareli,2019,3,-1.447,-1.720,0.315,0.135,0.138,0.082,0.380,0.280,0.629,0.297
Kırklareli,2019,4,-0.114,-0.034,-1.125,-1.048,0.249,0.258,-0.290,-0.443,0.874,0.785
Kırklareli,2019,5,0.364,0.357,-0.752,-0.756,-0.172,-0.049,-0.068,-0.139,0.906,0.892
Kırklareli,2019,6,0.213,-0.395,0.023,-0.255,0.186,-0.134,0.079,-0.069,0.311,0.109
Kırklareli,2019,7,1.341,1.460,0.846,0.634,-0.127,-0.201,0.582,0.568,0.055,-0.176
Kırklareli,2019,8,0.691,0.295,0.943,0.541,0.215,-0.114,0.259,0.107,0.273,0.103
Kırklareli,2019,9,-0.102,-0.393,0.801,0.663,0.537,0.212,0.496,0.259,0.320,0.132
Kırklareli,2019,10,0.804,0.734,0.541,0.344,0.787,0.495,0.165,-0.176,0.676,0.397
Kırklareli,2019,11,-0.458,-1.131,-0.060,-0.560,0.469,-0.052,0.049,-0.433,0.111,-0.259
Kırklareli,2019,12,-0.812,-1.102,-0.436,-0.867,0.036,-0.308,-0.020,-0.432,0.083,-0.256
Kırklareli,2020,1,-0.230,-0.509,-1.450,-1.737,-0.721,-1.234,-0.187,-0.702,-0.664,-1.206
Kırklareli,2020,2,0.334,0.197,-0.677,-0.908,-0.679,-1.117,-0.182,-0.731,-0.463,-0.964
Kırklareli,2020,3,-0.837,-1.266,-0.549,-0.854,-0.844,-1.257,-0.396,-0.821,-0.413,-0.904
Kırklareli,2020,4,0.072,0.236,-0.422,-0.517,-1.323,-1.481,-0.807,-1.162,-0.377,-0.842
Kırklareli,2020,5,0.620,0.708,-0.237,-0.195,-0.801,-0.715,-0.754,-1.071,-0.300,-0.791
Kırklareli,2020,6,1.417,1.501,1.402,1.613,0.347,0.434,-0.093,-0.278,0.170,0.000
Kırklareli,2020,7,-1.834,-1.173,0.930,1.061,0.368,0.346,-0.655,-0.889,-0.328,-0.632
Kırklareli,2020,8,-0.669,-0.942,0.497,0.327,0.115,0.107,-0.545,-0.506,-0.533,-0.678
Kırklareli,2020,9,-0.086,-0.962,-1.426,-1.680,0.314,0.151,-0.283,-0.563,-0.568,-1.016
Kırklareli,2020,10,0.537,0.105,-0.139,-0.961,0.441,0.070,0.102,-0.273,-0.747,-1.085
Kırklareli,2020,11,-2.840,-1.748,-1.052,-1.534,-0.443,-0.860,-0.527,-0.832,-0.965,-1.270
Kırklareli,2020,12,-0.611,-1.009,-1.245,-1.503,-1.826,-2.229,-0.626,-0.893,-0.869,-1.232
Kırklareli,2021,1,1.811,2.039,0.431,0.313,0.151,-0.351,0.511,0.236,0.253,-0.050
Kırklareli,2021,2,1.228,1.311,1.467,1.436,0.736,0.416,0.773,0.441,0.591,0.333
Kırklareli,2021,3,-0.352,-0.167,1.769,1.914,0.708,0.529,0.192,-0.226,0.664,0.514
Kırklareli,2021,4,0.994,1.293,1.087,1.249,0.876,0.916,0.594,0.313,0.859,0.733
Kırklareli,2021,5,-0.713,-0.771,-0.200,-0.008,1.247,0.855,0.547,0.290,0.610,0.338
Kırklareli,2021,6,1.212,1.355,1.050,1.288,2.135,2.427,0.994,1.026,0.520,0.318
Kırklareli,2021,7,-1.111,-1.609,0.182,-0.045,0.885,0.628,0.813,0.819,0.545,0.227
Kırklareli,2021,8,0.109,-0.705,0.519,0.038,0.158,0.015,1.295,0.805,0.621,0.217
Kırklareli,2021,9,-0.615,-0.476,-1.233,-1.567,0.053,-0.157,1.511,1.497,0.563,0.322
Kırklareli,2021,10,0.223,0.252,-0.429,-0.511,-0.226,-0.478,0.369,0.383,0.463,0.305
Kırklareli,2021,11,0.777,0.743,0.157,0.229,0.334,0.168,0.140,0.107,1.045,1.002
Kırklareli,2021,12,1.673,1.786,1.517,1.516,0.858,0.679,1.133,1.089,1.852,1.695
Kırklareli,2022,1,-0.850,-1.040,1.176,1.167,0.639,0.642,0.545,0.469,0.907,0.950
Kırklareli,2022,2,1.735,1.861,1.536,1.619,1.312,1.394,1.297,1.244,1.100,1.137
Kırklareli,2022,3,-2.299,-1.096,0.182,0.231,1.185,1.321,0.678,0.627,0.953,1.021
Kırklareli,2022,4,0.688,0.539,1.110,1.234,1.429,1.529,0.974,1.001,0.899,0.899
Kırklareli,2022,5,-0.962,-0.923,-1.201,-0.946,0.987,0.756,0.814,0.962,0.858,0.845
Kırklareli,2022,6,-0.114,-0.362,-0.464,-0.692,-0.200,-0.309,0.883,0.976,0.443,0.304
Kırklareli,2022,7,-0.013,-0.311,-0.907,-1.142,0.241,0.189,0.938,0.956,0.550,0.500
Kırklareli,2022,8,0.925,0.397,0.079,-0.457,-0.873,-1.008,0.855,0.560,0.699,0.499
Kırklareli,2022,9,0.482,0.486,0.435,0.134,-0.128,-0.547,-0.044,-0.236,0.910,0.902
Kırklareli,2022,10,-1.389,-1.391,-0.258,-0.579,-0.786,-1.168,-0.064,-0.287,0.642,0.378
Kırklareli,2022,11,-0.801,-1.238,-1.332,-1.475,-0.913,-1.295,-1.341,-1.510,0.142,-0.111
Kırklareli,2022,12,0.328,0.128,-1.035,-1.345,-0.635,-1.063,-0.806,-1.243,-0.596,-0.894
Kırklareli,2023,1,-0.499,-0.991,-0.924,-1.346,-0.976,-1.524,-1.288,-1.854,-0.612,-1.058
Kırklareli,2023,2,-1.516,-1.423,-0.804,-1.107,-1.575,-1.849,-1.377,-1.769,-1.715,-1.976
Kırklareli,2023,3,0.304,0.253,-1.021,-1.201,-1.626,-1.779,-1.203,-1.606,-1.329,-1.782
Kırklareli,2023,4,1.776,2.135,0.379,0.480,-0.469,-0.728,-0.599,-0.900,-0.965,-1.352
Kırklareli,2023,5,-0.244,0.230,0.953,1.290,-0.183,-0.035,-0.863,-0.970,-0.817,-1.092
Kırklareli,2023,6,0.065,0.117,0.800,1.241,-0.389,-0.286,-0.988,-1.071,-0.766,-0.967
Kırklareli,2023,7,0.049,-0.988,-0.383,-0.476,-0.093,0.045,-0.713,-0.967,-0.763,-1.063
Kırklareli,2023,8,-1.619,-1.953,-0.603,-1.321,0.223,-0.023,-0.551,-0.727,-1.095,-1.306
Kırklareli,2023,9,-0.302,-1.135,-1.040,-2.091,-0.095,-0.560,-0.885,-1.346,-1.377,-1.755
Kırklareli,2023,10,-1.536,-1.784,-2.195,-3.347,-1.419,-1.883,-1.093,-1.578,-1.466,-1.951
Kırklareli,2023,11,1.781,1.855,0.607,0.118,0.085,-0.766,0.457,0.016,-0.168,-0.728
Kırklareli,2023,12,0.700,0.662,1.025,0.817,0.428,-0.396,0.658,0.274,0.019,-0.412
Kırklareli,2024,1,0.340,0.201,1.569,1.483,0.492,-0.073,0.188,-0.363,0.267,-0.137
Kırklareli,2024,2,-0.769,-1.352,0.143,-0.118,0.376,-0.058,0.035,-0.766,0.348,-0.113
Kırklareli,2024,3,0.592,0.497,-0.057,-0.446,0.634,0.286,0.195,-0.628,0.421,-0.042
Kırklareli,2024,4,-0.396,-1.128,-0.541,-1.168,0.979,0.611,0.148,-0.674,-0.078,-0.853
Kırklareli,2024,5,0.562,0.981,0.324,0.169,0.193,0.042,0.410,-0.060,0.102,-0.685
Kırklareli,2024,6,-1.280,-2.211,-0.869,-1.479,-0.642,-1.320,0.230,-0.401,-0.145,-1.210
Kırklareli,2024,7,-1.003,-2.316,-0.968,-1.826,-1.262,-3.150,0.460,-0.381,-0.267,-1.383
Kırklareli,2024,8,-0.629,-1.322,-2.161,-2.585,-1.023,-1.977,-0.620,-1.551,-0.222,-1.151
Kırklareli,2024,9,0.932,0.816,-0.089,-1.301,-0.869,-1.900,-0.712,-1.821,0.098,-0.985
Kırklareli,2024,10,-1.636,-1.329,-0.560,-1.095,-1.033,-1.800,-1.412,-2.356,0.089,-0.718
Kırklareli,2024,11,-1.051,-0.942,-1.039,-1.064,-1.934,-2.429,-1.291,-1.948,-1.021,-1.743
Kırklareli,2024,12,0.057,-0.082,-1.477,-1.302,-1.305,-1.856,-1.549,-2.194,-1.297,-2.161
Lüleburgaz,1965,1,0.035,-0.127,,,,,,,,
Lüleburgaz,1965,2,1.793,2.047,,,,,,,,
Lüleburgaz,1965,3,0.147,0.130,0.979,1.095,,,,,,
Lüleburgaz,1965,4,1.560,1.764,2.313,2.068,,,,,,
Lüleburgaz,1965,5,0.675,0.802,1.334,1.489,,,,,,
Lüleburgaz,1965,6,-0.043,-0.178,1.159,1.346,1.631,1.713,,,,
Lüleburgaz,1965,7,-0.772,-0.645,-0.211,-0.058,1.594,1.840,,,,
Lüleburgaz,1965,8,-0.381,0.423,-0.751,-0.217,0.425,0.847,,,,
Lüleburgaz,1965,9,0.347,0.259,-0.465,-0.053,0.452,0.610,1.022,0.897,,
Lüleburgaz,1965,10,-1.316,-0.831,-0.921,-0.394,-0.850,-0.413,0.630,0.746,,
Lüleburgaz,1965,11,1.759,1.798,0.817,0.925,0.239,0.338,0.735,0.686,,
Lüleburgaz,1965,12,1.033,1.027,1.166,1.214,0.740,0.620,1.089,0.842,1.371,0.986
Lüleburgaz,1966,1,1.698,1.752,2.450,2.138,1.692,1.803,1.390,1.068,2.079,1.428
Lüleburgaz,1966,2,0.077,-0.457,1.608,1.523,1.618,1.551,1.154,0.856,1.490,1.083
Lüleburgaz,1966,3,0.604,0.652,1.301,1.256,1.639,1.570,1.259,1.372,1.516,1.096
Lüleburgaz,1966,4,0.377,0.035,0.358,0.083,2.317,1.948,1.557,1.531,1.309,0.894
Lüleburgaz,1966,5,0.935,1.210,0.979,1.036,2.050,1.804,1.898,1.739,1.418,0.923
Lüleburgaz,1966,6,-0.223,0.134,0.437,0.742,1.547,1.565,1.798,1.690,1.426,1.567
Lüleburgaz,1966,7,-0.962,-0.855,-0.129,0.308,0.074,0.168,2.129,1.933,1.419,1.513
Lüleburgaz,1966,8,0.587,0.218,-0.539,-0.225,0.243,0.438,1.488,0.924,1.497,1.501
Lüleburgaz,1966,9,0.117,0.376,-0.320,-0.139,-0.053,0.266,1.002,0.780,1.390,1.470
Lüleburgaz,1966,10,0.443,-0.002,0.280,0.105,0.030,0.168,0.128,0.138,1.752,1.064
Lüleburgaz,1966,11,1.824,1.792,1.388,1.344,0.808,0.518,1.055,0.697,1.808,1.005
Lüleburgaz,1966,12,1.300,1.469,1.810,1.686,1.366,0.839,1.413,0.906,1.824,1.077
Lüleburgaz,1967,1,1.026,1.193,2.269,2.056,1.955,1.877,1.662,1.173,1.609,1.080
Lüleburgaz,1967,2,0.326,0.513,1.431,1.618,1.833,1.792,1.401,1.012,1.607,1.126
Lüleburgaz,1967,3,-0.575,-0.719,0.485,0.654,1.668,1.597,1.318,1.367,1.345,0.988
Lüleburgaz,1967,4,0.079,-0.104,-0.377,-0.172,1.886,1.796,1.577,1.533,1.350,0.951
Lüleburgaz,1967,5,-0.513,-0.813,-0.973,-1.016,1.004,1.144,1.521,1.459,1.119,0.758
Lüleburgaz,1967,6,0.948,1.285,0.214,0.328,0.494,0.818,1.753,1.617,1.419,1.447
Lüleburgaz,1967,7,0.163,0.269,0.199,0.506,-0.208,0.139,1.816,1.838,1.539,1.566
Lüleburgaz,1967,8,1.050,0.986,0.821,0.789,-0.007,0.271,1.179,0.923,1.598,1.672
Lüleburgaz,1967,9,0.394,0.293,0.445,0.404,0.339,0.451,0.519,0.602,1.575,1.612
Lüleburgaz,1967,10,-0.221,-0.432,0.120,0.093,0.092,0.281,-0.159,0.120,1.431,1.007
Lüleburgaz,1967,11,-0.582,-0.712,-0.707,-0.812,-0.036,0.158,-0.484,-0.159,0.557,0.546
Lüleburgaz,1967,12,0.622,0.658,-0.230,-0.312,-0.053,0.082,-0.040,0.144,0.157,0.319
Lüleburgaz,1968,1,1.676,1.782,1.071,1.191,0.822,0.933,0.732,0.690,0.499,0.565
Lüleburgaz,1968,2,-0.157,-0.400,1.256,1.378,0.543,0.611,0.724,0.675,0.381,0.423
Lüleburgaz,1968,3,0.429,0.514,1.148,1.260,0.569,0.669,0.574,0.702,0.558,0.560
Lüleburgaz,1968,4,-2.374,-1.600,-0.998,-1.095,0.499,0.521,0.357,0.344,0.332,0.351
Lüleburgaz,1968,5,-1.473,-1.899,-1.667,-1.935,0.548,0.361,-0.053,-0.254,0.235,0.225
Lüleburgaz,1968,6,-0.235,-0.255,-2.477,-2.081,0.086,-0.145,-0.196,-0.321,-0.085,-0.142
Lüleburgaz,1968,7,-1.025,-0.800,-1.854,-1.683,-2.059,-1.932,-0.235,-0.406,-0.237,-0.338
Lüleburgaz,1968,8,0.804,1.068,-0.432,-0.074,-1.658,-1.388,0.171,0.163,-0.285,-0.336
Lüleburgaz,1968,9,0.939,1.047,0.385,0.431,-1.280,-0.971,0.171,0.169,-0.094,-0.129
Lüleburgaz,1968,10,-0.885,-0.688,0.081,0.411,-0.959,-0.806,-1.328,-1.000,-0.241,-0.103
Lüleburgaz,1968,11,-0.844,-0.999,-0.771,-0.688,-0.904,-0.365,-1.555,-1.151,-0.285,-0.116
Lüleburgaz,1968,12,0.978,1.143,-0.219,-0.178,-0.078,0.165,-0.953,-0.679,-0.084,0.040
Lüleburgaz,1969,1,0.486,0.649,0.382,0.526,0.217,0.525,-0.462,-0.242,-0.825,-0.611
Lüleburgaz,1969,2,1.118,1.223,1.230,1.384,0.492,0.687,0.202,0.357,-0.322,-0.196
Lüleburgaz,1969,3,-0.276,-0.075,0.622,0.799,0.170,0.379,0.207,0.463,-0.460,-0.266
Lüleburgaz,1969,4,-0.191,-0.051,0.430,0.708,0.481,0.726,0.323,0.669,-0.247,0.009
Lüleburgaz,1969,5,-2.467,-1.881,-1.615,-1.308,0.534,0.733,-0.094,0.126,-0.314,0.036
Lüleburgaz,1969,6,-0.884,-1.037,-2.057,-1.665,-0.493,-0.434,-0.565,-0.407,-0.436,-0.190
Lüleburgaz,1969,7,0.550,1.067,-1.440,-1.119,-0.632,-0.374,-0.145,0.131,-0.183,0.238
Lüleburgaz,1969,8,1.144,1.221,0.151,0.358,-1.067,-0.540,0.422,0.553,-0.106,0.243
Lüleburgaz,1969,9,-0.440,-0.609,0.346,0.494,-1.126,-0.522,-0.290,0.076,-0.416,-0.146
Lüleburgaz,1969,10,0.044,-0.044,0.000,0.074,-0.864,-0.702,-0.510,-0.136,-0.208,0.070
Lüleburgaz,1969,11,-1.128,-1.263,-1.209,-1.184,-0.820,-0.368,-1.457,-0.837,-0.247,0.058
Lüleburgaz,1969,12,1.067,1.133,0.121,0.005,0.164,0.286,-0.587,-0.306,-0.187,0.048
Lüleburgaz,1970,1,0.661,0.638,0.498,0.402,0.268,0.212,-0.311,-0.249,-0.164,-0.021
Lüleburgaz,1970,2,1.281,1.359,1.468,1.436,0.538,0.438,0.440,0.385,-0.063,0.026
Lüleburgaz,1970,3,0.453,0.312,1.063,0.985,0.728,0.642,0.673,0.741,0.104,0.102
Lüleburgaz,1970,4,0.799,0.242,1.503,1.096,1.129,0.867,0.823,0.629,0.320,0.141
Lüleburgaz,1970,5,0.070,0.187,0.578,0.350,1.706,1.479,0.689,0.540,0.580,0.425
Lüleburgaz,1970,6,0.154,0.295,0.339,0.331,1.216,1.131,0.807,0.779,0.764,0.879
Lüleburgaz,1970,7,-1.080,-0.888,-0.604,-0.272,0.706,0.618,0.775,0.667,0.544,0.507
Lüleburgaz,1970,8,1.460,1.481,0.209,0.266,0.431,0.432,1.460,0.883,0.614,0.539
Lüleburgaz,1970,9,-2.151,-0.623,-0.318,-0.047,-0.129,0.125,0.728,0.560,0.516,0.498
Lüleburgaz,1970,10,0.584,0.673,0.413,0.674,-0.102,0.277,0.624,0.549,0.720,0.531
Lüleburgaz,1970,11,1.082,1.195,0.594,0.817,0.466,0.493,0.585,0.518,1.353,0.865
Lüleburgaz,1970,12,-0.403,-0.578,0.497,0.621,0.190,0.322,0.236,0.355,0.735,0.591
Lüleburgaz,1971,1,0.847,0.762,0.700,0.721,0.681,0.850,0.323,0.447,0.829,0.669
Lüleburgaz,1971,2,1.310,1.480,0.766,0.732,0.834,0.979,0.719,0.652,0.822,0.672
Lüleburgaz,1971,3,2.218,2.211,1.942,1.868,1.647,1.662,1.299,1.482,1.298,0.981
Lüleburgaz,1971,4,-0.794,-0.653,2.165,1.900,1.646,1.606,1.437,1.558,1.095,0.877
Lüleburgaz,1971,5,1.385,1.289,2.150,1.942,1.884,1.726,1.648,1.641,1.448,0.967
Lüleburgaz,1971,6,-0.067,-0.134,0.364,0.277,2.272,1.952,1.781,1.663,1.446,1.536
Lüleburgaz,1971,7,-0.016,0.354,0.620,0.789,1.948,2.042,1.752,1.745,1.543,1.661
Lüleburgaz,1971,8,1.623,1.581,0.460,0.510,1.786,1.884,1.730,1.084,1.568,1.697
Lüleburgaz,1971,9,0.293,0.546,0.622,0.677,0.592,0.642,2.007,1.271,1.664,1.800
Lüleburgaz,1971,10,-0.283,-0.138,0.323,0.649,0.490,0.876,1.411,1.101,1.461,1.061
Lüleburgaz,1971,11,0.732,0.793,0.143,0.411,0.270,0.458,1.162,0.901,1.348,0.944
Lüleburgaz,1971,12,-0.192,-0.311,-0.099,0.053,0.147,0.410,0.207,0.421,1.315,0.962
Lüleburgaz,1972,1,-0.989,-1.023,-0.393,-0.340,-0.234,0.054,0.015,0.292,0.880,0.860
Lüleburgaz,1972,2,-0.192,-0.220,-1.020,-0.971,-0.697,-0.397,-0.451,-0.013,0.414,0.573
Lüleburgaz,1972,3,-0.641,-0.673,-1.131,-1.030,-0.865,-0.661,-0.529,-0.189,-0.415,-0.005
Lüleburgaz,1972,4,0.243,-0.381,-0.734,-0.822,-0.730,-0.768,-0.497,-0.316,-0.244,0.035
Lüleburgaz,1972,5,-0.236,-0.470,-0.718,-0.967,-1.485,-1.587,-1.015,-0.814,-0.738,-0.253
Lüleburgaz,1972,6,-0.801,-1.071,-0.770,-1.147,-1.831,-1.961,-1.268,-1.240,-0.908,-0.632
Lüleburgaz,1972,7,0.743,0.722,-0.414,-0.568,-0.922,-1.063,-0.958,-1.023,-0.700,-0.516
Lüleburgaz,1972,8,0.919,0.742,0.195,0.050,-0.473,-0.665,-1.205,-1.034,-0.889,-0.709
Lüleburgaz,1972,9,1.174,1.405,1.146,0.883,0.427,0.270,-0.564,-0.369,-0.527,-0.403
Lüleburgaz,1972,10,0.923,1.122,1.259,1.522,0.766,0.946,0.309,0.312,-0.043,0.082
Lüleburgaz,1972,11,-0.548,-0.667,0.708,0.966,0.547,0.461,0.163,0.178,-0.479,-0.215
Lüleburgaz,1972,12,-2.303,-1.609,-0.624,-0.537,0.131,0.297,-0.243,-0.090,-0.836,-0.514
Lüleburgaz,1973,1,-0.181,-0.183,-1.788,-1.646,-0.248,-0.002,-0.453,-0.198,-0.728,-0.480
Lüleburgaz,1973,2,1.294,1.371,-0.328,-0.405,0.157,0.373,0.130,0.214,-0.151,-0.070
Lüleburgaz,1973,3,0.617,0.864,0.709,0.816,-0.022,0.146,0.422,0.643,0.125,0.185
Lüleburgaz,1973,4,-0.478,-0.574,1.015,1.028,-0.665,-0.585,0.212,0.432,-0.000,0.150
Lüleburgaz,1973,5,-0.655,-0.999,-0.464,-0.461,-0.686,-0.689,-0.080,0.154,-0.073,0.101
Lüleburgaz,1973,6,0.432,0.735,-0.636,-0.494,0.261,0.495,-0.344,-0.042,0.171,0.496
Lüleburgaz,1973,7,-0.342,-0.381,-0.582,-0.375,0.312,0.480,-0.973,-0.762,-0.062,0.282
Lüleburgaz,1973,8,-0.063,0.681,-0.137,0.324,-0.586,-0.029,-0.758,-0.175,-0.207,0.244
Lüleburgaz,1973,9,-0.718,-0.655,-0.889,-0.193,-1.248,-0.438,-0.270,0.136,-0.644,-0.289
Lüleburgaz,1973,10,0.417,0.235,-0.182,0.015,-0.585,-0.307,0.013,0.242,-0.952,-0.473
Lüleburgaz,1973,11,-0.840,-0.735,-0.762,-0.780,-0.723,-0.159,-0.892,-0.296,-1.016,-0.437
Lüleburgaz,1973,12,-0.959,-1.139,-0.945,-0.955,-1.274,-0.724,-1.509,-0.862,-0.798,-0.321
Lüleburgaz,1974,1,-1.143,-1.011,-2.163,-1.846,-1.865,-1.351,-1.884,-1.238,-1.147,-0.653
Lüleburgaz,1974,2,-0.410,-0.705,-1.762,-1.588,-1.840,-1.643,-1.659,-1.059,-1.750,-1.182
Lüleburgaz,1974,3,0.225,0.271,-0.859,-0.843,-1.401,-1.323,-1.637,-1.255,-1.793,-1.276
Lüleburgaz,1974,4,0.752,0.939,0.044,0.279,-1.531,-1.253,-1.415,-0.995,-1.522,-0.892
Lüleburgaz,1974,5,1.355,1.644,1.299,1.543,-0.582,-0.283,-0.957,-0.705,-0.965,-0.291
Lüleburgaz,1974,6,-0.458,-0.286,0.908,1.302,-0.268,0.223,-0.919,-0.562,-1.237,-0.726
Lüleburgaz,1974,7,-1.140,-0.303,0.124,0.676,0.024,0.589,-1.384,-0.805,-1.325,-0.683
Lüleburgaz,1974,8,0.702,0.955,-0.654,0.039,0.445,1.120,-0.919,-0.133,-1.184,-0.631
Lüleburgaz,1974,9,0.203,0.176,-0.231,0.189,0.375,0.721,-0.444,0.196,-0.950,-0.459
Lüleburgaz,1974,10,-0.087,-0.740,-0.042,-0.160,-0.070,0.210,-0.104,0.226,-1.201,-0.574
Lüleburgaz,1974,11,0.683,0.743,0.166,-0.138,-0.278,-0.014,0.315,0.468,-0.635,-0.139
Lüleburgaz,1974,12,-0.597,-0.747,-0.240,-0.477,-0.404,-0.139,-0.024,0.275,-0.522,-0.061
Lüleburgaz,1975,1,0.239,0.272,-0.072,0.025,-0.231,-0.234,-0.213,0.084,-0.230,0.118
Lüleburgaz,1975,2,-1.109,-1.041,-0.918,-0.871,-0.617,-0.702,-0.857,-0.487,-0.308,0.072
Lüleburgaz,1975,3,0.177,-0.200,-0.369,-0.477,-0.538,-0.728,-0.647,-0.610,-0.297,0.022
Lüleburgaz,1975,4,-0.239,-0.642,-1.038,-1.217,-0.588,-0.675,-0.600,-0.682,-0.538,-0.254
Lüleburgaz,1975,5,1.383,1.472,0.768,0.433,-0.420,-0.537,-0.283,-0.464,-0.552,-0.281
Lüleburgaz,1975,6,1.378,1.595,1.569,1.508,0.672,0.702,0.192,0.156,-0.008,0.108
Lüleburgaz,1975,7,0.274,0.273,1.648,1.803,0.696,0.703,0.350,0.472,0.168,0.239
Lüleburgaz,1975,8,1.471,1.758,1.335,1.095,1.534,1.576,0.425,0.473,0.335,0.399
Lüleburgaz,1975,9,-0.268,-0.573,0.429,0.430,1.312,0.940,0.647,0.561,0.248,0.235
Lüleburgaz,1975,10,1.685,1.900,1.582,1.763,2.041,2.329,1.468,1.024,1.096,0.825
Lüleburgaz,1975,11,0.536,0.651,1.387,1.557,1.672,1.105,1.763,1.079,1.064,0.778
Lüleburgaz,1975,12,0.047,0.047,1.205,1.397,1.088,0.861,1.584,1.067,1.161,0.861
Lüleburgaz,1976,1,-0.942,-1.073,-0.374,-0.249,0.828,1.074,1.372,1.102,0.939,0.802
Lüleburgaz,1976,2,-1.874,-1.329,-1.343,-1.178,0.175,0.346,0.693,0.715,0.860,0.747
Lüleburgaz,1976,3,-0.458,-0.330,-1.682,-1.363,0.152,0.412,0.210,0.491,0.720,0.720
Lüleburgaz,1976,4,0.438,0.152,-1.249,-0.915,-0.949,-0.745,0.292,0.537,0.871,0.780
Lüleburgaz,1976,5,0.160,0.216,-0.204,-0.043,-1.422,-1.180,0.033,0.297,0.578,0.633
Lüleburgaz,1976,6,1.334,1.708,1.074,1.314,-0.693,-0.238,0.557,0.975,0.574,1.026
Lüleburgaz,1976,7,1.131,1.541,1.417,1.887,0.367,0.966,-0.087,0.484,0.812,1.269
Lüleburgaz,1976,8,1.026,1.736,1.539,1.395,1.178,1.832,-0.094,0.500,0.710,1.262
Lüleburgaz,1976,9,-1.197,-0.549,0.561,0.827,1.039,1.099,-0.291,0.412,0.608,1.214
Lüleburgaz,1976,10,0.638,0.536,0.310,0.722,0.978,1.662,0.338,0.699,-0.009,0.458
Lüleburgaz,1976,11,0.462,0.283,0.194,0.047,1.016,0.882,0.793,0.797,-0.023,0.394
Lüleburgaz,1976,12,0.855,0.989,0.851,0.819,0.854,0.782,1.159,0.964,0.325,0.569
Lüleburgaz,1977,1,-0.209,-0.317,0.486,0.499,0.443,0.709,0.950,0.975,0.468,0.714
Lüleburgaz,1977,2,-0.268,-1.072,0.186,-0.035,0.150,0.007,0.788,0.769,0.650,0.711
Lüleburgaz,1977,3,-0.704,-0.882,-0.762,-1.097,0.177,-0.031,0.290,0.449,0.593,0.649
Lüleburgaz,1977,4,0.086,-0.035,-0.942,-1.201,-0.037,-0.246,0.029,0.102,0.549,0.611
Lüleburgaz,1977,5,0.620,0.599,-0.222,-0.197,-0.042,-0.152,0.001,-0.089,0.670,0.656
Lüleburgaz,1977,6,0.200,0.360,0.268,0.448,-0.705,-0.766,0.217,0.216,0.333,0.649
Lüleburgaz,1977,7,0.111,0.138,0.222,0.520,-0.555,-0.523,-0.011,0.008,0.045,0.310
Lüleburgaz,1977,8,-1.563,-0.430,-0.295,0.033,-0.534,-0.193,-0.288,-0.063,-0.190,-0.140
Lüleburgaz,1977,9,0.696,0.912,0.064,0.251,0.077,0.391,-0.626,-0.279,0.126,0.166
Lüleburgaz,1977,10,-0.612,-0.363,-0.447,-0.032,-0.278,0.200,-0.726,-0.266,-0.289,-0.033
Lüleburgaz,1977,11,-0.347,-0.717,-0.576,-0.453,-0.684,-0.171,-0.749,-0.221,-0.562,-0.208
Lüleburgaz,1977,12,-0.090,-0.147,-0.855,-0.767,-0.738,-0.272,-0.618,-0.112,-1.010,-0.566
Lüleburgaz,1978,1,0.212,0.171,-0.461,-0.573,-0.795,-0.580,-0.631,-0.199,-0.964,-0.601
Lüleburgaz,1978,2,0.421,0.249,-0.005,-0.087,-0.466,-0.360,-0.596,-0.255,-0.693,-0.325
Lüleburgaz,1978,3,0.591,0.476,0.382,0.247,-0.424,-0.462,-0.434,-0.363,-0.366,-0.079
Lüleburgaz,1978,4,1.227,1.249,1.153,0.997,0.235,0.136,-0.116,-0.025,-0.078,0.139
Lüleburgaz,1978,5,0.696,0.738,1.352,1.300,0.709,0.788,0.136,0.310,-0.064,0.183
Lüleburgaz,1978,6,-0.318,-0.283,0.795,0.926,0.770,0.830,-0.121,0.055,-0.185,0.062
Lüleburgaz,1978,7,-1.156,-0.441,-0.430,-0.059,0.511,0.661,-0.045,0.059,-0.335,-0.036
Lüleburgaz,1978,8,-0.871,0.393,-1.203,-0.197,0.245,0.692,0.062,0.346,-0.315,0.075
Lüleburgaz,1978,9,1.256,1.496,0.260,0.594,0.611,0.815,0.631,0.706,-0.084,0.273
Lüleburgaz,1978,10,0.464,0.377,0.688,1.072,0.226,0.754,0.680,0.720,0.232,0.384
Lüleburgaz,1978,11,-1.611,-1.235,0.058,0.200,-0.574,0.023,0.124,0.409,0.021,0.319
Lüleburgaz,1978,12,-1.129,-1.321,-1.239,-1.177,-0.885,-0.263,-0.468,0.058,-0.248,0.107
Lüleburgaz,1979,1,1.066,1.167,-0.705,-0.725,-0.168,0.140,-0.388,0.069,0.082,0.339
Lüleburgaz,1979,2,-0.029,-0.247,-0.035,-0.177,-0.100,0.008,-0.541,-0.122,-0.022,0.257
Lüleburgaz,1979,3,-2.246,-2.317,0.062,-0.158,-0.914,-1.059,-0.757,-0.572,-0.438,-0.082
Lüleburgaz,1979,4,1.265,1.396,-0.264,-0.368,-0.745,-0.823,-0.266,-0.079,-0.443,-0.052
Lüleburgaz,1979,5,-0.973,-0.954,-0.713,-0.799,-0.524,-0.685,-0.426,-0.349,-0.826,-0.314
Lüleburgaz,1979,6,-0.334,-0.576,-0.016,-0.015,-0.108,-0.205,-0.979,-1.052,-0.858,-0.562
Lüleburgaz,1979,7,0.686,1.097,-0.592,-0.294,-0.705,-0.590,-1.054,-0.934,-0.538,-0.180
Lüleburgaz,1979,8,0.375,0.608,0.103,0.334,-0.552,-0.235,-0.492,-0.166,-0.419,-0.161
Lüleburgaz,1979,9,-0.978,-0.551,-0.034,0.351,-0.204,0.266,-0.216,0.086,-0.924,-0.691
Lüleburgaz,1979,10,1.065,1.221,0.547,0.808,0.023,0.382,-0.168,0.116,-0.605,-0.234
Lüleburgaz,1979,11,1.421,1.494,1.294,1.495,0.973,0.777,0.583,0.553,0.394,0.423
Lüleburgaz,1979,12,-0.346,-0.639,1.058,1.120,0.782,0.711,0.672,0.646,0.526,0.509
Lüleburgaz,1980,1,1.200,1.359,1.210,1.272,1.181,1.389,0.795,0.772,0.594,0.606
Lüleburgaz,1980,2,0.333,0.452,0.527,0.629,1.138,1.300,0.948,0.859,0.675,0.669
Lüleburgaz,1980,3,0.348,0.483,0.909,1.107,1.299,1.425,1.055,1.410,0.957,0.889
Lüleburgaz,1980,4,0.697,0.731,0.570,0.831,1.254,1.375,1.183,1.408,0.857,0.789
Lüleburgaz,1980,5,0.470,0.516,0.678,0.907,0.788,1.076,1.311,1.491,1.113,0.904
Lüleburgaz,1980,6,0.421,0.668,0.677,1.001,1.248,1.559,1.528,1.640,1.290,1.673
Lüleburgaz,1980,7,0.960,1.182,0.804,1.201,0.902,1.376,1.464,1.685,1.367,1.656
Lüleburgaz,1980,8,0.186,0.755,0.638,0.776,0.847,1.413,0.896,0.889,1.337,1.693
Lüleburgaz,1980,9,0.056,0.365,0.440,0.651,0.660,0.879,1.102,1.068,1.382,1.761
Lüleburgaz,1980,10,-1.892,-1.635,-1.097,-0.683,-0.200,0.225,0.052,0.425,0.766,0.768
Lüleburgaz,1980,11,0.580,0.448,-0.514,-0.739,-0.052,0.180,0.189,0.403,0.403,0.530
Lüleburgaz,1980,12,0.385,0.262,-0.161,-0.531,-0.004,0.136,0.208,0.379,0.615,0.650
Lüleburgaz,1981,1,1.151,1.312,0.997,1.023,0.240,0.337,0.489,0.578,0.597,0.698
Lüleburgaz,1981,2,0.216,0.273,0.828,0.943,0.258,0.258,0.406,0.494,0.559,0.649
Lüleburgaz,1981,3,-0.132,-0.537,0.663,0.715,0.239,0.069,0.290,0.373,0.446,0.531
Lüleburgaz,1981,4,-1.120,-0.878,-0.813,-0.758,0.494,0.482,-0.111,-0.061,0.159,0.311
Lüleburgaz,1981,5,-0.453,-0.033,-1.336,-0.961,0.154,0.405,-0.264,-0.172,-0.029,0.258
Lüleburgaz,1981,6,-2.242,-1.695,-2.355,-1.514,-0.545,-0.407,-0.553,-0.668,-0.399,-0.213
Lüleburgaz,1981,7,0.633,0.930,-1.007,-0.552,-1.397,-1.014,0.001,0.155,-0.513,-0.263
Lüleburgaz,1981,8,-0.472,0.226,-0.731,-0.273,-1.677,-0.965,-0.295,0.094,-0.571,-0.376
Lüleburgaz,1981,9,-0.388,-0.309,-0.149,0.250,-1.831,-0.701,-0.622,-0.086,-0.609,-0.496
Lüleburgaz,1981,10,0.598,0.374,0.015,0.073,-0.647,-0.368,-0.984,-0.501,-0.085,0.083
Lüleburgaz,1981,11,1.538,1.744,1.124,1.265,0.514,0.467,-0.069,0.186,0.406,0.479
Lüleburgaz,1981,12,1.414,1.499,1.781,1.778,1.388,0.984,0.721,0.650,0.886,0.735
Lüleburgaz,1982,1,-0.459,-0.546,1.559,1.589,1.198,1.336,0.697,0.683,0.336,0.435
Lüleburgaz,1982,2,-1.393,-1.138,0.374,0.355,0.915,1.014,0.507,0.495,0.070,0.237
Lüleburgaz,1982,3,-0.195,-0.150,-1.119,-0.965,0.923,1.023,0.681,0.942,0.063,0.293
Lüleburgaz,1982,4,1.381,1.544,-0.074,0.298,1.306,1.453,0.978,1.174,0.562,0.608
Lüleburgaz,1982,5,0.506,0.586,0.905,1.142,0.773,1.006,1.182,1.336,0.762,0.676
Lüleburgaz,1982,6,0.191,0.074,1.038,1.207,-0.352,0.027,1.292,1.392,1.036,1.357
Lüleburgaz,1982,7,-0.020,0.422,0.071,0.493,-0.098,0.465,1.198,1.513,0.906,1.250
Lüleburgaz,1982,8,-0.279,0.401,-0.233,0.242,0.367,0.978,0.451,0.635,0.912,1.269
Lüleburgaz,1982,9,-1.410,-1.105,-0.945,-0.118,0.135,0.508,-0.806,-0.085,0.809,1.119
Lüleburgaz,1982,10,-0.097,-0.439,-0.882,-0.708,-0.633,-0.294,-0.611,-0.053,0.589,0.653
Lüleburgaz,1982,11,-0.620,-0.629,-1.260,-1.234,-1.119,-0.489,-0.499,-0.004,-0.240,0.124
Lüleburgaz,1982,12,0.750,0.691,-0.078,-0.255,-0.526,-0.189,-0.057,0.208,-0.659,-0.174
Lüleburgaz,1983,1,-0.783,-0.882,-0.394,-0.476,-0.968,-0.930,-0.844,-0.466,-0.832,-0.355
Lüleburgaz,1983,2,0.653,0.807,0.286,0.229,-0.569,-0.686,-0.660,-0.358,-0.315,0.013
Lüleburgaz,1983,3,-2.412,-2.025,-0.870,-0.914,-0.706,-0.832,-1.020,-0.867,-0.551,-0.210
Lüleburgaz,1983,4,-1.087,-1.266,-1.285,-1.374,-0.983,-1.147,-1.322,-1.250,-1.175,-0.814
Lüleburgaz,1983,5,-0.185,-0.633,-2.384,-2.187,-0.877,-1.270,-1.440,-1.666,-1.419,-1.131
Lüleburgaz,1983,6,0.883,1.338,-0.209,-0.224,-1.169,-1.118,-0.868,-0.921,-1.204,-0.958
Lüleburgaz,1983,7,0.828,0.894,0.699,0.964,-0.334,-0.258,-0.578,-0.532,-0.953,-0.815
Lüleburgaz,1983,8,0.555,1.073,0.931,0.979,-0.566,-0.228,-0.218,0.061,-0.830,-0.682
Lüleburgaz,1983,9,-0.112,-0.056,0.386,0.522,0.002,0.319,-0.759,-0.254,-0.645,-0.486
Lüleburgaz,1983,10,-0.921,-0.736,-0.746,-0.209,-0.117,0.374,-0.721,-0.207,-0.868,-0.417
Lüleburgaz,1983,11,-0.487,-0.431,-1.333,-0.965,-0.282,0.240,-1.186,-0.504,-0.820,-0.320
Lüleburgaz,1983,12,-0.490,-0.793,-1.338,-1.136,-0.863,-0.299,-0.953,-0.370,-1.357,-0.750
Lüleburgaz,1984,1,0.936,0.949,-0.187,-0.220,-0.719,-0.446,-0.327,0.064,-0.787,-0.380
Lüleburgaz,1984,2,-0.053,-0.201,0.082,-0.087,-0.784,-0.720,-0.259,0.119,-0.962,-0.581
Lüleburgaz,1984,3,2.095,2.150,1.389,1.436,0.188,0.310,0.224,0.470,0.089,0.302
Lüleburgaz,1984,4,1.066,1.288,1.915,1.815,0.877,1.037,0.330,0.656,0.494,0.623
Lüleburgaz,1984,5,-0.444,-0.778,1.881,1.864,1.129,1.206,0.162,0.388,0.467,0.614
Lüleburgaz,1984,6,-0.223,0.039,0.070,0.343,1.450,1.561,0.147,0.483,0.190,0.630
Lüleburgaz,1984,7,0.416,0.894,-0.522,0.016,1.097,1.572,0.552,0.951,0.074,0.633
Lüleburgaz,1984,8,-0.831,0.650,-0.325,0.460,1.098,1.774,0.730,0.817,-0.053,0.532
Lüleburgaz,1984,9,-0.319,-0.649,-0.354,0.259,-0.362,0.351,0.910,0.917,-0.072,0.397
Lüleburgaz,1984,10,-2.292,-1.629,-1.872,-1.165,-1.520,-0.888,0.012,0.372,-0.169,0.176
Lüleburgaz,1984,11,0.626,0.582,-0.642,-1.014,-0.749,-0.190,0.298,0.482,0.217,0.384
Lüleburgaz,1984,12,-1.786,-1.552,-1.202,-1.354,-1.234,-0.685,-1.124,-0.472,-0.015,0.256
Lüleburgaz,1985,1,0.703,0.714,-0.131,-0.212,-1.070,-1.024,-1.206,-0.749,-0.172,0.160
Lüleburgaz,1985,2,0.006,0.213,-0.503,-0.506,-0.892,-1.054,-0.973,-0.477,-0.127,0.220
Lüleburgaz,1985,3,-0.718,-0.557,0.040,0.197,-0.910,-0.954,-1.018,-0.737,-0.965,-0.411
Lüleburgaz,1985,4,0.026,-0.424,-0.771,-0.505,-0.522,-0.507,-1.205,-1.032,-1.315,-0.783
Lüleburgaz,1985,5,-1.643,-1.589,-1.605,-1.586,-1.463,-1.561,-1.538,-1.704,-1.541,-0.991
Lüleburgaz,1985,6,0.532,0.926,-0.578,-0.602,-0.486,-0.274,-1.231,-1.249,-1.352,-0.969
Lüleburgaz,1985,7,0.440,1.038,-0.352,0.249,-0.901,-0.285,-0.734,-0.369,-1.348,-0.902
Lüleburgaz,1985,8,-1.741,-0.453,0.149,0.570,-1.063,-0.451,-1.218,-0.507,-1.356,-1.064
Lüleburgaz,1985,9,-0.810,-0.315,-0.590,0.122,-1.018,-0.223,-0.784,-0.102,-1.342,-0.953
Lüleburgaz,1985,10,-0.455,-0.266,-1.312,-0.617,-1.155,-0.384,-1.370,-0.417,-1.175,-0.472
Lüleburgaz,1985,11,1.332,1.335,0.307,0.473,0.216,0.511,-0.451,0.060,-0.755,-0.147
Lüleburgaz,1985,12,-0.901,-1.345,0.010,-0.076,-0.333,0.043,-0.627,-0.178,-0.585,-0.107
Lüleburgaz,1986,1,2.204,2.088,1.774,1.582,0.935,1.011,0.640,0.671,0.293,0.476
Lüleburgaz,1986,2,0.868,0.893,1.447,1.361,1.204,1.236,1.022,0.903,0.549,0.565
Lüleburgaz,1986,3,-0.302,-0.215,1.774,1.736,1.218,1.221,0.841,1.075,0.594,0.592
Lüleburgaz,1986,4,-0.607,-1.018,-0.043,-0.183,1.521,1.284,0.757,0.724,0.522,0.505
Lüleburgaz,1986,5,-1.473,-0.756,-1.716,-1.299,0.768,0.709,0.655,0.745,0.549,0.604
Lüleburgaz,1986,6,-0.784,-0.734,-2.084,-1.456,1.075,1.095,0.636,0.706,0.300,0.579
Lüleburgaz,1986,7,-0.589,-0.214,-2.170,-1.052,-1.377,-1.002,0.783,0.795,0.128,0.319
Lüleburgaz,1986,8,0.343,-0.077,-0.905,-0.459,-2.086,-1.311,0.202,0.193,0.241,0.350
Lüleburgaz,1986,9,-1.832,-0.966,-1.058,-0.486,-2.484,-1.466,0.377,0.364,0.198,0.219
Lüleburgaz,1986,10,0.259,0.193,-0.356,-0.407,-1.514,-0.986,-1.223,-0.757,0.401,0.295
Lüleburgaz,1986,11,-0.560,-0.388,-0.905,-0.721,-1.256,-0.620,-1.894,-1.106,-0.315,-0.103
Lüleburgaz,1986,12,-0.143,-0.120,-0.519,-0.313,-0.958,-0.431,-1.787,-1.067,-0.102,0.133
Lüleburgaz,1987,1,0.452,0.541,-0.423,-0.135,-0.711,-0.509,-1.442,-0.780,-1.326,-0.810
Lüleburgaz,1987,2,-0.976,-1.174,-0.424,-0.380,-0.988,-0.756,-1.269,-0.796,-1.826,-1.255
Lüleburgaz,1987,3,-0.073,0.476,-0.285,-0.058,-0.694,-0.328,-1.037,-0.671,-1.673,-1.027
Lüleburgaz,1987,4,0.557,0.743,-0.592,0.046,-0.688,-0.152,-0.842,-0.428,-1.443,-0.622
Lüleburgaz,1987,5,-0.289,-0.076,-0.157,0.606,-0.601,0.052,-1.047,-0.428,-1.315,-0.485
Lüleburgaz,1987,6,0.217,-0.097,0.017,0.261,-0.442,0.097,-0.753,-0.159,-1.123,-0.555
Lüleburgaz,1987,7,0.451,0.212,-0.119,-0.094,-0.601,-0.157,-0.775,-0.225,-0.912,-0.439
Lüleburgaz,1987,8,0.235,0.994,0.191,0.285,-0.102,0.630,-0.502,0.189,-0.918,-0.258
Lüleburgaz,1987,9,-1.501,-1.126,-0.356,-0.006,-0.405,0.120,-0.644,0.018,-0.852,-0.279
Lüleburgaz,1987,10,0.691,0.830,0.073,0.442,-0.127,0.187,-0.443,0.136,-0.668,0.008
Lüleburgaz,1987,11,1.190,1.246,0.782,0.837,0.603,0.509,0.417,0.589,0.040,0.400
Lüleburgaz,1987,12,0.653,0.787,1.145,1.304,0.752,0.680,0.653,0.670,0.345,0.556
Lüleburgaz,1988,1,-1.692,-1.657,0.433,0.489,0.255,0.516,0.106,0.291,-0.160,0.239
Lüleburgaz,1988,2,-0.410,-0.486,-0.532,-0.579,0.089,0.171,0.071,0.199,-0.039,0.317
Lüleburgaz,1988,3,0.547,0.600,-0.812,-0.881,0.427,0.567,0.173,0.351,0.112,0.342
Lüleburgaz,1988,4,0.336,0.514,-0.014,0.313,0.312,0.485,0.182,0.491,0.067,0.298
Lüleburgaz,1988,5,-0.369,-0.328,0.096,0.410,-0.545,-0.272,0.065,0.324,0.051,0.286
Lüleburgaz,1988,6,0.321,0.312,-0.100,0.227,-1.033,-0.732,0.326,0.672,0.076,0.473
Lüleburgaz,1988,7,0.451,0.015,-0.083,-0.088,-0.168,0.049,0.175,0.374,0.076,0.442
Lüleburgaz,1988,8,-0.063,0.020,0.176,0.093,0.062,0.279,-0.466,-0.094,0.045,0.247
Lüleburgaz,1988,9,0.261,0.229,0.125,0.038,-0.142,0.136,-0.836,-0.419,0.241,0.441
Lüleburgaz,1988,10,-0.779,-0.685,-0.685,-0.472,-0.626,-0.484,-0.575,-0.166,-0.220,0.032
Lüleburgaz,1988,11,1.752,1.975,0.878,1.207,0.671,0.575,0.576,0.602,0.128,0.357
Lüleburgaz,1988,12,0.296,0.319,0.787,1.078,0.609,0.582,0.469,0.570,-0.049,0.242
Lüleburgaz,1989,1,-2.457,-1.552,0.597,0.935,0.016,0.367,-0.090,0.202,-0.140,0.231
Lüleburgaz,1989,2,-2.269,-1.741,-1.505,-1.331,-0.347,-0.050,-0.302,-0.025,-0.307,0.063
Lüleburgaz,1989,3,0.440,0.115,-1.553,-1.544,-0.221,-0.037,-0.235,-0.156,-0.312,0.005
Lüleburgaz,1989,4,-1.661,-1.703,-1.806,-2.214,-0.242,-0.282,-0.615,-0.553,-0.631,-0.403
Lüleburgaz,1989,5,0.315,0.568,-0.464,-0.822,-1.728,-1.848,-0.577,-0.415,-0.506,-0.223
Lüleburgaz,1989,6,0.522,0.942,-0.395,-0.194,-1.906,-1.711,-0.459,-0.088,-0.462,-0.201
Lüleburgaz,1989,7,-0.164,0.256,0.116,0.921,-1.156,-0.819,-0.251,0.201,-0.601,-0.127
Lüleburgaz,1989,8,-0.339,-0.029,-0.059,0.417,-0.522,-0.143,-1.563,-0.882,-0.620,-0.157
Lüleburgaz,1989,9,-0.742,-0.540,-0.889,-0.149,-1.052,-0.226,-2.073,-1.260,-0.746,-0.301
Lüleburgaz,1989,10,-0.058,-0.094,-0.725,-0.439,-0.515,0.183,-1.290,-0.651,-0.589,-0.058
Lüleburgaz,1989,11,0.882,1.068,0.085,0.236,-0.062,0.345,-0.314,0.095,-1.135,-0.467
Lüleburgaz,1989,12,0.031,-0.075,0.222,0.373,-0.238,0.151,-0.464,0.056,-1.205,-0.573
Lüleburgaz,1990,1,-2.295,-1.553,-0.355,-0.185,-0.856,-0.565,-0.732,-0.028,-1.330,-0.748
Lüleburgaz,1990,2,-1.038,-1.317,-1.531,-1.438,-1.035,-0.856,-0.975,-0.366,-1.133,-0.632
Lüleburgaz,1990,3,-1.313,-1.536,-2.441,-2.003,-1.092,-1.007,-1.357,-1.010,-1.449,-0.868
Lüleburgaz,1990,4,1.292,1.224,-0.574,-0.742,-0.621,-0.607,-0.952,-0.767,-0.843,-0.232
Lüleburgaz,1990,5,0.984,1.307,0.744,0.814,-0.873,-0.815,-0.649,-0.411,-0.667,-0.059
Lüleburgaz,1990,6,0.392,0.601,1.382,1.627,-0.776,-0.523,-0.382,-0.021,-0.733,-0.255
Lüleburgaz,1990,7,0.134,0.105,0.620,1.068,0.010,0.239,-0.319,0.014,-0.674,-0.265
Lüleburgaz,1990,8,0.370,0.537,0.171,0.372,0.524,0.874,-0.735,-0.211,-0.584,-0.186
Lüleburgaz,1990,9,1.198,1.434,0.732,0.714,1.394,1.140,-0.224,0.204,-0.081,0.310
Lüleburgaz,1990,10,0.842,0.902,1.084,1.359,1.088,1.603,0.672,0.702,0.280,0.479
Lüleburgaz,1990,11,-0.636,-1.092,0.619,0.608,0.466,0.462,0.656,0.599,-0.224,0.080
Lüleburgaz,1990,12,0.914,0.959,0.600,0.467,0.739,0.595,1.186,0.888,0.183,0.313
Lüleburgaz,1991,1,-1.198,-1.180,-0.359,-0.615,0.396,0.472,0.535,0.604,0.251,0.355
Lüleburgaz,1991,2,-0.044,-0.060,-0.014,-0.072,0.297,0.342,0.240,0.337,0.428,0.491
Lüleburgaz,1991,3,-0.512,-0.458,-1.064,-0.951,-0.197,-0.263,0.063,0.159,0.515,0.589
Lüleburgaz,1991,4,1.351,1.509,0.337,0.629,-0.156,-0.155,0.434,0.592,0.554,0.615
Lüleburgaz,1991,5,0.762,1.046,0.907,1.237,0.419,0.754,0.599,0.845,0.508,0.585
Lüleburgaz,1991,6,-0.790,-0.803,0.766,1.030,-0.547,-0.122,0.078,0.290,0.295,0.613
Lüleburgaz,1991,7,-0.319,-0.383,-0.377,-0.113,-0.106,0.291,-0.399,-0.237,0.223,0.528
Lüleburgaz,1991,8,-0.223,-0.105,-1.037,-0.569,-0.070,0.314,-0.158,0.176,0.159,0.401
Lüleburgaz,1991,9,-0.519,-0.618,-0.845,-0.446,-0.058,0.233,-0.935,-0.362,-0.259,-0.142
Lüleburgaz,1991,10,1.411,1.500,0.877,0.857,0.422,0.528,0.441,0.499,0.085,0.160
Lüleburgaz,1991,11,0.871,0.878,1.267,1.256,0.551,0.361,0.800,0.630,0.593,0.521
Lüleburgaz,1991,12,-0.753,-0.692,0.859,0.924,0.359,0.338,0.573,0.544,-0.049,0.194
Lüleburgaz,1992,1,-1.038,-1.033,-0.589,-0.499,0.068,0.108,-0.158,0.030,-0.068,0.182
Lüleburgaz,1992,2,-0.252,-0.178,-1.483,-1.170,0.008,0.100,-0.403,-0.217,-0.090,0.160
Lüleburgaz,1992,3,0.822,0.932,-0.385,-0.296,0.372,0.517,-0.000,0.070,0.215,0.369
Lüleburgaz,1992,4,0.186,-0.059,0.206,0.367,-0.402,-0.239,0.112,0.190,-0.081,0.109
Lüleburgaz,1992,5,-0.697,-0.266,0.086,0.337,-1.325,-0.907,-0.017,0.228,-0.411,-0.080
Lüleburgaz,1992,6,0.987,1.054,0.239,0.442,-0.381,0.004,0.402,0.709,0.019,0.282
Lüleburgaz,1992,7,1.051,1.560,0.765,1.324,0.626,1.160,-0.047,0.481,0.349,0.733
Lüleburgaz,1992,8,0.646,0.282,1.158,0.935,0.947,1.292,-0.358,0.192,0.449,0.767
Lüleburgaz,1992,9,-0.801,-0.373,0.398,0.512,0.317,0.577,-0.173,0.292,0.411,0.758
Lüleburgaz,1992,10,0.818,0.491,0.394,0.156,0.628,0.883,0.560,0.590,0.066,0.283
Lüleburgaz,1992,11,0.575,0.575,0.479,0.274,0.936,0.648,0.819,0.651,-0.049,0.231
Lüleburgaz,1992,12,-0.811,-0.849,0.187,-0.002,0.242,0.293,0.244,0.357,-0.067,0.195
Lüleburgaz,1993,1,-0.909,-0.865,-0.842,-0.756,-0.503,-0.580,-0.125,0.133,-0.090,0.187
Lüleburgaz,1993,2,0.079,0.270,-1.243,-0.994,-0.556,-0.508,0.043,0.202,0.014,0.251
Lüleburgaz,1993,3,0.376,0.557,-0.436,-0.221,-0.234,-0.195,-0.129,0.043,-0.096,0.196
Lüleburgaz,1993,4,-1.577,-1.073,-0.683,-0.237,-1.073,-0.776,-0.705,-0.594,-0.353,0.035
Lüleburgaz,1993,5,1.751,1.999,0.832,1.041,-0.612,-0.179,-0.199,0.032,0.294,0.438
Lüleburgaz,1993,6,-1.274,-0.931,0.066,0.237,-0.556,-0.079,-0.280,-0.040,-0.181,0.174
Lüleburgaz,1993,7,-0.861,-0.512,0.310,0.581,-0.319,0.154,-0.885,-0.428,-0.600,-0.323
Lüleburgaz,1993,8,1.182,1.047,-0.606,-0.252,0.085,0.418,-0.925,-0.243,-0.474,-0.195
Lüleburgaz,1993,9,-0.915,-0.932,-0.371,-0.188,-0.376,-0.023,-0.742,-0.186,-0.448,-0.284
Lüleburgaz,1993,10,-1.283,-1.584,-0.794,-1.067,-0.418,-0.486,-0.732,-0.386,-1.141,-0.694
Lüleburgaz,1993,11,-0.120,-0.097,-1.448,-1.460,-1.485,-1.047,-0.782,-0.430,-1.442,-0.868
Lüleburgaz,1993,12,0.301,0.083,-0.602,-0.907,-0.766,-0.683,-0.740,-0.513,-0.948,-0.566
Lüleburgaz,1994,1,-0.571,-0.879,-0.476,-0.631,-0.998,-1.242,-0.746,-0.684,-0.979,-0.742
Lüleburgaz,1994,2,-0.603,-0.739,-0.601,-0.865,-1.429,-1.633,-1.543,-1.467,-1.081,-0.911
Lüleburgaz,1994,3,-0.823,-0.953,-1.209,-1.278,-1.344,-1.553,-1.401,-1.411,-1.301,-1.164
Lüleburgaz,1994,4,-0.464,-0.772,-1.651,-1.550,-1.213,-1.348,-1.478,-1.528,-1.195,-1.079
Lüleburgaz,1994,5,-0.161,-0.528,-1.274,-1.377,-1.398,-1.763,-1.940,-2.134,-2.003,-2.212
Lüleburgaz,1994,6,0.450,0.496,-0.349,-0.521,-1.581,-1.702,-1.547,-1.859,-1.644,-1.653
Lüleburgaz,1994,7,-0.464,-1.188,-0.350,-0.691,-1.477,-1.547,-1.369,-1.588,-1.599,-1.750
Lüleburgaz,1994,8,-0.063,-1.130,-0.164,-0.625,-1.160,-1.472,-1.363,-1.929,-1.853,-1.971
Lüleburgaz,1994,9,0.286,-0.903,-0.327,-1.321,-0.665,-1.382,-1.528,-2.306,-1.520,-1.830
Lüleburgaz,1994,10,1.590,1.680,1.280,0.700,0.812,0.056,0.048,-0.492,-0.303,-0.727
Lüleburgaz,1994,11,-0.142,-0.018,1.103,0.859,0.703,0.150,0.140,-0.290,-0.295,-0.653
Lüleburgaz,1994,12,0.853,1.027,1.279,1.398,0.882,0.379,0.660,0.192,-0.017,-0.307
Lüleburgaz,1995,1,1.649,1.689,1.351,1.482,1.769,1.522,1.421,0.772,0.849,0.364
Lüleburgaz,1995,2,0.563,0.349,1.616,1.654,1.794,1.614,1.457,0.803,1.075,0.491
Lüleburgaz,1995,3,1.026,0.979,1.591,1.495,1.921,1.816,1.551,1.232,1.366,0.701
Lüleburgaz,1995,4,0.022,-0.128,0.846,0.639,1.501,1.476,1.787,1.450,1.490,0.748
Lüleburgaz,1995,5,-2.210,-1.476,-0.197,-0.379,1.524,1.423,1.689,1.430,1.371,0.658
Lüleburgaz,1995,6,-0.227,-1.154,-1.359,-1.551,1.065,0.679,1.600,1.366,1.273,0.713
Lüleburgaz,1995,7,1.231,1.161,-0.226,-0.875,0.386,-0.252,1.279,1.086,1.624,1.122
Lüleburgaz,1995,8,0.780,0.609,0.716,0.171,0.343,-0.157,1.552,0.823,1.704,1.331
Lüleburgaz,1995,9,0.891,1.026,1.207,0.822,0.209,-0.023,1.440,0.770,1.759,1.577
Lüleburgaz,1995,10,-1.015,-0.687,-0.003,0.218,-0.246,-0.449,0.163,-0.009,0.943,0.618
Lüleburgaz,1995,11,0.563,0.837,0.077,0.419,0.383,0.294,0.197,0.161,1.178,0.735
Lüleburgaz,1995,12,-0.192,-0.373,-0.451,-0.205,0.284,0.393,-0.272,-0.122,0.721,0.487
Lüleburgaz,1996,1,-0.409,-0.422,-0.303,-0.067,-0.392,-0.057,-0.501,-0.352,-0.149,-0.132
Lüleburgaz,1996,2,1.198,1.448,0.108,0.188,0.017,0.393,0.247,0.278,0.119,0.149
Lüleburgaz,1996,3,0.393,0.911,0.460,0.793,-0.107,0.357,0.390,0.757,-0.051,0.150
Lüleburgaz,1996,4,0.072,0.293,1.005,1.420,0.259,0.791,0.102,0.631,-0.042,0.204
Lüleburgaz,1996,5,-0.645,-1.331,-0.334,-0.076,-0.180,0.138,-0.171,0.329,0.085,0.245
Lüleburgaz,1996,6,-1.063,-0.883,-1.267,-1.127,-0.362,0.021,-0.651,-0.129,-0.040,0.371
Lüleburgaz,1996,7,0.718,0.752,-0.760,-0.921,0.205,0.540,-0.149,0.300,-0.227,0.275
Lüleburgaz,1996,8,1.531,1.577,0.445,0.412,0.004,0.329,-0.009,0.302,-0.045,0.449
Lüleburgaz,1996,9,0.516,0.732,1.002,0.831,0.014,0.220,0.273,0.518,-0.147,0.329
Lüleburgaz,1996,10,-1.251,-0.925,0.059,0.322,-0.485,-0.397,0.077,0.386,-0.183,0.240
Lüleburgaz,1996,11,0.016,-0.058,-0.658,-0.504,-0.275,0.036,-0.451,0.004,-0.380,0.068
Lüleburgaz,1996,12,1.281,1.406,0.343,0.369,0.695,0.618,0.191,0.293,0.331,0.481
Lüleburgaz,1997,1,-0.821,-0.916,0.426,0.464,0.241,0.419,-0.135,-0.029,0.227,0.433
Lüleburgaz,1997,2,-0.222,-0.199,0.389,0.413,-0.188,-0.023,-0.049,0.151,-0.211,0.098
Lüleburgaz,1997,3,0.000,0.270,-0.762,-0.590,-0.281,-0.127,0.139,0.376,-0.284,0.003
Lüleburgaz,1997,4,1.263,1.719,0.417,1.000,0.511,0.850,0.338,0.730,0.016,0.257
Lüleburgaz,1997,5,0.057,-0.351,0.644,1.021,0.635,0.976,0.039,0.440,0.136,0.395
Lüleburgaz,1997,6,-0.239,-0.643,0.474,0.534,-0.542,-0.204,-0.141,0.167,0.255,0.613
Lüleburgaz,1997,7,-0.050,-0.714,-0.538,-1.032,-0.145,-0.021,0.183,0.310,0.076,0.334
Lüleburgaz,1997,8,2.077,2.329,0.679,0.391,0.859,1.044,0.794,0.681,0.247,0.531
Lüleburgaz,1997,9,1.225,1.534,1.379,1.058,1.367,1.024,0.462,0.605,0.468,0.759
Lüleburgaz,1997,10,1.400,1.599,2.012,2.270,1.472,1.651,1.401,1.097,1.299,0.994
Lüleburgaz,1997,11,-0.299,-0.562,1.268,1.532,1.224,0.811,1.296,0.925,1.244,0.894
Lüleburgaz,1997,12,0.818,0.890,1.053,1.100,1.439,0.987,1.500,1.009,0.937,0.780
Lüleburgaz,1998,1,-0.735,-0.883,-0.163,-0.266,1.352,1.583,0.973,0.737,0.983,0.873
Lüleburgaz,1998,2,0.424,0.333,0.240,0.155,0.932,1.076,0.986,0.751,1.100,0.896
Lüleburgaz,1998,3,1.506,1.689,0.449,0.493,1.007,1.076,1.366,1.556,1.402,1.050
Lüleburgaz,1998,4,-0.778,-1.295,0.827,0.620,0.261,0.089,1.422,1.496,1.097,0.716
Lüleburgaz,1998,5,1.020,0.858,1.251,0.936,0.859,0.726,1.340,1.312,1.349,0.826
Lüleburgaz,1998,6,0.594,0.081,0.476,-0.309,0.624,0.259,1.149,0.966,1.555,1.452
Lüleburgaz,1998,7,0.475,-0.243,0.945,0.328,1.186,0.594,0.631,0.207,1.649,1.487
Lüleburgaz,1998,8,1.776,1.016,1.086,0.214,1.619,0.791,1.223,0.485,1.557,1.232
Lüleburgaz,1998,9,1.743,1.732,1.738,0.903,1.736,0.631,1.538,0.660,1.673,1.262
Lüleburgaz,1998,10,1.587,1.683,2.299,2.102,2.325,1.979,2.349,1.154,1.820,0.881
Lüleburgaz,1998,11,0.347,0.327,1.997,2.079,1.994,0.965,2.242,1.036,2.005,0.937
Lüleburgaz,1998,12,1.163,1.411,1.642,1.700,2.084,1.145,2.160,1.049,2.031,1.023
Lüleburgaz,1999,1,0.346,0.314,0.946,1.088,2.284,2.088,2.318,1.297,2.377,1.280
Lüleburgaz,1999,2,0.788,0.995,1.141,1.329,2.047,1.974,2.099,1.225,2.371,1.300
Lüleburgaz,1999,3,0.643,0.663,0.673,0.744,1.628,1.647,2.050,1.957,2.077,1.145
Lüleburgaz,1999,4,-0.441,-0.915,0.548,0.460,1.014,1.057,2.147,1.900,2.197,1.146
Lüleburgaz,1999,5,0.556,0.159,0.310,-0.150,1.226,1.192,2.108,1.844,2.178,1.065
Lüleburgaz,1999,6,1.043,0.430,0.630,-0.276,0.962,0.551,1.855,1.524,2.351,1.836
Lüleburgaz,1999,7,1.878,1.645,1.990,1.220,1.868,1.137,1.874,1.437,2.754,2.051
Lüleburgaz,1999,8,1.012,-0.487,1.862,0.635,1.803,0.581,2.035,0.879,2.592,1.956
Lüleburgaz,1999,9,1.531,1.403,2.045,0.947,2.147,0.683,2.021,0.798,2.397,1.813
Lüleburgaz,1999,10,-0.168,-0.730,0.863,0.128,1.707,0.789,1.668,0.571,1.807,0.787
Lüleburgaz,1999,11,0.128,0.009,0.546,0.123,1.458,0.423,1.397,0.341,1.771,0.717
Lüleburgaz,1999,12,0.600,0.462,0.096,-0.242,1.231,0.460,1.347,0.338,1.423,0.498
Lüleburgaz,2000,1,-1.214,-1.195,-0.281,-0.438,0.264,-0.382,1.117,0.205,1.161,0.277
Lüleburgaz,2000,2,0.499,0.290,-0.044,-0.326,0.225,-0.145,1.035,0.205,1.044,0.133
Lüleburgaz,2000,3,0.042,-0.351,-0.449,-0.750,-0.317,-0.719,0.773,0.029,0.881,-0.004
Lüleburgaz,2000,4,-0.366,-1.549,-0.101,-1.145,-0.326,-1.005,0.158,-0.769,0.929,-0.122
Lüleburgaz,2000,5,1.476,1.023,0.722,-0.636,0.278,-0.726,0.453,-0.425,1.214,0.051
Lüleburgaz,2000,6,-0.750,-1.799,0.318,-1.385,-0.382,-1.895,-0.249,-1.443,0.863,-0.514
Lüleburgaz,2000,7,1.017,0.085,1.031,-0.465,0.649,-1.183,0.174,-1.180,0.510,-0.917
Lüleburgaz,2000,8,0.068,1.051,0.116,-0.397,0.467,-0.876,0.186,-0.705,0.367,-0.642
Lüleburgaz,2000,9,1.249,1.544,1.134,0.872,1.032,0.136,0.364,-0.343,0.242,-0.550
Lüleburgaz,2000,10,-0.171,0.047,0.402,1.131,0.796,0.591,0.580,0.007,0.242,-0.219
Lüleburgaz,2000,11,-1.458,-1.201,-0.370,0.049,-0.297,-0.148,0.012,-0.345,-0.097,-0.445
Lüleburgaz,2000,12,-0.933,-1.013,-1.687,-1.202,-0.469,-0.031,-0.365,-0.569,-0.633,-0.865
Lüleburgaz,2001,1,0.308,0.257,-1.359,-1.316,-0.840,-0.189,-0.235,-0.292,-0.304,-0.678
Lüleburgaz,2001,2,-0.331,-0.439,-0.752,-0.804,-0.896,-0.528,-0.780,-0.590,-0.495,-0.793
Lüleburgaz,2001,3,-0.695,-1.323,-0.414,-0.662,-1.566,-1.400,-0.726,-0.586,-0.608,-0.906
Lüleburgaz,2001,4,1.162,1.383,-0.093,-0.031,-1.124,-1.064,-0.736,-0.209,-0.252,-0.258
Lüleburgaz,2001,5,0.312,0.539,0.362,0.523,-0.564,-0.406,-0.722,-0.259,-0.655,-0.339
Lüleburgaz,2001,6,-1.199,-0.771,0.198,0.668,-0.438,-0.163,-1.465,-1.043,-0.736,-0.289
Lüleburgaz,2001,7,-1.052,-1.442,-1.197,-0.968,-0.946,-0.842,-1.674,-1.482,-1.197,-0.574
Lüleburgaz,2001,8,-0.646,-0.783,-1.839,-1.303,-0.853,-0.816,-1.278,-1.033,-1.252,-0.889
Lüleburgaz,2001,9,0.394,0.204,-0.545,-0.790,-0.378,-0.179,-0.726,-0.583,-1.529,-1.221
Lüleburgaz,2001,10,-1.799,-1.297,-1.048,-1.140,-1.580,-1.388,-1.296,-1.071,-1.887,-1.590
Lüleburgaz,2001,11,0.502,0.657,-0.406,-0.489,-1.178,-0.939,-0.837,-0.590,-1.226,-0.924
Lüleburgaz,2001,12,1.803,2.081,1.011,1.235,0.577,0.414,0.548,0.517,0.192,0.248
Lüleburgaz,2002,1,-0.872,-0.821,1.187,1.449,0.438,0.576,-0.083,0.064,-0.163,0.008
Lüleburgaz,2002,2,0.134,-0.135,1.035,1.239,0.488,0.666,-0.100,-0.067,-0.024,0.059
Lüleburgaz,2002,3,0.115,-0.065,-0.527,-0.661,0.436,0.611,0.130,0.000,0.131,0.229
Lüleburgaz,2002,4,-1.048,-0.586,-0.678,-0.567,0.726,1.011,0.108,0.209,-0.314,-0.106
Lüleburgaz,2002,5,-1.922,-1.258,-1.706,-1.237,0.265,0.596,-0.122,0.133,-0.658,-0.393
Lüleburgaz,2002,6,0.357,-0.155,-1.448,-1.184,-1.644,-1.637,-0.106,0.126,-0.382,-0.452
Lüleburgaz,2002,7,1.647,1.244,0.632,-0.113,-0.044,-0.591,0.891,0.876,0.287,0.166
Lüleburgaz,2002,8,0.264,-0.437,1.156,0.274,0.001,-0.594,0.805,0.448,0.362,0.194
Lüleburgaz,2002,9,0.811,0.759,1.328,0.555,0.313,-0.123,-0.276,-0.532,0.464,0.300
Lüleburgaz,2002,10,-0.232,-0.536,0.090,-0.243,0.334,-0.340,-0.070,-0.408,0.665,0.385
Lüleburgaz,2002,11,1.009,1.030,0.643,0.497,1.044,0.373,0.373,0.006,0.887,0.475
Lüleburgaz,2002,12,-1.209,-1.176,-0.267,-0.380,0.486,0.144,-0.081,-0.280,-0.423,-0.547
Lüleburgaz,2003,1,0.327,0.184,0.026,-0.024,-0.068,-0.324,0.155,-0.259,-0.142,-0.459
Lüleburgaz,2003,2,0.254,0.472,-0.538,-0.542,-0.022,-0.042,0.443,0.069,-0.080,-0.307
Lüleburgaz,2003,3,-1.199,-0.672,-0.250,-0.071,-0.481,-0.388,0.179,-0.078,-0.287,-0.364
Lüleburgaz,2003,4,1.094,1.410,0.058,0.749,0.003,0.346,-0.058,0.037,0.133,0.010
Lüleburgaz,2003,5,-0.431,-1.190,-0.344,-0.140,-0.817,-0.612,-0.213,-0.110,0.282,0.044
Lüleburgaz,2003,6,-3.475,-2.405,-0.518,-1.167,-0.765,-1.025,-0.774,-0.961,-0.058,-0.525
Lüleburgaz,2003,7,-0.457,-1.853,-2.054,-2.750,-1.238,-1.668,-0.804,-1.288,-0.711,-1.175
Lüleburgaz,2003,8,-0.724,-2.056,-2.086,-4.753,-1.564,-2.157,-1.567,-3.377,-0.796,-1.396
Lüleburgaz,2003,9,-0.784,-0.865,-1.234,-2.275,-1.326,-3.068,-1.246,-2.197,-1.101,-1.570
Lüleburgaz,2003,10,0.906,0.782,0.227,-0.639,-0.885,-2.087,-0.730,-1.458,-0.607,-1.151
Lüleburgaz,2003,11,-1.429,-1.398,-0.437,-0.788,-1.265,-2.676,-1.270,-2.234,-1.455,-2.344
Lüleburgaz,2003,12,-0.280,-0.503,-0.342,-0.596,-0.847,-1.747,-1.079,-2.241,-1.123,-1.805
Lüleburgaz,2004,1,0.613,0.669,-0.688,-0.806,-0.523,-1.103,-1.232,-2.599,-1.106,-1.802
Lüleburgaz,2004,2,-1.789,-1.642,-0.534,-0.671,-0.785,-1.007,-1.352,-2.496,-1.429,-2.314
Lüleburgaz,2004,3,0.055,-0.130,-0.250,-0.382,-0.538,-0.759,-0.929,-1.553,-1.104,-2.070
Lüleburgaz,2004,4,-1.488,-1.071,-2.073,-1.810,-1.580,-1.597,-1.187,-1.509,-1.753,-3.436
Lüleburgaz,2004,5,0.022,-0.011,-0.975,-0.862,-1.171,-1.221,-1.201,-1.336,-1.710,-4.753
Lüleburgaz,2004,6,0.555,0.005,-0.530,-0.729,-0.773,-0.986,-0.837,-1.111,-1.241,-1.879
Lüleburgaz,2004,7,0.572,-0.120,0.369,-0.174,-1.059,-1.370,-1.274,-1.558,-1.004,-1.550
Lüleburgaz,2004,8,0.493,-0.718,0.553,-0.302,-0.286,-0.930,-0.715,-1.029,-0.860,-1.283
Lüleburgaz,2004,9,-2.257,-2.173,-0.182,-1.065,-0.690,-1.348,-0.818,-1.365,-0.862,-1.352
Lüleburgaz,2004,10,-0.880,-1.569,-1.272,-2.079,-0.602,-1.562,-1.471,-2.327,-1.624,-2.308
Lüleburgaz,2004,11,-1.198,-1.305,-2.425,-2.204,-1.077,-2.010,-1.419,-2.288,-1.571,-2.572
Lüleburgaz,2004,12,-0.186,-0.465,-1.447,-1.718,-1.315,-2.733,-1.492,-2.541,-1.453,-2.274
Lüleburgaz,2005,1,0.824,0.865,-0.375,-0.566,-1.118,-1.782,-0.808,-1.620,-1.478,-2.340
Lüleburgaz,2005,2,0.710,0.868,0.499,0.487,-0.787,-1.320,-0.472,-1.193,-0.822,-1.474
Lüleburgaz,2005,3,-0.632,-0.876,0.509,0.515,-0.651,-1.009,-0.728,-1.388,-0.920,-1.564
Lüleburgaz,2005,4,-1.405,-1.372,-0.690,-0.811,-0.694,-0.934,-1.211,-1.703,-0.949,-1.656
Lüleburgaz,2005,5,1.399,1.013,-0.082,-0.782,0.353,0.013,-0.831,-1.590,-0.539,-1.460
Lüleburgaz,2005,6,-0.141,-0.616,0.157,-0.652,0.485,0.043,-0.646,-1.335,-0.756,-1.675
Lüleburgaz,2005,7,1.321,0.347,1.407,0.347,0.644,-0.410,0.106,-0.700,-0.466,-1.564
Lüleburgaz,2005,8,0.731,-1.480,0.804,-0.654,0.499,-1.160,0.642,-0.340,-0.417,-1.611
Lüleburgaz,2005,9,0.462,-0.439,1.037,-0.548,0.840,-0.848,0.899,-0.316,-0.122,-1.306
Lüleburgaz,2005,10,-0.208,-0.488,0.032,-1.190,0.801,-0.716,0.358,-0.797,0.007,-0.947
Lüleburgaz,2005,11,0.780,0.863,0.296,-0.138,0.587,-0.375,0.430,-0.622,0.580,-0.284
Lüleburgaz,2005,12,0.818,0.905,0.601,0.615,0.906,0.124,0.856,-0.112,0.916,0.072
Lüleburgaz,2006,1,-1.257,-1.314,0.335,0.404,0.149,-0.568,0.715,-0.257,0.389,-0.535
Lüleburgaz,2006,2,0.454,0.338,0.116,-0.003,0.165,-0.090,0.409,-0.386,0.312,-0.640
Lüleburgaz,2006,3,1.507,1.276,0.327,0.028,0.567,0.443,0.837,-0.049,0.794,-0.169
Lüleburgaz,2006,4,-1.837,-1.871,0.601,-0.187,0.527,0.162,0.338,-0.565,0.799,-0.275
Lüleburgaz,2006,5,-0.322,-0.654,0.153,-0.813,0.093,-0.517,0.161,-0.451,0.404,-0.588
Lüleburgaz,2006,6,1.529,1.650,0.249,-0.341,0.347,-0.258,0.606,0.329,0.908,-0.150
Lüleburgaz,2006,7,0.195,0.551,0.841,1.039,0.951,0.567,0.814,0.637,0.590,-0.081
Lüleburgaz,2006,8,0.204,-0.273,1.005,0.770,0.837,0.371,0.568,0.235,0.514,0.094
Lüleburgaz,2006,9,0.646,0.904,0.300,0.411,0.245,0.170,0.322,0.101,0.545,0.363
Lüleburgaz,2006,10,0.565,0.493,0.528,0.563,0.771,0.969,0.857,0.488,0.807,0.483
Lüleburgaz,2006,11,0.133,0.235,0.427,0.617,0.802,0.663,0.719,0.430,0.595,0.363
Lüleburgaz,2006,12,-0.970,-1.009,-0.328,-0.268,-0.208,0.109,-0.166,-0.028,-0.039,-0.046
Lüleburgaz,2007,1,-0.888,-1.159,-1.297,-1.237,-0.690,-0.609,-0.229,-0.007,-0.023,-0.104
Lüleburgaz,2007,2,-0.324,-0.592,-1.586,-1.543,-0.776,-0.664,-0.210,-0.003,-0.201,-0.255
Lüleburgaz,2007,3,1.577,1.686,0.128,0.028,-0.267,-0.237,-0.199,-0.068,-0.158,-0.092
Lüleburgaz,2007,4,-2.181,-0.965,0.088,0.343,-0.972,-0.787,-0.541,-0.380,-0.183,0.073
Lüleburgaz,2007,5,0.389,0.011,0.580,0.669,-1.033,-1.041,-0.513,-0.310,-0.041,0.187
Lüleburgaz,2007,6,-1.551,-1.716,-1.729,-1.548,-0.997,-1.259,-0.967,-1.027,-0.827,-0.691
Lüleburgaz,2007,7,-2.010,-1.573,-1.338,-1.800,-0.872,-1.202,-1.581,-1.692,-1.041,-1.096
Lüleburgaz,2007,8,-0.018,-0.874,-1.892,-2.034,-0.673,-1.129,-1.731,-2.352,-1.059,-1.160
Lüleburgaz,2007,9,0.668,0.768,-0.218,-0.561,-1.532,-1.644,-1.014,-1.230,-0.986,-1.126
Lüleburgaz,2007,10,-0.535,-0.806,-0.248,-0.559,-1.039,-1.502,-0.824,-0.993,-1.462,-1.474
Lüleburgaz,2007,11,0.751,0.886,0.238,0.237,-0.595,-0.772,-0.291,-0.401,-1.147,-1.176
Lüleburgaz,2007,12,-0.141,-0.182,-0.149,-0.127,-0.323,-0.344,-1.018,-1.021,-0.842,-0.860
Lüleburgaz,2008,1,-0.647,-0.655,-0.225,-0.027,-0.482,-0.523,-0.992,-1.177,-0.891,-0.941
Lüleburgaz,2008,2,-1.755,-1.455,-1.353,-1.178,-0.813,-0.666,-1.348,-1.432,-1.038,-1.055
Lüleburgaz,2008,3,-0.313,-0.936,-1.389,-1.436,-1.042,-1.060,-1.079,-1.235,-1.625,-1.782
Lüleburgaz,2008,4,0.692,0.394,-0.890,-1.147,-0.659,-0.683,-0.765,-0.875,-1.175,-1.391
Lüleburgaz,2008,5,0.512,0.601,0.310,0.051,-1.069,-1.116,-0.674,-0.612,-1.186,-1.315
Lüleburgaz,2008,6,1.307,1.365,1.370,1.323,-0.237,-0.299,-0.348,-0.279,-0.498,-0.692
Lüleburgaz,2008,7,0.413,0.197,1.128,1.200,0.277,0.109,-0.044,0.034,-0.252,-0.304
Lüleburgaz,2008,8,-0.448,-0.987,0.810,0.381,0.753,0.371,-0.451,-0.387,-0.285,-0.339
Lüleburgaz,2008,9,0.081,0.136,-0.087,-0.220,0.830,0.511,-0.346,-0.335,-0.411,-0.479
Lüleburgaz,2008,10,-1.351,-1.153,-1.182,-1.162,0.014,-0.109,-0.445,-0.460,-0.551,-0.420
Lüleburgaz,2008,11,-0.765,-0.908,-1.581,-1.323,-0.500,-0.441,-0.349,-0.374,-1.100,-0.914
Lüleburgaz,2008,12,-0.643,-0.889,-1.747,-1.574,-1.460,-1.355,-0.545,-0.454,-1.219,-1.102
Lüleburgaz,2009,1,0.591,0.636,-0.690,-0.800,-1.371,-1.400,-0.551,-0.508,-0.873,-0.897
Lüleburgaz,2009,2,1.381,1.392,0.556,0.447,-0.457,-0.583,-0.079,-0.206,-0.023,-0.206
Lüleburgaz,2009,3,0.860,0.966,1.234,1.216,-0.127,-0.250,-0.235,-0.477,0.253,0.122
Lüleburgaz,2009,4,-0.419,-0.365,1.286,1.177,0.162,0.125,-0.429,-0.580,0.041,-0.000
Lüleburgaz,2009,5,-0.605,-0.730,-0.182,-0.082,0.362,0.382,-0.567,-0.594,-0.191,-0.189
Lüleburgaz,2009,6,-0.575,-0.676,-1.362,-1.065,0.590,0.617,-0.703,-0.754,-0.770,-0.890
Lüleburgaz,2009,7,0.486,0.056,-0.750,-0.870,0.447,0.291,-0.241,-0.358,-0.750,-0.892
Lüleburgaz,2009,8,-1.875,-0.539,-0.524,-0.476,-0.666,-0.603,-0.030,-0.014,-0.785,-0.810
Lüleburgaz,2009,9,2.087,2.127,1.418,0.970,0.460,0.408,1.257,0.837,0.069,0.017
Lüleburgaz,2009,10,1.420,1.540,1.934,2.025,1.321,1.401,1.633,1.041,0.958,0.647
Lüleburgaz,2009,11,-0.716,-0.796,1.714,1.910,1.099,0.698,0.881,0.615,0.987,0.645
Lüleburgaz,2009,12,0.202,-0.065,0.583,0.499,1.120,0.739,0.625,0.453,1.149,0.739
Lüleburgaz,2010,1,0.286,0.360,-0.364,-0.440,1.164,1.242,0.734,0.545,1.091,0.770
Lüleburgaz,2010,2,2.396,2.434,1.487,1.543,2.088,2.002,1.640,1.103,1.515,1.039
Lüleburgaz,2010,3,0.183,0.254,1.550,1.632,1.402,1.421,1.708,1.790,1.314,0.939
Lüleburgaz,2010,4,0.055,-0.072,2.220,1.914,0.954,1.014,1.829,1.819,1.436,0.940
Lüleburgaz,2010,5,-0.723,-1.084,-0.553,-0.625,1.231,1.219,1.904,1.775,1.474,0.898
Lüleburgaz,2010,6,0.021,-0.250,-0.687,-0.863,1.285,1.264,1.183,1.142,1.605,1.534
Lüleburgaz,2010,7,1.192,1.118,0.213,-0.166,1.748,1.600,0.915,0.858,1.793,1.662
Lüleburgaz,2010,8,-0.250,-1.647,0.517,-0.167,-0.067,-0.665,1.200,0.600,1.820,1.561
Lüleburgaz,2010,9,0.089,-0.109,0.545,-0.114,-0.154,-0.605,1.189,0.610,1.127,0.839
Lüleburgaz,2010,10,1.394,1.653,0.999,0.749,0.809,0.403,1.677,0.951,1.138,0.644
Lüleburgaz,2010,11,0.608,0.342,1.221,1.242,1.106,0.494,0.766,0.298,1.503,0.769
Lüleburgaz,2010,12,1.174,1.304,1.613,1.629,1.482,0.816,1.189,0.588,1.792,0.972
Lüleburgaz,2011,1,-0.374,-0.486,0.785,0.715,1.139,0.893,1.020,0.501,1.726,1.000
Lüleburgaz,2011,2,-0.698,-0.720,0.292,0.307,0.931,0.973,0.919,0.502,0.686,0.322
Lüleburgaz,2011,3,-0.610,-0.692,-1.034,-0.980,0.788,0.856,0.803,0.573,0.528,0.213
Lüleburgaz,2011,4,1.066,1.320,-0.341,0.065,0.481,0.553,0.841,0.709,0.773,0.411
Lüleburgaz,2011,5,-0.289,-0.373,-0.038,0.248,0.164,0.440,0.848,0.990,0.859,0.503
Lüleburgaz,2011,6,0.592,0.568,0.653,0.873,-0.619,-0.289,0.994,1.151,1.014,0.920
Lüleburgaz,2011,7,-1.438,-1.400,-0.493,-0.666,-0.695,-0.557,0.171,0.172,0.594,0.447
Lüleburgaz,2011,8,-1.253,-0.511,-0.418,-0.457,-0.484,-0.370,-0.163,0.030,0.548,0.598
Lüleburgaz,2011,9,0.641,0.300,-0.426,-0.623,0.057,0.043,-0.820,-0.571,0.653,0.633
Lüleburgaz,2011,10,1.215,1.455,0.959,0.992,0.446,0.341,0.168,0.227,0.556,0.406
Lüleburgaz,2011,11,-2.492,-1.317,0.272,0.345,-0.089,-0.029,-0.162,0.042,-0.030,0.143
Lüleburgaz,2011,12,0.251,0.118,0.127,0.307,-0.173,-0.092,0.048,0.167,-0.527,-0.222
Lüleburgaz,2012,1,-0.102,-0.052,-1.023,-0.856,-0.133,-0.014,-0.381,-0.242,-0.524,-0.239
Lüleburgaz,2012,2,-0.032,0.118,-0.176,-0.106,-0.056,0.150,-0.282,-0.137,-0.335,-0.084
Lüleburgaz,2012,3,-1.255,-1.075,-0.736,-0.523,-0.456,-0.136,-0.643,-0.584,-0.400,-0.108
Lüleburgaz,2012,4,0.888,0.623,-0.363,-0.151,-1.041,-0.801,-0.275,-0.119,-0.471,-0.252
Lüleburgaz,2012,5,1.582,1.739,0.979,0.962,0.323,0.536,0.311,0.557,0.053,0.164
Lüleburgaz,2012,6,-0.508,-1.100,1.166,0.839,0.045,0.106,0.043,0.305,-0.208,-0.208
Lüleburgaz,2012,7,-0.987,-1.815,0.347,-0.432,-0.082,-0.541,-0.836,-0.984,-0.188,-0.272
Lüleburgaz,2012,8,-0.548,-1.025,-1.248,-1.834,-0.097,-0.812,-0.307,-0.498,-0.158,-0.373
Lüleburgaz,2012,9,-0.571,-0.949,-1.333,-1.653,0.117,-0.566,-0.576,-0.829,-0.382,-0.578
Lüleburgaz,2012,10,1.215,1.166,0.620,0.123,0.561,-0.259,0.263,-0.200,-0.399,-0.574
Lüleburgaz,2012,11,-1.058,-1.353,0.100,-0.447,-0.552,-1.188,-0.056,-0.564,-0.231,-0.530
Lüleburgaz,2012,12,1.370,1.609,1.116,1.044,0.502,0.043,0.878,0.261,0.361,0.031
Lüleburgaz,2013,1,0.886,0.955,0.942,0.979,1.006,0.746,0.952,0.339,0.713,0.232
Lüleburgaz,2013,2,1.017,1.058,1.681,1.757,1.293,1.158,0.755,0.178,0.991,0.395
Lüleburgaz,2013,3,1.486,1.488,1.470,1.430,1.718,1.573,1.190,0.800,1.454,0.719
Lüleburgaz,2013,4,0.513,0.339,1.798,1.498,1.629,1.499,1.523,1.239,1.437,0.668
Lüleburgaz,2013,5,1.472,1.332,2.087,1.723,2.706,2.228,2.033,1.671,1.454,0.608
Lüleburgaz,2013,6,1.011,1.078,1.668,1.486,2.485,2.017,2.357,1.879,1.810,1.347
Lüleburgaz,2013,7,-0.517,-0.656,1.200,1.065,2.059,1.810,2.000,1.740,1.845,1.479
Lüleburgaz,2013,8,-1.741,-1.173,0.127,-0.101,1.524,1.166,2.310,1.205,1.806,1.470
Lüleburgaz,2013,9,-0.686,-0.774,-1.362,-1.018,0.560,0.210,1.539,0.844,1.715,1.440
Lüleburgaz,2013,10,0.614,0.779,-0.124,-0.253,0.569,0.416,1.275,0.769,1.494,0.885
Lüleburgaz,2013,11,0.107,-0.097,-0.007,-0.071,-0.030,-0.057,0.908,0.506,1.748,0.967
Lüleburgaz,2013,12,-2.132,-1.498,-0.554,-0.479,-1.075,-0.863,-0.111,-0.104,0.749,0.467
Lüleburgaz,2014,1,0.418,0.263,-0.792,-0.961,-0.856,-0.973,-0.149,-0.243,0.574,0.319
Lüleburgaz,2014,2,-2.451,-2.105,-1.552,-1.617,-1.121,-1.195,-0.956,-0.957,-0.013,-0.186
Lüleburgaz,2014,3,1.044,1.003,0.057,-0.288,-0.477,-0.608,-0.896,-1.098,-0.152,-0.292
Lüleburgaz,2014,4,0.223,0.021,-0.227,-0.487,-0.792,-1.056,-0.807,-0.987,-0.225,-0.348
Lüleburgaz,2014,5,1.139,1.266,1.365,1.263,-0.409,-0.599,-0.386,-0.463,-0.364,-0.347
Lüleburgaz,2014,6,0.487,0.516,0.917,0.981,0.537,0.426,-0.107,-0.051,-0.567,-0.706
Lüleburgaz,2014,7,2.193,2.476,2.271,2.283,1.701,1.605,0.635,0.587,0.372,0.295
Lüleburgaz,2014,8,0.527,0.032,1.733,1.146,2.284,2.090,0.754,0.490,0.504,0.454
Lüleburgaz,2014,9,1.976,2.038,2.415,1.564,2.701,1.531,2.083,1.194,1.194,1.199
Lüleburgaz,2014,10,-0.459,-0.588,0.974,1.041,1.957,2.145,1.630,1.041,0.912,0.608
Lüleburgaz,2014,11,-0.452,-0.566,0.529,0.613,1.356,0.869,1.700,1.020,0.788,0.535
Lüleburgaz,2014,12,0.534,0.477,-0.349,-0.441,1.273,0.851,1.495,0.959,1.256,0.787
Lüleburgaz,2015,1,-0.088,-0.160,-0.208,-0.256,0.404,0.418,1.377,1.003,1.162,0.817
Lüleburgaz,2015,2,0.578,0.593,0.342,0.285,0.482,0.576,1.148,0.844,1.495,1.025
Lüleburgaz,2015,3,0.382,0.377,0.210,0.190,-0.223,-0.256,1.102,1.168,1.287,0.932
Lüleburgaz,2015,4,0.882,1.024,0.903,1.001,0.269,0.355,0.667,0.730,1.471,0.999
Lüleburgaz,2015,5,-1.868,-1.763,-0.091,-0.234,0.187,0.137,0.378,0.442,1.079,0.717
Lüleburgaz,2015,6,0.258,0.223,-0.203,-0.304,-0.067,-0.060,-0.383,-0.363,1.053,1.081
Lüleburgaz,2015,7,-0.893,-1.116,-1.406,-1.497,-0.204,-0.389,-0.353,-0.473,0.181,0.146
Lüleburgaz,2015,8,-0.831,-1.249,-0.609,-0.790,-0.652,-0.943,-0.220,-0.326,0.059,-0.088
Lüleburgaz,2015,9,1.080,0.802,0.125,-0.481,-0.215,-0.557,-0.099,-0.344,-0.359,-0.660
Lüleburgaz,2015,10,0.941,1.025,0.952,0.620,0.086,-0.517,0.443,0.115,0.168,-0.056
Lüleburgaz,2015,11,-0.983,-1.232,0.517,0.195,0.035,-0.257,-0.076,-0.311,0.072,-0.144
Lüleburgaz,2015,12,-2.524,-1.558,-0.801,-0.845,-0.662,-0.837,-0.774,-0.871,-0.598,-0.658
Lüleburgaz,2016,1,0.604,0.709,-1.295,-1.309,-0.298,-0.613,-0.840,-1.092,-0.402,-0.556
Lüleburgaz,2016,2,0.812,0.617,-0.195,-0.315,0.104,-0.091,-0.199,-0.443,-0.275,-0.517
Lüleburgaz,2016,3,-0.966,-1.365,0.331,0.124,-0.432,-0.609,-0.415,-0.881,-0.517,-0.774
Lüleburgaz,2016,4,-0.740,-1.201,-0.490,-1.159,-1.312,-1.632,-0.461,-0.947,-0.906,-1.317
Lüleburgaz,2016,5,0.259,0.191,-1.164,-1.437,-0.919,-1.266,-0.372,-0.739,-0.618,-0.886
Lüleburgaz,2016,6,0.176,-0.420,-0.422,-0.936,-0.064,-0.619,-0.685,-1.065,-0.664,-1.251
Lüleburgaz,2016,7,-0.667,-1.018,-0.359,-0.764,-0.708,-1.382,-1.463,-1.866,-0.645,-1.205
Lüleburgaz,2016,8,-0.831,-0.963,-0.619,-0.975,-1.467,-1.721,-1.197,-1.655,-0.637,-1.128
Lüleburgaz,2016,9,-0.767,-0.783,-1.393,-1.108,-1.310,-1.570,-0.685,-1.096,-1.049,-1.339
Lüleburgaz,2016,10,-0.722,-0.788,-1.462,-1.306,-1.230,-1.382,-1.278,-1.652,-1.837,-2.119
Lüleburgaz,2016,11,-0.182,-0.207,-1.240,-1.109,-1.349,-1.247,-1.733,-1.893,-1.576,-1.799
Lüleburgaz,2016,12,-2.132,-1.375,-1.719,-1.324,-2.135,-1.906,-2.074,-2.163,-1.472,-1.605
Lüleburgaz,2017,1,1.045,1.240,-0.398,-0.125,-1.210,-1.048,-1.248,-1.125,-1.351,-1.514
Lüleburgaz,2017,2,0.158,0.012,-0.163,-0.027,-0.952,-0.783,-1.138,-1.076,-1.527,-1.611
Lüleburgaz,2017,3,0.052,-0.285,0.614,0.629,-0.689,-0.598,-1.101,-1.123,-1.229,-1.306
Lüleburgaz,2017,4,0.107,0.169,-0.133,-0.118,-0.436,-0.234,-1.036,-0.911,-1.104,-0.958
Lüleburgaz,2017,5,-0.391,-0.395,-0.452,-0.372,-0.517,-0.256,-1.145,-0.912,-1.311,-1.137
Lüleburgaz,2017,6,0.157,-0.122,-0.385,-0.279,0.284,0.425,-0.929,-0.704,-1.360,-1.255
Lüleburgaz,2017,7,1.720,1.905,0.953,0.927,0.563,0.517,0.034,0.246,-0.575,-0.480
Lüleburgaz,2017,8,0.033,-0.368,1.084,0.626,0.560,0.430,0.163,0.251,-0.502,-0.394
Lüleburgaz,2017,9,0.492,0.189,1.192,0.680,0.683,0.437,0.870,0.581,-0.244,-0.214
Lüleburgaz,2017,10,0.762,0.906,0.585,0.495,0.879,0.848,0.643,0.442,0.233,0.269
Lüleburgaz,2017,11,0.352,0.350,0.644,0.648,1.000,0.600,0.694,0.461,0.421,0.383
Lüleburgaz,2017,12,0.926,0.937,0.923,1.002,1.236,0.788,1.015,0.674,1.108,0.732
Lüleburgaz,2018,1,0.553,0.587,0.865,0.895,0.922,0.885,1.126,0.772,0.949,0.655
Lüleburgaz,2018,2,1.105,1.239,1.220,1.240,1.211,1.230,1.395,0.920,1.196,0.808
Lüleburgaz,2018,3,1.517,1.538,1.345,1.357,1.491,1.503,1.676,1.677,1.484,0.995
Lüleburgaz,2018,4,-2.374,-1.717,1.109,0.830,1.214,1.073,1.170,1.004,1.326,0.788
Lüleburgaz,2018,5,-1.511,-1.659,-0.358,-1.019,1.006,0.711,1.031,0.837,1.263,0.667
Lüleburgaz,2018,6,2.121,2.227,0.553,-0.037,1.663,1.324,1.682,1.446,1.917,1.633
Lüleburgaz,2018,7,1.023,0.864,1.594,1.330,1.883,1.469,1.825,1.496,1.684,1.383
Lüleburgaz,2018,8,-2.128,-1.197,1.695,0.997,1.269,0.623,1.749,0.854,1.608,1.288
Lüleburgaz,2018,9,0.258,0.048,0.375,-0.041,0.520,-0.056,1.398,0.673,1.491,1.215
Lüleburgaz,2018,10,-0.235,-0.485,-0.546,-0.874,0.628,0.198,0.975,0.412,1.215,0.605
Lüleburgaz,2018,11,-0.051,-0.127,-0.452,-0.630,0.775,0.388,0.508,0.086,1.119,0.525
Lüleburgaz,2018,12,0.181,0.220,-0.337,-0.343,-0.173,-0.199,0.002,-0.215,0.744,0.366
Lüleburgaz,2019,1,-0.117,-0.189,-0.309,-0.214,-0.722,-0.851,0.178,-0.033,0.538,0.198
Lüleburgaz,2019,2,-0.009,-0.062,-0.226,-0.187,-0.565,-0.554,0.371,0.222,0.192,-0.075
Lüleburgaz,2019,3,-1.457,-1.464,-0.784,-0.821,-0.873,-0.843,-0.667,-0.833,-0.462,-0.630
Lüleburgaz,2019,4,0.015,0.164,-1.126,-0.769,-0.837,-0.643,-1.055,-0.992,-0.209,-0.243
Lüleburgaz,2019,5,0.144,-0.058,-1.003,-0.771,-0.871,-0.677,-0.995,-0.874,0.020,0.035
Lüleburgaz,2019,6,-2.971,-2.012,-1.078,-1.151,-1.698,-1.764,-1.399,-1.436,-1.159,-1.289
Lüleburgaz,2019,7,-1.703,-0.967,-1.807,-1.719,-2.138,-1.794,-1.606,-1.525,-1.690,-1.625
Lüleburgaz,2019,8,-1.337,-1.021,-3.586,-1.946,-2.447,-1.865,-1.771,-1.740,-1.665,-1.533
Lüleburgaz,2019,9,-1.881,-1.291,-2.865,-1.315,-2.250,-1.989,-2.325,-2.383,-1.839,-1.607
Lüleburgaz,2019,10,-1.892,-1.002,-3.068,-1.621,-2.906,-2.024,-2.730,-2.444,-2.205,-1.931
Lüleburgaz,2019,11,-1.156,-1.574,-2.869,-1.923,-3.864,-4.302,-3.206,-4.753,-2.596,-3.170
Lüleburgaz,2019,12,-0.646,-0.897,-2.081,-1.788,-2.795,-4.522,-2.918,-4.753,-2.892,-4.753
Lüleburgaz,2020,1,-0.942,-0.947,-2.012,-2.143,-3.195,-2.369,-3.556,-4.753,-3.517,-4.753
Lüleburgaz,2020,2,-0.238,-0.475,-1.359,-1.356,-2.744,-2.325,-3.403,-4.753,-3.427,-4.753
Lüleburgaz,2020,3,-1.243,-1.367,-1.376,-1.352,-2.575,-2.258,-3.083,-2.229,-3.217,-4.753
Lüleburgaz,2020,4,0.236,0.491,-1.067,-0.750,-2.152,-1.990,-2.876,-2.128,-3.261,-4.753
Lüleburgaz,2020,5,1.522,1.836,0.509,0.863,-0.930,-0.689,-2.064,-1.813,-2.657,-3.821
Lüleburgaz,2020,6,1.684,1.963,2.104,2.353,0.455,0.895,-0.946,-0.685,-1.520,-1.317
Lüleburgaz,2020,7,-2.128,-0.961,1.639,1.891,0.673,1.058,-0.788,-0.609,-1.530,-1.289
Lüleburgaz,2020,8,-0.381,-0.455,0.698,0.546,0.784,1.107,-0.429,-0.013,-1.466,-1.167
Lüleburgaz,2020,9,-0.895,-1.413,-1.711,-1.114,0.882,0.743,-0.293,-0.014,-1.333,-1.112
Lüleburgaz,2020,10,0.452,0.120,-0.244,-0.744,0.808,0.788,0.232,0.240,-0.835,-0.684
Lüleburgaz,2020,11,-2.432,-1.566,-1.271,-1.440,-0.440,-0.383,-0.205,-0.036,-0.969,-0.631
Lüleburgaz,2020,12,-0.600,-1.040,-1.137,-1.330,-1.701,-1.922,-0.220,-0.085,-0.910,-0.649
Lüleburgaz,2021,1,1.780,1.788,0.166,0.089,-0.151,-0.548,0.614,0.413,0.185,0.156
Lüleburgaz,2021,2,-0.355,-0.632,0.691,0.570,-0.209,-0.575,0.057,-0.099,0.174,0.132
Lüleburgaz,2021,3,0.342,0.623,1.154,1.244,0.071,-0.033,-0.427,-0.704,0.430,0.390
Lüleburgaz,2021,4,0.114,0.397,-0.284,0.187,-0.042,0.100,-0.260,-0.399,0.425,0.365
Lüleburgaz,2021,5,-0.772,-0.746,-0.405,0.121,0.399,0.609,-0.419,-0.494,-0.128,-0.038
Lüleburgaz,2021,6,0.975,1.361,0.159,0.705,1.219,1.538,0.064,0.333,-0.451,-0.398
Lüleburgaz,2021,7,-0.451,-0.836,-0.140,0.065,-0.402,0.064,-0.186,0.086,-0.370,-0.348
Lüleburgaz,2021,8,-1.741,-1.329,0.112,-0.036,-0.338,-0.055,0.287,0.315,-0.409,-0.507
Lüleburgaz,2021,9,-1.001,-0.903,-1.489,-1.229,-0.831,-0.420,0.412,0.424,-0.385,-0.417
Lüleburgaz,2021,10,0.736,0.704,-0.044,-0.426,-0.227,-0.362,-0.388,-0.138,-0.262,-0.122
Lüleburgaz,2021,11,0.629,0.402,0.421,0.141,0.283,0.075,0.025,0.095,0.383,0.279
Lüleburgaz,2021,12,1.721,1.810,1.619,1.512,0.961,0.477,0.911,0.580,1.328,0.837
Lüleburgaz,2022,1,-0.798,-1.064,1.188,1.025,0.840,0.484,0.624,0.317,0.426,0.300
Lüleburgaz,2022,2,0.733,0.687,1.207,1.113,1.072,0.892,0.893,0.495,0.699,0.476
Lüleburgaz,2022,3,-2.803,-1.480,-0.847,-0.884,0.866,0.777,0.359,-0.010,0.335,0.232
Lüleburgaz,2022,4,1.003,0.860,0.094,0.207,1.030,0.891,0.721,0.423,0.551,0.293
Lüleburgaz,2022,5,-0.116,-0.305,-0.627,-0.451,0.878,0.848,0.803,0.676,0.666,0.364
Lüleburgaz,2022,6,0.349,-0.100,0.516,0.213,-0.581,-0.747,1.019,0.858,0.498,0.111
Lüleburgaz,2022,7,-1.622,-0.147,-0.629,-0.415,-0.455,-0.270,0.667,0.632,0.433,0.258
Lüleburgaz,2022,8,0.536,-0.738,-0.227,-0.367,-0.774,-0.738,0.546,0.313,0.565,0.326
Lüleburgaz,2022,9,1.068,0.891,0.341,0.074,0.468,0.155,-0.359,-0.402,0.911,0.639
Lüleburgaz,2022,10,-1.334,-1.372,-0.024,-0.766,-0.485,-0.865,-0.411,-0.482,0.434,0.095
Lüleburgaz,2022,11,-1.301,-1.613,-0.985,-1.401,-0.932,-1.081,-1.140,-1.147,-0.064,-0.281
Lüleburgaz,2022,12,-0.634,-1.038,-2.035,-2.018,-1.311,-1.595,-0.943,-1.169,-1.336,-1.516
Lüleburgaz,2023,1,-1.020,-1.302,-2.118,-2.431,-1.695,-2.085,-1.772,-2.182,-1.531,-1.829
Lüleburgaz,2023,2,-2.354,-1.618,-2.124,-1.949,-2.229,-2.324,-2.008,-2.427,-2.121,-2.438
Lüleburgaz,2023,3,0.046,-0.009,-1.460,-1.444,-2.608,-2.491,-2.004,-1.906,-1.586,-1.939
Lüleburgaz,2023,4,1.141,1.402,-0.319,0.036,-1.748,-1.778,-1.479,-1.674,-1.595,-1.731
Lüleburgaz,2023,5,-0.006,0.441,0.536,1.037,-1.396,-1.166,-1.693,-1.717,-1.632,-1.668
Lüleburgaz,2023,6,0.332,0.536,0.663,1.275,-0.925,-0.356,-2.008,-1.890,-1.690,-1.536
Lüleburgaz,2023,7,-0.490,-1.540,-0.363,-0.298,-0.588,-0.313,-1.851,-1.774,-1.606,-1.762
Lüleburgaz,2023,8,-0.831,-2.226,-0.423,-1.247,-0.043,-0.384,-1.507,-1.781,-1.757,-1.896
Lüleburgaz,2023,9,-0.734,-4.039,-1.257,-4.753,-0.307,-1.068,-1.389,-2.131,-2.208,-2.244
Lüleburgaz,2023,10,-1.369,-2.072,-1.930,-3.210,-1.415,-2.235,-1.316,-2.254,-2.282,-4.753
Lüleburgaz,2023,11,1.421,1.415,0.174,-1.194,-0.170,-1.517,0.025,-0.741,-1.039,-1.979
Lüleburgaz,2023,12,0.170,-0.039,0.366,-0.171,-0.193,-1.870,0.035,-0.730,-0.699,-1.413
Lüleburgaz,2024,1,0.377,0.320,0.946,0.884,-0.012,-1.409,-0.224,-1.260,-0.373,-1.146
Lüleburgaz,2024,2,-0.880,-1.403,-0.234,-0.557,-0.164,-1.223,-0.379,-1.632,-0.215,-1.040
Lüleburgaz,2024,3,-0.080,-0.367,-0.322,-0.644,-0.018,-0.597,-0.446,-1.696,-0.223,-1.048
Lüleburgaz,2024,4,-0.191,-0.840,-1.109,-1.651,0.338,-0.071,-0.432,-1.677,-0.569,-1.678
Lüleburgaz,2024,5,0.190,0.375,-0.367,-0.596,-0.540,-0.930,-0.361,-1.421,-0.549,-1.897
Lüleburgaz,2024,6,-0.310,-1.623,-0.520,-1.256,-0.844,-1.681,-0.297,-1.235,-0.731,-2.217
Lüleburgaz,2024,7,-1.343,-2.507,-0.893,-2.002,-1.539,-2.385,-0.118,-1.193,-0.799,-2.377
Lüleburgaz,2024,8,-1.563,-1.765,-1.310,-3.627,-1.278,-2.234,-1.120,-4.753,-0.809,-2.165
Lüleburgaz,2024,9,-0.482,-1.286,-1.594,-2.976,-1.470,-4.753,-1.405,-4.753,-0.728,-1.822
Lüleburgaz,2024,10,-0.697,-0.787,-1.374,-1.771,-1.575,-2.237,-1.864,-4.753,-0.661,-1.679
Lüleburgaz,2024,11,-0.579,-0.532,-1.465,-1.400,-1.893,-4.753,-1.736,-4.056,-1.607,-4.753
Lüleburgaz,2024,12,0.097,-0.094,-0.862,-0.855,-1.417,-2.772,-1.573,-3.528,-1.562,-3.258
Sarıyer,1965,1,-1.137,-1.200,,,,,,,,
Sarıyer,1965,2,1.167,1.292,,,,,,,,
Sarıyer,1965,3,-0.110,-0.086,-0.094,-0.160,,,,,,
Sarıyer,1965,4,2.163,1.954,1.627,1.714,,,,,,
Sarıyer,1965,5,0.075,0.112,1.218,1.321,,,,,,
Sarıyer,1965,6,-0.906,-1.176,1.105,1.236,0.403,0.494,,,,
Sarıyer,1965,7,0.441,0.628,-0.335,-0.319,1.217,1.462,,,,
Sarıyer,1965,8,0.177,0.619,-0.250,0.154,0.504,0.896,,,,
Sarıyer,1965,9,-2.093,-1.412,-0.726,-0.475,-0.041,0.281,-0.195,0.044,,
Sarıyer,1965,10,-0.610,-0.576,-1.499,-1.029,-1.468,-1.060,-0.062,0.287,,
Sarıyer,1965,11,1.803,1.693,0.167,0.138,-0.143,0.010,0.421,0.551,,
Sarıyer,1965,12,0.777,0.713,1.157,1.130,0.406,0.586,0.747,0.974,0.513,0.750
Sarıyer,1966,1,1.438,1.552,1.945,1.749,1.032,1.165,0.797,0.712,1.423,1.636
Sarıyer,1966,2,-1.622,-1.671,0.829,0.734,0.681,0.647,0.416,0.519,0.790,0.703
Sarıyer,1966,3,1.041,1.123,0.848,0.810,1.387,1.315,0.778,0.927,1.034,1.191
Sarıyer,1966,4,-0.473,-0.529,-0.448,-0.647,1.535,1.364,0.687,0.748,0.476,0.558
Sarıyer,1966,5,-0.294,-0.284,0.217,0.205,0.778,0.685,0.685,0.612,0.424,0.524
Sarıyer,1966,6,-0.448,-0.074,-1.097,-0.860,0.356,0.367,1.086,1.082,0.489,0.716
Sarıyer,1966,7,-0.908,-1.023,-1.272,-1.039,-1.380,-1.265,1.086,1.026,0.254,0.381
Sarıyer,1966,8,-0.061,-0.248,-1.000,-0.858,-0.658,-0.582,0.203,0.123,0.193,0.111
Sarıyer,1966,9,-0.732,-0.737,-1.337,-1.244,-1.780,-1.514,-0.475,-0.533,0.289,0.237
Sarıyer,1966,10,-2.035,-1.955,-2.206,-1.874,-2.591,-2.203,-2.352,-1.985,0.055,-0.122
Sarıyer,1966,11,-0.066,-0.384,-1.791,-1.889,-2.275,-1.948,-1.939,-2.453,-0.821,-1.071
Sarıyer,1966,12,0.771,0.851,-0.506,-0.911,-1.309,-1.517,-1.671,-1.699,-0.780,-0.995
Sarıyer,1967,1,0.734,0.798,0.654,0.673,-0.620,-0.896,-1.154,-1.184,-1.268,-1.460
Sarıyer,1967,2,0.108,0.268,0.774,0.928,-0.450,-0.605,-0.954,-1.072,-0.832,-0.799
Sarıyer,1967,3,-0.495,-0.445,0.250,0.344,-0.262,-0.411,-0.909,-1.061,-1.223,-1.286
Sarıyer,1967,4,0.126,0.206,-0.285,-0.120,0.379,0.457,-0.712,-0.802,-1.134,-1.141
Sarıyer,1967,5,0.075,0.022,-0.434,-0.330,0.466,0.615,-0.639,-0.714,-1.068,-1.086
Sarıyer,1967,6,-0.534,-0.207,-0.496,-0.316,-0.071,0.153,-0.509,-0.567,-1.138,-1.182
Sarıyer,1967,7,-0.491,-0.653,-0.888,-0.792,-1.002,-0.728,-0.019,0.110,-1.093,-1.082
Sarıyer,1967,8,0.233,0.090,-0.635,-0.552,-0.890,-0.723,0.032,0.186,-0.965,-0.957
Sarıyer,1967,9,0.175,0.001,-0.329,-0.591,-0.653,-0.683,-0.363,-0.283,-0.707,-0.800
Sarıyer,1967,10,-0.291,-0.481,-0.391,-0.577,-0.882,-0.914,-0.998,-0.912,-0.312,-0.296
Sarıyer,1967,11,-0.915,-0.928,-0.948,-1.029,-1.334,-1.272,-1.536,-1.370,-0.604,-0.482
Sarıyer,1967,12,-0.242,-0.413,-1.106,-1.155,-1.213,-1.286,-1.365,-1.324,-1.019,-0.925
Sarıyer,1968,1,1.409,1.551,0.306,0.411,-0.123,-0.249,-0.537,-0.401,-0.658,-0.619
Sarıyer,1968,2,-0.615,-0.698,0.489,0.482,-0.290,-0.334,-0.668,-0.719,-0.814,-0.660
Sarıyer,1968,3,-0.422,-0.461,0.552,0.572,-0.390,-0.416,-0.613,-0.681,-0.778,-0.808
Sarıyer,1968,4,-0.993,-1.002,-1.171,-1.158,-0.336,-0.326,-0.650,-0.716,-0.974,-0.989
Sarıyer,1968,5,-0.930,-1.701,-1.443,-1.577,-0.161,-0.331,-0.818,-0.952,-1.112,-1.181
Sarıyer,1968,6,-0.144,-0.011,-1.549,-1.616,-0.124,-0.253,-0.966,-1.050,-1.106,-1.232
Sarıyer,1968,7,-1.133,-0.786,-1.478,-1.383,-2.218,-1.779,-0.915,-0.920,-1.184,-1.212
Sarıyer,1968,8,0.757,1.017,-0.147,0.214,-1.095,-0.896,-0.324,-0.254,-0.926,-0.849
Sarıyer,1968,9,0.806,0.869,0.449,0.607,-0.307,-0.265,0.108,0.170,-0.606,-0.573
Sarıyer,1968,10,-0.667,-0.634,0.282,0.482,-0.459,-0.277,-1.117,-0.974,-0.670,-0.544
Sarıyer,1968,11,0.277,0.241,0.074,0.103,-0.164,0.022,-0.831,-0.522,-0.347,-0.229
Sarıyer,1968,12,0.747,0.835,0.079,0.125,0.260,0.454,-0.255,-0.171,0.072,0.217
Sarıyer,1969,1,1.352,1.506,1.165,1.236,1.118,1.328,0.579,0.589,0.006,0.132
Sarıyer,1969,2,0.332,0.301,1.248,1.403,0.978,1.110,0.742,1.009,0.254,0.337
Sarıyer,1969,3,0.144,0.368,0.998,1.170,0.754,0.917,0.771,1.034,0.362,0.556
Sarıyer,1969,4,1.946,1.816,1.103,1.254,1.528,1.549,1.451,1.574,0.967,1.190
Sarıyer,1969,5,-0.225,-0.509,1.071,1.187,1.527,1.634,1.302,1.387,1.033,1.265
Sarıyer,1969,6,0.718,0.591,1.476,1.469,1.621,1.709,1.316,1.390,1.242,1.381
Sarıyer,1969,7,-0.544,0.036,-0.257,-0.205,0.732,0.981,1.343,1.444,1.299,1.481
Sarıyer,1969,8,0.208,0.315,-0.060,0.221,0.525,0.839,1.229,1.417,1.093,1.285
Sarıyer,1969,9,-0.075,-0.425,-0.561,-0.464,0.292,0.448,0.863,1.076,0.740,0.936
Sarıyer,1969,10,-2.459,-1.614,-1.515,-1.327,-1.427,-1.268,-0.440,-0.303,0.474,0.655
Sarıyer,1969,11,-1.283,-1.326,-2.366,-2.008,-1.958,-1.562,-1.125,-0.734,0.092,0.300
Sarıyer,1969,12,0.736,0.702,-1.227,-1.280,-1.471,-1.297,-0.658,-0.633,0.082,0.237
Sarıyer,1970,1,0.400,0.296,0.022,-0.038,-1.026,-1.124,-1.180,-1.070,-0.453,-0.419
Sarıyer,1970,2,1.104,1.056,0.979,0.929,-0.481,-0.702,-0.591,-0.665,-0.153,-0.036
Sarıyer,1970,3,0.213,0.018,0.728,0.592,-0.302,-0.496,-0.649,-0.678,-0.130,-0.189
Sarıyer,1970,4,1.664,1.327,1.428,1.171,0.800,0.610,-0.066,-0.286,-0.220,-0.414
Sarıyer,1970,5,1.225,1.359,1.554,1.311,1.528,1.376,0.228,0.002,0.080,0.004
Sarıyer,1970,6,-0.453,-0.230,1.439,1.475,1.345,1.265,0.278,0.125,-0.153,-0.111
Sarıyer,1970,7,-1.247,-1.174,-0.200,-0.139,1.089,0.926,0.628,0.502,-0.216,-0.359
Sarıyer,1970,8,-0.923,-0.758,-1.679,-1.256,0.116,0.074,0.768,0.654,-0.408,-0.601
Sarıyer,1970,9,1.120,1.294,0.114,0.018,0.732,0.814,0.974,0.939,0.180,0.038
Sarıyer,1970,10,0.486,0.615,0.616,0.777,0.341,0.605,1.052,1.099,0.780,0.744
Sarıyer,1970,11,0.379,0.398,1.039,1.203,0.121,0.241,0.840,0.653,1.304,1.252
Sarıyer,1970,12,0.143,0.109,0.394,0.514,0.253,0.355,0.755,0.889,1.015,1.050
Sarıyer,1971,1,-0.049,-0.355,0.074,0.059,0.388,0.433,0.209,0.310,0.836,0.851
Sarıyer,1971,2,0.567,0.590,0.147,-0.013,0.773,0.892,0.094,0.181,0.652,0.527
Sarıyer,1971,3,1.836,1.848,0.904,0.850,0.888,0.937,0.701,0.796,1.076,1.148
Sarıyer,1971,4,-1.460,-0.980,0.927,0.981,0.529,0.555,0.749,0.860,0.577,0.728
Sarıyer,1971,5,-0.304,-0.656,0.639,0.619,0.376,0.299,0.935,0.985,0.283,0.389
Sarıyer,1971,6,-0.738,-0.923,-1.854,-1.648,0.197,0.021,0.368,0.373,0.260,0.350
Sarıyer,1971,7,-0.960,-0.402,-1.467,-1.235,-0.025,0.028,-0.010,0.043,0.280,0.440
Sarıyer,1971,8,-0.601,-0.536,-1.581,-1.065,-0.595,-0.414,-0.331,-0.310,0.310,0.428
Sarıyer,1971,9,-0.684,-0.744,-1.719,-1.162,-2.492,-1.815,-0.726,-0.728,-0.441,-0.366
Sarıyer,1971,10,0.920,1.109,-0.157,-0.031,-0.892,-0.674,-0.209,-0.054,-0.184,-0.068
Sarıyer,1971,11,-0.022,-0.013,0.074,0.218,-0.813,-0.618,-0.487,-0.132,-0.353,-0.209
Sarıyer,1971,12,0.159,0.146,0.532,0.692,-0.516,-0.287,-1.109,-0.877,-0.328,-0.193
Sarıyer,1972,1,-0.917,-0.907,-0.513,-0.441,-0.710,-0.578,-1.299,-0.907,-0.651,-0.476
Sarıyer,1972,2,-0.453,-0.373,-0.721,-0.723,-0.593,-0.402,-1.261,-0.986,-0.922,-0.544
Sarıyer,1972,3,-1.909,-1.552,-1.558,-1.308,-0.671,-0.473,-1.389,-1.064,-1.873,-1.506
Sarıyer,1972,4,-0.276,-0.802,-1.408,-1.369,-1.210,-1.173,-1.279,-1.109,-1.737,-1.455
Sarıyer,1972,5,0.446,0.487,-1.109,-1.218,-1.188,-1.170,-1.016,-0.875,-1.580,-1.299
Sarıyer,1972,6,-0.003,-0.259,-0.213,-0.673,-1.667,-1.549,-0.828,-0.755,-1.535,-1.299
Sarıyer,1972,7,0.942,1.010,0.620,0.587,-0.739,-0.856,-0.912,-0.895,-1.035,-0.879
Sarıyer,1972,8,0.433,0.498,0.529,0.568,-0.261,-0.337,-0.778,-0.761,-0.735,-0.609
Sarıyer,1972,9,0.823,0.927,0.900,1.018,0.652,0.603,-0.501,-0.543,-0.165,-0.090
Sarıyer,1972,10,1.140,1.309,1.197,1.355,1.241,1.365,0.476,0.524,-0.022,0.075
Sarıyer,1972,11,0.329,0.403,1.232,1.388,1.237,1.432,0.759,0.601,0.105,0.239
Sarıyer,1972,12,-1.352,-1.323,0.200,0.346,0.717,0.905,0.560,0.619,-0.367,-0.258
Sarıyer,1973,1,-0.135,-0.194,-0.682,-0.602,0.305,0.473,0.482,0.522,-0.162,-0.076
Sarıyer,1973,2,-0.085,-0.283,-0.972,-1.045,0.197,0.363,0.344,0.473,-0.054,0.033
Sarıyer,1973,3,0.098,0.303,-0.229,-0.295,-0.120,0.040,0.367,0.600,0.249,0.330
Sarıyer,1973,4,0.285,0.408,-0.048,-0.006,-0.653,-0.526,0.202,0.435,0.359,0.540
Sarıyer,1973,5,-0.309,-0.529,-0.139,0.004,-0.945,-0.907,0.090,0.277,0.238,0.417
Sarıyer,1973,6,1.050,1.432,0.509,0.759,-0.058,0.084,0.024,0.292,0.492,0.799
Sarıyer,1973,7,-0.716,-0.589,-0.073,0.098,-0.243,-0.069,-0.748,-0.503,0.097,0.423
Sarıyer,1973,8,-0.171,0.190,-0.104,0.365,-0.301,0.190,-0.982,-0.654,-0.064,0.291
Sarıyer,1973,9,-0.562,-0.722,-1.246,-0.915,-0.723,-0.404,-0.787,-0.531,-0.623,-0.302
Sarıyer,1973,10,1.024,1.038,0.111,0.190,-0.047,0.215,-0.153,0.042,-0.644,-0.384
Sarıyer,1973,11,-0.481,-0.371,-0.021,-0.026,-0.218,0.022,-0.350,0.078,-1.014,-0.681
Sarıyer,1973,12,-0.148,-0.278,0.229,0.242,-0.625,-0.491,-0.425,-0.184,-0.579,-0.314
Sarıyer,1974,1,0.123,0.134,-0.391,-0.253,-0.400,-0.278,-0.503,-0.115,-0.519,-0.271
Sarıyer,1974,2,-0.839,-0.859,-0.485,-0.553,-0.490,-0.446,-0.621,-0.364,-0.667,-0.248
Sarıyer,1974,3,0.233,0.364,-0.301,-0.306,-0.149,-0.047,-0.777,-0.547,-0.616,-0.355
Sarıyer,1974,4,-0.152,0.222,-0.575,-0.376,-0.699,-0.466,-0.655,-0.366,-0.711,-0.384
Sarıyer,1974,5,2.922,2.503,1.971,1.918,0.635,0.839,0.443,0.649,0.258,0.647
Sarıyer,1974,6,-0.608,-0.297,1.869,2.119,0.699,1.020,0.644,0.916,-0.077,0.359
Sarıyer,1974,7,-0.011,0.337,1.518,1.937,0.724,1.182,0.085,0.520,0.036,0.506
Sarıyer,1974,8,1.565,1.706,0.841,1.239,1.768,1.917,0.909,1.281,0.738,1.096
Sarıyer,1974,9,1.083,1.183,1.424,1.804,2.055,2.313,1.431,1.809,1.349,1.657
Sarıyer,1974,10,-1.285,-1.592,0.975,0.970,1.542,1.674,1.098,1.390,0.572,0.868
Sarıyer,1974,11,-0.445,-0.521,-0.256,-0.547,0.281,0.409,1.217,0.956,0.647,0.930
Sarıyer,1974,12,-0.037,-0.107,-1.208,-1.375,0.339,0.428,1.026,1.278,0.649,0.946
Sarıyer,1975,1,0.343,0.285,-0.182,-0.144,0.479,0.439,1.119,0.905,0.712,0.993
Sarıyer,1975,2,0.779,0.892,0.374,0.404,0.029,-0.055,0.384,0.585,1.087,0.933
Sarıyer,1975,3,0.714,0.471,0.708,0.645,-0.309,-0.527,0.633,0.734,1.172,1.346
Sarıyer,1975,4,-0.368,-0.777,0.599,0.360,0.130,0.035,0.659,0.570,1.180,1.224
Sarıyer,1975,5,1.102,1.219,0.722,0.425,0.608,0.527,0.279,0.080,0.576,0.654
Sarıyer,1975,6,0.731,0.765,0.724,0.566,0.957,0.843,-0.071,-0.344,0.835,0.870
Sarıyer,1975,7,-1.145,-1.152,0.342,0.267,0.640,0.371,0.188,0.096,0.706,0.609
Sarıyer,1975,8,1.904,1.912,1.348,1.383,1.470,1.296,1.219,1.168,0.912,0.745
Sarıyer,1975,9,-1.615,-1.320,0.522,0.480,0.695,0.670,0.931,0.870,0.146,-0.087
Sarıyer,1975,10,0.513,0.568,0.973,1.085,0.910,1.030,1.046,1.010,0.651,0.619
Sarıyer,1975,11,-0.322,-0.253,-0.652,-0.632,0.459,0.518,0.703,0.497,0.759,0.768
Sarıyer,1975,12,-0.084,-0.059,-0.104,0.044,0.186,0.304,0.393,0.466,0.703,0.756
Sarıyer,1976,1,-0.990,-1.071,-0.843,-0.780,-0.020,0.072,0.046,0.189,0.264,0.267
Sarıyer,1976,2,-1.026,-0.838,-1.137,-1.079,-1.446,-1.328,-0.457,-0.358,-0.186,-0.106
Sarıyer,1976,3,-1.537,-1.144,-1.806,-1.443,-1.361,-1.107,-0.863,-0.663,-0.617,-0.526
Sarıyer,1976,4,-0.785,-0.713,-1.925,-1.416,-1.745,-1.453,-0.811,-0.563,-0.687,-0.504
Sarıyer,1976,5,-1.313,-0.623,-2.265,-1.461,-2.024,-1.561,-2.215,-1.728,-1.100,-0.821
Sarıyer,1976,6,0.028,0.319,-1.419,-0.886,-2.584,-1.752,-1.972,-1.422,-1.344,-0.962
Sarıyer,1976,7,0.813,0.940,-0.052,0.316,-1.760,-1.068,-1.767,-1.278,-0.898,-0.459
Sarıyer,1976,8,0.711,1.121,0.634,1.074,-0.633,0.082,-1.333,-0.753,-1.690,-1.053
Sarıyer,1976,9,0.258,0.319,0.591,0.979,-0.107,0.472,-1.327,-0.750,-1.265,-0.663
Sarıyer,1976,10,0.219,0.121,0.298,0.607,0.125,0.660,-0.868,-0.319,-1.321,-0.752
Sarıyer,1976,11,-0.276,-0.407,-0.188,-0.203,0.166,0.495,-0.733,-0.086,-1.446,-0.877
Sarıyer,1976,12,0.574,0.550,0.140,0.026,0.418,0.655,-0.065,0.299,-1.063,-0.643
Sarıyer,1977,1,-0.407,-0.582,-0.156,-0.219,-0.056,0.071,-0.163,0.202,-0.930,-0.556
Sarıyer,1977,2,-2.027,-2.100,-0.602,-0.937,-0.702,-0.900,-0.384,-0.268,-1.037,-0.640
Sarıyer,1977,3,0.488,0.524,-0.854,-1.118,-0.592,-0.845,-0.221,-0.109,-0.613,-0.450
Sarıyer,1977,4,0.759,0.852,-0.371,-0.586,-0.388,-0.555,-0.260,-0.163,-0.333,-0.120
Sarıyer,1977,5,-1.162,-0.952,0.186,0.299,-0.475,-0.662,-0.624,-0.711,-0.322,-0.123
Sarıyer,1977,6,0.692,0.923,0.261,0.489,-0.768,-0.869,-0.554,-0.688,-0.189,0.043
Sarıyer,1977,7,1.554,1.707,1.101,1.399,0.466,0.472,0.099,0.103,0.166,0.383
Sarıyer,1977,8,-0.852,-0.697,0.833,1.029,0.699,0.918,-0.000,0.007,-0.202,-0.180
Sarıyer,1977,9,-0.193,-0.190,0.313,0.427,0.284,0.590,-0.440,-0.405,-0.374,-0.386
Sarıyer,1977,10,-0.628,-0.391,-1.385,-0.927,-0.333,0.095,-0.582,-0.380,-0.629,-0.483
Sarıyer,1977,11,0.320,0.198,-0.647,-0.481,-0.004,0.233,0.008,0.305,-0.473,-0.331
Sarıyer,1977,12,0.117,0.133,-0.335,-0.210,-0.150,0.077,-0.096,0.231,-0.648,-0.477
Sarıyer,1978,1,1.369,1.468,0.891,0.955,-0.056,0.093,0.404,0.556,0.139,0.339
Sarıyer,1978,2,0.357,0.237,0.949,1.017,0.294,0.484,0.610,0.870,0.583,0.634
Sarıyer,1978,3,0.378,0.272,1.093,1.083,0.570,0.650,0.541,0.747,0.548,0.797
Sarıyer,1978,4,1.530,1.436,0.976,0.884,1.227,1.164,0.412,0.565,0.761,0.971
Sarıyer,1978,5,0.170,0.149,1.034,0.972,1.250,1.260,0.658,0.784,0.901,1.079
Sarıyer,1978,6,-1.279,-1.133,0.487,0.516,1.237,1.214,0.714,0.793,0.662,0.870
Sarıyer,1978,7,-0.560,-0.225,-1.141,-0.885,0.160,0.152,0.792,0.845,-0.003,0.237
Sarıyer,1978,8,0.407,0.779,-0.702,-0.149,0.109,0.451,0.739,0.940,0.253,0.545
Sarıyer,1978,9,0.838,1.044,0.348,0.751,0.424,0.867,1.028,1.291,0.670,0.963
Sarıyer,1978,10,1.067,1.142,1.141,1.425,0.506,0.912,0.908,1.184,1.238,1.373
Sarıyer,1978,11,-0.523,-0.486,0.819,0.993,0.225,0.604,0.647,0.699,1.131,1.356
Sarıyer,1978,12,0.167,0.060,0.436,0.461,0.450,0.799,0.544,0.894,1.087,1.296
Sarıyer,1979,1,0.566,0.519,0.038,0.094,0.795,1.037,0.322,0.514,0.688,0.947
Sarıyer,1979,2,-0.295,-0.399,0.174,0.040,0.625,0.763,0.195,0.494,0.519,0.588
Sarıyer,1979,3,-2.362,-2.295,-0.444,-0.731,-0.085,-0.194,0.023,0.267,0.123,0.330
Sarıyer,1979,4,0.532,0.537,-0.943,-1.132,-0.490,-0.599,0.284,0.439,-0.125,0.057
Sarıyer,1979,5,-0.605,-0.437,-1.290,-1.319,-0.418,-0.590,0.148,0.189,-0.235,0.008
Sarıyer,1979,6,-0.281,-0.601,-0.407,-0.493,-0.741,-0.945,-0.292,-0.417,-0.144,0.119
Sarıyer,1979,7,1.259,1.485,0.466,0.634,-0.549,-0.632,-0.338,-0.336,0.388,0.607
Sarıyer,1979,8,1.365,1.505,1.347,1.471,0.550,0.665,0.426,0.461,0.800,0.900
Sarıyer,1979,9,-0.413,-0.550,1.013,1.294,0.698,0.942,0.160,0.177,0.325,0.361
Sarıyer,1979,10,0.189,0.207,0.465,0.617,0.535,0.812,-0.058,-0.001,-0.093,-0.006
Sarıyer,1979,11,0.995,1.019,0.227,0.281,1.048,1.282,0.502,0.487,0.456,0.543
Sarıyer,1979,12,0.804,0.841,0.992,1.030,1.373,1.558,1.147,1.326,0.685,0.779
Sarıyer,1980,1,0.975,1.091,1.280,1.313,1.345,1.495,1.402,1.063,0.851,0.991
Sarıyer,1980,2,0.685,0.782,1.166,1.317,1.002,1.141,1.554,1.703,1.089,0.866
Sarıyer,1980,3,1.843,1.920,1.519,1.739,1.801,1.787,1.969,1.929,1.786,1.891
Sarıyer,1980,4,0.147,0.359,1.376,1.486,1.774,1.710,1.780,1.773,1.776,1.877
Sarıyer,1980,5,0.837,0.944,1.597,1.617,1.706,1.796,1.552,1.596,1.968,1.927
Sarıyer,1980,6,-0.668,-0.440,0.014,0.292,1.496,1.731,1.838,1.874,2.020,1.946
Sarıyer,1980,7,0.262,0.472,0.042,0.331,1.176,1.526,1.689,1.728,1.725,1.788
Sarıyer,1980,8,0.480,0.633,-0.083,0.281,0.875,1.189,1.383,1.582,1.320,1.516
Sarıyer,1980,9,-0.015,0.061,-0.010,0.214,-0.123,0.318,1.023,1.421,1.418,1.697
Sarıyer,1980,10,-2.129,-1.774,-1.148,-0.977,-0.969,-0.655,0.061,0.377,0.907,1.145
Sarıyer,1980,11,1.172,1.123,-0.337,-0.434,-0.470,-0.363,0.369,0.502,1.085,1.303
Sarıyer,1980,12,0.452,0.376,0.082,-0.152,-0.075,-0.030,-0.119,0.059,0.886,1.131
Sarıyer,1981,1,2.035,2.125,1.875,1.707,1.088,1.128,0.986,0.819,1.448,1.641
Sarıyer,1981,2,1.300,1.345,1.970,2.090,1.397,1.391,1.168,1.324,1.611,1.164
Sarıyer,1981,3,1.530,1.506,2.344,2.437,1.967,1.744,1.571,1.550,1.486,1.596
Sarıyer,1981,4,-1.343,-0.977,1.228,1.210,2.210,1.906,1.488,1.428,1.361,1.448
Sarıyer,1981,5,1.251,1.557,1.148,1.264,2.206,2.147,1.724,1.646,1.448,1.529
Sarıyer,1981,6,-0.286,-0.377,-0.146,0.198,2.356,2.358,1.968,1.809,1.557,1.567
Sarıyer,1981,7,0.942,1.248,0.943,1.431,1.641,1.906,2.459,2.161,1.763,1.735
Sarıyer,1981,8,-0.261,-0.044,0.087,0.443,0.677,1.029,1.909,1.947,1.549,1.621
Sarıyer,1981,9,0.582,0.639,0.456,0.725,0.234,0.707,1.942,2.156,1.759,1.829
Sarıyer,1981,10,-0.539,-0.853,-0.417,-0.430,0.147,0.499,0.771,1.040,1.865,1.834
Sarıyer,1981,11,0.485,0.661,0.059,0.073,-0.030,0.163,0.481,0.600,1.823,1.867
Sarıyer,1981,12,1.923,1.959,1.192,1.120,1.108,1.278,0.960,1.236,2.328,2.204
Sarıyer,1982,1,0.452,0.398,1.430,1.415,0.964,1.014,1.253,1.005,1.599,1.756
Sarıyer,1982,2,-1.038,-0.840,1.063,1.114,0.811,0.884,0.683,0.891,1.000,0.870
Sarıyer,1982,3,0.014,0.173,-0.212,-0.200,0.673,0.727,0.709,0.945,0.601,0.925
Sarıyer,1982,4,1.479,1.522,0.120,0.404,1.279,1.363,0.858,1.022,1.096,1.386
Sarıyer,1982,5,0.629,1.035,1.008,1.339,1.337,1.515,1.121,1.272,0.956,1.237
Sarıyer,1982,6,-1.689,-1.291,0.644,1.091,0.032,0.367,0.882,1.074,0.886,1.201
Sarıyer,1982,7,0.831,1.194,0.205,0.733,0.110,0.733,1.252,1.494,0.852,1.175
Sarıyer,1982,8,0.193,0.428,-0.043,0.402,0.493,1.056,1.064,1.380,0.928,1.236
Sarıyer,1982,9,-1.468,-1.518,-0.343,-0.253,-0.058,0.368,-0.292,0.081,0.457,0.725
Sarıyer,1982,10,-1.096,-1.230,-1.770,-1.538,-1.251,-0.923,-1.025,-0.630,0.319,0.614
Sarıyer,1982,11,-1.103,-1.061,-2.494,-2.140,-2.022,-1.555,-1.215,-0.603,-0.132,0.165
Sarıyer,1982,12,0.613,0.487,-0.927,-1.099,-1.087,-1.041,-0.767,-0.565,-0.857,-0.579
Sarıyer,1983,1,0.380,0.353,-0.016,-0.020,-1.181,-1.245,-1.099,-0.766,-0.941,-0.688
Sarıyer,1983,2,0.973,1.033,0.837,0.832,-0.675,-0.901,-0.760,-0.734,-0.326,-0.016
Sarıyer,1983,3,-2.490,-2.058,0.065,-0.039,-0.700,-0.841,-0.884,-0.858,-0.666,-0.515
Sarıyer,1983,4,-0.350,-0.718,-0.374,-0.591,-0.266,-0.394,-1.232,-1.358,-1.130,-1.046
Sarıyer,1983,5,-0.377,-1.051,-1.938,-2.102,0.046,-0.259,-1.345,-1.613,-1.326,-1.368
Sarıyer,1983,6,0.744,1.043,-0.154,-0.516,-0.109,-0.308,-0.834,-1.051,-1.003,-1.039
Sarıyer,1983,7,0.383,0.421,0.226,0.176,-0.300,-0.506,-0.243,-0.346,-1.184,-1.276
Sarıyer,1983,8,-0.668,-0.165,-0.011,0.377,-1.210,-1.082,-0.075,-0.103,-1.338,-1.332
Sarıyer,1983,9,-0.172,-0.293,-0.595,-0.448,-0.694,-0.656,-0.538,-0.529,-1.110,-1.087
Sarıyer,1983,10,0.663,0.761,-0.206,0.005,-0.147,0.100,-0.420,-0.378,-0.407,-0.361
Sarıyer,1983,11,0.148,0.275,0.138,0.285,-0.026,0.291,-0.848,-0.512,-0.073,0.025
Sarıyer,1983,12,-1.247,-1.332,-0.318,-0.235,-0.770,-0.540,-0.825,-0.702,-0.722,-0.600
Sarıyer,1984,1,0.529,0.387,-0.323,-0.328,-0.578,-0.468,-0.533,-0.241,-0.694,-0.677
Sarıyer,1984,2,-0.495,-0.525,-0.621,-0.819,-0.472,-0.432,-0.557,-0.345,-1.136,-0.951
Sarıyer,1984,3,0.759,0.906,0.320,0.229,-0.077,-0.007,-0.468,-0.247,-0.541,-0.471
Sarıyer,1984,4,0.470,0.875,0.196,0.443,-0.220,-0.055,-0.435,-0.125,-0.390,-0.134
Sarıyer,1984,5,-0.330,-0.962,0.430,0.558,-0.361,-0.413,-0.306,-0.184,-0.383,-0.086
Sarıyer,1984,6,0.120,0.321,-0.097,0.089,0.177,0.233,-0.173,-0.016,-0.560,-0.225
Sarıyer,1984,7,1.805,1.980,1.293,1.538,1.070,1.387,0.360,0.605,0.107,0.486
Sarıyer,1984,8,0.505,0.893,1.281,1.603,1.255,1.552,0.418,0.724,0.371,0.725
Sarıyer,1984,9,-2.128,-1.487,0.629,0.932,0.424,0.839,0.451,0.728,0.138,0.431
Sarıyer,1984,10,0.280,0.076,-0.484,-0.465,0.346,0.549,0.327,0.599,-0.028,0.197
Sarıyer,1984,11,-0.345,-0.442,-0.917,-1.145,0.230,0.418,0.347,0.485,-0.195,0.001
Sarıyer,1984,12,-1.797,-1.609,-1.199,-1.275,-0.466,-0.340,-0.524,-0.304,-0.304,-0.100
Sarıyer,1985,1,1.300,1.353,-0.137,-0.134,-0.600,-0.640,0.043,0.174,0.066,0.291
Sarıyer,1985,2,0.348,0.598,0.176,0.219,-0.550,-0.637,0.200,0.470,0.291,0.464
Sarıyer,1985,3,-1.293,-0.967,0.615,0.785,-0.389,-0.334,-0.035,0.269,-0.108,0.204
Sarıyer,1985,4,-0.559,-0.711,-0.706,-0.484,-0.539,-0.430,-0.889,-0.740,-0.287,-0.110
Sarıyer,1985,5,-1.028,-1.618,-1.856,-1.701,-0.600,-0.616,-1.197,-1.254,-0.361,-0.145
Sarıyer,1985,6,-0.608,-0.540,-1.643,-1.701,-0.080,-0.076,-0.990,-1.006,-0.503,-0.265
Sarıyer,1985,7,-0.456,0.050,-1.517,-1.145,-1.771,-1.210,-1.135,-0.917,-1.441,-1.148
Sarıyer,1985,8,-2.515,-0.961,-1.629,-0.875,-2.529,-1.808,-1.280,-0.995,-1.803,-1.494
Sarıyer,1985,9,-0.962,-0.836,-2.075,-1.174,-2.590,-1.851,-1.053,-0.803,-1.733,-1.376
Sarıyer,1985,10,2.298,2.319,1.141,1.328,0.405,0.708,-0.076,0.242,-0.228,0.036
Sarıyer,1985,11,0.816,0.789,1.792,1.844,0.888,1.220,0.167,0.350,0.185,0.475
Sarıyer,1985,12,-0.958,-1.151,1.802,1.743,0.577,0.810,0.046,0.159,0.357,0.603
Sarıyer,1986,1,1.040,1.005,0.479,0.440,1.146,1.207,0.600,0.564,0.188,0.396
Sarıyer,1986,2,1.048,1.076,0.571,0.457,1.661,1.631,1.002,1.197,0.425,0.447
Sarıyer,1986,3,-1.790,-1.352,0.670,0.665,1.748,1.678,0.792,1.003,0.367,0.493
Sarıyer,1986,4,-0.088,-0.069,-0.069,-0.008,0.325,0.307,0.942,1.017,0.452,0.597
Sarıyer,1986,5,-1.781,-0.872,-1.992,-1.346,-0.239,-0.246,1.057,1.148,0.410,0.684
Sarıyer,1986,6,0.548,0.351,-0.588,-0.598,0.342,0.339,1.609,1.561,0.620,0.859
Sarıyer,1986,7,-0.736,-0.560,-0.943,-0.826,-0.820,-0.658,-0.090,-0.060,0.593,0.738
Sarıyer,1986,8,-2.175,-1.309,-0.898,-0.947,-2.080,-1.633,-0.718,-0.723,0.582,0.645
Sarıyer,1986,9,-0.799,-0.972,-2.132,-1.534,-1.897,-1.652,-0.699,-0.742,0.600,0.600
Sarıyer,1986,10,0.321,0.362,-0.982,-0.994,-1.428,-1.299,-1.284,-1.128,-0.645,-0.651
Sarıyer,1986,11,-0.366,-0.195,-0.697,-0.602,-1.263,-1.164,-2.168,-1.920,-1.205,-1.073
Sarıyer,1986,12,-0.515,-0.561,-0.542,-0.355,-1.615,-1.346,-1.769,-1.465,-0.995,-0.860
Sarıyer,1987,1,0.841,0.861,-0.049,0.135,-0.820,-0.774,-1.251,-0.937,-1.165,-1.020
Sarıyer,1987,2,-1.353,-1.312,-0.297,-0.398,-0.816,-0.738,-1.275,-1.212,-1.852,-1.622
Sarıyer,1987,3,1.739,1.952,0.774,0.902,0.158,0.417,-0.706,-0.503,-0.893,-0.730
Sarıyer,1987,4,-0.247,0.043,0.265,0.501,0.045,0.329,-0.598,-0.367,-0.938,-0.694
Sarıyer,1987,5,-0.649,-0.480,0.805,1.128,0.098,0.310,-0.440,-0.143,-0.849,-0.612
Sarıyer,1987,6,0.903,1.095,-0.058,0.222,0.666,0.925,0.085,0.458,-0.790,-0.438
Sarıyer,1987,7,1.537,1.629,1.278,1.502,1.110,1.400,0.588,0.896,-0.050,0.255
Sarıyer,1987,8,1.635,1.772,2.032,2.004,2.190,2.119,1.358,1.581,0.838,1.160
Sarıyer,1987,9,-1.629,-1.244,1.212,1.479,1.036,1.364,1.235,1.535,0.764,1.128
Sarıyer,1987,10,0.563,0.650,0.738,0.958,1.214,1.452,1.154,1.512,0.821,1.154
Sarıyer,1987,11,0.218,0.156,-0.278,-0.303,1.348,1.610,1.594,1.152,1.089,1.356
Sarıyer,1987,12,0.634,0.711,0.673,0.737,1.314,1.491,1.187,1.442,1.405,1.603
Sarıyer,1988,1,-1.933,-1.629,-0.380,-0.441,0.120,0.202,0.662,0.647,0.638,0.947
Sarıyer,1988,2,-1.011,-1.025,-0.915,-1.037,-1.001,-1.060,0.478,0.647,0.683,0.712
Sarıyer,1988,3,-0.307,-0.586,-1.759,-1.639,-0.648,-0.733,0.212,0.339,0.141,0.312
Sarıyer,1988,4,0.079,0.332,-0.869,-0.858,-0.836,-0.882,-0.311,-0.177,0.206,0.373
Sarıyer,1988,5,0.131,0.340,-0.319,-0.178,-0.990,-0.984,-1.114,-1.045,0.308,0.512
Sarıyer,1988,6,-0.309,-0.453,-0.382,-0.166,-1.943,-1.666,-0.868,-0.826,0.061,0.287
Sarıyer,1988,7,-0.126,-0.600,-0.528,-0.715,-1.310,-1.236,-1.118,-1.163,-0.573,-0.457
Sarıyer,1988,8,-1.592,-1.171,-1.149,-1.275,-1.135,-1.118,-1.505,-1.440,-1.595,-1.454
Sarıyer,1988,9,0.016,-0.102,-0.916,-1.089,-1.063,-1.053,-2.129,-1.815,-1.280,-1.216
Sarıyer,1988,10,0.023,0.044,-0.785,-0.746,-1.042,-1.021,-1.477,-1.341,-1.452,-1.356
Sarıyer,1988,11,1.977,1.989,1.039,1.288,0.269,0.331,0.045,0.215,-0.637,-0.515
Sarıyer,1988,12,1.029,1.193,1.710,1.831,0.813,0.967,0.602,0.835,-0.406,-0.292
Sarıyer,1989,1,-1.405,-1.209,1.033,1.246,0.371,0.590,0.075,0.262,-0.354,-0.211
Sarıyer,1989,2,-2.208,-1.770,-0.698,-0.751,0.201,0.485,-0.358,-0.263,-0.487,-0.226
Sarıyer,1989,3,-0.969,-1.299,-2.309,-1.835,0.086,0.272,-0.453,-0.363,-0.592,-0.477
Sarıyer,1989,4,-1.694,-2.154,-2.629,-2.329,-0.078,-0.056,-0.621,-0.579,-0.838,-0.845
Sarıyer,1989,5,1.144,1.224,-0.679,-1.091,-0.978,-1.139,-0.094,-0.010,-0.594,-0.610
Sarıyer,1989,6,0.790,1.152,0.380,0.293,-1.837,-1.682,0.179,0.339,-0.383,-0.274
Sarıyer,1989,7,-0.891,-0.644,0.450,0.746,-1.679,-1.505,0.040,0.215,-0.495,-0.301
Sarıyer,1989,8,-0.781,-0.687,-0.575,-0.259,-1.007,-0.981,-1.255,-1.165,-0.425,-0.244
Sarıyer,1989,9,-0.395,-0.545,-1.517,-1.193,-0.949,-0.920,-2.357,-1.875,-0.562,-0.412
Sarıyer,1989,10,0.707,0.820,-0.299,-0.253,-0.085,0.199,-1.334,-1.237,-0.214,-0.040
Sarıyer,1989,11,0.318,0.490,0.176,0.342,-0.310,-0.076,-0.681,-0.400,-1.114,-0.938
Sarıyer,1989,12,-0.669,-0.760,0.088,0.266,-0.853,-0.666,-0.682,-0.535,-1.853,-1.595
Sarıyer,1990,1,-1.218,-1.101,-0.900,-0.766,-1.150,-0.953,-0.939,-0.447,-1.869,-1.645
Sarıyer,1990,2,-0.999,-1.028,-1.641,-1.470,-1.125,-0.979,-1.437,-1.128,-1.609,-1.395
Sarıyer,1990,3,-0.787,-1.042,-1.652,-1.493,-1.110,-0.985,-1.733,-1.520,-1.537,-1.364
Sarıyer,1990,4,0.049,-0.179,-1.130,-1.277,-1.428,-1.364,-1.563,-1.400,-1.314,-1.078
Sarıyer,1990,5,0.734,1.097,-0.230,-0.222,-1.522,-1.394,-1.192,-0.993,-1.432,-1.101
Sarıyer,1990,6,1.323,1.530,1.138,1.331,-0.826,-0.783,-0.638,-0.438,-1.309,-1.036
Sarıyer,1990,7,-0.875,-0.686,0.589,0.936,-0.573,-0.523,-1.122,-0.905,-1.315,-1.017
Sarıyer,1990,8,0.623,0.776,0.518,0.737,0.180,0.390,-1.046,-0.851,-0.895,-0.615
Sarıyer,1990,9,0.934,1.152,0.510,0.711,0.888,1.221,-0.324,-0.148,-0.308,-0.029
Sarıyer,1990,10,-0.045,-0.120,0.611,0.806,0.723,1.090,0.050,0.230,-0.609,-0.331
Sarıyer,1990,11,0.593,0.441,0.678,0.727,0.766,0.943,0.579,0.552,-0.555,-0.379
Sarıyer,1990,12,0.495,0.443,0.401,0.274,0.545,0.636,0.885,1.055,-0.092,0.038
Sarıyer,1991,1,-0.984,-1.050,-0.004,-0.106,0.319,0.325,0.481,0.535,-0.072,-0.010
Sarıyer,1991,2,-0.429,-0.378,-0.502,-0.641,0.035,0.072,0.193,0.320,0.056,0.176
Sarıyer,1991,3,-0.808,-0.601,-1.246,-1.121,-0.613,-0.658,-0.294,-0.129,0.055,0.249
Sarıyer,1991,4,1.767,1.679,0.236,0.466,0.067,0.125,0.346,0.532,0.478,0.757
Sarıyer,1991,5,1.901,1.869,1.647,1.694,0.425,0.566,0.719,0.862,0.789,0.999
Sarıyer,1991,6,-0.026,0.106,2.137,2.250,0.189,0.417,0.367,0.486,0.497,0.777
Sarıyer,1991,7,1.075,1.170,1.521,1.754,1.306,1.587,0.748,0.867,0.950,1.129
Sarıyer,1991,8,-0.377,-0.481,0.246,0.347,1.125,1.281,0.390,0.557,0.678,0.820
Sarıyer,1991,9,1.368,1.558,1.176,1.329,1.963,2.089,0.891,1.122,0.949,1.054
Sarıyer,1991,10,1.058,1.109,1.337,1.393,1.832,1.837,1.730,1.919,1.331,1.370
Sarıyer,1991,11,-0.796,-0.836,1.200,1.263,1.041,1.171,1.709,1.138,1.076,1.215
Sarıyer,1991,12,0.450,0.643,0.498,0.600,1.162,1.298,1.860,1.963,1.001,1.232
Sarıyer,1992,1,-2.423,-1.652,-1.110,-1.006,0.147,0.228,0.828,0.747,0.771,1.076
Sarıyer,1992,2,-0.745,-0.581,-1.083,-0.935,0.103,0.324,0.104,0.313,0.702,0.729
Sarıyer,1992,3,1.030,1.107,-0.966,-0.919,-0.367,-0.227,0.389,0.602,1.059,1.299
Sarıyer,1992,4,-0.188,-0.293,-0.017,0.001,-0.972,-0.822,0.078,0.240,0.671,0.860
Sarıyer,1992,5,-0.187,0.489,0.365,0.602,-0.758,-0.492,0.196,0.485,0.190,0.492
Sarıyer,1992,6,1.077,1.138,0.324,0.553,-0.830,-0.637,-0.303,-0.053,0.454,0.744
Sarıyer,1992,7,0.771,1.113,0.803,1.324,0.473,0.867,-0.593,-0.181,0.338,0.698
Sarıyer,1992,8,-0.365,-0.670,0.515,0.651,0.516,0.764,-0.444,-0.127,0.335,0.619
Sarıyer,1992,9,-1.040,-0.961,-0.597,-0.554,-0.426,-0.201,-1.097,-0.823,-0.662,-0.394
Sarıyer,1992,10,0.146,-0.192,-0.974,-1.172,-0.320,-0.168,-0.370,-0.276,-1.086,-0.839
Sarıyer,1992,11,-0.191,-0.156,-0.807,-0.939,-0.386,-0.479,-0.258,-0.036,-1.002,-0.725
Sarıyer,1992,12,-0.011,0.051,-0.269,-0.340,-0.730,-0.687,-0.597,-0.455,-1.156,-0.923
Sarıyer,1993,1,-0.683,-0.724,-0.603,-0.462,-1.352,-1.316,-0.910,-0.525,-0.851,-0.677
Sarıyer,1993,2,0.071,0.241,-0.498,-0.420,-1.053,-1.000,-0.765,-0.667,-0.605,-0.278
Sarıyer,1993,3,-0.746,-0.718,-0.784,-0.718,-0.871,-0.794,-1.158,-0.987,-1.033,-0.822
Sarıyer,1993,4,-1.336,-1.011,-0.951,-0.730,-1.075,-0.827,-1.660,-1.490,-1.217,-0.915
Sarıyer,1993,5,0.647,0.844,-0.884,-0.626,-0.890,-0.659,-1.384,-1.163,-1.042,-0.815
Sarıyer,1993,6,-0.506,-0.811,-0.841,-0.789,-1.291,-1.061,-1.265,-1.101,-1.501,-1.258
Sarıyer,1993,7,-0.008,0.282,-0.212,-0.024,-1.139,-0.744,-1.216,-0.836,-1.793,-1.472
Sarıyer,1993,8,-0.329,-0.205,-0.773,-0.472,-1.287,-0.851,-1.265,-0.861,-1.724,-1.291
Sarıyer,1993,9,0.043,-0.026,-0.546,-0.377,-1.013,-0.729,-1.414,-1.025,-1.448,-1.091
Sarıyer,1993,10,-1.552,-1.579,-1.507,-1.328,-1.390,-1.172,-1.819,-1.381,-1.865,-1.399
Sarıyer,1993,11,1.009,1.141,-0.322,-0.360,-0.861,-0.762,-1.310,-0.856,-1.478,-1.064
Sarıyer,1993,12,-0.848,-1.088,-0.751,-0.878,-1.087,-0.961,-1.374,-1.176,-1.726,-1.401
Sarıyer,1994,1,-1.192,-1.242,-0.514,-0.549,-1.571,-1.463,-1.671,-1.454,-1.949,-1.653
Sarıyer,1994,2,-1.127,-0.975,-1.798,-1.658,-1.646,-1.670,-2.018,-1.758,-2.214,-2.104
Sarıyer,1994,3,-1.468,-1.458,-1.963,-1.651,-2.008,-1.906,-2.091,-1.888,-2.295,-1.934
Sarıyer,1994,4,-0.363,-0.624,-1.742,-1.580,-1.356,-1.378,-2.197,-2.014,-2.191,-1.851
Sarıyer,1994,5,0.728,0.627,-0.767,-1.001,-1.942,-1.871,-1.900,-1.849,-2.162,-1.942
Sarıyer,1994,6,1.517,1.755,1.132,1.095,-1.041,-1.105,-1.460,-1.489,-1.640,-1.531
Sarıyer,1994,7,-0.266,-0.450,0.898,0.980,-0.670,-0.742,-0.872,-0.896,-1.712,-1.608
Sarıyer,1994,8,0.632,0.610,0.769,0.850,0.149,0.082,-1.162,-1.218,-1.329,-1.298
Sarıyer,1994,9,-1.832,-1.867,-0.734,-1.137,-0.028,-0.396,-1.336,-1.463,-1.704,-1.683
Sarıyer,1994,10,0.588,0.417,-0.107,-0.582,0.339,0.080,-0.580,-0.924,-0.875,-1.084
Sarıyer,1994,11,0.480,0.661,-0.100,-0.404,0.338,0.118,-0.065,-0.206,-1.231,-1.409
Sarıyer,1994,12,0.267,0.353,0.602,0.667,-0.074,-0.291,0.332,0.150,-0.743,-0.922
Sarıyer,1995,1,0.898,0.918,0.722,0.914,0.451,0.280,0.756,0.523,-0.001,-0.177
Sarıyer,1995,2,-0.495,-0.702,0.393,0.358,0.146,0.007,0.441,0.339,0.131,-0.008
Sarıyer,1995,3,0.542,0.410,0.496,0.319,0.714,0.699,0.174,0.012,0.482,0.285
Sarıyer,1995,4,0.019,0.104,-0.138,-0.323,0.510,0.590,0.291,0.136,0.560,0.412
Sarıyer,1995,5,-0.899,-0.978,-0.155,-0.263,0.226,0.162,0.034,-0.148,0.324,0.211
Sarıyer,1995,6,-0.218,-0.752,-0.896,-1.118,0.035,-0.252,0.406,0.295,-0.113,-0.342
Sarıyer,1995,7,1.569,1.643,0.782,0.642,0.359,0.045,0.755,0.758,0.533,0.329
Sarıyer,1995,8,-0.123,-0.103,0.720,0.696,0.410,0.329,0.493,0.429,0.305,0.092
Sarıyer,1995,9,0.474,0.437,0.852,0.913,0.353,0.299,0.525,0.384,0.744,0.660
Sarıyer,1995,10,-1.156,-0.974,-0.776,-0.671,-0.206,-0.204,-0.342,-0.483,0.194,0.238
Sarıyer,1995,11,0.337,0.597,-0.384,-0.179,0.089,0.161,-0.061,0.080,0.163,0.252
Sarıyer,1995,12,-1.057,-1.142,-1.296,-1.010,-0.309,-0.149,-0.645,-0.555,-0.279,-0.257
Sarıyer,1996,1,-0.510,-0.560,-0.763,-0.589,-1.373,-1.096,-0.940,-0.642,-0.936,-0.928
Sarıyer,1996,2,1.302,1.366,-0.254,-0.299,-0.570,-0.353,-0.214,-0.077,-0.298,-0.112
Sarıyer,1996,3,1.246,1.553,0.783,0.998,-0.291,0.045,0.200,0.543,-0.082,0.141
Sarıyer,1996,4,0.859,1.155,1.662,1.841,0.398,0.775,-0.160,0.275,0.099,0.409
Sarıyer,1996,5,0.845,0.473,1.483,1.539,0.510,0.692,0.115,0.438,0.366,0.620
Sarıyer,1996,6,-1.323,-1.054,0.343,0.390,0.852,1.085,-0.218,0.150,0.266,0.643
Sarıyer,1996,7,-1.612,-1.019,-0.856,-1.085,1.009,1.235,0.010,0.342,-0.520,-0.135
Sarıyer,1996,8,0.044,0.055,-1.375,-1.050,0.157,0.418,-0.153,0.052,-0.457,-0.128
Sarıyer,1996,9,0.780,0.927,-0.017,-0.016,0.037,0.173,0.521,0.776,-0.301,0.041
Sarıyer,1996,10,-0.229,-0.177,0.075,0.235,-0.439,-0.347,0.628,0.934,-0.041,0.322
Sarıyer,1996,11,-1.087,-1.154,-0.411,-0.307,-1.213,-1.007,-0.291,0.067,-0.489,-0.186
Sarıyer,1996,12,0.531,0.405,-0.549,-0.613,-0.562,-0.532,-0.438,-0.371,0.090,0.329
Sarıyer,1997,1,-1.164,-1.205,-0.827,-1.028,-0.793,-0.804,-1.194,-1.094,-0.113,0.045
Sarıyer,1997,2,-0.533,-0.556,-0.585,-0.813,-0.850,-0.869,-1.463,-1.354,-0.684,-0.409
Sarıyer,1997,3,-0.044,0.096,-1.065,-1.059,-1.282,-1.253,-1.176,-1.088,-1.043,-0.963
Sarıyer,1997,4,1.802,1.776,0.511,0.749,-0.424,-0.368,-0.440,-0.254,-0.762,-0.678
Sarıyer,1997,5,-0.377,-0.733,0.813,0.978,-0.123,-0.144,-0.466,-0.344,-1.005,-0.831
Sarıyer,1997,6,0.536,0.547,1.197,1.333,-0.350,-0.311,-0.766,-0.709,-0.761,-0.588
Sarıyer,1997,7,1.226,1.278,0.840,0.755,0.940,1.053,-0.080,-0.066,-0.136,0.010
Sarıyer,1997,8,2.157,2.113,2.189,2.067,2.355,2.128,1.336,1.400,0.950,1.094
Sarıyer,1997,9,-1.046,-0.620,1.535,1.921,1.862,2.090,0.876,1.162,0.414,0.632
Sarıyer,1997,10,1.879,1.969,2.211,2.341,2.255,2.199,2.264,2.442,1.371,1.484
Sarıyer,1997,11,-1.994,-1.755,0.296,0.507,1.850,2.154,2.092,1.333,1.379,1.514
Sarıyer,1997,12,0.669,0.665,1.116,1.142,1.900,2.043,2.157,2.220,1.356,1.530
Sarıyer,1998,1,-0.470,-0.603,-0.690,-0.772,1.300,1.540,1.521,1.106,1.503,1.722
Sarıyer,1998,2,-0.399,-0.387,-0.140,-0.263,0.001,0.183,1.366,1.563,1.497,1.139
Sarıyer,1998,3,1.611,1.768,0.197,0.218,0.885,0.993,1.607,1.696,1.845,1.969
Sarıyer,1998,4,-0.648,-1.270,0.414,0.324,-0.381,-0.457,1.285,1.385,1.448,1.513
Sarıyer,1998,5,1.760,1.794,1.706,1.544,0.725,0.722,0.719,0.850,1.842,1.801
Sarıyer,1998,6,0.341,0.030,0.911,0.596,0.560,0.472,1.204,1.156,1.892,1.772
Sarıyer,1998,7,0.123,0.015,0.968,0.999,0.963,0.862,0.030,-0.028,1.575,1.577
Sarıyer,1998,8,-2.305,-1.565,-0.601,-0.892,0.663,0.509,0.283,0.144,0.344,0.343
Sarıyer,1998,9,-0.050,-0.233,-0.852,-1.044,-0.239,-0.617,-0.123,-0.326,0.538,0.418
Sarıyer,1998,10,0.788,0.764,-0.141,-0.381,0.359,0.251,0.459,0.265,-0.142,-0.308
Sarıyer,1998,11,-0.380,-0.390,0.031,-0.041,-0.455,-0.736,0.448,0.256,0.199,0.058
Sarıyer,1998,12,0.457,0.559,0.439,0.474,-0.270,-0.393,0.063,-0.160,0.098,0.013
Sarıyer,1999,1,-0.909,-0.992,-0.492,-0.436,-0.679,-0.808,-0.224,-0.201,-0.056,-0.199
Sarıyer,1999,2,1.196,1.228,0.282,0.273,0.143,0.190,-0.238,-0.395,0.438,0.298
Sarıyer,1999,3,0.101,-0.047,0.089,-0.069,0.291,0.298,-0.247,-0.313,0.015,-0.195
Sarıyer,1999,4,-0.780,-1.137,0.488,0.294,-0.182,-0.225,-0.361,-0.510,0.006,-0.167
Sarıyer,1999,5,-1.240,-1.126,-1.005,-1.211,-0.212,-0.343,-0.255,-0.341,-0.577,-0.769
Sarıyer,1999,6,1.464,1.538,0.119,-0.216,0.045,-0.196,0.287,0.182,-0.264,-0.390
Sarıyer,1999,7,0.948,0.810,0.987,0.863,1.040,0.734,0.220,0.115,0.012,-0.185
Sarıyer,1999,8,1.017,1.049,1.481,1.364,0.812,0.577,0.685,0.544,0.557,0.392
Sarıyer,1999,9,0.012,-0.103,0.736,0.616,0.621,0.430,0.441,0.217,0.572,0.402
Sarıyer,1999,10,-0.677,-0.738,-0.129,-0.176,0.380,0.328,0.519,0.314,0.026,-0.084
Sarıyer,1999,11,0.593,0.693,-0.351,-0.306,0.776,0.738,0.305,0.168,0.372,0.294
Sarıyer,1999,12,0.171,-0.037,-0.139,-0.185,0.341,0.233,0.309,0.121,0.240,0.077
Sarıyer,2000,1,0.525,0.619,0.507,0.632,0.234,0.247,0.603,0.470,0.688,0.605
Sarıyer,2000,2,0.573,0.582,0.495,0.479,0.070,0.169,0.859,0.867,0.473,0.318
Sarıyer,2000,3,0.676,0.716,0.706,0.780,0.364,0.437,0.633,0.675,0.597,0.533
Sarıyer,2000,4,1.125,0.852,1.032,0.896,0.939,0.921,0.678,0.684,0.951,0.872
Sarıyer,2000,5,0.398,0.513,1.045,0.909,0.869,0.838,0.461,0.494,1.129,1.054
Sarıyer,2000,6,-0.054,0.205,0.669,0.693,0.928,1.022,0.577,0.649,0.816,0.850
Sarıyer,2000,7,-0.742,-1.079,-0.524,-0.538,0.515,0.386,0.662,0.690,0.433,0.473
Sarıyer,2000,8,0.298,0.340,-0.461,-0.384,0.253,0.253,0.469,0.459,0.145,0.172
Sarıyer,2000,9,1.287,1.420,0.710,0.641,0.839,0.859,1.038,1.092,0.783,0.789
Sarıyer,2000,10,0.189,0.202,0.912,0.998,0.485,0.636,0.924,0.948,0.988,1.014
Sarıyer,2000,11,-1.321,-1.429,0.335,0.304,-0.109,-0.183,0.355,0.284,0.565,0.555
Sarıyer,2000,12,-0.448,-0.687,-1.063,-1.133,-0.302,-0.459,-0.069,-0.183,0.327,0.337
Sarıyer,2001,1,-0.803,-0.999,-1.429,-1.681,-0.485,-0.639,-0.769,-0.669,-0.172,-0.329
Sarıyer,2001,2,0.400,0.332,-0.646,-0.903,-0.336,-0.488,-0.642,-0.778,-0.208,-0.242
Sarıyer,2001,3,-0.562,-1.438,-0.595,-1.043,-1.328,-1.599,-0.694,-1.016,-0.483,-0.802
Sarıyer,2001,4,0.773,0.685,0.199,-0.248,-1.071,-1.443,-0.356,-0.626,-0.583,-0.829
Sarıyer,2001,5,-0.345,-0.173,-0.235,-0.635,-0.722,-1.071,-0.456,-0.730,-0.710,-0.918
Sarıyer,2001,6,-1.158,-0.983,-0.432,-0.417,-0.903,-1.202,-1.584,-1.724,-0.897,-1.168
Sarıyer,2001,7,-0.628,-1.490,-1.524,-1.554,-0.829,-1.280,-1.687,-1.998,-0.888,-1.192
Sarıyer,2001,8,1.188,1.149,0.159,-0.185,-0.141,-0.640,-0.641,-1.074,-0.442,-0.831
Sarıyer,2001,9,0.454,0.317,0.556,0.119,0.213,-0.108,-0.337,-0.850,-1.002,-1.342
Sarıyer,2001,10,-1.472,-1.354,0.060,-0.177,-0.696,-0.990,-0.547,-1.030,-1.423,-1.701
Sarıyer,2001,11,1.199,1.307,0.136,0.122,0.082,-0.220,-0.103,-0.336,-0.596,-0.985
Sarıyer,2001,12,2.748,2.812,2.037,2.021,1.840,1.765,1.605,1.552,1.034,0.840
Sarıyer,2002,1,-0.178,-0.227,2.043,1.945,1.834,1.891,1.315,0.919,1.188,1.064
Sarıyer,2002,2,-0.612,-0.872,1.514,1.707,1.247,1.341,1.127,1.093,0.939,0.587
Sarıyer,2002,3,0.506,0.346,-0.295,-0.538,1.326,1.369,1.308,1.202,1.122,1.060
Sarıyer,2002,4,0.027,0.436,-0.216,-0.287,1.721,1.692,1.514,1.473,1.022,1.016
Sarıyer,2002,5,-0.425,-0.247,-0.033,0.151,1.316,1.458,1.146,1.245,1.010,1.000
Sarıyer,2002,6,0.842,0.829,0.125,0.370,-0.326,-0.357,1.371,1.466,1.350,1.266
Sarıyer,2002,7,0.402,-0.258,0.291,-0.118,-0.114,-0.448,1.723,1.613,1.539,1.396
Sarıyer,2002,8,1.471,1.524,1.309,1.146,1.052,0.956,1.765,1.670,1.638,1.540
Sarıyer,2002,9,1.205,1.358,1.561,1.602,1.473,1.520,0.914,0.853,2.002,1.938
Sarıyer,2002,10,-0.971,-1.007,1.083,1.148,0.985,0.938,0.707,0.584,1.953,1.829
Sarıyer,2002,11,0.034,-0.041,0.236,0.216,1.024,0.890,0.919,0.614,1.772,1.648
Sarıyer,2002,12,-0.698,-0.705,-1.231,-1.160,0.475,0.373,0.438,0.457,0.129,0.089
Sarıyer,2003,1,-0.569,-0.816,-0.805,-0.876,0.110,0.064,0.145,0.069,-0.028,-0.192
Sarıyer,2003,2,1.590,1.697,0.061,0.075,0.112,0.220,0.769,0.734,0.661,0.523
Sarıyer,2003,3,-0.670,-0.294,0.254,0.358,-0.734,-0.588,0.449,0.539,0.421,0.554
Sarıyer,2003,4,1.077,1.353,1.177,1.542,0.033,0.346,0.658,0.925,0.655,0.802
Sarıyer,2003,5,-2.212,-1.960,-0.453,-0.006,-0.201,0.048,-0.105,0.145,0.545,0.642
Sarıyer,2003,6,-2.132,-1.856,-0.804,-0.779,-0.193,-0.049,-1.108,-0.903,0.202,0.322
Sarıyer,2003,7,-0.867,-1.043,-3.152,-2.213,-0.154,0.045,-0.787,-0.623,-0.027,0.159
Sarıyer,2003,8,-1.040,-1.226,-2.398,-2.054,-1.750,-1.489,-1.035,-0.903,-0.844,-0.733
Sarıyer,2003,9,0.181,0.171,-0.962,-1.075,-1.336,-1.329,-0.781,-0.724,-1.505,-1.262
Sarıyer,2003,10,0.925,0.946,0.187,0.088,-0.907,-1.157,-0.042,0.042,-0.628,-0.534
Sarıyer,2003,11,-0.886,-0.818,0.070,0.124,-1.007,-1.129,-1.245,-0.966,-0.997,-0.823
Sarıyer,2003,12,-0.099,-0.176,-0.005,0.005,-0.704,-0.783,-0.996,-1.012,-0.728,-0.632
Sarıyer,2004,1,0.883,0.950,-0.015,0.115,-0.018,-0.052,-0.856,-0.837,-0.156,-0.016
Sarıyer,2004,2,-0.281,-0.340,0.256,0.236,0.149,0.275,-0.648,-0.762,-0.802,-0.584
Sarıyer,2004,3,0.337,0.213,0.479,0.414,0.268,0.297,-0.307,-0.332,-0.560,-0.626
Sarıyer,2004,4,-1.153,-1.110,-0.544,-0.687,-0.350,-0.332,-0.302,-0.317,-1.001,-1.137
Sarıyer,2004,5,-0.008,0.036,-0.486,-0.579,-0.036,-0.086,-0.081,-0.023,-0.803,-0.886
Sarıyer,2004,6,1.202,1.425,0.132,0.181,0.444,0.451,0.269,0.323,-0.320,-0.280
Sarıyer,2004,7,-0.199,0.009,0.358,0.624,-0.331,-0.273,-0.260,-0.094,-0.229,-0.103
Sarıyer,2004,8,2.026,1.991,1.773,1.834,1.345,1.413,1.048,1.179,0.919,1.065
Sarıyer,2004,9,-0.848,-0.973,0.904,1.108,0.793,1.028,0.843,0.991,0.674,0.797
Sarıyer,2004,10,0.764,0.716,1.339,1.381,1.247,1.398,0.816,0.911,0.565,0.684
Sarıyer,2004,11,0.214,0.212,0.022,-0.099,1.287,1.485,1.019,0.762,0.939,1.033
Sarıyer,2004,12,-1.462,-1.496,-0.271,-0.409,0.398,0.456,0.368,0.467,0.532,0.631
Sarıyer,2005,1,0.808,0.782,-0.165,-0.193,0.814,0.789,0.846,0.703,0.473,0.529
Sarıyer,2005,2,1.735,1.712,0.639,0.601,0.428,0.398,1.371,1.458,1.103,0.825
Sarıyer,2005,3,0.035,0.056,1.271,1.357,0.768,0.744,1.066,1.139,1.022,1.126
Sarıyer,2005,4,-0.120,-0.196,1.082,1.074,0.439,0.441,1.184,1.147,1.175,1.240
Sarıyer,2005,5,-1.011,-0.755,-0.656,-0.575,0.255,0.228,0.137,0.095,1.070,1.140
Sarıyer,2005,6,-0.387,-0.122,-1.156,-0.906,0.819,0.922,0.396,0.420,0.788,0.933
Sarıyer,2005,7,0.519,0.442,-0.499,-0.394,0.579,0.668,0.163,0.240,0.958,0.994
Sarıyer,2005,8,-0.325,-0.728,-0.329,-0.373,-0.801,-0.746,-0.038,-0.076,-0.113,-0.195
Sarıyer,2005,9,0.897,0.920,0.473,0.218,-0.147,-0.260,0.798,0.779,0.487,0.382
Sarıyer,2005,10,-0.136,-0.132,0.113,-0.022,-0.249,-0.216,0.370,0.375,0.108,0.102
Sarıyer,2005,11,1.817,1.801,1.382,1.481,0.913,1.011,0.569,0.505,0.840,0.890
Sarıyer,2005,12,0.428,0.387,1.157,1.262,1.092,1.108,0.677,0.750,1.317,1.341
Sarıyer,2006,1,0.643,0.712,1.361,1.422,1.198,1.256,0.911,0.750,1.237,1.350
Sarıyer,2006,2,0.998,1.096,0.898,1.019,1.581,1.644,1.254,1.370,0.945,0.771
Sarıyer,2006,3,0.804,0.740,1.028,1.120,1.524,1.570,1.428,1.406,1.096,1.188
Sarıyer,2006,4,-1.120,-0.866,0.620,0.625,1.452,1.450,1.288,1.282,1.013,1.109
Sarıyer,2006,5,-1.609,-1.436,-0.574,-0.657,0.532,0.561,1.312,1.340,0.978,1.037
Sarıyer,2006,6,-0.309,-0.460,-2.027,-1.680,0.300,0.303,1.045,1.147,1.031,1.053
Sarıyer,2006,7,-1.645,-1.028,-2.017,-1.600,-0.549,-0.599,0.866,0.958,0.759,0.807
Sarıyer,2006,8,-0.628,-1.129,-1.486,-1.459,-1.504,-1.541,-0.159,-0.232,0.699,0.705
Sarıyer,2006,9,1.636,1.803,0.757,0.671,-0.094,-0.237,0.631,0.604,1.185,1.218
Sarıyer,2006,10,0.693,0.650,1.314,1.243,0.481,0.405,0.681,0.580,1.409,1.353
Sarıyer,2006,11,1.487,1.550,2.216,2.143,1.345,1.393,1.048,0.698,1.409,1.355
Sarıyer,2006,12,-2.791,-2.055,0.225,0.260,0.614,0.598,0.006,-0.052,0.615,0.651
Sarıyer,2007,1,-1.500,-1.476,-0.839,-0.870,0.307,0.165,-0.368,-0.351,-0.072,-0.192
Sarıyer,2007,2,-1.986,-1.683,-3.429,-2.336,0.090,0.092,-0.555,-0.712,-0.755,-0.770
Sarıyer,2007,3,-0.920,-1.097,-2.273,-1.886,-1.296,-1.351,-0.633,-0.764,-1.145,-1.270
Sarıyer,2007,4,-1.081,-0.516,-2.253,-1.745,-1.875,-1.709,-0.590,-0.650,-1.162,-1.197
Sarıyer,2007,5,0.563,0.314,-0.960,-0.932,-3.222,-2.467,-0.294,-0.326,-0.866,-0.959
Sarıyer,2007,6,-0.026,-1.033,-0.527,-1.000,-2.456,-2.192,-1.589,-1.680,-0.862,-1.102
Sarıyer,2007,7,-0.729,-1.199,-0.391,-1.240,-2.321,-2.069,-2.059,-2.108,-0.808,-1.098
Sarıyer,2007,8,-0.161,-0.639,-0.797,-1.531,-1.355,-1.757,-3.311,-2.713,-0.693,-0.968
Sarıyer,2007,9,-0.415,-0.545,-1.135,-1.336,-1.303,-1.657,-2.647,-2.288,-1.988,-1.888
Sarıyer,2007,10,0.526,0.491,-0.301,-0.506,-0.563,-1.098,-1.698,-1.787,-1.953,-1.921
Sarıyer,2007,11,1.067,1.201,0.508,0.610,-0.108,-0.508,-0.594,-0.733,-2.447,-2.289
Sarıyer,2007,12,-0.390,-0.399,0.568,0.709,-0.282,-0.399,-0.502,-0.741,-1.665,-1.785
Sarıyer,2008,1,-0.633,-0.622,-0.060,0.190,-0.406,-0.400,-0.640,-0.724,-1.479,-1.599
Sarıyer,2008,2,-0.191,-0.162,-0.825,-0.767,-0.321,-0.126,-0.759,-0.931,-1.069,-1.099
Sarıyer,2008,3,0.813,0.482,-0.227,-0.426,0.166,0.235,-0.457,-0.547,-0.636,-0.885
Sarıyer,2008,4,-1.501,-1.997,-0.249,-0.718,-0.241,-0.284,-0.510,-0.637,-0.687,-1.066
Sarıyer,2008,5,-1.833,-1.450,-0.716,-1.314,-1.105,-1.247,-0.617,-0.670,-0.983,-1.281
Sarıyer,2008,6,-0.377,-0.794,-2.390,-2.276,-1.271,-1.493,-0.541,-0.688,-1.099,-1.347
Sarıyer,2008,7,0.799,0.848,-0.335,-0.568,-0.611,-1.053,-0.457,-0.542,-0.708,-0.848
Sarıyer,2008,8,-0.003,-0.313,0.058,-0.132,-0.508,-1.021,-1.023,-1.199,-0.641,-0.760
Sarıyer,2008,9,1.439,1.615,1.198,1.270,0.352,0.072,0.016,-0.292,0.287,0.133
Sarıyer,2008,10,0.825,0.877,1.335,1.343,0.961,0.951,0.669,0.375,0.416,0.332
Sarıyer,2008,11,0.849,0.859,1.778,1.777,1.458,1.473,1.120,0.604,0.368,0.215
Sarıyer,2008,12,-0.104,-0.219,0.795,0.806,1.386,1.392,0.748,0.581,0.440,0.263
Sarıyer,2009,1,0.386,0.288,0.432,0.483,1.270,1.254,1.035,0.715,0.757,0.536
Sarıyer,2009,2,2.557,2.305,1.391,1.486,2.243,2.047,2.035,1.906,1.692,1.001
Sarıyer,2009,3,1.730,1.772,2.095,2.203,2.164,1.969,2.379,2.049,1.896,1.716
Sarıyer,2009,4,-0.482,-0.047,2.437,2.258,1.758,1.655,2.298,2.009,2.041,1.897
Sarıyer,2009,5,-1.097,-1.208,0.610,0.733,1.454,1.497,2.336,2.068,2.067,1.833
Sarıyer,2009,6,-3.230,-2.154,-2.248,-1.844,1.532,1.513,1.727,1.605,2.054,1.764
Sarıyer,2009,7,0.222,-0.161,-1.408,-1.706,1.650,1.528,1.294,1.182,1.918,1.647
Sarıyer,2009,8,-0.049,-0.062,-0.797,-1.086,-0.256,-0.337,0.902,0.840,1.856,1.680
Sarıyer,2009,9,1.426,1.605,0.949,0.957,0.081,-0.032,1.637,1.617,1.852,1.743
Sarıyer,2009,10,-0.071,-0.330,0.792,0.784,0.076,-0.154,1.536,1.479,1.430,1.304
Sarıyer,2009,11,0.650,0.697,1.171,1.181,0.519,0.301,0.707,0.481,1.516,1.383
Sarıyer,2009,12,1.095,1.136,0.842,0.749,1.213,1.145,0.590,0.466,1.859,1.669
Sarıyer,2010,1,1.097,1.171,1.345,1.334,1.628,1.618,1.123,0.709,2.140,1.970
Sarıyer,2010,2,0.526,0.474,1.345,1.399,1.773,1.667,1.297,1.177,1.364,0.893
Sarıyer,2010,3,-0.210,-0.202,0.784,0.800,1.109,1.056,1.369,1.287,0.869,0.806
Sarıyer,2010,4,-0.426,-0.151,-0.075,-0.031,1.113,1.126,1.377,1.332,0.905,0.793
Sarıyer,2010,5,-0.810,-1.294,-0.950,-0.894,0.841,0.814,1.405,1.307,0.924,0.791
Sarıyer,2010,6,2.611,2.480,1.690,1.639,1.534,1.517,1.762,1.576,1.916,1.635
Sarıyer,2010,7,0.694,0.516,1.786,1.704,1.332,1.189,1.833,1.606,2.049,1.741
Sarıyer,2010,8,-1.565,-2.866,1.300,0.972,0.632,0.272,1.372,1.096,1.859,1.509
Sarıyer,2010,9,1.016,1.061,0.512,-0.074,1.178,0.856,1.351,1.102,1.620,1.289
Sarıyer,2010,10,2.071,2.160,1.754,1.624,2.320,1.962,2.083,1.881,2.458,2.039
Sarıyer,2010,11,-1.691,-1.840,1.553,1.530,2.013,1.829,1.642,0.886,2.205,1.775
Sarıyer,2010,12,0.466,0.381,1.265,1.226,1.203,0.912,1.705,1.407,1.853,1.535
Sarıyer,2011,1,-0.094,-0.215,-0.556,-0.760,0.927,0.658,1.669,0.924,1.400,1.153
Sarıyer,2011,2,-0.797,-0.768,-0.214,-0.363,0.942,0.960,1.471,1.243,1.084,0.635
Sarıyer,2011,3,-0.608,-0.691,-0.767,-0.837,0.398,0.402,0.517,0.302,1.000,0.767
Sarıyer,2011,4,1.137,1.326,-0.288,-0.107,-0.686,-0.703,0.654,0.541,1.311,1.087
Sarıyer,2011,5,-0.109,0.183,0.109,0.459,-0.189,-0.076,0.897,0.987,1.380,1.214
Sarıyer,2011,6,-0.490,-0.740,0.225,0.556,-0.712,-0.554,0.437,0.565,0.556,0.461
Sarıyer,2011,7,0.201,-0.281,-0.499,-0.745,-0.759,-0.689,-0.959,-1.010,0.416,0.258
Sarıyer,2011,8,-0.406,-0.354,-0.656,-0.840,-0.532,-0.387,-0.579,-0.537,0.498,0.506
Sarıyer,2011,9,-0.572,-1.068,-0.889,-1.205,-0.686,-0.790,-1.161,-1.141,-0.142,-0.227
Sarıyer,2011,10,0.612,0.741,-0.373,-0.452,-0.679,-0.779,-0.831,-0.807,-1.099,-1.104
Sarıyer,2011,11,-2.166,-1.514,-1.102,-1.012,-1.477,-1.389,-1.361,-1.028,-1.301,-1.137
Sarıyer,2011,12,-0.135,-0.306,-0.739,-0.572,-1.284,-1.272,-1.129,-1.018,-1.508,-1.338
Sarıyer,2012,1,0.303,0.343,-0.800,-0.661,-1.120,-1.008,-1.375,-1.180,-1.380,-1.235
Sarıyer,2012,2,0.834,1.043,0.329,0.428,-0.520,-0.366,-0.897,-0.867,-0.824,-0.502
Sarıyer,2012,3,-0.297,-0.099,0.364,0.575,-0.322,0.015,-0.806,-0.666,-0.741,-0.532
Sarıyer,2012,4,1.427,1.125,0.932,1.006,-0.130,0.072,-0.449,-0.285,-0.664,-0.593
Sarıyer,2012,5,1.137,1.200,1.107,1.042,0.764,0.876,-0.033,0.121,-0.388,-0.329
Sarıyer,2012,6,-0.377,-1.128,1.226,0.854,0.889,0.920,0.152,0.308,-0.396,-0.372
Sarıyer,2012,7,-1.645,-2.355,-0.285,-1.112,0.548,0.138,-0.327,-0.415,-0.629,-0.705
Sarıyer,2012,8,0.727,0.615,-0.312,-1.108,0.387,-0.089,0.430,0.205,-0.266,-0.444
Sarıyer,2012,9,-0.736,-1.033,-0.675,-1.273,0.066,-0.680,0.219,-0.114,-0.307,-0.480
Sarıyer,2012,10,1.267,1.177,0.714,0.404,0.394,-0.203,0.789,0.334,0.076,-0.194
Sarıyer,2012,11,0.406,0.279,0.617,0.321,0.221,-0.554,0.682,0.112,0.711,0.331
Sarıyer,2012,12,1.560,1.756,1.917,1.709,1.091,0.706,1.416,0.929,1.358,1.072
Sarıyer,2013,1,-0.041,-0.176,0.939,0.985,1.209,1.008,0.991,0.440,1.231,0.916
Sarıyer,2013,2,-0.090,-0.197,0.802,0.858,0.960,0.846,0.659,0.187,0.962,0.441
Sarıyer,2013,3,0.159,-0.117,-0.148,-0.400,1.311,1.137,0.728,0.381,1.028,0.547
Sarıyer,2013,4,-0.454,-0.611,-0.318,-0.591,0.627,0.541,0.900,0.635,0.697,0.186
Sarıyer,2013,5,0.278,-0.572,-0.200,-0.817,0.584,0.349,0.809,0.450,0.515,-0.110
Sarıyer,2013,6,0.461,0.341,-0.095,-0.794,-0.295,-0.774,1.283,0.899,0.682,0.149
Sarıyer,2013,7,-0.798,-0.860,-0.285,-0.869,-0.638,-1.131,0.425,0.169,0.730,0.316
Sarıyer,2013,8,-0.606,-1.109,-0.740,-1.010,-0.801,-1.347,0.103,-0.244,0.387,-0.101
Sarıyer,2013,9,-0.579,-0.761,-1.570,-1.479,-1.294,-1.690,-1.100,-1.439,0.409,-0.075
Sarıyer,2013,10,0.166,0.318,-0.868,-0.878,-0.969,-1.219,-1.088,-1.349,-0.138,-0.402
Sarıyer,2013,11,-1.435,-1.427,-1.306,-1.152,-1.703,-1.549,-1.732,-2.359,-0.710,-0.956
Sarıyer,2013,12,-0.908,-0.875,-1.424,-1.160,-2.211,-1.816,-2.074,-1.952,-1.860,-1.911
Sarıyer,2014,1,-1.811,-1.610,-2.228,-2.203,-2.710,-2.090,-2.746,-4.753,-2.522,-2.384
Sarıyer,2014,2,-0.681,-0.871,-1.911,-1.709,-2.507,-2.244,-2.804,-2.361,-2.621,-4.753
Sarıyer,2014,3,0.521,0.371,-1.093,-1.302,-1.971,-1.814,-2.529,-2.412,-2.438,-2.333
Sarıyer,2014,4,-0.176,-0.341,-0.324,-0.621,-1.989,-1.990,-2.429,-2.247,-2.434,-2.254
Sarıyer,2014,5,0.870,0.600,0.519,0.145,-1.258,-1.458,-2.018,-1.933,-2.256,-2.194
Sarıyer,2014,6,0.652,0.600,0.584,0.179,-0.776,-1.198,-1.734,-1.738,-2.308,-2.418
Sarıyer,2014,7,0.157,-0.382,0.580,0.084,0.035,-0.590,-1.616,-1.867,-2.111,-2.158
Sarıyer,2014,8,0.329,-0.081,0.252,-0.182,0.392,-0.146,-1.024,-1.400,-1.782,-1.806
Sarıyer,2014,9,1.286,1.394,0.923,0.624,1.002,0.612,0.058,-0.531,-0.815,-1.120
Sarıyer,2014,10,-0.207,-0.299,0.720,0.559,0.810,0.516,0.489,-0.020,-0.899,-1.243
Sarıyer,2014,11,-0.474,-0.410,0.413,0.445,0.372,0.061,0.523,0.151,-0.738,-1.101
Sarıyer,2014,12,-0.283,-0.408,-0.848,-0.799,0.039,-0.218,0.204,-0.157,-0.495,-0.929
Sarıyer,2015,1,0.077,-0.040,-0.488,-0.443,0.020,-0.142,0.198,-0.017,-0.027,-0.449
Sarıyer,2015,2,1.131,1.168,0.287,0.235,0.412,0.495,0.391,0.212,0.497,0.199
Sarıyer,2015,3,-0.401,-0.389,0.366,0.334,-0.392,-0.336,0.175,0.080,0.298,0.045
Sarıyer,2015,4,0.329,0.495,0.586,0.681,-0.118,0.008,0.265,0.275,0.401,0.213
Sarıyer,2015,5,-1.764,-1.902,-0.833,-0.801,-0.144,-0.189,0.065,0.106,0.075,-0.082
Sarıyer,2015,6,0.867,0.987,-0.004,-0.100,0.267,0.243,-0.460,-0.414,0.132,0.044
Sarıyer,2015,7,-1.487,-1.620,-0.799,-1.218,-0.082,-0.284,-0.498,-0.524,-0.067,-0.183
Sarıyer,2015,8,0.615,0.229,0.176,-0.245,-0.465,-0.789,-0.140,-0.368,0.042,-0.134
Sarıyer,2015,9,0.765,0.532,0.294,-0.438,0.143,-0.442,0.277,-0.123,-0.311,-0.613
Sarıyer,2015,10,1.138,1.222,1.236,0.971,0.705,0.302,0.857,0.527,0.312,0.076
Sarıyer,2015,11,-1.547,-1.581,0.488,0.255,0.387,-0.143,-0.039,-0.338,0.101,-0.240
Sarıyer,2015,12,-2.298,-1.839,-1.029,-1.060,-0.658,-1.127,-0.665,-1.107,-0.386,-0.732
Sarıyer,2016,1,0.095,0.031,-1.788,-1.817,-0.381,-0.753,-0.765,-1.098,-0.418,-0.799
Sarıyer,2016,2,0.314,0.023,-0.930,-1.080,-0.407,-0.682,-0.399,-0.878,-0.690,-0.990
Sarıyer,2016,3,0.252,-0.027,0.158,-0.145,-0.689,-0.889,-0.499,-1.004,-0.525,-1.031
Sarıyer,2016,4,-1.694,-2.258,-0.309,-0.936,-1.667,-1.906,-0.517,-1.057,-0.820,-1.408
Sarıyer,2016,5,0.999,0.908,-0.054,-0.669,-0.866,-1.237,-0.452,-0.909,-0.423,-1.021
Sarıyer,2016,6,1.130,0.830,0.559,-0.330,0.335,-0.321,-0.519,-1.033,-0.364,-1.128
Sarıyer,2016,7,-0.372,-1.113,0.724,0.081,0.171,-0.840,-1.249,-1.790,-0.266,-1.020
Sarıyer,2016,8,0.025,-0.511,0.142,-0.576,-0.048,-0.953,-0.771,-1.379,-0.447,-1.124
Sarıyer,2016,9,0.165,-0.100,-0.424,-1.039,-0.166,-1.086,-0.102,-0.888,-0.764,-1.334
Sarıyer,2016,10,-1.234,-1.099,-1.043,-1.218,-0.421,-1.014,-0.625,-1.371,-1.691,-2.002
Sarıyer,2016,11,0.481,0.567,-0.558,-0.597,-0.491,-0.986,-0.566,-1.158,-1.172,-1.652
Sarıyer,2016,12,0.476,0.699,-0.207,-0.014,-0.575,-0.772,-0.359,-0.853,-0.279,-0.793
Sarıyer,2017,1,1.353,1.537,1.116,1.307,0.331,0.359,0.557,0.321,0.302,-0.167
Sarıyer,2017,2,-0.905,-0.960,0.734,0.945,0.153,0.352,0.097,-0.105,0.025,-0.251
Sarıyer,2017,3,-0.273,-0.415,0.464,0.474,0.117,0.327,-0.223,-0.283,-0.085,-0.451
Sarıyer,2017,4,-1.751,-1.042,-1.475,-1.288,0.345,0.584,-0.334,-0.245,-0.084,-0.279
Sarıyer,2017,5,0.786,0.873,-0.590,-0.450,0.370,0.581,-0.112,0.097,-0.136,-0.249
Sarıyer,2017,6,0.731,0.491,0.028,-0.061,0.382,0.396,0.074,0.268,-0.269,-0.309
Sarıyer,2017,7,1.556,1.573,1.640,1.611,0.296,0.107,1.064,1.148,0.397,0.421
Sarıyer,2017,8,0.210,-0.026,1.138,0.967,0.613,0.495,0.884,0.920,0.438,0.466
Sarıyer,2017,9,1.263,1.274,1.506,1.461,1.380,1.253,1.297,1.205,0.993,0.981
Sarıyer,2017,10,-0.035,-0.025,0.732,0.602,1.430,1.286,0.651,0.466,1.206,1.192
Sarıyer,2017,11,-0.308,-0.330,0.552,0.507,1.116,0.950,0.803,0.501,1.095,1.083
Sarıyer,2017,12,0.043,-0.202,-0.421,-0.476,0.881,0.715,0.794,0.629,0.881,0.789
Sarıyer,2018,1,-0.621,-0.750,-0.599,-0.708,-0.056,-0.303,0.726,0.418,0.048,-0.194
Sarıyer,2018,2,0.283,0.249,-0.335,-0.564,0.052,-0.047,0.600,0.378,0.333,0.159
Sarıyer,2018,3,0.923,0.818,0.050,-0.166,-0.366,-0.476,0.661,0.516,0.600,0.410
Sarıyer,2018,4,-0.863,-0.805,0.258,0.100,-0.405,-0.543,0.035,-0.157,0.697,0.448
Sarıyer,2018,5,0.204,-0.254,0.191,-0.148,-0.250,-0.559,0.079,-0.151,0.586,0.283
Sarıyer,2018,6,0.705,0.283,-0.123,-0.787,-0.110,-0.554,-0.480,-0.799,0.603,0.295
Sarıyer,2018,7,0.572,0.059,0.557,-0.264,0.500,-0.212,-0.213,-0.667,0.185,-0.279
Sarıyer,2018,8,-0.788,-1.840,0.065,-0.837,0.039,-0.805,-0.293,-0.933,0.002,-0.588
Sarıyer,2018,9,1.937,2.028,1.460,1.200,1.278,0.733,0.951,0.388,0.552,-0.004
Sarıyer,2018,10,-1.146,-1.200,0.844,0.544,0.904,0.344,0.862,0.217,0.252,-0.310
Sarıyer,2018,11,1.301,1.324,1.721,1.661,1.410,1.003,1.398,0.601,0.895,0.341
Sarıyer,2018,12,1.693,1.912,1.291,1.336,1.956,1.715,1.801,1.411,1.529,1.129
Sarıyer,2019,1,0.384,0.330,1.623,1.608,1.917,1.792,1.993,1.072,1.823,1.443
Sarıyer,2019,2,1.143,1.210,1.569,1.770,2.336,2.118,2.128,1.812,2.018,1.100
Sarıyer,2019,3,-1.051,-1.221,0.397,0.332,1.161,1.205,1.762,1.493,1.642,1.317
Sarıyer,2019,4,-0.408,-0.018,0.100,0.188,1.450,1.475,1.709,1.531,1.740,1.416
Sarıyer,2019,5,1.010,0.786,-0.381,-0.461,1.246,1.310,2.128,1.894,1.876,1.495
Sarıyer,2019,6,-0.545,-1.800,-0.109,-0.707,0.251,-0.040,1.120,1.000,1.768,1.352
Sarıyer,2019,7,1.676,1.775,1.438,1.181,1.129,0.894,1.959,1.720,2.195,1.755
Sarıyer,2019,8,-0.171,-0.348,0.729,0.524,0.301,0.061,1.360,1.258,2.205,1.896
Sarıyer,2019,9,-0.392,-0.748,0.492,0.349,0.285,-0.041,0.403,0.153,1.084,0.939
Sarıyer,2019,10,-0.465,-0.734,-1.135,-1.281,0.069,-0.374,0.031,-0.334,1.160,1.011
Sarıyer,2019,11,-0.625,-1.013,-1.303,-1.572,-0.536,-1.063,-0.767,-1.141,0.618,0.363
Sarıyer,2019,12,-0.228,-0.425,-1.058,-1.334,-0.501,-0.825,-0.560,-1.027,-0.280,-0.661
Sarıyer,2020,1,1.024,1.086,0.115,0.012,-0.740,-1.058,0.016,-0.339,-0.001,-0.410
Sarıyer,2020,2,0.017,-0.097,0.403,0.308,-0.562,-0.890,-0.202,-0.653,-0.361,-0.645
Sarıyer,2020,3,-0.694,-0.955,0.383,0.242,-0.510,-0.811,-0.225,-0.482,-0.294,-0.742
Sarıyer,2020,4,-0.525,-0.118,-0.709,-0.708,-0.312,-0.432,-1.014,-1.232,-0.312,-0.744
Sarıyer,2020,5,0.843,0.959,-0.389,-0.250,0.139,0.126,-0.730,-0.928,-0.354,-0.672
Sarıyer,2020,6,0.244,0.009,0.117,0.221,0.340,0.308,-0.533,-0.759,-0.241,-0.417
Sarıyer,2020,7,-1.645,-1.570,-0.196,-0.550,-0.920,-1.036,-0.471,-0.677,-1.155,-1.403
Sarıyer,2020,8,-0.704,-1.060,-1.103,-1.448,-1.160,-1.277,-0.432,-0.613,-1.209,-1.416
Sarıyer,2020,9,-0.618,-1.292,-1.878,-1.860,-1.294,-1.587,-0.645,-0.982,-1.282,-1.533
Sarıyer,2020,10,0.096,-0.282,-0.981,-1.476,-1.001,-1.584,-1.350,-1.635,-0.981,-1.360
Sarıyer,2020,11,-0.714,-0.712,-1.026,-1.413,-1.665,-1.870,-1.806,-2.804,-1.113,-1.426
Sarıyer,2020,12,-2.088,-1.928,-1.713,-1.782,-2.595,-2.410,-2.283,-2.243,-1.597,-1.862
Sarıyer,2021,1,1.231,1.224,-0.423,-0.560,-1.184,-1.556,-1.301,-1.923,-1.517,-1.877
Sarıyer,2021,2,-0.098,-0.258,-0.149,-0.465,-0.899,-1.383,-1.428,-1.874,-1.493,-2.099
Sarıyer,2021,3,0.948,1.111,1.028,1.018,-0.285,-0.540,-1.070,-1.562,-1.024,-1.419
Sarıyer,2021,4,0.182,0.437,0.389,0.473,-0.187,-0.208,-0.821,-1.163,-0.912,-1.293
Sarıyer,2021,5,-0.211,-0.695,0.463,0.516,0.040,-0.130,-0.677,-1.034,-1.134,-1.563
Sarıyer,2021,6,1.524,1.758,0.933,1.070,1.378,1.399,0.048,-0.130,-0.775,-1.200
Sarıyer,2021,7,-0.218,-0.856,0.542,0.276,0.602,0.481,-0.017,-0.130,-0.642,-1.052
Sarıyer,2021,8,-1.835,-1.870,0.087,-0.223,0.228,0.073,-0.029,-0.309,-0.681,-1.097
Sarıyer,2021,9,-0.119,-0.282,-1.117,-1.423,-0.375,-0.688,0.454,0.223,-0.560,-0.894
Sarıyer,2021,10,-0.205,-0.202,-1.098,-1.159,-0.588,-0.850,-0.341,-0.533,-0.626,-0.792
Sarıyer,2021,11,-0.452,-0.557,-0.850,-0.833,-0.759,-0.972,-0.538,-0.496,-0.613,-0.830
Sarıyer,2021,12,0.356,0.277,-0.380,-0.417,-1.100,-1.312,-0.640,-0.847,0.118,-0.051
Sarıyer,2022,1,-0.614,-0.694,-0.466,-0.514,-1.295,-1.340,-1.016,-1.118,-0.730,-0.923
Sarıyer,2022,2,1.279,1.283,0.382,0.315,-0.329,-0.329,-0.375,-0.568,-0.217,-0.231
Sarıyer,2022,3,-0.236,0.063,0.152,0.188,-0.255,-0.168,-0.831,-0.963,-0.509,-0.619
Sarıyer,2022,4,0.272,0.252,0.741,0.842,-0.004,0.062,-0.699,-0.723,-0.496,-0.645
Sarıyer,2022,5,-0.630,-0.390,-0.490,-0.184,0.078,0.162,-0.544,-0.415,-0.550,-0.572
Sarıyer,2022,6,0.204,0.048,-0.312,-0.350,-0.093,-0.012,-0.436,-0.339,-1.000,-1.093
Sarıyer,2022,7,1.472,1.563,0.883,0.992,1.171,1.296,0.326,0.431,-0.357,-0.330
Sarıyer,2022,8,1.277,1.218,1.527,1.422,1.073,1.089,0.938,0.954,0.353,0.380
Sarıyer,2022,9,-0.073,-0.355,1.195,1.166,0.926,0.875,0.726,0.731,0.361,0.333
Sarıyer,2022,10,-0.977,-1.052,-0.054,-0.324,0.368,0.291,0.654,0.621,0.155,0.111
Sarıyer,2022,11,-1.670,-1.755,-1.999,-1.884,-0.106,-0.465,-0.399,-0.358,-0.107,-0.204
Sarıyer,2022,12,-1.587,-1.709,-2.899,-2.447,-0.780,-1.113,-0.895,-1.174,-0.719,-0.881
Sarıyer,2023,1,-1.825,-1.632,-2.780,-2.974,-2.336,-2.155,-1.677,-2.101,-1.057,-1.302
Sarıyer,2023,2,-0.049,-0.077,-1.949,-1.831,-3.031,-2.866,-1.422,-1.686,-1.526,-1.743
Sarıyer,2023,3,0.574,0.543,-0.757,-0.958,-2.662,-2.473,-1.183,-1.521,-1.269,-1.534
Sarıyer,2023,4,1.760,1.659,0.992,1.024,-1.306,-1.474,-1.290,-1.531,-0.854,-1.099
Sarıyer,2023,5,0.013,0.675,1.252,1.442,-0.792,-0.796,-1.964,-1.851,-0.758,-0.908
Sarıyer,2023,6,-0.913,-0.747,0.702,1.217,-0.419,-0.286,-2.294,-1.996,-0.981,-1.091
Sarıyer,2023,7,0.381,-0.090,-0.427,-0.356,0.527,0.637,-1.533,-1.564,-1.517,-1.620
Sarıyer,2023,8,-0.258,-0.829,-0.571,-0.976,0.341,0.363,-1.088,-1.179,-2.181,-1.979
Sarıyer,2023,9,-1.023,-1.586,-0.879,-1.507,-0.387,-0.671,-0.924,-1.147,-2.475,-2.157
Sarıyer,2023,10,-0.424,-0.914,-1.454,-1.867,-1.497,-1.846,-0.569,-0.927,-2.126,-2.137
Sarıyer,2023,11,2.422,2.115,0.890,0.487,0.347,-0.344,0.872,0.428,-0.424,-0.860
Sarıyer,2023,12,0.479,0.374,1.536,1.282,0.673,0.043,0.831,0.505,0.243,-0.127
Sarıyer,2024,1,0.356,0.243,1.622,1.487,0.698,0.167,0.434,0.071,0.789,0.489
Sarıyer,2024,2,-1.254,-1.423,-0.055,-0.343,0.514,0.108,0.132,-0.506,0.554,0.185
Sarıyer,2024,3,-0.260,-0.479,-0.454,-0.748,0.810,0.519,0.208,-0.387,0.367,-0.034
Sarıyer,2024,4,-0.176,-0.813,-1.085,-1.472,0.986,0.728,0.144,-0.507,-0.073,-0.665
Sarıyer,2024,5,0.196,0.597,-0.393,-0.566,-0.280,-0.568,0.307,-0.173,-0.042,-0.649
Sarıyer,2024,6,-2.162,-2.858,-1.057,-1.650,-1.050,-1.464,0.467,-0.112,-0.115,-0.946
Sarıyer,2024,7,0.011,-1.149,-0.870,-1.646,-1.750,-2.093,0.610,0.068,-0.211,-1.116
Sarıyer,2024,8,-0.459,-0.998,-1.228,-2.338,-1.233,-2.010,-0.865,-1.477,-0.234,-1.082
Sarıyer,2024,9,0.339,0.051,-0.324,-1.115,-0.914,-1.777,-1.094,-1.691,0.114,-0.722
Sarıyer,2024,10,-1.254,-1.163,-1.114,-1.316,-1.500,-2.030,-1.991,-2.201,-0.067,-0.717
Sarıyer,2024,11,-0.326,-0.234,-0.980,-1.031,-1.684,-1.938,-1.825,-4.753,-1.516,-1.950
Sarıyer,2024,12,0.596,0.616,-0.614,-0.575,-0.832,-1.216,-1.201,-1.678,-1.374,-1.847
Tekirdağ,1965,1,-0.376,-0.647,,,,,,,,
Tekirdağ,1965,2,1.554,1.738,,,,,,,,
Tekirdağ,1965,3,-0.291,-0.382,0.445,0.452,,,,,,
Tekirdağ,1965,4,1.307,1.467,1.675,1.855,,,,,,
Tekirdağ,1965,5,0.958,1.120,1.078,1.335,,,,,,
Tekirdağ,1965,6,-0.761,-0.987,0.870,0.994,0.831,0.745,,,,
Tekirdağ,1965,7,-0.901,-0.387,-0.443,-0.222,1.112,0.946,,,,
Tekirdağ,1965,8,0.734,1.212,-0.731,-0.280,0.233,0.518,,,,
Tekirdağ,1965,9,-1.507,-1.192,-0.848,-0.212,-0.041,0.318,0.218,0.451,,
Tekirdağ,1965,10,-0.140,-0.037,-0.485,-0.040,-0.690,-0.254,0.278,0.759,,
Tekirdağ,1965,11,1.934,1.872,0.970,0.999,0.523,0.733,0.873,1.168,,
Tekirdağ,1965,12,1.414,1.558,1.874,1.791,1.322,1.444,1.518,1.654,1.531,1.660
Tekirdağ,1966,1,1.307,1.451,2.396,2.238,1.854,1.848,1.643,1.795,2.103,2.125
Tekirdağ,1966,2,-1.386,-1.669,1.359,1.317,1.475,1.411,1.181,1.258,1.397,1.531
Tekirdağ,1966,3,1.097,1.188,0.899,0.821,1.865,1.814,1.445,1.485,1.622,1.728
Tekirdağ,1966,4,0.909,0.738,0.403,0.060,2.299,2.161,1.776,1.650,1.574,1.582
Tekirdağ,1966,5,-0.447,-0.353,0.921,0.919,1.615,1.548,1.688,1.545,1.380,1.383
Tekirdağ,1966,6,0.161,0.486,0.154,0.435,0.898,0.717,1.943,1.918,1.499,1.553
Tekirdağ,1966,7,-0.338,-0.427,-0.834,-0.302,-0.279,-0.136,2.124,2.110,1.573,1.579
Tekirdağ,1966,8,0.114,-0.185,-0.309,-0.204,0.336,0.364,1.287,0.876,1.462,1.433
Tekirdağ,1966,9,-0.352,-0.133,-0.685,-0.535,-0.506,-0.083,0.324,0.317,1.472,1.542
Tekirdağ,1966,10,-0.813,-1.493,-1.002,-1.279,-1.253,-1.081,-0.878,-0.962,1.351,0.842
Tekirdağ,1966,11,1.369,1.326,0.314,-0.038,0.017,-0.183,0.351,0.260,1.200,1.010
Tekirdağ,1966,12,0.911,1.040,0.929,0.680,0.473,0.247,0.438,0.358,0.814,0.689
Tekirdağ,1967,1,1.157,1.343,1.666,1.646,0.971,0.818,0.656,0.638,0.713,0.622
Tekirdağ,1967,2,-0.541,-0.405,0.980,1.169,0.789,0.736,0.580,0.592,0.785,0.825
Tekirdağ,1967,3,-0.411,-0.497,0.375,0.483,0.827,0.725,0.480,0.404,0.461,0.460
Tekirdağ,1967,4,0.431,0.358,-0.661,-0.509,1.265,1.326,0.644,0.573,0.367,0.405
Tekirdağ,1967,5,0.162,-0.070,-0.193,-0.272,0.792,0.922,0.672,0.621,0.469,0.476
Tekirdağ,1967,6,0.304,0.569,0.218,0.400,0.375,0.507,0.857,0.862,0.500,0.516
Tekirdağ,1967,7,-0.061,-0.185,-0.163,0.037,-0.756,-0.290,1.171,1.327,0.542,0.554
Tekirdağ,1967,8,0.167,0.075,-0.066,0.060,-0.346,-0.036,0.594,0.595,0.538,0.556
Tekirdağ,1967,9,-0.297,-0.484,-0.488,-0.478,-0.348,-0.072,-0.047,0.153,0.529,0.509
Tekirdağ,1967,10,-0.014,-0.123,-0.372,-0.403,-0.469,-0.375,-0.830,-0.639,0.705,0.564
Tekirdağ,1967,11,-1.086,-1.177,-1.109,-1.131,-1.096,-0.938,-1.140,-0.954,-0.158,-0.002
Tekirdağ,1967,12,0.662,0.697,-0.287,-0.384,-0.560,-0.623,-0.510,-0.464,-0.313,-0.179
Tekirdağ,1968,1,1.579,1.745,0.810,0.859,0.354,0.335,0.215,0.267,-0.066,0.073
Tekirdağ,1968,2,-0.192,-0.383,1.205,1.324,0.266,0.228,0.137,0.197,0.029,0.082
Tekirdağ,1968,3,1.284,1.417,1.483,1.684,0.711,0.733,0.413,0.430,0.413,0.475
Tekirdağ,1968,4,-1.875,-1.509,-0.070,-0.253,0.630,0.597,0.251,0.228,0.139,0.166
Tekirdağ,1968,5,-1.325,-1.746,-0.445,-0.965,0.937,0.780,0.069,-0.112,-0.042,-0.117
Tekirdağ,1968,6,0.334,0.336,-1.701,-1.700,0.835,0.507,0.238,0.084,-0.033,-0.148
Tekirdağ,1968,7,-0.260,-0.180,-1.014,-1.052,-0.811,-0.837,0.277,0.136,-0.065,-0.155
Tekirdağ,1968,8,1.111,1.406,0.330,0.640,-0.184,-0.051,0.887,0.676,0.100,0.085
Tekirdağ,1968,9,1.497,1.598,1.245,1.452,0.251,0.240,1.317,0.939,0.671,0.753
Tekirdağ,1968,10,-0.145,-0.088,0.930,1.199,0.384,0.556,0.234,0.346,0.638,0.535
Tekirdağ,1968,11,0.038,-0.030,0.550,0.619,0.528,0.818,0.260,0.374,1.007,1.093
Tekirdağ,1968,12,1.096,1.314,0.470,0.547,0.936,1.167,0.427,0.541,1.181,1.273
Tekirdağ,1969,1,0.965,1.200,1.016,1.140,1.285,1.492,0.942,1.153,0.836,1.002
Tekirdağ,1969,2,1.463,1.525,1.682,1.873,1.461,1.581,1.424,1.668,1.238,1.389
Tekirdağ,1969,3,-0.072,0.132,1.229,1.517,1.004,1.199,1.306,1.533,0.928,1.119
Tekirdağ,1969,4,0.468,0.707,1.207,1.454,1.306,1.540,1.509,1.671,1.202,1.427
Tekirdağ,1969,5,-3.103,-1.689,-0.817,-0.597,1.336,1.561,1.220,1.373,1.183,1.434
Tekirdağ,1969,6,1.072,1.040,0.205,0.125,1.290,1.010,1.038,1.238,1.364,1.536
Tekirdağ,1969,7,0.302,0.827,0.006,0.099,0.931,0.831,1.262,1.565,1.468,1.677
Tekirdağ,1969,8,-0.240,0.213,0.607,0.947,-0.153,0.283,1.371,1.128,1.273,1.551
Tekirdağ,1969,9,-1.154,-1.380,-0.717,-0.180,-0.486,-0.051,0.648,0.691,0.645,0.965
Tekirdağ,1969,10,-2.128,-1.424,-2.406,-1.548,-1.284,-1.004,-0.396,-0.110,0.400,0.485
Tekirdağ,1969,11,-0.644,-0.924,-2.231,-1.766,-1.235,-0.973,-1.564,-1.123,0.256,0.522
Tekirdağ,1969,12,1.044,1.139,-0.298,-0.475,-0.653,-0.546,-0.598,-0.511,0.202,0.391
Tekirdağ,1970,1,-0.048,-0.280,0.201,-0.013,-0.819,-0.925,-0.818,-0.886,-0.276,-0.193
Tekirdağ,1970,2,1.673,1.673,1.283,1.261,-0.003,-0.256,0.138,0.117,-0.138,-0.101
Tekirdağ,1970,3,1.089,1.067,1.179,1.128,0.481,0.283,0.145,0.140,0.144,0.091
Tekirdağ,1970,4,0.301,-0.190,1.968,1.646,1.011,0.767,0.176,-0.032,0.112,-0.064
Tekirdağ,1970,5,0.272,0.301,0.867,0.631,1.517,1.381,0.248,0.005,0.369,0.320
Tekirdağ,1970,6,-0.067,0.053,-0.055,-0.033,1.108,0.729,0.410,0.257,0.073,0.115
Tekirdağ,1970,7,-1.206,-0.911,-0.759,-0.439,1.242,0.745,0.747,0.574,-0.085,-0.203
Tekirdağ,1970,8,-0.036,0.121,-0.790,-0.541,0.027,0.072,1.063,0.700,-0.057,-0.245
Tekirdağ,1970,9,-0.798,-0.497,-1.379,-0.773,-0.971,-0.454,0.336,0.246,-0.032,-0.150
Tekirdağ,1970,10,0.408,0.568,-0.178,0.140,-0.589,-0.228,0.524,0.641,0.423,0.317
Tekirdağ,1970,11,0.356,0.402,-0.030,0.079,-0.508,-0.266,-0.117,0.054,0.802,0.828
Tekirdağ,1970,12,0.084,-0.026,0.160,0.267,-0.395,-0.228,-0.470,-0.279,0.263,0.337
Tekirdağ,1971,1,0.620,0.518,0.284,0.206,-0.031,0.063,-0.329,-0.179,0.488,0.556
Tekirdağ,1971,2,0.286,0.239,0.278,0.166,0.061,0.116,-0.269,-0.148,-0.004,0.059
Tekirdağ,1971,3,2.012,2.125,1.277,1.352,0.833,0.918,0.377,0.502,0.300,0.408
Tekirdağ,1971,4,-1.019,-0.713,1.129,1.249,0.673,0.706,0.373,0.552,0.114,0.342
Tekirdağ,1971,5,-0.307,-0.692,0.927,0.929,0.609,0.575,0.329,0.447,0.017,0.190
Tekirdağ,1971,6,-0.795,-0.836,-1.780,-1.374,0.547,0.377,0.360,0.435,-0.088,0.051
Tekirdağ,1971,7,0.231,0.538,-1.081,-0.763,0.280,0.356,0.306,0.378,0.048,0.286
Tekirdağ,1971,8,0.322,0.186,-0.485,-0.306,0.238,0.323,0.275,0.291,0.094,0.261
Tekirdağ,1971,9,0.333,0.539,0.136,0.386,-1.081,-0.439,0.380,0.384,0.272,0.457
Tekirdağ,1971,10,-0.197,0.029,-0.149,0.178,-0.697,-0.371,-0.055,0.280,0.073,0.229
Tekirdağ,1971,11,0.746,0.848,0.217,0.400,-0.149,0.149,0.212,0.540,0.272,0.507
Tekirdağ,1971,12,-0.400,-0.651,-0.170,-0.038,-0.184,0.097,-0.812,-0.508,0.078,0.287
Tekirdağ,1972,1,-0.781,-0.846,-0.371,-0.390,-0.578,-0.382,-0.955,-0.720,-0.426,-0.138
Tekirdağ,1972,2,-0.765,-0.689,-1.346,-1.229,-0.769,-0.565,-1.001,-0.689,-0.612,-0.331
Tekirdağ,1972,3,-1.224,-1.075,-1.642,-1.322,-1.082,-0.881,-0.989,-0.640,-1.525,-1.126
Tekirdağ,1972,4,-1.139,-1.539,-2.321,-1.869,-1.244,-1.220,-1.282,-1.056,-1.576,-1.267
Tekirdağ,1972,5,0.329,0.152,-1.474,-1.498,-1.997,-1.726,-1.274,-1.095,-1.458,-1.130
Tekirdağ,1972,6,0.531,0.231,-0.279,-0.767,-1.806,-1.778,-1.242,-1.216,-1.147,-0.921
Tekirdağ,1972,7,0.440,0.341,0.435,0.214,-1.367,-1.255,-1.076,-1.145,-1.131,-0.974
Tekirdağ,1972,8,0.892,0.696,0.624,0.386,-0.510,-0.523,-1.404,-1.221,-0.978,-0.873
Tekirdağ,1972,9,0.849,1.091,0.813,0.873,0.396,0.177,-0.847,-0.684,-0.740,-0.691
Tekirdağ,1972,10,1.319,1.483,1.345,1.459,1.265,1.346,0.422,0.470,0.005,0.076
Tekirdağ,1972,11,0.172,0.170,1.117,1.290,1.187,1.300,0.640,0.640,-0.272,-0.213
Tekirdağ,1972,12,-2.965,-1.678,0.110,0.229,0.407,0.582,0.231,0.234,-0.592,-0.513
Tekirdağ,1973,1,-0.081,-0.099,-1.080,-0.987,0.211,0.394,0.272,0.389,-0.440,-0.377
Tekirdağ,1973,2,1.168,1.138,-0.467,-0.565,0.443,0.603,0.555,0.671,0.133,0.133
Tekirdağ,1973,3,0.042,0.177,0.422,0.426,0.237,0.349,0.450,0.642,0.315,0.329
Tekirdağ,1973,4,-0.571,-0.568,0.513,0.506,-0.613,-0.603,0.331,0.533,0.383,0.519
Tekirdağ,1973,5,-0.700,-0.872,-1.016,-0.877,-0.979,-0.945,0.096,0.295,0.236,0.370
Tekirdağ,1973,6,-0.729,-0.237,-1.720,-1.072,-0.502,-0.221,-0.297,-0.080,0.005,0.305
Tekirdağ,1973,7,0.524,0.416,-1.007,-0.604,-0.270,-0.033,-1.031,-0.863,0.020,0.318
Tekirdağ,1973,8,-0.149,0.528,-0.423,0.085,-1.220,-0.329,-1.176,-0.595,-0.116,0.253
Tekirdağ,1973,9,0.219,0.198,0.078,0.271,-1.111,-0.354,-0.476,-0.086,-0.316,-0.027
Tekirdağ,1973,10,-0.102,-0.309,-0.267,-0.084,-0.770,-0.491,-0.466,-0.238,-1.063,-0.642
Tekirdağ,1973,11,-0.597,-0.535,-0.683,-0.737,-0.957,-0.607,-1.406,-0.914,-1.543,-1.100
Tekirdağ,1973,12,-0.694,-0.976,-1.191,-1.136,-1.001,-0.816,-1.645,-1.229,-1.179,-0.875
Tekirdağ,1974,1,-1.031,-0.957,-1.639,-1.342,-1.646,-1.268,-1.941,-1.427,-1.519,-1.184
Tekirdağ,1974,2,0.005,-0.123,-1.266,-1.224,-1.439,-1.338,-1.611,-1.235,-1.866,-1.433
Tekirdağ,1974,3,0.524,0.610,-0.485,-0.523,-1.243,-1.153,-1.152,-0.946,-1.680,-1.294
Tekirdağ,1974,4,-0.102,0.115,0.004,0.157,-1.240,-1.026,-1.350,-1.013,-1.621,-1.180
Tekirdağ,1974,5,1.602,1.742,1.230,1.453,-0.389,-0.267,-0.806,-0.654,-0.991,-0.595
Tekirdağ,1974,6,0.665,0.875,1.287,1.491,0.278,0.486,-0.672,-0.477,-0.672,-0.318
Tekirdağ,1974,7,-1.455,-0.346,1.033,1.385,0.680,0.776,-0.770,-0.419,-0.934,-0.469
Tekirdağ,1974,8,-0.645,-0.012,-0.283,0.168,0.599,0.733,-0.579,-0.063,-0.934,-0.571
Tekirdağ,1974,9,-0.152,-0.206,-1.156,-0.468,0.178,0.457,-0.340,0.138,-0.989,-0.658
Tekirdağ,1974,10,-0.544,-1.202,-0.904,-1.056,-0.120,0.027,-0.198,0.040,-1.117,-0.661
Tekirdağ,1974,11,0.649,0.710,-0.207,-0.540,-0.459,-0.399,0.111,0.350,-0.728,-0.475
Tekirdağ,1974,12,-0.308,-0.544,-0.350,-0.616,-0.827,-0.799,-0.240,-0.056,-0.568,-0.339
Tekirdağ,1975,1,0.331,0.314,0.093,0.047,-0.559,-0.679,-0.169,-0.111,-0.211,-0.033
Tekirdağ,1975,2,-0.706,-0.641,-0.545,-0.602,-0.629,-0.802,-0.796,-0.715,-0.319,-0.135
Tekirdağ,1975,3,1.020,0.843,0.216,0.045,-0.215,-0.482,-0.604,-0.645,-0.176,-0.097
Tekirdağ,1975,4,0.102,-0.369,0.092,-0.268,0.063,-0.136,-0.474,-0.653,-0.144,-0.162
Tekirdağ,1975,5,1.110,1.114,1.260,0.888,0.121,-0.086,-0.143,-0.397,-0.313,-0.334
Tekirdağ,1975,6,1.854,2.016,2.057,1.762,1.414,0.930,0.584,0.401,0.157,0.131
Tekirdağ,1975,7,-0.015,-0.207,1.989,1.934,1.557,0.908,0.840,0.794,0.261,0.149
Tekirdağ,1975,8,1.297,1.487,1.610,1.906,2.108,1.159,0.912,0.682,0.506,0.409
Tekirdağ,1975,9,-1.645,-1.787,-0.092,-0.074,1.220,0.711,0.975,0.653,0.392,0.240
Tekirdağ,1975,10,0.684,0.769,0.421,0.568,1.187,1.275,1.094,1.082,0.774,0.558
Tekirdağ,1975,11,1.086,1.258,0.666,0.660,1.358,1.505,1.730,1.609,1.106,1.124
Tekirdağ,1975,12,-0.059,-0.130,0.736,0.887,0.481,0.633,1.193,1.277,1.114,1.164
Tekirdağ,1976,1,-0.396,-0.658,0.209,0.271,0.280,0.397,0.948,1.111,0.893,0.958
Tekirdağ,1976,2,-1.743,-1.250,-1.127,-1.076,-0.275,-0.255,0.413,0.595,0.744,0.818
Tekirdağ,1976,3,-0.728,-0.625,-1.521,-1.301,-0.202,-0.088,-0.312,-0.141,0.394,0.516
Tekirdağ,1976,4,0.043,-0.170,-1.748,-1.330,-0.501,-0.436,-0.302,-0.113,0.391,0.570
Tekirdağ,1976,5,0.470,0.477,-0.413,-0.336,-1.262,-1.091,-0.457,-0.346,0.242,0.460
Tekirdağ,1976,6,-0.314,-0.222,-0.228,-0.077,-1.673,-1.234,-0.349,-0.141,-0.449,-0.181
Tekirdağ,1976,7,0.255,0.443,-0.189,0.193,-1.582,-0.779,-0.641,-0.381,-0.416,-0.071
Tekirdağ,1976,8,2.237,2.426,0.965,1.609,0.451,0.706,-0.603,-0.008,-0.100,0.300
Tekirdağ,1976,9,-0.120,0.123,0.911,1.371,0.523,0.686,-0.670,0.000,0.021,0.527
Tekirdağ,1976,10,0.897,0.986,1.144,1.436,0.855,1.313,0.106,0.701,0.133,0.454
Tekirdağ,1976,11,0.515,0.487,0.590,0.618,0.902,1.313,0.652,1.082,-0.162,0.321
Tekirdağ,1976,12,0.569,0.584,0.871,0.869,1.048,1.325,0.903,1.238,0.136,0.537
Tekirdağ,1977,1,0.143,0.051,0.424,0.356,0.985,1.202,0.826,1.200,0.271,0.702
Tekirdağ,1977,2,-0.641,-1.259,0.013,-0.283,0.305,0.216,0.574,0.823,0.396,0.673
Tekirdağ,1977,3,0.489,0.441,-0.173,-0.564,0.495,0.338,0.716,0.898,0.598,0.816
Tekirdağ,1977,4,-0.350,-0.362,-0.565,-0.884,0.098,-0.148,0.685,0.819,0.552,0.799
Tekirdağ,1977,5,-0.273,-0.371,-0.292,-0.316,-0.204,-0.442,0.154,0.108,0.436,0.681
Tekirdağ,1977,6,1.074,1.248,0.257,0.387,-0.150,-0.210,0.526,0.478,0.756,0.985
Tekirdağ,1977,7,-0.366,-0.300,0.240,0.389,-0.375,-0.318,0.108,-0.012,0.692,0.896
Tekirdağ,1977,8,-0.846,-0.369,0.284,0.359,-0.124,0.100,-0.152,-0.107,0.162,0.178
Tekirdağ,1977,9,1.055,1.311,0.364,0.559,0.290,0.409,-0.029,0.065,0.498,0.570
Tekirdağ,1977,10,-0.647,-0.331,-0.011,0.407,-0.001,0.399,-0.351,-0.110,-0.025,0.108
Tekirdağ,1977,11,0.149,-0.044,0.055,0.193,0.065,0.315,-0.138,0.168,-0.195,-0.068
Tekirdağ,1977,12,-0.147,-0.240,-0.671,-0.557,-0.444,-0.196,-0.390,-0.074,-0.536,-0.376
Tekirdağ,1978,1,0.941,1.066,0.267,0.223,0.051,0.248,0.057,0.313,-0.192,-0.025
Tekirdağ,1978,2,0.415,0.261,0.433,0.445,0.227,0.373,0.220,0.447,0.082,0.309
Tekirdağ,1978,3,-0.247,-0.632,0.599,0.439,-0.159,-0.209,-0.094,0.036,-0.072,0.079
Tekirdağ,1978,4,2.072,1.999,1.321,1.147,0.748,0.666,0.517,0.650,0.502,0.687
Tekirdağ,1978,5,0.911,0.794,1.680,1.510,1.123,1.122,0.770,0.879,0.739,0.898
Tekirdağ,1978,6,-1.059,-0.862,1.397,1.306,1.310,0.879,0.329,0.378,0.337,0.514
Tekirdağ,1978,7,-1.069,-0.418,-0.646,-0.413,0.675,0.454,0.496,0.478,0.293,0.499
Tekirdağ,1978,8,1.427,1.740,-0.283,0.208,0.965,0.770,0.827,0.740,0.573,0.857
Tekirdağ,1978,9,1.769,1.867,1.518,1.820,2.005,1.233,1.865,1.313,0.899,1.224
Tekirdağ,1978,10,0.906,1.009,1.724,1.821,1.324,1.617,1.743,1.884,1.361,1.012
Tekirdağ,1978,11,-0.971,-0.897,1.028,1.237,0.726,1.178,1.330,1.561,1.295,1.528
Tekirdağ,1978,12,-1.002,-1.305,-0.578,-0.584,0.435,0.789,0.870,1.195,1.017,1.237
Tekirdağ,1979,1,0.708,0.786,-0.778,-0.822,0.756,1.028,0.482,0.826,0.898,1.153
Tekirdağ,1979,2,-0.485,-0.680,-0.492,-0.697,0.356,0.481,0.158,0.492,0.669,0.944
Tekirdağ,1979,3,-1.192,-1.598,-0.255,-0.594,-0.676,-0.823,0.139,0.371,0.534,0.758
Tekirdağ,1979,4,0.707,0.717,-0.796,-1.006,-1.034,-1.126,0.403,0.612,0.169,0.411
Tekirdağ,1979,5,0.895,0.810,0.202,-0.082,-0.417,-0.669,0.357,0.437,0.170,0.438
Tekirdağ,1979,6,0.034,-0.322,0.726,0.596,0.079,-0.111,-0.441,-0.610,0.316,0.549
Tekirdağ,1979,7,1.192,1.564,1.060,1.152,0.149,0.093,-0.581,-0.649,0.678,0.928
Tekirdağ,1979,8,0.333,0.660,0.611,0.887,0.497,0.448,-0.157,-0.049,0.473,0.668
Tekirdağ,1979,9,-0.631,-0.458,0.306,0.706,0.543,0.546,0.110,0.204,-0.346,-0.260
Tekirdağ,1979,10,1.174,1.335,0.650,0.942,0.901,1.176,0.468,0.680,-0.179,0.012
Tekirdağ,1979,11,0.832,0.935,0.918,1.049,0.999,1.295,0.969,1.144,0.442,0.595
Tekirdağ,1979,12,-0.354,-0.706,0.790,0.856,0.688,0.959,0.847,1.082,0.565,0.709
Tekirdağ,1980,1,0.880,1.059,0.530,0.556,0.698,0.889,0.940,1.202,0.624,0.817
Tekirdağ,1980,2,0.171,0.253,0.182,0.202,0.654,0.818,0.746,1.042,0.728,0.960
Tekirdağ,1980,3,0.489,0.668,0.696,0.913,0.901,1.082,0.821,1.139,0.963,1.262
Tekirdağ,1980,4,0.141,0.228,0.225,0.499,0.492,0.633,0.657,0.933,0.881,1.182
Tekirdağ,1980,5,0.518,0.494,0.457,0.690,0.296,0.479,0.731,0.975,0.818,1.141
Tekirdağ,1980,6,0.027,0.182,0.077,0.392,0.637,0.752,0.891,1.205,0.817,1.216
Tekirdağ,1980,7,0.478,0.583,0.214,0.526,0.227,0.521,0.492,0.811,0.657,1.043
Tekirdağ,1980,8,-0.694,0.149,-0.167,0.237,0.065,0.453,0.096,0.402,0.567,0.960
Tekirdağ,1980,9,-0.548,-0.095,-0.499,0.070,-0.457,0.184,0.168,0.552,0.557,1.016
Tekirdağ,1980,10,-1.400,-1.567,-1.798,-1.156,-0.992,-0.560,-0.797,-0.301,-0.227,0.113
Tekirdağ,1980,11,0.382,0.268,-0.848,-0.953,-0.953,-0.700,-0.689,-0.307,-0.504,-0.165
Tekirdağ,1980,12,0.420,0.297,-0.272,-0.580,-0.552,-0.498,-0.561,-0.352,-0.145,0.153
Tekirdağ,1981,1,1.417,1.596,1.017,1.003,0.130,0.153,0.122,0.275,0.143,0.449
Tekirdağ,1981,2,0.278,0.315,1.065,1.188,0.250,0.218,0.090,0.255,0.182,0.448
Tekirdağ,1981,3,-0.403,-0.756,0.923,1.003,0.314,0.128,0.038,0.105,0.002,0.148
Tekirdağ,1981,4,-2.052,-1.358,-1.113,-1.090,0.487,0.386,-0.277,-0.241,-0.252,-0.117
Tekirdağ,1981,5,0.785,1.152,-0.812,-0.601,0.662,0.797,-0.050,0.011,-0.188,0.059
Tekirdağ,1981,6,-2.486,-1.539,-1.474,-0.986,0.206,0.277,-0.155,-0.280,-0.401,-0.239
Tekirdağ,1981,7,0.961,1.259,0.159,0.530,-0.843,-0.369,0.469,0.572,-0.283,-0.076
Tekirdağ,1981,8,-1.088,0.057,-0.508,-0.221,-1.136,-0.362,0.318,0.447,-0.279,-0.121
Tekirdağ,1981,9,0.117,0.237,0.185,0.558,-0.873,-0.118,0.137,0.387,-0.154,-0.060
Tekirdağ,1981,10,0.381,0.138,-0.036,0.060,-0.059,0.204,-0.640,-0.407,0.256,0.292
Tekirdağ,1981,11,1.482,1.633,1.014,1.054,0.637,0.815,0.244,0.517,0.884,1.101
Tekirdağ,1981,12,1.529,1.687,1.836,1.734,1.550,1.628,1.154,1.326,1.451,1.564
Tekirdağ,1982,1,0.234,0.213,1.741,1.773,1.382,1.415,1.310,1.516,0.925,1.112
Tekirdağ,1982,2,-0.890,-0.755,0.916,0.969,1.198,1.241,0.943,1.099,0.670,0.878
Tekirdağ,1982,3,-0.131,-0.085,-0.479,-0.475,1.208,1.265,1.059,1.232,0.699,0.943
Tekirdağ,1982,4,1.778,1.882,0.431,0.734,1.672,1.847,1.344,1.426,1.278,1.501
Tekirdağ,1982,5,0.971,1.189,1.529,1.821,1.468,1.684,1.611,1.649,1.347,1.505
Tekirdağ,1982,6,-0.578,-0.555,1.312,1.508,0.302,0.523,1.612,1.749,1.432,1.599
Tekirdağ,1982,7,0.294,0.715,0.147,0.666,0.350,0.693,1.685,2.034,1.334,1.547
Tekirdağ,1982,8,0.687,0.884,-0.157,0.279,0.915,0.920,1.196,1.051,1.422,1.660
Tekirdağ,1982,9,-1.212,-1.776,-0.297,-0.020,0.559,0.614,-0.029,0.336,1.252,1.505
Tekirdağ,1982,10,-0.303,-0.583,-0.614,-0.708,-0.474,-0.223,-0.280,0.112,1.066,0.883
Tekirdağ,1982,11,-0.866,-0.900,-1.483,-1.479,-1.435,-1.105,-0.417,-0.048,0.282,0.544
Tekirdağ,1982,12,0.248,-0.008,-0.752,-0.926,-0.871,-0.813,-0.261,-0.059,-0.584,-0.316
Tekirdağ,1983,1,-0.362,-0.529,-0.736,-0.862,-1.178,-1.221,-1.073,-0.939,-0.848,-0.594
Tekirdağ,1983,2,0.642,0.737,0.014,-0.125,-0.930,-1.119,-1.032,-0.961,-0.385,-0.187
Tekirdağ,1983,3,-3.035,-1.994,-0.756,-0.875,-1.110,-1.210,-1.200,-1.126,-0.674,-0.545
Tekirdağ,1983,4,-1.205,-1.328,-1.359,-1.371,-1.237,-1.312,-1.541,-1.552,-1.417,-1.257
Tekirdağ,1983,5,-0.507,-1.164,-3.025,-2.365,-1.158,-1.433,-1.826,-1.998,-1.846,-1.717
Tekirdağ,1983,6,0.248,0.564,-1.151,-1.144,-1.577,-1.510,-1.589,-1.675,-1.641,-1.530
Tekirdağ,1983,7,1.799,1.931,1.068,1.035,-0.198,-0.223,-0.749,-0.901,-1.083,-1.151
Tekirdağ,1983,8,0.566,0.987,1.261,1.741,-0.400,-0.150,-0.308,-0.197,-1.064,-1.098
Tekirdağ,1983,9,1.007,1.165,1.528,1.661,0.806,0.591,0.004,0.116,-0.516,-0.556
Tekirdağ,1983,10,-0.909,-0.755,0.099,0.471,0.490,0.756,-0.167,0.015,-0.646,-0.410
Tekirdağ,1983,11,-0.723,-0.603,-0.549,-0.405,0.241,0.676,-0.789,-0.517,-0.707,-0.534
Tekirdağ,1983,12,-0.301,-0.599,-1.449,-1.181,-0.026,0.236,-0.476,-0.272,-0.922,-0.710
Tekirdağ,1984,1,1.023,1.065,-0.113,-0.181,-0.201,-0.018,0.147,0.327,-0.337,-0.211
Tekirdağ,1984,2,-0.324,-0.452,0.146,-0.020,-0.351,-0.329,0.154,0.444,-0.554,-0.487
Tekirdağ,1984,3,1.370,1.570,1.023,1.090,-0.245,-0.230,0.465,0.689,0.129,0.261
Tekirdağ,1984,4,1.307,1.490,1.286,1.485,0.448,0.546,0.305,0.594,0.563,0.832
Tekirdağ,1984,5,-0.033,-0.473,1.577,1.658,0.832,0.861,0.227,0.377,0.640,0.949
Tekirdağ,1984,6,-0.332,-0.268,0.397,0.519,1.161,0.895,-0.166,-0.033,0.539,0.824
Tekirdağ,1984,7,1.428,1.833,0.535,0.792,1.330,1.085,0.563,0.836,0.407,0.799
Tekirdağ,1984,8,0.299,1.036,0.641,1.326,1.489,1.175,0.937,0.903,0.366,0.784
Tekirdağ,1984,9,-1.645,-1.398,0.383,0.845,0.393,0.585,0.999,0.925,-0.082,0.292
Tekirdağ,1984,10,-1.608,-1.731,-1.733,-1.259,-0.759,-0.459,-0.005,0.357,-0.154,0.104
Tekirdağ,1984,11,-0.146,-0.281,-1.600,-1.597,-0.890,-0.584,-0.022,0.312,-0.008,0.208
Tekirdağ,1984,12,-1.405,-1.435,-1.924,-1.778,-1.262,-0.953,-1.021,-0.717,-0.267,-0.053
Tekirdağ,1985,1,0.963,1.036,-0.304,-0.443,-1.230,-1.144,-0.943,-0.818,-0.341,-0.109
Tekirdağ,1985,2,0.114,0.359,-0.135,-0.133,-1.110,-1.205,-0.816,-0.570,-0.191,0.094
Tekirdağ,1985,3,-0.937,-0.714,0.298,0.430,-1.056,-1.066,-0.844,-0.569,-0.732,-0.452
Tekirdağ,1985,4,0.952,0.661,-0.070,0.075,-0.332,-0.377,-1.073,-0.932,-0.859,-0.656
Tekirdağ,1985,5,-1.575,-1.590,-0.774,-1.039,-0.556,-0.682,-1.380,-1.502,-1.072,-0.855
Tekirdağ,1985,6,-0.059,0.035,-0.308,-0.579,0.003,0.037,-1.229,-1.331,-1.013,-0.786
Tekirdağ,1985,7,-0.098,0.467,-1.429,-0.815,-1.035,-0.439,-0.854,-0.735,-1.530,-1.205
Tekirdağ,1985,8,-0.288,-0.163,-0.505,-0.035,-1.106,-0.500,-0.823,-0.436,-1.550,-1.359
Tekirdağ,1985,9,-0.788,-0.457,-0.950,-0.249,-0.989,-0.432,-0.520,-0.138,-1.450,-1.279
Tekirdağ,1985,10,-0.306,-0.122,-0.904,-0.477,-1.483,-0.887,-1.322,-0.792,-1.188,-0.701
Tekirdağ,1985,11,1.164,1.207,0.220,0.315,-0.153,0.214,-0.541,-0.241,-0.622,-0.317
Tekirdağ,1985,12,-0.863,-1.313,-0.050,-0.101,-0.498,-0.285,-0.663,-0.551,-0.489,-0.281
Tekirdağ,1986,1,1.404,1.457,0.949,0.819,0.279,0.263,-0.178,-0.128,-0.246,-0.080
Tekirdağ,1986,2,0.805,0.815,0.698,0.547,0.523,0.517,0.265,0.438,-0.002,0.062
Tekirdağ,1986,3,-0.192,-0.148,1.197,1.261,0.645,0.621,0.256,0.410,0.111,0.139
Tekirdağ,1986,4,-1.251,-1.354,-0.225,-0.391,0.703,0.501,0.133,0.118,-0.260,-0.219
Tekirdağ,1986,5,-1.768,-0.847,-1.991,-1.447,-0.103,-0.308,-0.037,-0.009,-0.273,-0.058
Tekirdağ,1986,6,1.551,1.625,0.074,0.016,1.190,0.826,0.622,0.620,0.227,0.400
Tekirdağ,1986,7,-0.401,-0.208,0.395,0.588,0.003,0.100,0.767,0.709,0.193,0.286
Tekirdağ,1986,8,-1.214,-0.741,0.718,0.639,-0.669,-0.323,0.169,0.084,0.158,0.176
Tekirdağ,1986,9,-0.535,-0.548,-1.254,-0.816,-0.824,-0.452,0.432,0.324,0.179,0.163
Tekirdağ,1986,10,-0.021,0.036,-0.677,-0.579,-0.375,-0.190,-0.536,-0.419,0.262,0.190
Tekirdağ,1986,11,-0.295,-0.134,-0.753,-0.585,-0.296,-0.172,-1.114,-0.797,-0.390,-0.338
Tekirdağ,1986,12,0.277,0.320,-0.322,-0.117,-0.825,-0.570,-0.805,-0.578,0.023,0.172
Tekirdağ,1987,1,1.098,1.226,0.417,0.567,-0.153,-0.016,-0.075,0.141,-0.204,-0.002
Tekirdağ,1987,2,-0.822,-0.974,0.413,0.447,-0.251,-0.127,-0.035,0.100,-0.577,-0.424
Tekirdağ,1987,3,0.366,0.847,0.507,0.663,-0.003,0.236,-0.417,-0.139,-0.441,-0.219
Tekirdağ,1987,4,0.051,0.257,-0.538,-0.109,0.101,0.384,-0.357,-0.024,-0.267,0.106
Tekirdağ,1987,5,0.417,0.661,0.247,0.925,0.413,0.806,-0.209,0.234,-0.001,0.404
Tekirdağ,1987,6,-0.225,-0.286,-0.212,0.248,0.281,0.552,-0.142,0.320,-0.551,-0.066
Tekirdağ,1987,7,-0.120,-0.300,-0.402,-0.123,-0.829,-0.136,-0.108,0.304,-0.533,-0.089
Tekirdağ,1987,8,-0.298,0.411,-0.642,-0.340,-0.403,0.306,0.039,0.417,-0.468,0.043
Tekirdağ,1987,9,-1.507,-1.351,-1.151,-0.655,-1.009,-0.238,-0.336,0.127,-0.505,-0.051
Tekirdağ,1987,10,-0.322,-0.224,-1.032,-0.594,-1.034,-0.584,-1.253,-0.626,-0.593,-0.044
Tekirdağ,1987,11,0.756,0.798,-0.215,-0.284,-0.629,-0.465,-0.529,0.018,-0.205,0.250
Tekirdağ,1987,12,0.835,0.965,0.580,0.651,0.044,0.169,-0.108,0.209,0.109,0.487
Tekirdağ,1988,1,-1.378,-1.592,0.330,0.225,-0.376,-0.320,-0.557,-0.420,-0.773,-0.426
Tekirdağ,1988,2,0.256,0.212,0.036,-0.114,-0.232,-0.311,-0.523,-0.469,-0.449,-0.129
Tekirdağ,1988,3,1.158,1.161,-0.071,-0.354,0.308,0.258,-0.100,-0.060,-0.219,-0.063
Tekirdağ,1988,4,0.444,0.550,0.936,0.970,0.623,0.578,0.020,0.136,-0.146,0.025
Tekirdağ,1988,5,0.387,0.472,1.068,1.196,0.474,0.499,0.120,0.182,-0.155,0.009
Tekirdağ,1988,6,0.419,0.348,0.454,0.657,0.072,0.100,0.403,0.511,-0.015,0.161
Tekirdağ,1988,7,0.511,0.035,0.429,0.315,0.964,0.662,0.699,0.674,0.094,0.212
Tekirdağ,1988,8,0.754,0.633,0.529,0.273,1.032,0.666,0.566,0.424,0.223,0.215
Tekirdağ,1988,9,0.230,0.304,0.368,0.208,0.417,0.351,0.143,0.110,0.395,0.448
Tekirdağ,1988,10,-0.923,-0.737,-0.434,-0.238,-0.206,-0.117,0.208,0.328,0.285,0.260
Tekirdağ,1988,11,1.555,1.752,0.633,0.888,0.703,0.882,1.033,1.225,0.798,0.968
Tekirdağ,1988,12,0.742,0.878,0.930,1.179,0.833,1.008,0.895,1.148,0.697,0.880
Tekirdağ,1989,1,-2.756,-1.641,0.756,0.991,0.275,0.535,0.329,0.565,0.606,0.874
Tekirdağ,1989,2,-1.743,-1.545,-0.821,-0.885,-0.146,0.060,-0.026,0.123,0.283,0.510
Tekirdağ,1989,3,0.515,0.183,-1.523,-1.509,-0.018,0.077,0.030,0.119,0.109,0.258
Tekirdağ,1989,4,-1.948,-2.020,-1.672,-1.943,0.068,-0.065,-0.289,-0.252,-0.193,-0.200
Tekirdağ,1989,5,1.241,1.445,0.326,-0.197,-0.616,-0.876,-0.083,0.002,0.033,0.064
Tekirdağ,1989,6,1.212,1.526,0.928,0.882,-0.766,-0.765,0.263,0.436,0.279,0.415
Tekirdağ,1989,7,-0.066,0.117,1.436,1.789,-0.019,-0.049,0.578,0.769,0.180,0.430
Tekirdağ,1989,8,1.248,1.200,1.074,1.429,1.007,0.662,-0.028,0.051,0.280,0.509
Tekirdağ,1989,9,-0.693,-0.638,-0.031,0.144,0.441,0.413,-0.746,-0.524,0.130,0.357
Tekirdağ,1989,10,-0.428,-0.367,-0.321,-0.117,0.421,0.796,-0.348,-0.273,0.226,0.343
Tekirdağ,1989,11,-0.208,-0.091,-1.016,-0.800,-0.198,0.155,-0.116,0.073,-0.700,-0.505
Tekirdağ,1989,12,0.195,0.126,-0.549,-0.400,-0.573,-0.317,-0.209,0.040,-0.995,-0.799
Tekirdağ,1990,1,-2.171,-1.536,-0.933,-0.808,-1.155,-0.881,-0.446,-0.074,-1.026,-0.860
Tekirdağ,1990,2,-1.832,-1.599,-1.474,-1.386,-1.813,-1.484,-1.104,-0.784,-0.935,-0.809
Tekirdağ,1990,3,-1.661,-1.645,-3.112,-2.025,-1.944,-1.593,-1.792,-1.423,-1.332,-1.104
Tekirdağ,1990,4,0.628,0.368,-1.718,-1.695,-1.552,-1.420,-1.644,-1.401,-0.942,-0.660
Tekirdağ,1990,5,0.294,0.459,-0.503,-0.591,-1.581,-1.441,-1.904,-1.601,-1.258,-0.898
Tekirdağ,1990,6,0.850,1.098,0.866,1.026,-1.633,-1.303,-1.463,-1.233,-1.416,-1.047
Tekirdağ,1990,7,0.321,0.225,0.625,0.946,-0.831,-0.537,-1.249,-1.055,-1.375,-1.039
Tekirdağ,1990,8,0.024,0.161,0.492,0.665,-0.073,0.138,-1.179,-0.774,-1.586,-1.204
Tekirdağ,1990,9,0.484,0.794,0.207,0.418,0.562,0.576,-1.237,-0.717,-1.242,-0.934
Tekirdağ,1990,10,0.315,0.337,0.223,0.498,0.363,0.734,-0.426,-0.193,-0.952,-0.512
Tekirdağ,1990,11,0.057,-0.210,0.113,0.076,0.230,0.382,-0.060,0.115,-0.984,-0.775
Tekirdağ,1990,12,1.155,1.299,0.741,0.654,0.604,0.658,0.818,0.968,-0.315,-0.222
Tekirdağ,1991,1,-1.007,-1.138,0.279,0.097,0.206,0.214,0.335,0.502,-0.237,-0.181
Tekirdağ,1991,2,-0.446,-0.484,0.186,0.099,0.087,0.071,0.171,0.290,-0.023,0.068
Tekirdağ,1991,3,-0.683,-0.652,-1.356,-1.225,-0.136,-0.259,-0.140,-0.074,0.086,0.219
Tekirdağ,1991,4,1.217,1.249,-0.120,-0.003,0.136,0.023,0.102,0.210,0.230,0.448
Tekirdağ,1991,5,1.994,2.213,1.727,1.892,0.946,1.102,0.667,0.806,0.714,0.923
Tekirdağ,1991,6,-1.192,-0.902,1.593,1.647,-0.107,0.127,0.438,0.533,0.372,0.578
Tekirdağ,1991,7,0.576,0.529,1.158,1.324,0.694,0.681,0.515,0.593,0.430,0.634
Tekirdağ,1991,8,-0.868,-0.378,-0.714,-0.562,0.790,0.680,0.529,0.528,0.371,0.534
Tekirdağ,1991,9,-0.269,-0.192,-0.310,-0.186,0.762,0.623,-0.368,-0.041,0.200,0.313
Tekirdağ,1991,10,1.236,1.318,0.640,0.770,0.939,1.115,0.759,1.011,0.640,0.540
Tekirdağ,1991,11,-0.693,-0.826,0.275,0.240,-0.178,-0.135,0.596,0.804,0.523,0.696
Tekirdağ,1991,12,-0.694,-0.660,-0.031,0.050,-0.269,-0.132,0.353,0.615,-0.370,-0.091
Tekirdağ,1992,1,-2.576,-1.671,-2.055,-1.552,-1.016,-0.831,-0.479,-0.283,-0.546,-0.256
Tekirdağ,1992,2,-1.653,-1.169,-2.516,-1.696,-1.211,-1.015,-1.502,-1.195,-0.657,-0.376
Tekirdağ,1992,3,0.805,0.899,-1.250,-1.104,-0.787,-0.677,-0.916,-0.706,-0.315,-0.070
Tekirdağ,1992,4,0.126,0.040,-0.437,-0.312,-1.732,-1.363,-1.057,-0.803,-0.594,-0.325
Tekirdağ,1992,5,-0.542,-0.103,0.131,0.403,-1.819,-1.261,-1.120,-0.794,-1.381,-0.960
Tekirdağ,1992,6,1.827,2.015,1.252,1.436,-0.319,0.055,-0.300,-0.006,-0.478,-0.112
Tekirdağ,1992,7,0.029,0.581,1.181,1.707,0.495,0.764,-1.090,-0.598,-0.613,-0.109
Tekirdağ,1992,8,-0.051,-0.580,1.208,1.448,1.020,0.848,-0.821,-0.218,-0.531,-0.166
Tekirdağ,1992,9,-0.405,-0.293,-0.586,-0.269,0.370,0.498,-0.663,-0.132,-0.529,-0.188
Tekirdağ,1992,10,0.023,-0.469,-0.436,-0.814,0.210,0.374,-0.093,0.142,-1.193,-0.716
Tekirdağ,1992,11,0.047,-0.002,-0.452,-0.711,0.266,0.238,0.226,0.392,-1.093,-0.738
Tekirdağ,1992,12,-0.215,-0.257,-0.448,-0.607,-0.738,-0.694,-0.187,0.004,-0.868,-0.596
Tekirdağ,1993,1,-0.459,-0.540,-0.662,-0.605,-1.007,-1.078,-0.461,-0.307,-0.646,-0.396
Tekirdağ,1993,2,1.142,1.377,-0.034,0.128,-0.430,-0.433,0.059,0.200,0.051,0.302
Tekirdağ,1993,3,0.486,0.627,0.402,0.572,-0.157,-0.165,-0.424,-0.287,-0.030,0.209
Tekirdağ,1993,4,-0.647,-0.666,0.723,0.939,-0.223,-0.089,-0.552,-0.520,-0.155,0.107
Tekirdağ,1993,5,0.871,0.953,0.341,0.471,0.048,0.303,-0.341,-0.218,0.119,0.342
Tekirdağ,1993,6,-0.748,-0.758,-0.470,-0.330,0.032,0.252,-0.384,-0.322,-0.638,-0.415
Tekirdağ,1993,7,-0.755,-0.111,-0.498,-0.087,0.202,0.477,-0.470,-0.155,-0.756,-0.561
Tekirdağ,1993,8,0.387,0.457,-0.938,-0.472,-0.488,0.031,-0.398,0.069,-0.667,-0.422
Tekirdağ,1993,9,-0.455,-0.319,-0.757,-0.220,-1.005,-0.286,-0.433,0.043,-0.647,-0.435
Tekirdağ,1993,10,-1.524,-1.711,-1.280,-1.205,-1.228,-0.925,-0.665,-0.370,-0.973,-0.515
Tekirdağ,1993,11,0.472,0.688,-0.758,-0.781,-1.273,-0.939,-1.000,-0.632,-0.905,-0.473
Tekirdağ,1993,12,0.227,-0.005,-0.381,-0.532,-0.740,-0.611,-0.951,-0.755,-0.657,-0.382
Tekirdağ,1994,1,-0.247,-0.549,-0.008,-0.079,-0.797,-0.842,-0.982,-0.881,-0.638,-0.444
Tekirdağ,1994,2,0.816,0.883,0.141,-0.051,-0.471,-0.601,-0.839,-0.789,-0.699,-0.593
Tekirdağ,1994,3,0.084,-0.103,0.123,-0.094,-0.297,-0.502,-0.599,-0.564,-0.786,-0.732
Tekirdağ,1994,4,-0.080,-0.382,0.393,0.212,0.111,-0.026,-0.539,-0.614,-0.708,-0.664
Tekirdağ,1994,5,0.580,0.459,0.091,-0.172,0.088,-0.174,-0.471,-0.613,-0.805,-0.767
Tekirdağ,1994,6,0.574,0.892,0.406,0.515,0.230,0.201,-0.213,-0.313,-0.522,-0.388
Tekirdağ,1994,7,-0.623,-0.690,0.180,0.359,0.342,0.298,0.100,0.096,-0.530,-0.496
Tekirdağ,1994,8,-0.288,-0.402,-0.171,-0.114,-0.216,-0.082,-0.097,-0.107,-0.582,-0.638
Tekirdağ,1994,9,0.434,-0.253,-0.268,-0.783,-0.079,-0.166,-0.074,-0.233,-0.363,-0.639
Tekirdağ,1994,10,0.710,0.644,0.460,0.131,0.357,0.170,0.418,0.195,0.216,0.064
Tekirdağ,1994,11,0.592,0.798,0.685,0.459,0.431,0.302,0.367,0.215,0.305,0.108
Tekirdağ,1994,12,0.577,0.695,0.796,0.880,0.473,0.330,0.526,0.467,0.450,0.347
Tekirdağ,1995,1,2.195,2.206,1.771,1.868,1.649,1.534,1.581,1.593,1.612,1.530
Tekirdağ,1995,2,-0.497,-0.844,1.603,1.722,1.478,1.398,1.304,1.292,1.245,1.184
Tekirdağ,1995,3,1.359,1.361,2.002,2.116,1.738,1.757,1.431,1.297,1.486,1.405
Tekirdağ,1995,4,-0.123,-0.163,0.383,0.143,1.685,1.771,1.578,1.388,1.512,1.424
Tekirdağ,1995,5,-0.479,-0.683,0.534,0.362,1.707,1.725,1.578,1.407,1.390,1.282
Tekirdağ,1995,6,0.774,0.439,-0.041,-0.318,2.076,1.247,1.754,1.685,1.437,1.206
Tekirdağ,1995,7,1.914,2.047,1.555,1.310,1.381,0.733,2.162,2.152,1.978,1.660
Tekirdağ,1995,8,1.507,1.468,1.916,2.008,1.989,1.073,2.381,1.436,2.140,1.901
Tekirdağ,1995,9,0.943,1.070,1.824,1.804,1.610,0.888,2.644,1.505,2.195,2.113
Tekirdağ,1995,10,-0.729,-0.544,0.453,0.677,0.988,1.040,1.012,0.989,1.854,1.187
Tekirdağ,1995,11,0.600,0.870,0.250,0.456,1.262,1.430,1.354,1.395,2.136,2.018
Tekirdağ,1995,12,0.393,0.334,0.008,0.207,1.025,1.227,0.934,1.067,1.938,1.853
Tekirdağ,1996,1,-0.062,-0.081,0.263,0.401,0.347,0.575,0.819,0.980,0.863,0.959
Tekirdağ,1996,2,1.075,1.242,0.479,0.568,0.384,0.622,1.122,1.319,1.184,1.338
Tekirdağ,1996,3,0.846,1.237,0.695,0.982,0.341,0.654,1.097,1.370,1.034,1.278
Tekirdağ,1996,4,0.410,0.701,1.325,1.730,0.748,1.115,0.756,1.116,1.138,1.399
Tekirdağ,1996,5,-0.766,-1.425,0.263,0.374,0.483,0.639,0.404,0.707,1.134,1.309
Tekirdağ,1996,6,-0.595,-0.697,-0.875,-0.876,0.174,0.309,0.023,0.330,0.886,1.157
Tekirdağ,1996,7,1.518,1.671,0.207,-0.147,1.156,0.899,0.748,1.047,0.754,1.055
Tekirdağ,1996,8,0.873,0.851,0.838,0.905,0.744,0.613,0.734,0.680,0.608,0.918
Tekirdağ,1996,9,0.690,0.938,1.245,1.366,0.579,0.463,0.852,0.789,0.501,0.880
Tekirdağ,1996,10,-0.669,-0.589,0.034,0.318,0.018,0.067,0.597,0.914,0.515,0.599
Tekirdağ,1996,11,-0.125,-0.289,-0.402,-0.363,0.040,0.166,0.071,0.317,0.304,0.562
Tekirdağ,1996,12,0.451,0.292,-0.384,-0.496,0.348,0.431,-0.008,0.035,0.310,0.510
Tekirdağ,1997,1,-0.631,-0.968,-0.340,-0.607,-0.430,-0.454,-0.395,-0.553,0.132,0.278
Tekirdağ,1997,2,-1.105,-1.071,-0.612,-0.885,-0.809,-0.870,-0.458,-0.462,-0.385,-0.321
Tekirdağ,1997,3,0.587,0.772,-0.749,-0.845,-0.825,-0.908,-0.153,-0.079,-0.449,-0.452
Tekirdağ,1997,4,1.500,1.749,0.547,0.895,-0.076,-0.114,-0.186,-0.006,-0.169,-0.119
Tekirdağ,1997,5,-1.588,-1.401,0.696,0.919,-0.248,-0.308,-0.538,-0.448,-0.238,-0.092
Tekirdağ,1997,6,0.201,0.048,0.373,0.475,-0.598,-0.393,-0.730,-0.754,-0.094,0.074
Tekirdağ,1997,7,1.034,1.024,-0.115,-0.319,0.277,0.348,-0.193,-0.275,-0.279,-0.137
Tekirdağ,1997,8,1.137,1.445,0.893,1.107,1.077,0.869,0.151,0.260,-0.205,-0.020
Tekirdağ,1997,9,-1.507,-0.232,0.414,0.810,0.404,0.555,-0.332,0.087,-0.539,-0.325
Tekirdağ,1997,10,2.324,2.237,1.851,1.912,1.600,1.763,1.691,1.944,1.005,0.837
Tekirdağ,1997,11,-0.349,-0.479,1.425,1.617,1.598,1.867,1.751,1.910,1.094,1.331
Tekirdağ,1997,12,1.551,1.790,2.317,2.191,2.056,2.113,2.124,2.168,1.634,1.795
Tekirdağ,1998,1,-0.098,-0.262,0.759,0.760,1.807,1.920,1.667,1.854,1.745,1.917
Tekirdağ,1998,2,0.572,0.525,1.202,1.283,1.675,1.765,1.816,1.954,1.903,2.056
Tekirdağ,1998,3,2.052,2.247,1.040,1.195,2.304,2.310,2.136,2.140,2.202,2.318
Tekirdağ,1998,4,-0.692,-1.039,1.446,1.408,1.194,1.215,2.053,1.985,1.915,1.940
Tekirdağ,1998,5,1.173,1.300,1.873,1.886,1.889,1.952,2.186,2.064,2.286,2.179
Tekirdağ,1998,6,-0.323,-0.711,0.012,-0.235,0.984,0.701,2.385,2.267,2.213,2.078
Tekirdağ,1998,7,1.041,1.015,0.975,0.866,1.760,1.076,1.462,1.494,2.272,2.121
Tekirdağ,1998,8,0.585,-0.059,0.426,-0.045,1.557,0.850,1.799,1.131,2.132,2.042
Tekirdağ,1998,9,2.024,1.963,1.952,1.813,1.781,0.911,2.001,1.220,2.770,2.558
Tekirdağ,1998,10,1.251,1.312,1.932,1.763,2.021,1.869,2.472,2.194,2.189,1.292
Tekirdağ,1998,11,1.049,1.168,2.190,2.169,2.135,2.044,2.726,2.306,2.957,2.496
Tekirdağ,1998,12,0.568,0.734,1.410,1.476,2.061,1.973,2.038,1.884,2.312,2.100
Tekirdağ,1999,1,-0.417,-0.636,0.552,0.642,1.739,1.700,1.890,1.893,2.256,2.075
Tekirdağ,1999,2,1.446,1.583,0.673,0.817,1.938,1.956,1.920,1.885,2.336,2.209
Tekirdağ,1999,3,1.058,1.096,0.869,0.915,1.477,1.577,2.064,1.950,2.048,1.970
Tekirdağ,1999,4,-1.146,-1.236,1.265,1.177,0.946,1.011,1.932,1.760,2.055,1.913
Tekirdağ,1999,5,0.384,0.294,0.286,0.068,0.678,0.725,1.985,1.869,1.946,1.769
Tekirdağ,1999,6,-0.434,-0.815,-1.015,-1.113,0.320,0.150,1.238,1.283,1.933,1.739
Tekirdağ,1999,7,-0.733,-1.265,-0.824,-1.079,0.533,0.144,0.661,0.579,1.740,1.542
Tekirdağ,1999,8,-0.383,-0.539,-1.125,-1.315,-0.625,-0.743,0.167,0.025,1.611,1.520
Tekirdağ,1999,9,0.401,0.471,-0.352,-0.659,-1.099,-1.061,-0.037,-0.224,0.903,0.858
Tekirdağ,1999,10,0.264,0.187,0.076,0.041,-0.392,-0.663,0.246,-0.005,0.463,0.290
Tekirdağ,1999,11,0.670,0.798,0.434,0.416,-0.143,-0.422,-0.085,-0.334,0.331,0.220
Tekirdağ,1999,12,0.847,0.895,0.781,0.774,0.432,0.280,0.041,-0.214,0.462,0.268
Tekirdağ,2000,1,-0.743,-0.710,0.412,0.454,0.228,0.207,-0.091,-0.291,0.367,0.226
Tekirdağ,2000,2,0.575,0.572,0.340,0.329,0.409,0.446,0.015,-0.159,0.057,-0.142
Tekirdağ,2000,3,0.185,0.207,-0.214,-0.236,0.399,0.429,0.156,0.092,-0.165,-0.363
Tekirdağ,2000,4,0.382,-0.133,0.478,0.257,0.492,0.440,0.332,0.294,0.060,-0.135
Tekirdağ,2000,5,1.154,1.283,0.871,0.748,0.636,0.616,0.633,0.670,0.256,0.117
Tekirdağ,2000,6,-0.788,-0.560,0.369,0.323,-0.119,0.003,0.465,0.542,0.215,0.188
Tekirdağ,2000,7,-0.318,-0.569,-0.066,0.064,0.249,0.175,0.399,0.437,0.252,0.286
Tekirdağ,2000,8,0.548,0.255,-0.673,-0.661,0.090,0.067,0.243,0.201,0.347,0.358
Tekirdağ,2000,9,0.043,0.093,-0.204,-0.308,-0.063,-0.025,-0.327,-0.191,0.254,0.276
Tekirdağ,2000,10,0.653,0.760,0.399,0.506,0.201,0.330,0.318,0.362,0.415,0.371
Tekirdağ,2000,11,-1.756,-1.804,-0.506,-0.601,-0.919,-0.897,-0.439,-0.462,-0.194,-0.210
Tekirdağ,2000,12,-1.588,-1.648,-1.253,-1.281,-1.218,-1.231,-1.000,-1.060,-1.094,-1.054
Tekirdağ,2001,1,-0.009,-0.263,-1.912,-1.811,-1.195,-1.254,-1.176,-1.190,-0.915,-1.037
Tekirdağ,2001,2,0.991,0.971,-0.423,-0.736,-0.748,-0.930,-1.040,-1.159,-0.667,-0.845
Tekirdağ,2001,3,-1.005,-1.895,0.028,-0.562,-0.918,-1.268,-0.994,-1.295,-0.880,-1.182
Tekirdağ,2001,4,1.005,0.965,0.693,0.172,-0.988,-1.364,-0.702,-0.994,-0.734,-0.956
Tekirdağ,2001,5,0.906,0.984,0.505,0.066,-0.202,-0.630,-0.563,-0.838,-0.830,-1.036
Tekirdağ,2001,6,-0.982,-0.734,0.535,0.665,0.218,-0.045,-0.747,-1.050,-0.849,-1.068
Tekirdağ,2001,7,0.251,-0.533,-0.094,-0.259,0.417,-0.044,-1.076,-1.449,-0.779,-1.074
Tekirdağ,2001,8,-0.005,-0.716,-0.698,-1.072,-0.226,-0.554,-0.562,-0.874,-0.826,-1.175
Tekirdağ,2001,9,0.780,0.799,0.418,-0.161,0.509,0.195,0.285,-0.162,-0.552,-1.016
Tekirdağ,2001,10,-1.925,-1.584,-0.491,-0.868,-0.519,-0.826,-0.172,-0.694,-1.207,-1.561
Tekirdağ,2001,11,0.896,1.090,0.168,0.077,-0.279,-0.576,-0.104,-0.475,-0.453,-0.857
Tekirdağ,2001,12,1.769,2.122,1.217,1.370,1.098,1.046,1.185,1.186,1.018,0.830
Tekirdağ,2002,1,-1.179,-1.104,1.259,1.500,0.732,0.792,0.602,0.625,0.766,0.648
Tekirdağ,2002,2,-0.320,-0.729,0.863,1.048,0.614,0.713,0.310,0.234,0.402,0.226
Tekirdağ,2002,3,0.316,0.010,-0.827,-1.081,0.506,0.561,0.510,0.389,0.601,0.525
Tekirdağ,2002,4,-0.018,0.213,-0.326,-0.517,0.964,1.160,0.515,0.546,0.411,0.391
Tekirdağ,2002,5,-1.602,-1.090,-0.717,-0.649,0.480,0.628,0.350,0.482,0.059,0.023
Tekirdağ,2002,6,0.494,0.292,-0.626,-0.420,-1.334,-1.219,0.269,0.400,0.305,0.243
Tekirdağ,2002,7,0.938,0.327,0.036,-0.451,-0.345,-0.602,0.916,0.987,0.465,0.380
Tekirdağ,2002,8,1.091,0.894,0.962,0.519,0.273,0.034,0.800,0.565,0.613,0.579
Tekirdağ,2002,9,1.972,1.924,1.982,1.778,1.561,0.849,0.629,0.348,1.144,1.208
Tekirdağ,2002,10,-0.222,-0.357,1.281,1.311,1.066,0.948,0.810,0.633,1.341,0.917
Tekirdağ,2002,11,0.366,0.272,1.092,1.081,1.333,1.164,1.009,0.835,1.321,1.243
Tekirdağ,2002,12,-0.615,-0.737,-0.584,-0.646,0.809,0.709,0.543,0.493,0.023,-0.130
Tekirdağ,2003,1,0.816,0.797,0.095,-0.030,0.866,0.837,0.770,0.607,0.587,0.396
Tekirdağ,2003,2,1.349,1.609,0.607,0.742,1.050,1.133,1.253,1.212,1.005,0.981
Tekirdağ,2003,3,-1.167,-0.675,0.802,1.041,0.039,0.109,0.975,1.007,0.773,0.839
Tekirdağ,2003,4,1.199,1.549,1.118,1.696,0.522,0.785,1.113,1.283,1.023,1.122
Tekirdağ,2003,5,-1.602,-1.459,-0.634,-0.188,0.243,0.536,0.827,1.027,1.045,1.081
Tekirdağ,2003,6,-0.934,-1.377,-0.517,-0.543,0.460,0.487,-0.195,-0.123,0.832,0.851
Tekirdağ,2003,7,0.729,0.498,-1.232,-1.447,0.202,0.323,0.109,0.156,0.799,0.889
Tekirdağ,2003,8,1.651,1.318,0.604,0.033,-0.045,-0.011,0.402,0.373,0.905,0.952
Tekirdağ,2003,9,0.497,0.707,1.028,0.915,0.500,0.283,0.885,0.680,0.208,0.258
Tekirdağ,2003,10,0.967,1.008,1.148,1.159,0.556,0.302,0.945,1.065,0.664,0.523
Tekirdağ,2003,11,-1.122,-1.110,0.168,0.155,0.340,0.111,0.002,0.036,0.347,0.454
Tekirdağ,2003,12,0.030,-0.090,-0.060,-0.087,0.418,0.381,0.168,0.112,0.525,0.604
Tekirdağ,2004,1,1.487,1.652,0.348,0.406,0.934,0.969,0.536,0.376,0.866,1.023
Tekirdağ,2004,2,-0.274,-0.402,0.731,0.838,0.515,0.611,0.613,0.554,0.380,0.452
Tekirdağ,2004,3,0.538,0.434,1.084,1.180,0.560,0.577,0.827,0.837,0.644,0.613
Tekirdağ,2004,4,-0.345,-0.390,-0.296,-0.409,0.129,0.111,0.712,0.741,0.359,0.209
Tekirdağ,2004,5,-0.111,-0.063,-0.159,-0.160,0.553,0.641,0.404,0.536,0.511,0.473
Tekirdağ,2004,6,1.740,1.944,1.103,1.213,1.613,1.181,0.892,1.047,1.130,1.174
Tekirdağ,2004,7,0.198,0.241,1.303,1.507,0.696,0.611,0.573,0.769,1.058,1.157
Tekirdağ,2004,8,1.896,1.917,1.847,2.225,1.543,1.047,1.409,1.090,1.095,1.300
Tekirdağ,2004,9,-1.645,-1.020,0.426,0.601,0.882,0.713,1.381,1.057,0.836,1.068
Tekirdağ,2004,10,-1.000,-1.339,-0.251,-0.222,0.387,0.563,0.139,0.283,0.250,0.315
Tekirdağ,2004,11,-0.803,-0.956,-1.998,-1.688,0.025,0.066,-0.123,0.007,0.348,0.496
Tekirdağ,2004,12,-0.305,-0.613,-1.534,-1.550,-0.993,-0.939,-0.460,-0.354,0.203,0.307
Tekirdağ,2005,1,-0.014,-0.222,-0.933,-1.058,-1.106,-1.129,-0.476,-0.467,-0.609,-0.585
Tekirdağ,2005,2,0.530,0.639,-0.236,-0.374,-1.360,-1.418,-0.246,-0.229,-0.325,-0.283
Tekirdağ,2005,3,-0.688,-0.803,-0.193,-0.338,-1.244,-1.325,-0.974,-0.951,-0.573,-0.525
Tekirdağ,2005,4,-1.458,-1.200,-0.864,-0.797,-1.188,-1.206,-1.298,-1.246,-0.728,-0.652
Tekirdağ,2005,5,1.410,1.464,-0.156,-0.258,-0.372,-0.489,-1.368,-1.421,-0.331,-0.280
Tekirdağ,2005,6,-0.735,-0.432,-0.190,-0.026,-0.443,-0.264,-1.361,-1.390,-1.102,-0.976
Tekirdağ,2005,7,-0.586,-0.679,0.147,0.245,-0.672,-0.350,-1.160,-1.118,-1.260,-1.145
Tekirdağ,2005,8,-0.557,-0.744,-1.359,-0.999,-1.108,-0.691,-0.914,-0.718,-1.768,-1.610
Tekirdağ,2005,9,-0.421,-0.707,-1.133,-1.084,-0.983,-0.642,-0.955,-0.770,-1.609,-1.599
Tekirdağ,2005,10,-0.061,-0.036,-0.614,-0.695,-0.474,-0.449,-0.930,-0.844,-1.330,-1.124
Tekirdağ,2005,11,0.687,0.860,-0.014,-0.011,-0.675,-0.608,-0.762,-0.645,-0.869,-0.782
Tekirdağ,2005,12,0.193,0.067,0.183,0.276,-0.325,-0.363,-0.455,-0.403,-0.606,-0.546
Tekirdağ,2006,1,-1.433,-1.182,-0.215,-0.147,-0.714,-0.671,-0.670,-0.602,-0.996,-0.861
Tekirdağ,2006,2,0.417,0.499,-0.481,-0.476,-0.450,-0.362,-0.910,-0.794,-0.938,-0.838
Tekirdağ,2006,3,1.281,1.341,0.080,0.083,0.084,0.193,-0.313,-0.276,-0.422,-0.364
Tekirdağ,2006,4,-1.817,-1.404,0.381,0.325,-0.058,-0.029,-0.479,-0.420,-0.460,-0.378
Tekirdağ,2006,5,-0.779,-0.855,-0.266,-0.470,-0.643,-0.676,-0.577,-0.496,-0.996,-0.868
Tekirdağ,2006,6,-0.010,-0.177,-1.837,-1.474,-0.962,-0.769,-0.492,-0.417,-0.864,-0.810
Tekirdağ,2006,7,-0.888,-0.678,-1.433,-1.097,-0.606,-0.460,-0.562,-0.523,-0.916,-0.822
Tekirdağ,2006,8,0.094,-0.782,-0.623,-0.889,-0.800,-0.737,-0.949,-0.818,-0.820,-0.822
Tekirdağ,2006,9,1.628,1.685,1.022,0.858,-0.077,-0.136,-0.107,-0.109,-0.032,-0.016
Tekirdağ,2006,10,-0.126,-0.271,0.824,0.765,0.156,0.010,0.231,0.106,-0.046,-0.012
Tekirdağ,2006,11,-0.328,-0.252,0.508,0.552,0.088,-0.030,-0.107,-0.212,-0.491,-0.496
Tekirdağ,2006,12,-0.870,-1.066,-1.138,-1.033,-0.289,-0.359,-0.939,-0.984,-0.858,-0.834
Tekirdağ,2007,1,-0.966,-1.368,-1.531,-1.403,-0.559,-0.717,-1.029,-1.141,-0.833,-0.962
Tekirdağ,2007,2,-0.916,-1.075,-1.861,-1.751,-0.745,-0.820,-1.022,-1.156,-1.076,-1.235
Tekirdağ,2007,3,-1.910,-1.656,-2.089,-1.817,-2.133,-1.831,-1.239,-1.319,-1.797,-1.715
Tekirdağ,2007,4,-1.372,-0.728,-2.954,-1.943,-2.556,-1.910,-1.411,-1.376,-1.791,-1.637
Tekirdağ,2007,5,0.188,-0.343,-2.051,-1.620,-2.730,-2.134,-1.406,-1.383,-1.628,-1.587
Tekirdağ,2007,6,-2.077,-2.251,-1.912,-1.896,-3.352,-4.753,-2.890,-2.528,-1.888,-1.981
Tekirdağ,2007,7,-1.645,-1.696,-1.859,-2.160,-3.817,-4.753,-3.286,-2.555,-1.978,-2.119
Tekirdağ,2007,8,-0.785,-1.318,-2.985,-2.168,-3.313,-4.753,-3.533,-4.753,-1.995,-2.027
Tekirdağ,2007,9,-0.357,0.137,-1.463,-1.325,-2.457,-2.952,-3.534,-4.753,-3.060,-2.556
Tekirdağ,2007,10,-0.075,-0.282,-0.631,-0.713,-1.439,-1.901,-2.764,-2.511,-3.018,-4.753
Tekirdağ,2007,11,2.283,2.186,1.415,1.563,0.685,0.298,-0.064,-0.453,-1.153,-1.431
Tekirdağ,2007,12,-0.135,-0.214,1.316,1.391,0.699,0.651,0.122,-0.154,-0.842,-1.152
Tekirdağ,2008,1,-1.040,-0.998,1.060,1.244,0.485,0.579,-0.046,-0.417,-0.906,-1.173
Tekirdağ,2008,2,-1.481,-1.201,-1.474,-1.242,0.257,0.482,-0.330,-0.582,-0.893,-1.117
Tekirdağ,2008,3,0.348,-0.174,-1.214,-1.275,0.453,0.470,-0.002,-0.108,-0.515,-0.829
Tekirdağ,2008,4,-0.797,-1.124,-1.320,-1.541,0.471,0.440,0.004,-0.028,-0.464,-0.886
Tekirdağ,2008,5,-0.441,-0.590,-0.732,-1.218,-1.710,-1.607,-0.021,0.047,-0.585,-0.929
Tekirdağ,2008,6,0.505,0.178,-0.657,-0.978,-1.717,-1.887,0.203,0.090,-0.250,-0.457
Tekirdağ,2008,7,-0.131,-0.502,-0.377,-0.674,-1.427,-1.623,0.281,0.135,-0.163,-0.282
Tekirdağ,2008,8,-0.915,-1.242,-0.169,-0.780,-0.812,-1.171,-1.692,-1.718,-0.154,-0.297
Tekirdağ,2008,9,0.222,0.381,-0.407,-0.645,-0.905,-0.951,-1.705,-1.787,-0.034,-0.249
Tekirdağ,2008,10,0.354,0.340,0.001,-0.077,-0.273,-0.524,-0.937,-1.289,0.120,0.015
Tekirdağ,2008,11,-0.414,-0.607,-0.246,-0.320,-0.438,-0.739,-0.799,-1.188,-1.662,-1.667
Tekirdağ,2008,12,-0.956,-1.193,-0.851,-0.920,-1.004,-1.117,-1.268,-1.457,-1.887,-1.866
Tekirdağ,2009,1,0.248,0.167,-0.900,-1.009,-0.893,-1.011,-1.027,-1.236,-1.495,-1.735
Tekirdağ,2009,2,0.288,0.232,-0.506,-0.670,-0.631,-0.700,-0.756,-1.004,-0.980,-1.341
Tekirdağ,2009,3,0.612,0.646,0.341,0.248,-0.452,-0.577,-0.645,-0.798,-0.886,-1.139
Tekirdağ,2009,4,-0.274,-0.162,0.199,0.260,-0.654,-0.731,-0.697,-0.744,-0.824,-0.968
Tekirdağ,2009,5,-0.849,-0.991,-0.395,-0.409,-0.729,-0.803,-0.794,-0.793,-0.895,-1.042
Tekirdağ,2009,6,-0.722,-0.998,-1.570,-1.321,-0.540,-0.519,-1.018,-1.133,-1.167,-1.272
Tekirdağ,2009,7,1.338,1.104,-0.105,-0.619,-0.014,-0.196,-0.760,-0.988,-0.778,-0.959
Tekirdağ,2009,8,-1.282,-0.645,0.177,-0.340,-0.287,-0.330,-0.663,-0.665,-0.754,-0.872
Tekirdağ,2009,9,1.911,1.906,1.801,1.681,1.003,0.555,0.894,0.578,0.087,-0.035
Tekirdağ,2009,10,1.592,1.609,1.953,1.816,1.710,1.553,1.674,1.549,0.739,0.474
Tekirdağ,2009,11,0.221,0.208,1.978,1.976,1.837,1.744,1.644,1.467,1.046,0.943
Tekirdağ,2009,12,1.032,1.110,1.546,1.467,2.068,1.895,1.719,1.555,1.670,1.501
Tekirdağ,2010,1,0.359,0.420,0.719,0.706,1.868,1.788,1.732,1.630,1.704,1.575
Tekirdağ,2010,2,2.125,2.113,1.679,1.758,2.380,2.220,2.294,2.106,2.136,1.970
Tekirdağ,2010,3,0.039,-0.007,1.314,1.471,1.832,1.812,2.275,2.045,2.000,1.879
Tekirdağ,2010,4,-0.488,-0.588,1.589,1.527,1.225,1.232,2.155,1.913,2.019,1.803
Tekirdağ,2010,5,-0.779,-1.156,-1.007,-1.142,1.278,1.211,2.181,1.927,2.067,1.771
Tekirdağ,2010,6,0.568,0.205,-0.589,-0.974,1.027,0.628,1.726,1.584,2.245,1.867
Tekirdağ,2010,7,0.895,0.378,0.275,-0.515,1.431,0.642,1.258,1.042,2.197,1.820
Tekirdağ,2010,8,-1.282,-2.768,0.455,-0.815,-0.420,-1.141,1.251,0.521,2.136,1.722
Tekirdağ,2010,9,0.686,0.667,0.527,-0.483,-0.056,-0.826,0.976,0.257,1.592,1.214
Tekirdağ,2010,10,2.052,2.068,1.691,1.465,1.551,1.117,2.077,1.599,1.871,1.005
Tekirdağ,2010,11,-0.690,-1.224,1.420,1.386,1.396,0.892,0.994,0.370,1.926,1.401
Tekirdağ,2010,12,0.705,0.754,1.454,1.431,1.346,0.993,1.123,0.605,1.651,1.208
Tekirdağ,2011,1,-0.117,-0.260,-0.155,-0.408,1.074,0.778,1.041,0.521,1.512,1.060
Tekirdağ,2011,2,-0.172,-0.230,0.144,0.074,1.022,1.014,1.039,0.663,0.725,0.255
Tekirdağ,2011,3,-0.904,-0.881,-0.743,-0.813,0.755,0.774,0.774,0.465,0.572,0.070
Tekirdağ,2011,4,1.199,1.376,-0.061,0.144,-0.207,-0.319,0.912,0.736,0.889,0.511
Tekirdağ,2011,5,0.453,0.395,0.366,0.583,0.218,0.315,1.069,1.117,1.080,0.782
Tekirdağ,2011,6,1.561,1.586,1.946,1.816,0.588,0.536,1.416,1.490,1.373,1.101
Tekirdağ,2011,7,-0.438,-1.323,1.160,0.715,0.738,0.440,0.201,-0.036,1.201,0.908
Tekirdağ,2011,8,0.382,0.044,0.950,0.430,0.915,0.491,0.573,0.371,1.260,1.157
Tekirdağ,2011,9,1.929,1.784,1.443,1.041,2.253,1.073,1.301,0.766,1.723,1.617
Tekirdağ,2011,10,1.546,1.686,2.032,1.835,2.181,1.912,2.091,1.894,1.412,0.859
Tekirdağ,2011,11,-2.274,-1.356,1.481,1.562,1.677,1.575,1.715,1.580,1.453,1.388
Tekirdağ,2011,12,0.207,0.031,0.441,0.617,1.043,0.959,1.645,1.551,1.151,1.115
Tekirdağ,2012,1,-0.353,-0.355,-1.091,-0.938,0.928,0.984,1.186,1.142,1.081,1.106
Tekirdağ,2012,2,-0.101,0.056,-0.367,-0.346,0.801,0.961,1.018,1.022,1.036,1.115
Tekirdağ,2012,3,-1.304,-1.112,-0.994,-0.817,-0.259,-0.036,0.401,0.430,0.976,1.047
Tekirdağ,2012,4,0.798,0.522,-0.492,-0.435,-1.134,-0.971,0.650,0.747,0.908,0.877
Tekirdağ,2012,5,1.020,0.868,0.339,0.100,-0.242,-0.289,0.839,0.940,1.051,0.974
Tekirdağ,2012,6,-3.023,-2.256,0.277,-0.498,-0.874,-0.986,-0.225,-0.256,0.437,0.261
Tekirdağ,2012,7,-0.586,-2.133,-0.643,-1.747,-0.954,-1.594,-1.434,-1.644,0.432,0.144
Tekirdağ,2012,8,-0.067,-1.198,-1.790,-2.257,-0.828,-1.768,-0.872,-1.345,0.378,-0.051
Tekirdağ,2012,9,-0.554,-1.216,-1.019,-2.018,-0.572,-1.786,-1.288,-1.935,-0.558,-1.018
Tekirdağ,2012,10,0.557,0.273,0.004,-0.723,-0.383,-1.616,-0.672,-1.618,-1.227,-1.745
Tekirdağ,2012,11,-1.497,-1.622,-0.763,-1.224,-1.575,-2.273,-1.224,-2.094,-1.328,-1.897
Tekirdağ,2012,12,1.653,1.949,0.914,0.802,0.385,-0.282,0.395,-0.516,-0.190,-0.886
Tekirdağ,2013,1,0.783,0.843,1.006,1.041,0.717,0.368,0.444,-0.429,0.213,-0.559
Tekirdağ,2013,2,1.157,1.156,1.891,2.008,1.007,0.851,0.544,-0.224,0.572,-0.192
Tekirdağ,2013,3,0.247,0.009,1.018,0.966,1.185,1.070,0.764,0.246,0.779,-0.005
Tekirdağ,2013,4,-1.183,-1.201,0.429,0.107,0.991,0.913,0.742,0.377,0.504,-0.306
Tekirdağ,2013,5,-1.314,-1.774,-1.376,-1.743,1.420,1.256,0.612,0.227,0.145,-0.808
Tekirdağ,2013,6,0.229,-0.175,-1.540,-1.842,0.300,-0.199,0.804,0.425,0.387,-0.405
Tekirdağ,2013,7,-1.535,-1.252,-1.533,-1.766,-0.606,-1.169,0.556,0.139,0.353,-0.282
Tekirdağ,2013,8,-1.166,-1.576,-0.810,-1.329,-1.779,-2.302,0.963,0.384,0.297,-0.352
Tekirdağ,2013,9,-0.388,-0.769,-1.582,-1.637,-2.226,-4.550,-0.406,-0.993,0.309,-0.310
Tekirdağ,2013,10,0.851,1.075,0.222,0.130,-0.500,-1.030,-0.303,-0.897,0.448,0.087
Tekirdağ,2013,11,-0.522,-0.756,-0.073,-0.138,-0.558,-0.915,-1.171,-1.593,0.689,0.294
Tekirdağ,2013,12,-2.471,-1.599,-0.722,-0.598,-1.270,-1.322,-1.852,-1.960,-0.854,-1.251
Tekirdağ,2014,1,-0.152,-0.488,-1.625,-1.526,-1.202,-1.285,-1.692,-1.853,-1.364,-1.767
Tekirdağ,2014,2,-2.191,-1.865,-2.230,-1.919,-1.436,-1.434,-1.752,-1.861,-2.113,-2.247
Tekirdağ,2014,3,0.629,0.415,-0.655,-1.086,-1.027,-1.119,-1.454,-1.631,-1.939,-2.061
Tekirdağ,2014,4,0.114,-0.133,-0.724,-1.110,-1.626,-1.648,-1.324,-1.503,-1.729,-1.955
Tekirdağ,2014,5,1.110,1.065,0.982,0.704,-1.086,-1.308,-0.924,-1.084,-1.218,-1.506
Tekirdağ,2014,6,0.891,0.883,1.155,0.973,0.045,-0.272,-0.555,-0.741,-0.992,-1.289
Tekirdağ,2014,7,1.752,1.731,2.206,1.977,1.262,0.596,-0.382,-0.751,-0.331,-0.644
Tekirdağ,2014,8,-0.193,-0.835,1.388,1.147,1.720,0.817,-0.158,-0.411,-0.266,-0.561
Tekirdağ,2014,9,1.410,1.505,1.658,1.459,2.011,0.991,1.124,0.543,0.318,0.113
Tekirdağ,2014,10,1.233,1.360,1.421,1.390,2.046,1.868,1.739,1.491,0.527,0.245
Tekirdağ,2014,11,-0.959,-0.940,1.003,1.103,1.492,1.454,1.752,1.514,0.511,0.299
Tekirdağ,2014,12,0.502,0.414,0.522,0.557,1.243,1.178,1.537,1.408,1.075,0.836
Tekirdağ,2015,1,0.133,0.074,-0.287,-0.377,0.742,0.707,1.429,1.383,1.144,0.969
Tekirdağ,2015,2,1.069,1.137,0.641,0.623,1.008,1.084,1.395,1.362,1.573,1.461
Tekirdağ,2015,3,-0.683,-0.820,0.251,0.150,0.441,0.451,1.072,1.029,1.337,1.263
Tekirdağ,2015,4,0.774,0.936,0.733,0.832,0.052,0.034,0.868,0.890,1.476,1.419
Tekirdağ,2015,5,-1.166,-1.401,-0.703,-0.793,0.253,0.126,0.766,0.814,1.177,1.083
Tekirdağ,2015,6,0.895,0.987,0.434,0.398,0.375,0.301,0.530,0.594,1.179,1.112
Tekirdağ,2015,7,-1.420,-1.345,-0.570,-0.903,0.170,0.008,-0.211,-0.376,0.673,0.608
Tekirdağ,2015,8,-1.282,-1.717,-0.100,-0.741,-0.735,-0.831,0.083,-0.147,0.619,0.480
Tekirdağ,2015,9,0.442,0.011,-0.533,-1.383,-0.217,-0.567,-0.064,-0.401,0.226,-0.063
Tekirdağ,2015,10,0.675,0.719,0.371,-0.037,-0.022,-0.622,0.251,-0.173,-0.075,-0.276
Tekirdağ,2015,11,-0.200,-0.499,0.222,-0.138,0.021,-0.565,-0.342,-0.839,0.114,-0.320
Tekirdağ,2015,12,-3.081,-1.756,-0.755,-0.870,-0.980,-1.412,-0.776,-1.196,-0.613,-0.984
Tekirdağ,2016,1,0.402,0.433,-0.985,-1.074,-0.652,-1.038,-0.871,-1.338,-0.540,-0.959
Tekirdağ,2016,2,0.607,0.320,-0.520,-0.754,-0.301,-0.631,-0.419,-0.926,-0.650,-1.131
Tekirdağ,2016,3,-0.593,-1.028,0.171,-0.195,-0.513,-0.794,-0.739,-1.259,-0.623,-1.126
Tekirdağ,2016,4,-0.744,-1.417,-0.477,-1.246,-1.048,-1.402,-0.770,-1.343,-0.947,-1.550
Tekirdağ,2016,5,-0.042,-0.353,-1.209,-1.658,-1.114,-1.474,-0.724,-1.226,-0.804,-1.400
Tekirdağ,2016,6,0.233,-0.608,-0.657,-1.453,-0.317,-1.020,-0.812,-1.395,-1.018,-1.766
Tekirdağ,2016,7,-1.583,-1.718,-0.782,-1.482,-1.033,-2.082,-1.399,-1.900,-1.054,-1.821
Tekirdağ,2016,8,-1.214,-1.448,-0.814,-1.627,-1.656,-2.674,-1.459,-2.145,-1.012,-1.691
Tekirdağ,2016,9,-0.837,-1.217,-2.227,-1.932,-1.676,-3.457,-1.033,-1.911,-1.238,-1.851
Tekirdağ,2016,10,0.508,0.585,-0.217,-0.487,-0.632,-1.295,-0.885,-1.736,-1.327,-2.001
Tekirdağ,2016,11,0.540,0.642,0.172,0.107,-0.315,-0.905,-0.866,-1.543,-1.150,-1.676
Tekirdağ,2016,12,-0.609,-0.583,0.001,0.165,-0.652,-0.846,-0.939,-1.406,-0.800,-1.327
Tekirdağ,2017,1,0.807,1.029,0.197,0.400,-0.129,-0.119,-0.432,-0.776,-0.633,-1.198
Tekirdağ,2017,2,-0.512,-0.686,-0.252,-0.130,-0.168,-0.055,-0.504,-0.810,-0.871,-1.330
Tekirdağ,2017,3,-0.693,-1.006,-0.038,-0.157,-0.123,-0.028,-0.630,-0.785,-0.871,-1.274
Tekirdağ,2017,4,0.239,0.372,-0.944,-0.925,-0.246,-0.127,-0.467,-0.417,-0.713,-0.960
Tekirdağ,2017,5,-0.766,-0.754,-1.031,-0.924,-0.778,-0.619,-0.538,-0.374,-0.841,-1.033
Tekirdağ,2017,6,-0.067,-0.419,-0.680,-0.566,-0.557,-0.418,-0.414,-0.274,-0.912,-0.997
Tekirdağ,2017,7,1.123,1.081,0.016,-0.185,-0.835,-0.719,-0.314,-0.233,-0.514,-0.495
Tekirdağ,2017,8,0.186,-0.459,0.464,-0.001,-0.425,-0.408,-0.544,-0.374,-0.402,-0.387
Tekirdağ,2017,9,-0.427,-0.933,0.264,-0.147,-0.360,-0.361,-0.402,-0.432,-0.342,-0.365
Tekirdağ,2017,10,0.621,0.749,0.143,0.025,0.018,-0.186,-0.494,-0.681,-0.282,-0.163
Tekirdağ,2017,11,0.247,0.235,0.127,0.021,0.227,-0.023,-0.254,-0.407,-0.468,-0.449
Tekirdağ,2017,12,0.315,0.093,0.381,0.355,0.327,0.139,0.027,-0.138,-0.089,-0.224
Tekirdağ,2018,1,0.401,0.360,0.234,0.095,0.117,-0.096,0.044,-0.234,-0.322,-0.564
Tekirdağ,2018,2,0.779,0.759,0.510,0.380,0.328,0.218,0.384,0.164,0.056,-0.167
Tekirdağ,2018,3,0.595,0.413,0.681,0.546,0.591,0.510,0.528,0.350,0.297,0.080
Tekirdağ,2018,4,-1.637,-1.517,0.176,-0.207,0.217,-0.069,0.128,-0.127,0.070,-0.246
Tekirdağ,2018,5,-0.322,-0.839,-0.743,-1.226,0.102,-0.338,0.048,-0.224,0.128,-0.242
Tekirdağ,2018,6,1.057,0.963,-0.256,-0.762,0.450,0.034,0.465,0.216,0.418,0.093
Tekirdağ,2018,7,1.843,1.765,1.746,1.262,1.400,0.562,0.858,0.475,0.685,0.308
Tekirdağ,2018,8,-1.282,-1.648,1.477,1.005,0.826,0.031,0.807,0.204,0.596,0.131
Tekirdağ,2018,9,-0.074,-0.431,0.794,0.204,0.389,-0.242,0.708,0.061,0.628,0.194
Tekirdağ,2018,10,-0.043,-0.160,-0.504,-0.996,0.503,-0.023,0.456,-0.179,0.395,-0.050
Tekirdağ,2018,11,-0.215,-0.292,-0.562,-0.745,0.398,-0.082,0.022,-0.605,0.289,-0.293
Tekirdağ,2018,12,0.800,1.001,0.137,0.165,0.416,0.158,0.247,-0.196,0.518,0.084
Tekirdağ,2019,1,0.178,0.142,0.252,0.299,-0.229,-0.442,0.423,0.046,0.411,-0.023
Tekirdağ,2019,2,-0.169,-0.218,0.377,0.467,-0.178,-0.217,0.417,0.177,0.157,-0.264
Tekirdağ,2019,3,-0.674,-0.921,-0.440,-0.600,-0.244,-0.282,0.040,-0.192,-0.092,-0.523
Tekirdağ,2019,4,-0.047,0.130,-0.874,-0.746,-0.171,-0.134,-0.536,-0.629,0.093,-0.193
Tekirdağ,2019,5,-0.138,-0.457,-0.890,-0.866,-0.090,-0.061,-0.508,-0.507,0.124,-0.102
Tekirdağ,2019,6,-1.086,-1.974,-1.109,-1.378,-1.218,-1.382,-0.668,-0.866,-0.318,-0.688
Tekirdağ,2019,7,-0.025,-0.127,-1.297,-1.537,-1.700,-1.652,-0.649,-0.825,-0.945,-1.192
Tekirdağ,2019,8,-1.282,-1.212,-1.311,-1.572,-1.707,-1.671,-0.627,-0.682,-0.907,-1.108
Tekirdağ,2019,9,-0.432,-0.789,-0.908,-1.028,-1.555,-1.635,-1.538,-1.648,-0.936,-1.169
Tekirdağ,2019,10,-0.003,-0.231,-0.627,-1.045,-1.200,-1.664,-1.569,-1.790,-0.914,-0.987
Tekirdağ,2019,11,-1.188,-1.764,-1.195,-1.472,-1.849,-2.033,-2.111,-2.213,-1.339,-1.574
Tekirdağ,2019,12,-1.184,-1.419,-1.647,-1.756,-1.895,-1.911,-2.249,-2.277,-2.265,-2.219
Tekirdağ,2020,1,-0.577,-0.764,-2.017,-1.890,-2.212,-2.108,-2.557,-2.394,-2.698,-2.588
Tekirdağ,2020,2,0.245,0.043,-1.144,-1.295,-1.706,-1.846,-2.168,-2.301,-2.317,-2.370
Tekirdağ,2020,3,-0.959,-1.250,-0.803,-1.059,-1.753,-1.825,-1.993,-2.072,-2.331,-2.274
Tekirdağ,2020,4,0.194,0.488,-0.509,-0.537,-1.752,-1.680,-1.994,-2.028,-2.315,-2.288
Tekirdağ,2020,5,1.528,1.732,0.547,0.743,-0.729,-0.758,-1.341,-1.479,-1.747,-1.930
Tekirdağ,2020,6,1.286,1.435,1.846,1.915,0.467,0.460,-0.764,-0.951,-1.074,-1.251
Tekirdağ,2020,7,-1.645,-1.219,1.490,1.478,0.721,0.538,-0.921,-1.081,-1.241,-1.431
Tekirdağ,2020,8,-0.340,-0.758,0.391,0.020,0.548,0.383,-0.545,-0.472,-1.151,-1.322
Tekirdağ,2020,9,-0.219,-1.350,-1.138,-1.516,0.634,0.339,-0.172,-0.301,-1.069,-1.393
Tekirdağ,2020,10,0.114,-0.220,-0.346,-1.046,0.438,0.097,0.101,-0.230,-1.014,-1.228
Tekirdağ,2020,11,-3.082,-1.807,-1.354,-1.583,-0.943,-1.319,-0.633,-0.872,-1.337,-1.469
Tekirdağ,2020,12,-0.543,-1.008,-1.509,-1.580,-1.871,-1.988,-0.636,-0.894,-1.095,-1.319
Tekirdağ,2021,1,1.193,1.243,-0.419,-0.653,-0.744,-1.213,-0.106,-0.562,-0.331,-0.724
Tekirdağ,2021,2,0.094,-0.111,0.328,0.070,-0.604,-1.064,-0.501,-1.012,-0.325,-0.706
Tekirdağ,2021,3,-0.011,0.062,0.754,0.698,-0.492,-0.770,-0.865,-1.285,-0.161,-0.461
Tekirdağ,2021,4,0.400,0.643,-0.009,0.157,-0.396,-0.504,-0.664,-0.963,-0.124,-0.403
Tekirdağ,2021,5,0.916,0.781,0.573,0.759,0.483,0.404,-0.408,-0.700,-0.322,-0.661
Tekirdağ,2021,6,0.736,0.888,1.034,1.178,1.237,0.945,-0.136,-0.257,-0.526,-0.831
Tekirdağ,2021,7,-0.861,-1.678,0.548,0.127,0.287,0.152,-0.246,-0.475,-0.517,-0.914
Tekirdağ,2021,8,0.779,-0.074,0.311,-0.395,0.503,0.204,0.469,0.159,-0.348,-0.814
Tekirdağ,2021,9,-0.709,-0.696,-0.631,-1.247,0.182,-0.018,0.629,0.302,-0.394,-0.757
Tekirdağ,2021,10,-1.112,-0.928,-0.968,-1.109,-0.445,-0.756,-0.487,-0.642,-0.693,-0.720
Tekirdağ,2021,11,-0.160,-0.330,-1.330,-1.190,-0.988,-1.218,-0.654,-0.765,-0.366,-0.616
Tekirdağ,2021,12,-0.002,-0.284,-0.927,-0.973,-1.168,-1.429,-0.628,-0.836,-0.159,-0.384
Tekirdağ,2022,1,-0.785,-0.931,-0.777,-0.922,-1.408,-1.435,-1.080,-1.326,-1.046,-1.211
Tekirdağ,2022,2,0.523,0.495,-0.397,-0.582,-1.204,-1.217,-1.068,-1.309,-0.810,-0.985
Tekirdağ,2022,3,-2.177,-1.208,-0.998,-0.905,-1.383,-1.257,-1.566,-1.621,-1.101,-1.168
Tekirdağ,2022,4,1.060,1.001,0.011,0.160,-0.659,-0.709,-1.172,-1.163,-0.941,-1.085
Tekirdağ,2022,5,-0.694,-0.647,-0.832,-0.531,-0.832,-0.791,-1.489,-1.326,-1.332,-1.362
Tekirdağ,2022,6,0.155,-0.328,0.177,-0.011,-0.949,-0.759,-1.330,-1.315,-1.525,-1.649
Tekirdağ,2022,7,-0.352,-0.620,-0.989,-1.048,-0.725,-0.540,-1.073,-1.135,-1.516,-1.500
Tekirdağ,2022,8,0.987,0.305,0.115,-0.546,-0.635,-0.530,-0.785,-0.750,-1.409,-1.383
Tekirdağ,2022,9,-0.522,-0.907,-0.261,-0.716,-0.234,-0.408,-1.020,-0.981,-1.331,-1.424
Tekirdağ,2022,10,-1.638,-1.422,-0.942,-1.344,-1.293,-1.528,-1.141,-1.282,-1.387,-1.400
Tekirdağ,2022,11,-0.677,-1.070,-1.925,-1.740,-1.512,-1.709,-1.807,-1.779,-1.795,-1.769
Tekirdağ,2022,12,-0.753,-1.246,-2.020,-1.911,-1.809,-1.892,-1.550,-1.787,-2.031,-1.955
Tekirdağ,2023,1,-1.152,-1.502,-1.780,-1.839,-2.268,-2.179,-2.480,-2.297,-2.194,-2.214
Tekirdağ,2023,2,-2.122,-1.576,-2.289,-2.033,-2.990,-2.487,-2.613,-2.463,-2.670,-2.427
Tekirdağ,2023,3,0.063,-0.120,-1.614,-1.571,-2.548,-2.188,-2.407,-2.324,-2.177,-2.142
Tekirdağ,2023,4,1.454,1.561,-0.087,-0.069,-1.374,-1.475,-1.820,-1.931,-2.060,-2.068
Tekirdağ,2023,5,-0.102,0.256,0.749,1.054,-1.277,-1.231,-2.116,-1.999,-1.980,-1.989
Tekirdağ,2023,6,-0.539,-0.439,0.404,0.846,-1.253,-0.865,-2.187,-1.971,-2.154,-2.068
Tekirdağ,2023,7,-0.041,-1.024,-0.989,-0.801,-0.813,-0.528,-1.799,-1.731,-2.158,-2.121
Tekirdağ,2023,8,-0.993,-1.853,-0.964,-1.439,-0.157,-0.237,-1.665,-1.691,-2.394,-2.193
Tekirdağ,2023,9,-0.416,-1.395,-0.881,-1.821,-0.414,-0.532,-1.557,-1.699,-2.285,-2.253
Tekirdağ,2023,10,-1.117,-1.550,-1.563,-2.704,-1.668,-1.961,-1.457,-1.729,-2.198,-2.912
Tekirdağ,2023,11,1.905,1.826,0.766,0.362,0.246,-0.553,0.475,0.006,-0.779,-1.269
Tekirdağ,2023,12,0.581,0.508,1.084,0.883,0.572,-0.112,0.621,0.208,-0.183,-0.687
Tekirdağ,2024,1,0.118,-0.020,1.375,1.307,0.545,-0.010,0.188,-0.390,0.096,-0.382
Tekirdağ,2024,2,-0.442,-0.850,0.068,-0.225,0.470,0.064,0.108,-0.602,0.294,-0.201
Tekirdağ,2024,3,0.676,0.584,-0.024,-0.374,0.746,0.453,0.365,-0.303,0.420,-0.073
Tekirdağ,2024,4,0.771,0.224,0.353,-0.237,1.301,1.052,0.563,-0.065,0.255,-0.391
Tekirdağ,2024,5,-0.441,-0.061,0.487,0.310,0.209,-0.080,0.561,0.180,0.213,-0.436
Tekirdağ,2024,6,-1.747,-2.331,-0.738,-1.296,-0.572,-1.084,0.498,-0.059,0.122,-0.771
Tekirdağ,2024,7,-1.645,-2.658,-2.589,-2.364,-1.084,-2.150,0.741,-0.038,0.015,-1.027
Tekirdağ,2024,8,-1.282,-1.432,-3.053,-2.454,-0.915,-1.891,-0.540,-1.315,0.017,-0.959
Tekirdağ,2024,9,0.073,-0.336,-1.007,-1.993,-1.341,-3.074,-1.028,-2.012,0.102,-0.852
Tekirdağ,2024,10,-1.884,-1.422,-1.483,-1.863,-2.479,-2.648,-1.614,-2.309,0.044,-0.613
Tekirdağ,2024,11,-0.943,-0.839,-1.805,-1.519,-2.959,-2.584,-1.956,-2.334,-1.515,-2.025
Tekirdağ,2024,12,0.068,-0.145,-1.466,-1.301,-1.784,-1.984,-1.987,-2.310,-1.764,-2.156
Uzunköprü,1965,1,-0.325,-0.642,,,,,,,,
Uzunköprü,1965,2,1.702,1.845,,,,,,,,
Uzunköprü,1965,3,0.004,0.082,0.718,0.825,,,,,,
Uzunköprü,1965,4,-0.417,-0.334,1.006,1.183,,,,,,
Uzunköprü,1965,5,0.919,0.986,0.078,0.335,,,,,,
Uzunköprü,1965,6,-1.989,-1.890,-0.429,-0.648,0.374,0.390,,,,
Uzunköprü,1965,7,-1.380,-1.158,-0.598,-1.044,0.437,0.394,,,,
Uzunköprü,1965,8,-0.461,0.063,-2.065,-1.511,-1.045,-0.980,,,,
Uzunköprü,1965,9,0.372,0.059,-0.509,-0.665,-0.898,-1.012,-0.013,-0.079,,
Uzunköprü,1965,10,-1.705,-1.146,-1.069,-0.875,-1.274,-1.274,-0.289,-0.243,,
Uzunköprü,1965,11,0.770,0.784,-0.158,-0.298,-0.929,-1.036,-0.873,-0.872,,
Uzunköprü,1965,12,0.509,0.369,0.059,-0.083,-0.269,-0.462,-0.505,-0.689,-0.038,-0.129
Uzunköprü,1966,1,1.105,1.291,1.237,1.165,0.411,0.317,0.070,-0.135,0.491,0.447
Uzunköprü,1966,2,-0.609,-1.179,0.593,0.415,0.251,0.031,-0.348,-0.709,-0.328,-0.529
Uzunköprü,1966,3,0.362,0.404,0.491,0.273,0.287,0.110,0.003,-0.205,-0.201,-0.405
Uzunköprü,1966,4,0.152,-0.237,-0.306,-0.627,0.746,0.473,0.146,-0.072,-0.101,-0.405
Uzunköprü,1966,5,0.070,0.055,0.080,0.025,0.468,0.235,0.199,-0.040,-0.310,-0.634
Uzunköprü,1966,6,-0.252,-0.142,-0.296,-0.411,0.193,-0.034,0.085,-0.114,-0.168,-0.391
Uzunköprü,1966,7,0.130,0.086,-0.407,-0.240,-0.608,-0.844,0.485,0.240,-0.059,-0.117
Uzunköprü,1966,8,0.028,-0.248,-0.317,-0.363,-0.327,-0.394,0.189,0.017,-0.013,-0.151
Uzunköprü,1966,9,0.841,1.005,0.371,0.275,-0.102,-0.096,0.232,0.102,0.123,0.026
Uzunköprü,1966,10,0.439,0.008,0.499,0.245,0.086,0.032,-0.192,-0.453,0.537,0.237
Uzunköprü,1966,11,1.858,1.956,1.775,1.683,1.245,1.126,1.171,1.024,1.102,0.646
Uzunköprü,1966,12,1.237,1.439,2.079,1.979,1.748,1.682,1.511,1.429,1.477,1.336
Uzunköprü,1967,1,0.580,0.683,2.295,2.127,2.080,2.004,1.652,1.595,1.350,1.242
Uzunköprü,1967,2,-0.374,-0.275,0.884,1.075,1.775,1.725,1.480,1.471,1.334,1.288
Uzunköprü,1967,3,-0.207,-0.182,-0.098,-0.076,1.497,1.465,1.343,1.305,1.156,1.128
Uzunköprü,1967,4,0.116,-0.026,-0.607,-0.419,1.524,1.607,1.442,1.377,1.145,1.152
Uzunköprü,1967,5,-0.309,-0.479,-0.603,-0.585,0.455,0.571,1.408,1.378,1.119,1.096
Uzunköprü,1967,6,-0.077,0.188,-0.433,-0.393,-0.506,-0.363,1.284,1.323,1.152,1.176
Uzunköprü,1967,7,0.197,0.352,-0.494,-0.188,-0.905,-0.666,1.228,0.879,1.187,0.827
Uzunköprü,1967,8,-0.006,-0.150,-0.199,-0.022,-0.764,-0.548,0.220,0.327,1.170,0.822
Uzunköprü,1967,9,-0.350,-0.617,-0.394,-0.460,-0.822,-0.675,-0.733,-0.573,0.960,0.668
Uzunköprü,1967,10,0.393,0.276,-0.086,-0.309,-0.476,-0.372,-0.829,-0.677,0.897,0.674
Uzunköprü,1967,11,-0.687,-0.919,-0.654,-0.774,-0.715,-0.654,-1.052,-0.910,-0.181,-0.007
Uzunköprü,1967,12,0.046,-0.142,-0.465,-0.610,-0.658,-0.745,-0.861,-0.839,-0.861,-0.765
Uzunköprü,1968,1,1.065,1.305,0.078,0.075,-0.156,-0.304,-0.400,-0.374,-0.705,-0.655
Uzunköprü,1968,2,-0.231,-0.417,0.382,0.402,-0.208,-0.298,-0.385,-0.383,-0.606,-0.568
Uzunköprü,1968,3,-0.067,0.013,0.398,0.377,-0.129,-0.187,-0.337,-0.378,-0.530,-0.482
Uzunköprü,1968,4,-2.000,-1.643,-1.164,-1.257,-0.581,-0.713,-0.658,-0.768,-0.801,-0.806
Uzunköprü,1968,5,-1.174,-1.999,-1.840,-2.297,-0.473,-0.843,-0.852,-1.109,-0.931,-1.056
Uzunköprü,1968,6,-1.272,-0.952,-2.850,-2.283,-0.869,-1.255,-1.017,-1.245,-1.106,-1.262
Uzunköprü,1968,7,-0.359,-0.345,-2.047,-2.277,-2.191,-2.133,-1.270,-1.395,-1.232,-1.252
Uzunköprü,1968,8,1.009,1.236,-0.343,-0.139,-1.750,-1.648,-0.705,-0.706,-1.008,-0.959
Uzunköprü,1968,9,1.997,2.042,1.523,1.655,0.142,-0.109,0.306,0.175,-0.115,-0.166
Uzunköprü,1968,10,-0.583,-0.574,1.117,1.380,0.193,0.208,-0.522,-0.617,-0.392,-0.341
Uzunköprü,1968,11,0.125,-0.039,0.796,0.857,0.385,0.490,-0.421,-0.483,-0.134,-0.116
Uzunköprü,1968,12,0.536,0.629,-0.163,-0.152,0.741,0.898,-0.092,-0.229,0.071,0.010
Uzunköprü,1969,1,0.149,0.097,0.174,0.261,0.847,1.084,0.145,0.188,-0.407,-0.497
Uzunköprü,1969,2,1.103,1.161,0.754,0.892,0.981,1.104,0.700,0.889,0.097,0.101
Uzunköprü,1969,3,-0.210,0.025,0.415,0.485,0.081,0.204,0.733,0.937,0.069,0.100
Uzunköprü,1969,4,0.694,0.887,0.786,0.989,0.528,0.682,0.975,1.210,0.421,0.544
Uzunköprü,1969,5,-0.552,-1.170,-0.284,-0.193,0.458,0.558,0.741,0.856,0.488,0.663
Uzunköprü,1969,6,-0.322,-0.587,-0.240,-0.568,0.140,0.081,-0.101,-0.086,0.580,0.719
Uzunköprü,1969,7,-0.379,0.416,-1.106,-1.030,0.020,0.159,0.070,0.195,0.589,0.601
Uzunköprü,1969,8,1.757,1.700,0.495,0.724,0.044,0.333,0.526,0.543,0.772,0.682
Uzunköprü,1969,9,-0.400,-0.671,0.443,0.660,0.002,0.137,0.231,0.428,-0.007,0.165
Uzunköprü,1969,10,0.085,-0.067,0.436,0.414,-0.271,-0.212,0.187,0.365,0.173,0.252
Uzunköprü,1969,11,-0.485,-0.841,-0.834,-0.950,-0.384,-0.340,-0.591,-0.421,0.006,0.145
Uzunköprü,1969,12,0.864,0.929,0.121,-0.067,0.215,0.240,0.022,-0.029,0.174,0.239
Uzunköprü,1970,1,0.538,0.400,0.404,0.249,0.467,0.310,-0.024,-0.137,0.295,0.305
Uzunköprü,1970,2,1.248,1.283,1.250,1.231,0.499,0.334,0.559,0.542,0.364,0.407
Uzunköprü,1970,3,0.216,0.212,0.880,0.802,0.628,0.479,0.618,0.629,0.454,0.427
Uzunköprü,1970,4,0.461,-0.015,1.007,0.835,0.817,0.558,0.803,0.596,0.399,0.223
Uzunköprü,1970,5,1.490,1.653,1.112,1.064,1.516,1.446,0.832,0.679,0.842,0.816
Uzunköprü,1970,6,-1.866,-1.012,0.577,0.596,1.083,1.090,0.770,0.656,0.737,0.764
Uzunköprü,1970,7,-0.273,-0.371,0.207,0.450,0.843,0.816,0.767,0.454,0.761,0.479
Uzunköprü,1970,8,-1.298,-0.547,-1.720,-1.083,-0.011,-0.018,0.919,0.594,0.339,0.162
Uzunköprü,1970,9,-1.272,-0.748,-1.545,-0.987,-0.436,-0.359,0.391,0.350,0.282,0.159
Uzunköprü,1970,10,0.546,0.679,-0.270,-0.152,-0.207,0.114,0.379,0.490,0.437,0.310
Uzunköprü,1970,11,0.539,0.553,0.191,0.290,-0.543,-0.425,0.040,0.188,0.747,0.564
Uzunköprü,1970,12,-0.265,-0.458,0.178,0.231,-0.421,-0.381,-0.177,-0.113,0.323,0.351
Uzunköprü,1971,1,0.403,0.148,0.063,-0.019,-0.284,-0.275,-0.223,-0.070,0.250,0.259
Uzunköprü,1971,2,0.836,0.918,0.255,0.199,0.195,0.259,-0.368,-0.326,0.085,0.168
Uzunköprü,1971,3,1.671,1.672,1.300,1.398,1.004,1.079,0.491,0.556,0.599,0.705
Uzunköprü,1971,4,-0.308,-0.314,1.411,1.424,0.853,0.878,0.509,0.596,0.461,0.636
Uzunköprü,1971,5,-0.812,-1.141,0.857,0.858,0.564,0.528,0.466,0.515,-0.019,0.024
Uzunköprü,1971,6,0.599,0.658,-0.425,-0.577,1.038,1.074,0.773,0.830,0.281,0.309
Uzunköprü,1971,7,0.636,1.022,0.064,0.321,1.116,1.366,0.749,0.592,0.434,0.451
Uzunköprü,1971,8,-0.639,-0.337,0.316,0.591,0.710,0.933,0.536,0.487,0.451,0.460
Uzunköprü,1971,9,0.535,0.708,0.260,0.572,-0.290,0.050,0.876,1.104,0.692,0.626
Uzunköprü,1971,10,-0.032,0.032,-0.140,0.048,-0.201,0.181,0.658,0.996,0.470,0.485
Uzunköprü,1971,11,1.084,1.218,0.718,0.898,0.613,0.902,0.890,1.161,0.712,0.656
Uzunköprü,1971,12,0.152,0.058,0.516,0.614,0.426,0.691,0.156,0.390,0.868,1.090
Uzunköprü,1972,1,-1.004,-1.145,0.168,0.208,-0.116,0.027,-0.145,0.132,0.545,0.857
Uzunköprü,1972,2,-0.311,-0.321,-0.784,-0.785,-0.130,0.062,-0.092,0.234,0.203,0.534
Uzunköprü,1972,3,-0.253,-0.233,-1.034,-1.014,-0.334,-0.236,-0.275,0.012,-0.468,-0.172
Uzunköprü,1972,4,0.312,-0.218,-0.484,-0.574,-0.186,-0.300,-0.349,-0.268,-0.345,-0.178
Uzunköprü,1972,5,0.478,0.362,-0.039,-0.238,-0.720,-0.832,-0.183,-0.114,-0.134,0.076
Uzunköprü,1972,6,0.303,0.058,0.336,-0.104,-0.842,-1.064,-0.255,-0.322,-0.208,-0.078
Uzunköprü,1972,7,1.057,1.092,0.753,0.743,0.062,-0.126,0.092,0.050,-0.093,0.011
Uzunköprü,1972,8,0.446,0.366,0.674,0.586,0.369,0.182,-0.386,-0.331,0.021,0.084
Uzunköprü,1972,9,0.864,1.086,0.954,1.058,0.865,0.804,-0.164,-0.207,0.123,0.168
Uzunköprü,1972,10,1.534,1.795,1.467,1.694,1.517,1.557,1.041,1.125,0.818,0.613
Uzunköprü,1972,11,-1.173,-1.285,0.873,1.043,0.922,1.009,0.792,0.828,0.134,0.185
Uzunköprü,1972,12,-1.957,-1.574,-0.250,-0.209,0.269,0.396,0.308,0.301,-0.325,-0.290
Uzunköprü,1973,1,0.611,0.695,-1.537,-1.363,0.181,0.343,0.411,0.589,0.098,0.167
Uzunköprü,1973,2,0.946,0.946,-0.038,-0.044,0.468,0.632,0.616,0.738,0.495,0.569
Uzunköprü,1973,3,1.250,1.380,1.223,1.385,0.685,0.816,0.893,1.063,0.898,0.973
Uzunköprü,1973,4,1.852,1.945,2.099,1.850,0.532,0.571,1.220,1.339,1.270,1.362
Uzunköprü,1973,5,-0.448,-0.705,1.788,1.643,0.873,0.950,1.112,1.236,1.161,1.247
Uzunköprü,1973,6,0.770,1.087,1.269,1.473,1.840,2.078,1.140,1.337,1.265,1.471
Uzunköprü,1973,7,-1.022,-0.459,-0.307,-0.039,1.571,1.733,0.309,0.344,1.015,0.826
Uzunköprü,1973,8,-0.651,0.247,-0.127,0.336,1.175,1.434,0.642,0.629,0.908,0.806
Uzunköprü,1973,9,1.167,1.190,0.284,0.398,1.012,1.250,1.568,1.787,1.030,0.839
Uzunköprü,1973,10,0.754,0.735,0.844,0.953,0.455,0.685,1.570,1.660,0.585,0.533
Uzunköprü,1973,11,-0.784,-0.795,0.430,0.389,0.169,0.377,1.002,1.214,0.643,0.620
Uzunköprü,1973,12,0.484,0.464,0.129,0.085,0.136,0.201,0.637,0.809,1.182,1.376
Uzunköprü,1974,1,-1.282,-1.247,-1.056,-0.937,-0.215,-0.122,-0.381,-0.151,0.789,1.031
Uzunköprü,1974,2,0.227,0.131,-0.287,-0.349,-0.036,-0.043,-0.197,0.012,0.535,0.779
Uzunköprü,1974,3,0.329,0.434,-0.458,-0.563,-0.324,-0.321,-0.256,-0.138,0.215,0.419
Uzunköprü,1974,4,0.957,1.172,0.575,0.737,-0.377,-0.293,0.087,0.235,-0.074,0.160
Uzunköprü,1974,5,0.887,1.048,1.038,1.263,0.256,0.428,0.356,0.493,0.194,0.501
Uzunköprü,1974,6,-0.936,-0.650,0.550,0.886,-0.206,-0.003,-0.142,0.020,-0.103,0.132
Uzunköprü,1974,7,-0.297,0.121,-0.226,0.232,0.236,0.583,-0.527,-0.125,-0.061,0.205
Uzunköprü,1974,8,0.837,0.992,-0.360,0.008,0.425,0.888,-0.027,0.254,0.123,0.299
Uzunköprü,1974,9,-0.486,-0.637,-0.231,-0.034,0.089,0.559,-0.405,-0.052,-0.308,0.018
Uzunköprü,1974,10,0.336,-0.132,0.115,-0.123,-0.163,0.006,0.128,0.337,-0.469,-0.184
Uzunköprü,1974,11,0.922,1.068,0.465,0.233,0.097,0.082,0.522,0.749,0.155,0.276
Uzunköprü,1974,12,-0.302,-0.530,0.324,0.114,0.057,-0.006,0.216,0.352,-0.148,0.004
Uzunköprü,1975,1,1.048,1.243,0.840,0.925,0.607,0.531,0.369,0.517,0.526,0.718
Uzunköprü,1975,2,-0.616,-0.599,0.048,0.091,0.227,0.145,-0.032,0.029,0.329,0.568
Uzunköprü,1975,3,0.449,0.245,0.484,0.366,0.463,0.306,0.239,0.205,0.355,0.491
Uzunköprü,1975,4,0.050,-0.382,-0.294,-0.512,0.433,0.304,0.310,0.135,0.151,0.156
Uzunköprü,1975,5,0.915,0.846,0.626,0.317,0.279,0.124,0.396,0.176,0.161,0.094
Uzunköprü,1975,6,1.271,1.356,1.102,1.050,1.022,0.972,0.854,0.687,0.587,0.521
Uzunköprü,1975,7,-0.804,-0.484,0.906,0.984,0.310,0.133,0.714,0.475,0.562,0.345
Uzunköprü,1975,8,2.255,2.173,1.476,1.644,1.556,1.482,0.958,0.695,0.941,0.627
Uzunköprü,1975,9,-1.536,-1.490,0.622,0.673,1.124,1.159,1.047,1.083,0.909,0.580
Uzunköprü,1975,10,1.165,1.315,1.350,1.513,1.489,1.525,1.093,1.111,1.198,0.805
Uzunköprü,1975,11,0.436,0.563,0.648,0.623,1.261,1.413,1.410,1.362,0.996,0.734
Uzunköprü,1975,12,-0.095,-0.186,0.685,0.821,0.740,0.901,1.069,1.198,1.089,1.183
Uzunköprü,1976,1,-0.481,-0.852,-0.438,-0.354,0.664,0.812,0.878,1.060,0.612,0.683
Uzunköprü,1976,2,-1.632,-1.230,-1.223,-1.163,-0.439,-0.402,0.337,0.537,0.479,0.574
Uzunköprü,1976,3,-0.525,-0.363,-1.448,-1.256,-0.379,-0.242,-0.140,0.055,0.240,0.419
Uzunköprü,1976,4,-0.037,-0.403,-1.482,-1.257,-1.143,-0.987,-0.063,0.074,0.222,0.390
Uzunköprü,1976,5,0.747,0.782,-0.219,-0.131,-1.141,-1.050,-0.524,-0.467,0.182,0.372
Uzunköprü,1976,6,-0.189,0.101,0.078,0.107,-1.365,-1.171,-0.416,-0.242,-0.179,0.035
Uzunköprü,1976,7,0.428,0.710,0.269,0.719,-0.976,-0.622,-0.987,-0.484,-0.031,0.229
Uzunköprü,1976,8,1.251,1.673,0.474,1.069,0.068,0.692,-0.861,-0.227,-0.376,0.033
Uzunköprü,1976,9,-0.137,-0.024,0.458,0.988,0.236,0.860,-0.925,-0.361,-0.274,0.188
Uzunköprü,1976,10,0.575,0.509,0.570,0.918,0.486,1.004,-0.372,0.198,-0.567,-0.050
Uzunköprü,1976,11,0.152,-0.074,0.105,0.011,0.237,0.582,0.030,0.480,-0.659,-0.173
Uzunköprü,1976,12,0.734,0.847,0.613,0.533,0.599,0.872,0.507,0.820,-0.291,0.041
Uzunköprü,1977,1,0.312,0.214,0.465,0.458,0.614,0.841,0.560,0.964,-0.102,0.291
Uzunköprü,1977,2,0.348,-0.051,0.583,0.510,0.400,0.303,0.460,0.706,0.294,0.573
Uzunköprü,1977,3,-0.259,-0.303,0.028,-0.294,0.362,0.182,0.398,0.548,0.339,0.553
Uzunköprü,1977,4,0.003,-0.052,-0.198,-0.367,0.187,-0.009,0.354,0.432,0.344,0.588
Uzunköprü,1977,5,0.113,-0.021,-0.478,-0.422,0.219,0.103,0.136,0.032,0.214,0.431
Uzunköprü,1977,6,1.734,1.801,1.044,1.189,0.570,0.479,0.732,0.637,0.710,0.895
Uzunköprü,1977,7,-0.804,-0.313,0.866,1.022,0.345,0.272,0.476,0.324,0.586,0.527
Uzunköprü,1977,8,0.361,0.327,0.902,0.987,0.313,0.444,0.541,0.412,0.412,0.306
Uzunköprü,1977,9,1.557,1.731,0.884,1.004,1.292,1.469,0.843,0.935,0.923,0.645
Uzunköprü,1977,10,-0.269,-0.178,0.681,0.910,0.906,1.153,0.588,0.757,0.624,0.505
Uzunköprü,1977,11,0.268,0.031,0.613,0.716,0.863,1.004,0.559,0.759,0.661,0.548
Uzunköprü,1977,12,1.154,1.396,0.610,0.687,0.830,0.991,1.121,1.328,0.899,1.010
Uzunköprü,1978,1,0.066,-0.128,0.793,0.811,0.951,1.107,1.097,1.291,0.856,0.988
Uzunköprü,1978,2,0.860,0.865,1.046,1.145,1.091,1.205,1.283,1.430,0.990,1.144
Uzunköprü,1978,3,0.877,0.857,0.707,0.611,0.827,0.846,0.977,1.063,1.222,1.306
Uzunköprü,1978,4,0.975,1.008,1.336,1.226,1.278,1.234,1.324,1.354,1.399,1.460
Uzunköprü,1978,5,0.528,0.560,1.246,1.206,1.406,1.454,1.393,1.448,1.503,1.567
Uzunköprü,1978,6,0.014,0.072,0.641,0.774,0.945,1.018,0.990,1.079,1.108,1.247
Uzunköprü,1978,7,-0.780,-0.271,-0.241,0.044,0.900,0.997,1.058,0.722,1.134,0.848
Uzunköprü,1978,8,-0.433,0.291,-0.657,-0.197,0.456,0.707,0.995,0.779,1.049,0.834
Uzunköprü,1978,9,1.364,1.590,0.535,0.854,0.709,1.127,0.937,1.215,0.992,0.813
Uzunköprü,1978,10,1.507,1.673,1.568,1.826,1.195,1.432,1.647,1.748,1.593,1.069
Uzunköprü,1978,11,-1.109,-1.026,1.150,1.322,0.588,0.861,1.063,1.294,1.289,0.980
Uzunköprü,1978,12,-0.504,-0.799,0.150,0.124,0.288,0.498,0.460,0.742,0.711,0.929
Uzunköprü,1979,1,1.020,1.171,-0.471,-0.460,0.863,1.083,0.592,0.905,1.105,1.344
Uzunköprü,1979,2,0.449,0.412,0.361,0.328,0.948,1.057,0.583,0.821,0.935,1.141
Uzunköprü,1979,3,-2.081,-2.217,0.199,-0.081,0.135,0.023,0.240,0.357,0.391,0.586
Uzunköprü,1979,4,1.418,1.594,0.178,0.124,-0.274,-0.383,0.713,0.815,0.513,0.708
Uzunköprü,1979,5,-0.720,-0.782,-0.474,-0.589,0.017,-0.135,0.650,0.687,0.326,0.486
Uzunköprü,1979,6,0.579,0.346,0.749,0.689,0.521,0.322,0.379,0.258,0.442,0.532
Uzunköprü,1979,7,1.827,1.886,1.122,1.282,0.800,0.876,0.213,0.221,1.015,0.804
Uzunköprü,1979,8,-0.490,0.155,1.181,1.398,0.606,0.782,0.548,0.473,1.001,0.783
Uzunköprü,1979,9,-0.262,-0.329,0.840,1.171,1.043,1.327,0.776,0.941,0.598,0.515
Uzunköprü,1979,10,1.187,1.405,0.624,0.826,1.012,1.249,0.868,1.068,0.386,0.402
Uzunköprü,1979,11,1.239,1.356,1.394,1.470,1.598,1.783,1.347,1.426,1.106,0.825
Uzunköprü,1979,12,-0.380,-0.725,1.141,1.182,1.204,1.440,1.337,1.536,1.175,1.286
Uzunköprü,1980,1,1.019,1.246,1.050,1.060,1.114,1.252,1.346,1.510,1.238,1.401
Uzunköprü,1980,2,-0.623,-0.584,-0.019,-0.002,0.889,0.987,1.247,1.449,0.957,1.122
Uzunköprü,1980,3,-0.030,0.094,0.246,0.304,0.911,1.016,1.027,1.262,1.163,1.345
Uzunköprü,1980,4,0.689,0.735,-0.271,-0.021,0.611,0.669,0.734,0.889,0.982,1.186
Uzunköprü,1980,5,1.856,1.943,1.400,1.504,0.658,0.858,1.285,1.419,1.529,1.698
Uzunköprü,1980,6,0.848,1.054,1.769,2.137,1.285,1.699,1.595,1.809,1.598,1.886
Uzunköprü,1980,7,-0.053,0.121,1.454,1.649,0.763,1.163,1.144,0.866,1.177,0.950
Uzunköprü,1980,8,0.721,1.065,0.535,0.869,1.281,1.613,0.726,0.728,1.287,1.012
Uzunköprü,1980,9,0.102,0.276,0.060,0.405,1.294,1.709,0.997,1.496,1.371,1.071
Uzunköprü,1980,10,-1.503,-1.667,-0.709,-0.619,0.423,0.742,0.118,0.508,0.625,0.596
Uzunköprü,1980,11,0.421,0.314,-0.622,-0.802,-0.220,-0.130,0.464,0.752,0.252,0.385
Uzunköprü,1980,12,1.345,1.512,0.602,0.323,0.405,0.382,1.117,1.304,1.005,1.244
Uzunköprü,1981,1,1.430,1.757,1.907,1.810,1.171,1.223,1.549,1.676,1.262,1.528
Uzunköprü,1981,2,0.454,0.565,1.755,1.811,1.070,1.058,1.098,1.248,1.439,1.573
Uzunköprü,1981,3,-0.532,-0.828,0.831,0.875,0.912,0.777,0.726,0.768,1.288,1.389
Uzunköprü,1981,4,-0.603,-0.634,-0.518,-0.503,1.221,1.207,0.691,0.688,1.081,1.207
Uzunköprü,1981,5,-0.342,0.173,-1.329,-0.982,1.096,1.255,0.532,0.566,0.590,0.781
Uzunköprü,1981,6,-1.282,-1.591,-1.468,-1.213,0.072,0.072,0.390,0.233,0.270,0.311
Uzunköprü,1981,7,-0.392,0.091,-1.475,-0.976,-1.349,-1.147,0.694,0.531,0.235,0.262
Uzunköprü,1981,8,-0.768,-0.022,-1.450,-0.939,-2.127,-1.444,0.530,0.504,0.073,0.119
Uzunköprü,1981,9,-0.355,-0.493,-1.008,-0.497,-2.075,-1.303,-0.432,-0.246,-0.005,0.022
Uzunköprü,1981,10,0.808,0.630,0.194,0.041,-0.654,-0.500,-0.920,-0.822,0.562,0.429
Uzunköprü,1981,11,1.321,1.567,1.164,1.139,0.416,0.353,-0.222,-0.083,0.957,0.740
Uzunköprü,1981,12,1.439,1.587,2.013,1.983,1.325,1.409,0.778,0.864,1.046,1.153
Uzunköprü,1982,1,0.117,-0.011,1.814,1.789,1.492,1.522,0.862,0.988,0.513,0.609
Uzunköprü,1982,2,-0.250,-0.183,0.873,0.964,1.323,1.322,0.812,0.840,0.320,0.443
Uzunköprü,1982,3,0.556,0.729,0.017,0.054,1.499,1.525,1.017,1.137,0.566,0.740
Uzunköprü,1982,4,1.227,1.445,0.631,0.904,1.643,1.800,1.406,1.471,0.912,1.087
Uzunköprü,1982,5,0.525,0.611,1.166,1.354,1.223,1.403,1.564,1.607,1.074,1.176
Uzunköprü,1982,6,-1.067,-1.013,0.489,0.634,0.178,0.412,1.593,1.698,1.095,1.280
Uzunköprü,1982,7,-0.531,0.096,-0.681,-0.323,0.057,0.436,1.299,0.961,1.109,0.865
Uzunköprü,1982,8,-1.093,-0.130,-1.508,-0.724,0.088,0.533,0.649,0.643,1.087,0.847
Uzunköprü,1982,9,-0.515,-1.051,-1.285,-0.755,-0.449,-0.154,-0.399,-0.109,1.096,0.825
Uzunköprü,1982,10,-0.583,-0.931,-1.252,-1.212,-1.446,-1.165,-0.670,-0.418,0.636,0.569
Uzunköprü,1982,11,-0.268,-0.341,-1.205,-1.234,-1.766,-1.299,-0.759,-0.478,-0.013,0.152
Uzunköprü,1982,12,0.223,-0.046,-0.693,-0.876,-1.153,-1.065,-0.804,-0.731,-0.742,-0.603
Uzunköprü,1983,1,-0.786,-1.082,-0.856,-0.958,-1.622,-1.488,-1.731,-1.550,-1.150,-1.010
Uzunköprü,1983,2,0.533,0.615,-0.188,-0.341,-1.002,-1.150,-1.541,-1.389,-0.795,-0.666
Uzunköprü,1983,3,-1.476,-1.508,-0.846,-0.976,-1.207,-1.254,-1.534,-1.382,-1.232,-1.108
Uzunköprü,1983,4,-1.239,-1.462,-1.063,-1.231,-1.259,-1.326,-1.775,-1.620,-1.853,-1.654
Uzunköprü,1983,5,0.397,-0.032,-1.654,-2.029,-0.972,-1.307,-1.554,-1.672,-1.940,-1.774
Uzunköprü,1983,6,1.530,1.828,0.604,0.516,-0.486,-0.662,-0.899,-1.031,-1.216,-1.177
Uzunköprü,1983,7,1.743,1.709,1.956,1.937,0.764,0.827,-0.021,-0.004,-0.576,-0.489
Uzunköprü,1983,8,-0.700,0.427,1.574,1.900,0.491,0.709,0.084,0.167,-0.551,-0.412
Uzunköprü,1983,9,0.828,0.905,1.196,1.470,1.270,1.492,0.283,0.489,-0.253,-0.108
Uzunköprü,1983,10,-0.979,-0.867,-0.443,-0.115,0.931,1.265,0.234,0.518,-0.296,-0.080
Uzunköprü,1983,11,-0.945,-0.913,-1.027,-0.776,0.392,0.832,-0.355,-0.011,-0.436,-0.160
Uzunköprü,1983,12,-0.031,-0.255,-1.476,-1.206,-0.273,-0.023,-0.040,0.175,-0.564,-0.377
Uzunköprü,1984,1,0.343,0.078,-0.737,-0.801,-1.061,-0.794,0.216,0.538,-0.304,-0.150
Uzunköprü,1984,2,0.411,0.456,0.103,0.001,-0.651,-0.600,0.247,0.609,-0.307,-0.103
Uzunköprü,1984,3,2.003,1.925,1.295,1.437,0.137,0.207,0.581,0.828,0.693,0.921
Uzunköprü,1984,4,0.677,0.893,1.779,1.750,0.657,0.777,0.265,0.528,0.963,1.260
Uzunköprü,1984,5,-0.317,-0.519,1.796,1.751,0.976,1.074,0.264,0.408,0.873,1.218
Uzunköprü,1984,6,-0.297,-0.088,-0.144,0.011,1.158,1.414,-0.007,0.154,0.456,0.781
Uzunköprü,1984,7,0.389,0.767,-0.496,-0.065,1.195,1.592,0.370,0.455,0.030,0.328
Uzunköprü,1984,8,0.139,0.850,-0.144,0.508,1.173,1.626,0.732,0.735,0.101,0.376
Uzunköprü,1984,9,-1.753,-1.529,-0.495,-0.058,-0.653,-0.073,0.685,1.069,-0.262,0.093
Uzunköprü,1984,10,-2.040,-1.864,-2.057,-1.484,-1.684,-1.241,0.128,0.426,-0.328,-0.080
Uzunköprü,1984,11,0.564,0.563,-0.937,-1.252,-0.887,-0.701,0.226,0.494,0.145,0.249
Uzunköprü,1984,12,-1.857,-1.623,-1.482,-1.510,-1.509,-1.218,-1.434,-1.112,-0.231,-0.103
Uzunköprü,1985,1,0.801,0.863,-0.157,-0.208,-1.219,-1.194,-1.314,-1.159,-0.085,0.094
Uzunköprü,1985,2,-0.070,0.095,-0.479,-0.454,-1.103,-1.235,-1.184,-0.952,-0.201,0.071
Uzunköprü,1985,3,-1.027,-0.780,-0.067,-0.027,-1.125,-1.118,-1.249,-1.011,-1.272,-0.954
Uzunköprü,1985,4,-0.010,-0.398,-0.917,-0.702,-0.653,-0.645,-1.402,-1.224,-1.461,-1.201
Uzunköprü,1985,5,-1.755,-1.718,-1.817,-1.875,-1.312,-1.322,-1.702,-1.692,-1.666,-1.391
Uzunköprü,1985,6,0.459,0.653,-0.583,-0.888,-0.557,-0.629,-1.421,-1.411,-1.491,-1.275
Uzunköprü,1985,7,-0.372,0.212,-0.866,-0.624,-1.383,-1.103,-1.028,-0.702,-1.685,-1.277
Uzunköprü,1985,8,-0.892,-0.571,-0.286,0.035,-1.682,-1.289,-1.445,-1.101,-1.768,-1.544
Uzunköprü,1985,9,-0.595,-0.526,-1.199,-0.642,-1.413,-1.167,-1.049,-0.880,-1.747,-1.464
Uzunköprü,1985,10,-0.281,-0.213,-0.974,-0.733,-1.387,-0.942,-1.725,-1.261,-1.343,-0.909
Uzunköprü,1985,11,1.133,1.197,0.306,0.340,-0.004,0.175,-0.841,-0.632,-0.950,-0.610
Uzunköprü,1985,12,-1.386,-1.586,-0.215,-0.321,-0.709,-0.624,-0.972,-0.924,-0.929,-0.816
Uzunköprü,1986,1,0.910,0.884,0.543,0.343,-0.210,-0.359,-0.575,-0.589,-0.998,-0.951
Uzunköprü,1986,2,0.895,1.025,0.252,0.123,0.269,0.240,0.033,0.127,-0.555,-0.522
Uzunköprü,1986,3,-1.177,-0.931,0.502,0.463,0.114,0.074,-0.297,-0.226,-0.540,-0.512
Uzunköprü,1986,4,-0.857,-1.326,-0.451,-0.494,0.123,-0.160,-0.409,-0.521,-0.680,-0.702
Uzunköprü,1986,5,-0.334,-0.215,-1.941,-1.730,-0.636,-0.829,-0.408,-0.475,-0.559,-0.473
Uzunköprü,1986,6,1.814,1.834,0.648,0.507,0.746,0.719,0.312,0.229,-0.100,-0.095
Uzunköprü,1986,7,-0.039,0.395,0.926,1.216,0.220,0.376,0.450,0.317,-0.067,0.008
Uzunköprü,1986,8,1.560,1.419,1.524,1.610,0.313,0.442,0.287,0.242,0.306,0.272
Uzunköprü,1986,9,-1.374,-1.027,0.227,0.281,0.477,0.529,0.614,0.684,0.266,0.232
Uzunköprü,1986,10,0.117,0.031,0.212,0.138,0.590,0.809,0.178,0.343,0.369,0.270
Uzunköprü,1986,11,-0.727,-0.652,-1.149,-0.898,0.292,0.441,-0.555,-0.302,-0.306,-0.138
Uzunköprü,1986,12,-0.026,-0.046,-0.750,-0.570,-0.552,-0.348,-0.246,-0.121,0.015,0.149
Uzunköprü,1987,1,0.181,0.063,-0.768,-0.543,-0.595,-0.460,-0.106,0.208,-0.369,-0.168
Uzunköprü,1987,2,-0.829,-1.001,-0.529,-0.525,-1.268,-1.040,-0.241,-0.037,-0.851,-0.628
Uzunköprü,1987,3,0.057,0.465,-0.429,-0.391,-0.954,-0.668,-0.805,-0.482,-0.540,-0.270
Uzunköprü,1987,4,0.767,0.965,-0.251,0.148,-0.733,-0.423,-0.611,-0.322,-0.222,0.159
Uzunköprü,1987,5,-0.471,-0.094,0.001,0.655,-0.505,-0.141,-1.121,-0.671,-0.248,0.174
Uzunköprü,1987,6,0.614,0.653,0.365,0.718,-0.313,0.045,-0.807,-0.388,-0.688,-0.261
Uzunköprü,1987,7,-0.262,-0.381,-0.284,-0.036,-0.488,-0.127,-0.882,-0.310,-0.742,-0.253
Uzunköprü,1987,8,0.492,0.918,0.229,0.391,0.012,0.635,-0.464,0.049,-1.020,-0.375
Uzunköprü,1987,9,-0.883,-1.077,-0.581,-0.459,-0.269,0.130,-0.641,-0.247,-1.025,-0.396
Uzunköprü,1987,10,0.466,0.537,0.018,0.160,-0.275,0.070,-0.461,0.008,-0.803,-0.230
Uzunköprü,1987,11,0.948,0.978,0.518,0.428,0.412,0.438,0.299,0.697,-0.134,0.190
Uzunköprü,1987,12,0.988,1.176,1.235,1.320,0.722,0.785,0.735,0.970,0.333,0.641
Uzunköprü,1988,1,-1.357,-1.538,0.663,0.614,0.399,0.432,0.165,0.329,-0.035,0.237
Uzunköprü,1988,2,-0.165,-0.252,-0.007,-0.067,0.226,0.172,0.191,0.230,0.122,0.444
Uzunköprü,1988,3,0.092,0.068,-0.857,-1.037,0.384,0.350,0.073,0.081,0.134,0.324
Uzunköprü,1988,4,0.270,0.417,-0.201,-0.034,0.338,0.288,0.181,0.257,0.017,0.181
Uzunköprü,1988,5,-1.157,-0.738,-0.561,-0.266,-0.351,-0.306,-0.054,-0.028,-0.054,0.065
Uzunköprü,1988,6,-0.244,-0.278,-0.741,-0.515,-1.451,-1.306,0.031,0.083,-0.234,-0.151
Uzunköprü,1988,7,0.419,-0.046,-0.801,-0.893,-0.740,-0.766,-0.037,-0.037,-0.133,-0.023
Uzunköprü,1988,8,0.948,0.894,0.276,0.036,-0.339,-0.293,-0.304,-0.199,-0.040,-0.028
Uzunköprü,1988,9,0.218,0.123,0.441,0.158,-0.326,-0.269,-1.001,-1.028,0.107,0.111
Uzunköprü,1988,10,-1.158,-0.961,-0.402,-0.384,-0.906,-0.803,-0.913,-0.797,-0.294,-0.199
Uzunköprü,1988,11,1.595,1.889,0.739,0.960,0.610,0.661,0.264,0.499,0.111,0.229
Uzunköprü,1988,12,0.378,0.416,0.792,1.054,0.731,0.829,0.353,0.548,-0.209,-0.084
Uzunköprü,1989,1,-3.031,-1.654,0.653,0.926,0.153,0.372,-0.227,-0.033,-0.368,-0.183
Uzunköprü,1989,2,-2.258,-1.736,-1.420,-1.350,-0.463,-0.252,-0.408,-0.315,-0.612,-0.393
Uzunköprü,1989,3,0.145,-0.110,-1.805,-1.639,-0.424,-0.336,-0.266,-0.255,-0.557,-0.406
Uzunköprü,1989,4,-1.293,-1.678,-1.678,-2.113,-0.297,-0.433,-0.571,-0.578,-0.811,-0.827
Uzunköprü,1989,5,0.414,0.632,-0.524,-0.860,-1.459,-1.505,-0.664,-0.602,-0.574,-0.585
Uzunköprü,1989,6,1.831,2.031,0.881,1.053,-0.904,-0.984,-0.063,0.087,0.030,0.088
Uzunköprü,1989,7,1.028,1.304,1.693,1.974,0.221,0.365,0.527,0.554,0.186,0.351
Uzunköprü,1989,8,1.305,1.294,1.774,2.003,1.241,1.380,-0.075,0.128,0.270,0.412
Uzunköprü,1989,9,-0.431,-0.413,0.735,0.977,1.049,1.375,-0.379,-0.200,0.166,0.365
Uzunköprü,1989,10,0.098,0.058,0.179,0.256,1.076,1.459,0.157,0.405,0.418,0.504
Uzunköprü,1989,11,0.182,0.223,-0.332,-0.222,0.906,1.269,0.588,0.863,-0.282,0.017
Uzunköprü,1989,12,-0.011,-0.144,-0.224,-0.166,0.140,0.372,0.445,0.754,-0.466,-0.260
Uzunköprü,1990,1,-2.522,-1.606,-1.093,-0.944,-0.856,-0.655,0.173,0.690,-0.546,-0.333
Uzunköprü,1990,2,-1.292,-1.351,-1.659,-1.555,-1.520,-1.248,-0.205,0.168,-0.415,-0.150
Uzunköprü,1990,3,-1.406,-1.631,-2.747,-1.938,-1.726,-1.466,-1.115,-0.854,-0.693,-0.416
Uzunköprü,1990,4,0.972,0.970,-1.008,-1.136,-1.401,-1.279,-1.162,-0.976,-0.261,0.091
Uzunköprü,1990,5,0.367,0.631,-0.176,-0.051,-1.403,-1.286,-1.405,-1.138,-0.279,0.082
Uzunköprü,1990,6,-0.318,-0.136,0.414,0.689,-1.821,-1.513,-1.447,-1.164,-0.945,-0.624
Uzunköprü,1990,7,-0.433,-0.323,-0.474,-0.048,-1.207,-1.070,-1.578,-1.165,-1.325,-0.827
Uzunköprü,1990,8,-0.727,-0.152,-0.869,-0.505,-0.860,-0.552,-1.782,-1.398,-1.696,-1.130
Uzunköprü,1990,9,0.513,0.640,-0.269,-0.126,-0.047,0.352,-1.762,-1.361,-1.498,-0.955
Uzunköprü,1990,10,0.494,0.464,0.248,0.349,-0.174,0.209,-0.784,-0.556,-1.212,-0.764
Uzunköprü,1990,11,-0.044,-0.445,0.171,0.058,-0.344,-0.313,-0.501,-0.327,-1.265,-0.946
Uzunköprü,1990,12,0.964,1.065,0.651,0.503,0.316,0.246,0.384,0.487,-0.759,-0.700
Uzunköprü,1991,1,-1.662,-1.479,-0.156,-0.351,-0.108,-0.181,-0.350,-0.207,-0.824,-0.798
Uzunköprü,1991,2,-0.448,-0.471,-0.192,-0.236,-0.156,-0.199,-0.555,-0.504,-0.605,-0.489
Uzunköprü,1991,3,-1.010,-0.891,-1.756,-1.431,-0.538,-0.626,-0.658,-0.616,-0.512,-0.330
Uzunköprü,1991,4,0.116,0.201,-1.103,-0.789,-0.741,-0.777,-0.595,-0.505,-0.739,-0.518
Uzunköprü,1991,5,0.561,0.848,-0.535,-0.034,-0.500,-0.320,-0.393,-0.259,-0.706,-0.480
Uzunköprü,1991,6,-0.843,-0.837,-0.219,0.021,-1.834,-1.379,-0.699,-0.638,-0.787,-0.632
Uzunköprü,1991,7,0.284,0.445,-0.208,0.167,-1.093,-0.707,-0.857,-0.533,-0.700,-0.341
Uzunköprü,1991,8,1.837,1.783,0.615,0.732,-0.006,0.440,-0.239,0.081,-0.192,0.039
Uzunköprü,1991,9,-0.350,-0.470,0.707,0.816,0.267,0.659,-1.060,-0.684,-0.386,-0.129
Uzunköprü,1991,10,1.295,1.404,1.349,1.459,0.988,1.171,0.274,0.597,0.066,0.172
Uzunköprü,1991,11,1.121,1.240,1.375,1.358,1.281,1.331,0.984,1.181,0.554,0.552
Uzunköprü,1991,12,-0.925,-0.919,0.958,1.020,0.994,1.127,0.780,1.028,-0.121,0.137
Uzunköprü,1992,1,-2.774,-1.693,-0.668,-0.595,0.525,0.599,0.303,0.548,-0.234,0.038
Uzunköprü,1992,2,-1.168,-1.016,-2.593,-1.911,-0.310,-0.257,-0.097,0.030,-0.320,0.005
Uzunköprü,1992,3,-0.525,-0.510,-2.067,-1.578,-0.356,-0.318,-0.077,0.064,-0.212,0.077
Uzunköprü,1992,4,-0.004,-0.197,-1.294,-1.114,-1.236,-1.070,-0.126,-0.042,-0.236,-0.025
Uzunköprü,1992,5,-0.434,0.062,-0.988,-0.591,-2.488,-1.763,-0.692,-0.514,-0.440,-0.210
Uzunköprü,1992,6,0.997,1.179,0.197,0.523,-1.679,-1.249,-0.339,-0.140,-0.074,0.190
Uzunköprü,1992,7,0.472,0.950,0.394,1.090,-0.755,-0.183,-0.999,-0.367,-0.041,0.273
Uzunköprü,1992,8,-1.546,-0.874,0.431,0.718,-0.469,0.081,-1.942,-1.160,-0.544,-0.137
Uzunköprü,1992,9,-1.834,-0.729,-0.828,-0.324,-0.541,0.086,-1.923,-1.229,-0.654,-0.174
Uzunköprü,1992,10,0.380,-0.077,-0.490,-0.792,-0.232,0.124,-0.976,-0.620,-1.137,-0.643
Uzunköprü,1992,11,0.415,0.376,-0.066,-0.295,0.088,0.125,-0.442,-0.144,-1.526,-0.995
Uzunköprü,1992,12,-1.054,-1.093,-0.388,-0.623,-0.757,-0.691,-0.648,-0.428,-1.621,-1.215
Uzunköprü,1993,1,-1.119,-1.173,-1.318,-1.170,-1.559,-1.396,-1.127,-0.789,-1.665,-1.263
Uzunköprü,1993,2,-0.255,-0.119,-1.687,-1.376,-1.312,-1.183,-1.051,-0.796,-1.340,-0.955
Uzunköprü,1993,3,0.342,0.514,-0.674,-0.597,-0.862,-0.838,-1.116,-0.874,-1.009,-0.641
Uzunköprü,1993,4,-1.528,-1.116,-0.745,-0.410,-1.402,-1.099,-1.569,-1.279,-1.241,-0.822
Uzunköprü,1993,5,0.923,1.064,-0.006,0.307,-1.311,-0.975,-1.159,-0.946,-0.928,-0.607
Uzunköprü,1993,6,-1.272,-0.874,-0.744,-0.565,-1.273,-0.948,-1.232,-1.053,-1.421,-1.054
Uzunköprü,1993,7,-0.792,-0.096,-0.407,0.030,-0.959,-0.527,-1.549,-0.913,-1.677,-1.124
Uzunköprü,1993,8,-1.337,-0.524,-1.847,-0.895,-1.077,-0.567,-1.953,-1.254,-1.650,-1.082
Uzunköprü,1993,9,-0.819,-0.762,-1.741,-0.872,-1.761,-1.105,-1.815,-1.247,-1.652,-1.144
Uzunköprü,1993,10,-0.553,-1.068,-1.373,-1.313,-1.316,-1.042,-1.562,-1.186,-1.918,-1.381
Uzunköprü,1993,11,0.377,0.549,-0.642,-0.700,-1.346,-1.022,-1.253,-0.871,-1.879,-1.310
Uzunköprü,1993,12,-0.238,-0.595,-0.565,-0.736,-1.129,-1.019,-1.418,-1.141,-1.671,-1.286
Uzunköprü,1994,1,-0.582,-1.006,-0.641,-0.683,-1.476,-1.384,-1.485,-1.313,-1.739,-1.425
Uzunköprü,1994,2,-1.158,-1.102,-1.283,-1.428,-1.521,-1.472,-2.124,-1.706,-1.832,-1.537
Uzunköprü,1994,3,-0.162,-0.210,-1.153,-1.223,-1.304,-1.322,-1.696,-1.480,-1.915,-1.604
Uzunköprü,1994,4,-0.350,-0.630,-1.230,-1.218,-1.183,-1.165,-1.745,-1.537,-1.726,-1.479
Uzunköprü,1994,5,-0.067,-0.249,-0.721,-0.843,-1.473,-1.550,-1.657,-1.574,-2.092,-1.738
Uzunköprü,1994,6,0.057,0.275,-0.503,-0.559,-1.566,-1.489,-1.556,-1.470,-1.880,-1.577
Uzunköprü,1994,7,-0.134,-0.257,-0.442,-0.345,-1.353,-1.284,-1.365,-1.156,-1.852,-1.578
Uzunköprü,1994,8,-0.713,-1.097,-0.468,-0.562,-1.052,-1.107,-1.678,-1.834,-1.800,-1.665
Uzunköprü,1994,9,-0.655,-2.021,-1.019,-1.534,-1.257,-1.578,-1.897,-1.971,-1.834,-2.000
Uzunköprü,1994,10,1.164,1.239,0.502,-0.099,0.073,-0.293,-0.664,-1.021,-0.891,-0.972
Uzunköprü,1994,11,0.016,0.111,0.451,0.171,0.043,-0.258,-0.379,-0.627,-1.011,-1.124
Uzunköprü,1994,12,0.685,0.823,0.937,1.061,0.356,0.050,0.061,-0.199,-0.605,-0.831
Uzunköprü,1995,1,1.618,1.944,1.343,1.492,1.273,1.120,0.900,0.812,0.312,0.140
Uzunköprü,1995,2,-0.094,-0.423,1.254,1.327,1.162,1.062,0.841,0.691,0.502,0.343
Uzunköprü,1995,3,1.329,1.345,1.505,1.595,1.648,1.665,1.155,0.976,0.915,0.769
Uzunköprü,1995,4,-0.354,-0.386,0.551,0.526,1.239,1.336,1.198,1.012,0.910,0.788
Uzunköprü,1995,5,-1.021,-0.862,0.397,0.480,1.201,1.258,1.135,1.040,0.827,0.706
Uzunköprü,1995,6,0.748,0.388,-0.387,-0.662,1.292,1.257,1.457,1.465,0.969,0.732
Uzunköprü,1995,7,0.739,0.881,0.195,0.147,0.456,0.327,1.165,0.793,1.134,0.664
Uzunköprü,1995,8,1.135,1.263,0.975,0.990,0.931,0.984,1.432,0.941,1.331,0.844
Uzunköprü,1995,9,1.198,1.299,1.245,1.417,0.727,0.845,1.640,1.695,1.725,1.117
Uzunköprü,1995,10,-0.842,-0.754,0.455,0.634,0.349,0.522,0.508,0.613,1.067,0.798
Uzunköprü,1995,11,1.079,1.344,0.782,0.976,1.028,1.189,1.080,1.236,1.429,1.011
Uzunköprü,1995,12,-0.038,-0.250,0.100,0.213,0.704,0.944,0.439,0.603,1.224,1.354
Uzunköprü,1996,1,-1.049,-1.127,0.018,0.167,0.183,0.408,0.162,0.380,0.334,0.478
Uzunköprü,1996,2,1.527,1.678,0.274,0.372,0.616,0.839,0.901,1.115,0.899,1.111
Uzunköprü,1996,3,0.038,0.433,0.380,0.598,0.231,0.524,0.682,1.023,0.475,0.787
Uzunköprü,1996,4,0.711,0.878,1.274,1.487,0.736,1.049,0.745,1.085,0.668,0.978
Uzunköprü,1996,5,-0.633,-1.335,-0.117,0.032,0.098,0.202,0.458,0.681,0.718,0.930
Uzunköprü,1996,6,-2.647,-1.510,-0.732,-1.059,-0.150,-0.124,-0.124,0.030,0.392,0.654
Uzunköprü,1996,7,0.604,0.558,-1.072,-1.557,0.498,0.574,0.287,0.327,0.365,0.437
Uzunköprü,1996,8,1.272,1.262,0.188,0.083,-0.106,-0.052,0.054,0.145,0.395,0.431
Uzunköprü,1996,9,1.156,1.383,1.218,1.338,0.516,0.504,0.540,0.765,0.385,0.462
Uzunköprü,1996,10,-1.062,-0.972,0.429,0.596,-0.265,-0.295,0.521,0.746,0.343,0.411
Uzunköprü,1996,11,0.428,0.346,0.150,0.204,0.106,0.101,-0.050,0.107,0.051,0.182
Uzunköprü,1996,12,0.585,0.531,-0.045,-0.187,0.590,0.617,0.214,0.118,0.309,0.422
Uzunköprü,1997,1,-0.244,-0.537,0.219,0.115,0.318,0.340,-0.153,-0.290,0.459,0.571
Uzunköprü,1997,2,-0.291,-0.393,-0.087,-0.198,-0.093,-0.072,-0.117,-0.134,-0.196,-0.119
Uzunköprü,1997,3,1.377,1.474,0.347,0.343,0.108,0.085,0.571,0.662,0.273,0.300
Uzunköprü,1997,4,1.327,1.701,1.267,1.429,0.858,0.964,0.835,1.001,0.435,0.490
Uzunköprü,1997,5,-0.754,-1.056,1.446,1.511,0.636,0.737,0.504,0.631,0.433,0.531
Uzunköprü,1997,6,-0.689,-0.938,0.095,0.011,0.257,0.298,0.061,0.034,0.523,0.610
Uzunköprü,1997,7,0.455,0.477,-0.861,-1.122,0.569,0.693,0.463,0.355,0.500,0.448
Uzunköprü,1997,8,1.689,1.838,0.618,0.768,1.375,1.558,0.747,0.642,0.608,0.571
Uzunköprü,1997,9,-1.352,-0.318,0.527,0.931,0.309,0.754,0.374,0.762,0.172,0.321
Uzunköprü,1997,10,0.776,0.889,0.766,1.188,0.154,0.456,0.806,1.180,0.661,0.617
Uzunköprü,1997,11,-0.107,-0.321,-0.086,0.055,0.192,0.402,0.827,1.144,0.486,0.541
Uzunköprü,1997,12,1.091,1.255,0.912,0.952,0.868,1.139,0.768,1.036,0.757,1.039
Uzunköprü,1998,1,-0.783,-1.070,0.157,0.104,0.535,0.809,0.105,0.285,0.664,0.984
Uzunköprü,1998,2,1.035,1.121,0.809,0.862,0.476,0.606,0.596,0.802,1.028,1.266
Uzunköprü,1998,3,2.020,1.963,1.213,1.403,1.409,1.487,1.323,1.532,1.241,1.437
Uzunköprü,1998,4,-0.704,-1.053,1.743,1.614,1.131,1.136,1.248,1.418,0.867,1.004
Uzunköprü,1998,5,1.859,1.903,2.424,2.096,1.844,1.863,1.428,1.525,1.423,1.561
Uzunköprü,1998,6,-0.557,-0.785,0.641,0.470,1.466,1.598,1.562,1.610,1.448,1.640
Uzunköprü,1998,7,0.514,0.424,1.093,1.103,1.971,1.986,1.429,0.896,1.491,1.067
Uzunköprü,1998,8,0.954,0.650,0.221,-0.095,1.892,1.701,1.686,1.022,1.312,0.897
Uzunköprü,1998,9,1.153,1.316,1.054,0.972,1.160,1.050,1.655,1.678,1.722,1.081
Uzunköprü,1998,10,1.363,1.472,1.576,1.614,1.781,1.643,2.361,2.118,1.876,1.122
Uzunköprü,1998,11,0.943,1.118,1.791,1.855,1.449,1.399,2.439,2.106,2.155,1.282
Uzunköprü,1998,12,0.453,0.580,1.464,1.586,1.564,1.640,1.636,1.649,1.984,1.971
Uzunköprü,1999,1,0.847,0.953,1.141,1.285,1.921,1.984,2.012,1.945,2.532,2.442
Uzunköprü,1999,2,0.749,0.894,0.890,1.077,1.791,1.836,1.656,1.666,2.327,2.106
Uzunköprü,1999,3,1.068,1.136,1.166,1.312,1.765,1.814,1.838,1.807,1.905,1.776
Uzunköprü,1999,4,-1.141,-1.260,0.658,0.684,1.142,1.240,1.762,1.719,1.862,1.781
Uzunköprü,1999,5,-1.043,-0.924,-0.198,-0.296,0.619,0.694,1.535,1.564,1.386,1.351
Uzunköprü,1999,6,0.057,-0.460,-1.384,-1.557,0.511,0.345,1.335,1.338,1.473,1.438
Uzunköprü,1999,7,-0.309,-0.731,-1.019,-1.481,-0.065,-0.423,0.710,0.463,1.399,0.875
Uzunköprü,1999,8,-0.529,-0.672,-0.505,-1.001,-0.668,-1.068,0.271,0.119,1.218,0.774
Uzunköprü,1999,9,-0.189,-0.402,-0.775,-1.013,-1.845,-1.920,0.025,-0.301,0.927,0.570
Uzunköprü,1999,10,-0.556,-0.862,-0.960,-1.110,-1.471,-1.683,-0.663,-0.988,0.177,0.048
Uzunköprü,1999,11,0.775,0.918,-0.087,-0.203,-0.424,-0.737,-0.585,-0.866,0.105,0.017
Uzunköprü,1999,12,0.712,0.722,0.461,0.372,-0.007,-0.284,-0.584,-0.923,0.232,-0.017
Uzunköprü,2000,1,-0.473,-0.628,0.505,0.593,-0.240,-0.385,-0.650,-0.912,-0.293,-0.578
Uzunköprü,2000,2,0.143,0.070,0.113,0.098,-0.098,-0.142,-0.391,-0.656,-0.469,-0.721
Uzunköprü,2000,3,0.229,0.343,-0.287,-0.355,0.043,0.024,-0.282,-0.411,-0.744,-0.949
Uzunköprü,2000,4,0.272,-0.258,0.085,-0.008,0.363,0.286,-0.182,-0.337,-0.507,-0.761
Uzunköprü,2000,5,0.330,0.374,0.189,0.149,0.108,0.039,-0.063,-0.138,-0.306,-0.545
Uzunköprü,2000,6,-0.289,-0.187,-0.077,-0.254,-0.478,-0.541,-0.073,-0.134,-0.372,-0.533
Uzunköprü,2000,7,-0.955,-1.471,-0.607,-0.719,-0.390,-0.652,0.047,0.005,-0.434,-0.439
Uzunköprü,2000,8,0.339,0.339,-0.566,-0.697,-0.391,-0.546,-0.239,-0.237,-0.333,-0.320
Uzunköprü,2000,9,0.479,0.514,-0.088,-0.367,-0.321,-0.504,-0.565,-0.666,-0.196,-0.183
Uzunköprü,2000,10,-0.253,-0.352,-0.105,-0.083,-0.551,-0.473,-0.470,-0.525,-0.104,-0.062
Uzunköprü,2000,11,-0.558,-0.951,-0.708,-0.738,-0.954,-0.957,-0.829,-0.883,-0.579,-0.509
Uzunköprü,2000,12,-0.853,-1.175,-1.507,-1.416,-1.288,-1.282,-1.222,-1.263,-1.270,-1.277
Uzunköprü,2001,1,0.215,-0.048,-1.220,-1.411,-1.186,-1.165,-1.334,-1.368,-1.171,-1.314
Uzunköprü,2001,2,-0.840,-1.034,-1.025,-1.243,-1.385,-1.383,-1.628,-1.567,-1.350,-1.452
Uzunköprü,2001,3,-0.381,-0.929,-0.626,-1.032,-1.607,-1.651,-1.495,-1.589,-1.461,-1.612
Uzunköprü,2001,4,0.564,0.599,-0.673,-0.888,-1.294,-1.440,-1.259,-1.266,-1.373,-1.416
Uzunköprü,2001,5,-0.321,-0.159,-0.406,-0.461,-1.105,-1.260,-1.404,-1.386,-1.560,-1.519
Uzunköprü,2001,6,-0.734,-0.648,-0.409,-0.288,-1.017,-1.180,-1.794,-1.665,-1.654,-1.595
Uzunköprü,2001,7,-0.829,-1.677,-1.369,-1.466,-1.441,-1.614,-1.817,-2.163,-1.693,-1.597
Uzunköprü,2001,8,-1.047,-1.401,-1.404,-1.584,-1.301,-1.561,-1.657,-2.205,-1.821,-1.882
Uzunköprü,2001,9,0.708,0.537,-0.206,-0.988,-0.666,-0.998,-1.073,-1.486,-1.779,-2.009
Uzunköprü,2001,10,-1.866,-1.492,-0.852,-1.228,-1.588,-1.771,-1.704,-1.938,-1.969,-2.417
Uzunköprü,2001,11,-0.146,-0.182,-0.820,-0.897,-1.392,-1.444,-1.527,-1.684,-1.752,-2.139
Uzunköprü,2001,12,1.131,1.421,0.007,0.039,-0.193,-0.525,-0.426,-0.603,-0.801,-1.055
Uzunköprü,2002,1,-0.577,-0.771,0.252,0.475,-0.428,-0.557,-0.922,-1.059,-1.208,-1.395
Uzunköprü,2002,2,-0.250,-0.655,0.306,0.361,-0.363,-0.415,-0.881,-1.116,-0.978,-1.217
Uzunköprü,2002,3,0.628,0.588,-0.286,-0.588,-0.305,-0.371,-0.433,-0.734,-0.614,-0.787
Uzunköprü,2002,4,-1.266,-0.839,-0.428,-0.512,-0.093,-0.069,-0.568,-0.675,-0.945,-1.061
Uzunköprü,2002,5,-1.141,-0.904,-0.790,-0.670,-0.166,-0.145,-0.672,-0.673,-1.077,-1.195
Uzunköprü,2002,6,-0.052,-0.254,-1.574,-1.255,-1.294,-1.342,-0.940,-0.917,-0.974,-1.160
Uzunköprü,2002,7,2.034,1.760,0.968,0.841,0.269,0.002,0.284,0.226,-0.184,-0.255
Uzunköprü,2002,8,0.055,0.234,1.208,1.083,0.463,0.397,0.418,0.328,-0.105,-0.099
Uzunköprü,2002,9,1.114,1.231,1.652,1.632,0.683,0.729,0.162,0.068,0.039,0.060
Uzunköprü,2002,10,-0.111,-0.360,0.340,0.341,0.708,0.689,0.297,0.213,0.295,0.254
Uzunköprü,2002,11,1.320,1.450,1.181,1.182,1.457,1.391,1.091,1.040,0.887,0.639
Uzunköprü,2002,12,-0.844,-0.950,0.223,0.158,1.077,1.075,0.493,0.490,0.184,0.112
Uzunköprü,2003,1,0.738,0.710,0.743,0.765,0.671,0.680,0.912,0.895,0.594,0.507
Uzunköprü,2003,2,0.088,0.265,-0.182,-0.118,0.615,0.694,1.027,1.040,0.662,0.721
Uzunköprü,2003,3,-1.345,-0.803,-0.119,-0.050,-0.031,0.067,0.732,0.827,0.252,0.401
Uzunköprü,2003,4,0.815,1.162,-0.377,0.242,0.316,0.560,0.329,0.562,0.577,0.744
Uzunköprü,2003,5,0.655,0.361,-0.082,0.300,-0.272,-0.049,0.468,0.646,0.843,0.943
Uzunköprü,2003,6,0.337,-0.187,0.763,0.634,0.242,0.315,0.232,0.276,0.916,0.971
Uzunköprü,2003,7,-0.217,-0.417,0.193,-0.318,-0.274,-0.216,0.290,0.274,0.307,0.300
Uzunköprü,2003,8,-0.519,-1.084,-0.265,-0.875,-0.419,-0.559,-0.486,-0.372,0.257,0.189
Uzunköprü,2003,9,0.178,0.327,-0.444,-0.653,0.151,-0.078,-0.105,-0.135,-0.028,0.006
Uzunköprü,2003,10,0.700,0.709,0.291,0.152,0.212,-0.081,-0.121,-0.059,0.277,0.238
Uzunköprü,2003,11,-1.319,-1.341,-0.388,-0.358,-0.550,-0.784,-0.638,-0.625,-0.632,-0.444
Uzunköprü,2003,12,-0.602,-0.787,-0.846,-0.854,-0.987,-1.005,-0.521,-0.674,-0.597,-0.607
Uzunköprü,2004,1,0.825,0.961,-0.806,-0.775,-0.557,-0.609,-0.453,-0.702,-0.652,-0.637
Uzunköprü,2004,2,-1.874,-1.546,-0.583,-0.609,-0.834,-0.733,-0.994,-1.106,-0.948,-0.927
Uzunköprü,2004,3,0.358,0.376,0.018,-0.111,-0.674,-0.687,-0.836,-0.871,-0.514,-0.598
Uzunköprü,2004,4,-1.746,-1.227,-1.498,-1.375,-1.443,-1.281,-1.116,-1.026,-0.955,-1.085
Uzunköprü,2004,5,-0.038,0.177,-0.740,-0.496,-0.930,-0.828,-1.075,-0.872,-1.158,-1.136
Uzunköprü,2004,6,0.509,0.622,-0.670,-0.436,-0.514,-0.423,-1.017,-0.870,-1.122,-1.011
Uzunköprü,2004,7,-0.139,0.136,-0.105,0.337,-1.290,-0.983,-1.440,-0.979,-1.144,-0.748
Uzunköprü,2004,8,-0.540,-0.269,-0.113,0.074,-0.796,-0.414,-1.017,-0.586,-1.129,-0.658
Uzunköprü,2004,9,-1.536,-1.173,-1.243,-0.830,-1.512,-0.984,-1.020,-0.814,-1.375,-0.941
Uzunköprü,2004,10,-1.219,-1.479,-2.046,-1.596,-1.352,-1.081,-2.054,-1.681,-1.969,-1.605
Uzunköprü,2004,11,-0.434,-0.697,-1.919,-1.671,-1.495,-1.243,-1.804,-1.481,-1.676,-1.407
Uzunköprü,2004,12,0.024,-0.165,-1.204,-1.321,-1.590,-1.404,-1.778,-1.432,-1.481,-1.316
Uzunköprü,2005,1,0.271,0.088,-0.506,-0.627,-1.563,-1.500,-1.405,-1.306,-2.007,-1.741
Uzunköprü,2005,2,1.403,1.560,0.698,0.781,-0.457,-0.630,-0.582,-0.630,-0.831,-0.766
Uzunköprü,2005,3,-1.102,-1.059,0.445,0.439,-0.523,-0.670,-0.895,-0.923,-1.140,-1.019
Uzunköprü,2005,4,-0.405,-0.634,0.268,0.374,-0.241,-0.341,-1.002,-1.048,-0.973,-0.904
Uzunköprü,2005,5,0.800,0.660,-0.682,-0.766,0.246,0.198,-0.718,-0.881,-0.779,-0.818
Uzunköprü,2005,6,0.373,0.688,0.238,0.263,0.441,0.546,-0.477,-0.583,-0.825,-0.836
Uzunköprü,2005,7,-1.142,-0.583,0.154,0.374,0.201,0.338,-0.241,-0.110,-0.934,-0.757
Uzunköprü,2005,8,-1.645,-0.988,-0.571,-0.396,-1.093,-0.942,-0.108,-0.019,-0.956,-0.837
Uzunköprü,2005,9,-0.293,-0.554,-1.378,-1.121,-0.716,-0.710,-0.175,-0.193,-0.885,-0.787
Uzunköprü,2005,10,-0.419,-0.533,-1.024,-1.048,-0.715,-0.608,-0.468,-0.391,-0.675,-0.508
Uzunköprü,2005,11,0.887,1.042,0.056,0.026,-0.332,-0.281,-0.731,-0.617,-0.121,-0.008
Uzunköprü,2005,12,0.164,0.053,0.192,0.205,-0.382,-0.464,-0.310,-0.329,-0.073,-0.041
Uzunköprü,2006,1,-0.092,-0.217,0.338,0.457,-0.422,-0.461,-0.361,-0.273,-0.260,-0.192
Uzunköprü,2006,2,0.356,0.458,-0.044,0.035,-0.125,-0.033,-0.438,-0.310,-0.681,-0.562
Uzunköprü,2006,3,1.886,1.772,1.011,1.154,0.778,0.893,0.296,0.331,0.297,0.401
Uzunköprü,2006,4,-0.987,-1.101,1.144,1.121,0.857,0.915,0.261,0.235,0.224,0.293
Uzunköprü,2006,5,0.014,-0.096,1.160,1.059,0.502,0.543,0.341,0.382,0.056,0.136
Uzunköprü,2006,6,1.330,1.403,0.288,0.165,1.059,1.199,0.797,0.901,0.320,0.327
Uzunköprü,2006,7,0.190,0.435,0.709,0.914,1.250,1.390,1.008,0.748,0.437,0.383
Uzunköprü,2006,8,0.255,-0.530,0.777,0.678,1.286,1.145,0.713,0.521,0.533,0.408
Uzunköprü,2006,9,1.402,1.517,0.913,0.806,0.793,0.736,1.246,1.316,0.993,0.717
Uzunköprü,2006,10,0.726,0.707,1.094,0.991,1.165,1.149,1.513,1.467,1.269,0.848
Uzunköprü,2006,11,-1.105,-1.087,0.481,0.490,0.692,0.652,1.113,1.067,0.725,0.563
Uzunköprü,2006,12,-0.624,-0.808,-0.763,-0.757,-0.094,-0.177,-0.038,-0.110,0.519,0.567
Uzunköprü,2007,1,-0.471,-0.978,-1.955,-1.738,-0.445,-0.654,-0.108,-0.161,0.421,0.380
Uzunköprü,2007,2,-0.274,-0.487,-1.117,-1.287,-0.522,-0.584,-0.185,-0.287,0.256,0.198
Uzunköprü,2007,3,-1.429,-1.423,-1.253,-1.383,-1.523,-1.442,-0.848,-0.922,-0.734,-0.814
Uzunköprü,2007,4,-1.480,-0.921,-1.968,-1.676,-2.557,-1.901,-1.183,-1.158,-0.784,-0.784
Uzunköprü,2007,5,0.923,0.738,-1.149,-1.078,-1.575,-1.553,-0.942,-0.948,-0.565,-0.627
Uzunköprü,2007,6,-0.863,-1.627,-0.613,-1.037,-1.732,-1.858,-1.814,-1.730,-1.114,-1.246
Uzunköprü,2007,7,-1.476,-1.823,-0.362,-1.373,-1.804,-2.004,-2.529,-3.952,-1.304,-1.433
Uzunköprü,2007,8,-0.406,-1.134,-1.409,-1.981,-1.954,-2.153,-2.120,-4.753,-1.371,-1.517
Uzunköprü,2007,9,0.862,0.980,-0.011,-0.609,-0.660,-1.253,-1.531,-1.888,-1.707,-1.909
Uzunköprü,2007,10,-0.046,-0.270,0.108,-0.164,-0.240,-0.865,-1.281,-1.663,-2.007,-2.325
Uzunköprü,2007,11,1.592,1.805,1.322,1.425,0.571,0.137,0.007,-0.337,-0.632,-0.809
Uzunköprü,2007,12,-0.111,-0.176,0.828,0.942,0.561,0.379,0.224,-0.100,-0.491,-0.842
Uzunköprü,2008,1,-0.723,-0.886,0.618,0.821,0.417,0.409,0.154,-0.165,-0.648,-0.963
Uzunköprü,2008,2,-1.332,-1.225,-1.298,-1.171,0.127,0.284,-0.390,-0.670,-0.784,-0.999
Uzunköprü,2008,3,0.304,0.035,-0.959,-1.116,-0.025,-0.039,-0.119,-0.311,-0.375,-0.648
Uzunköprü,2008,4,-0.397,-0.703,-0.921,-1.165,-0.030,-0.099,-0.089,-0.209,-0.249,-0.617
Uzunköprü,2008,5,-0.665,-0.606,-0.619,-0.910,-1.427,-1.406,-0.164,-0.156,-0.590,-0.894
Uzunköprü,2008,6,-0.352,-0.636,-1.102,-1.227,-1.775,-1.744,-0.507,-0.605,-0.530,-0.778
Uzunköprü,2008,7,0.483,0.454,-0.624,-0.691,-1.237,-1.425,-0.343,-0.262,-0.349,-0.329
Uzunköprü,2008,8,0.360,-0.238,-0.019,-0.394,-0.633,-1.029,-1.402,-1.487,-0.255,-0.244
Uzunköprü,2008,9,0.163,0.233,0.184,-0.040,-0.808,-0.970,-1.430,-1.529,-0.478,-0.421
Uzunköprü,2008,10,-0.865,-1.038,-0.631,-0.829,-0.985,-1.055,-1.422,-1.566,-0.638,-0.564
Uzunköprü,2008,11,-0.702,-0.948,-1.381,-1.192,-1.100,-1.125,-1.404,-1.528,-1.808,-1.866
Uzunköprü,2008,12,-0.731,-1.059,-1.905,-1.640,-1.358,-1.308,-1.782,-1.621,-2.142,-1.929
Uzunköprü,2009,1,0.615,0.640,-0.852,-0.949,-1.278,-1.286,-1.418,-1.475,-1.765,-1.802
Uzunköprü,2009,2,0.368,0.349,-0.087,-0.174,-0.999,-1.011,-1.031,-1.151,-1.190,-1.398
Uzunköprü,2009,3,0.918,0.997,0.774,0.800,-0.552,-0.667,-0.492,-0.616,-0.881,-1.010
Uzunköprü,2009,4,-0.495,-0.418,0.429,0.558,-0.355,-0.428,-0.721,-0.775,-0.897,-0.953
Uzunköprü,2009,5,-0.765,-0.925,-0.057,0.007,-0.180,-0.250,-0.929,-0.921,-0.932,-1.019
Uzunköprü,2009,6,-1.263,-1.321,-1.649,-1.500,-0.059,-0.223,-1.222,-1.272,-1.054,-1.147
Uzunköprü,2009,7,0.425,0.034,-1.121,-1.592,-0.321,-0.608,-0.817,-0.826,-1.101,-1.071
Uzunköprü,2009,8,0.088,-0.048,-0.484,-0.860,-0.542,-0.765,-0.485,-0.527,-1.129,-1.044
Uzunköprü,2009,9,1.557,1.685,1.085,0.950,-0.067,-0.285,0.505,0.397,-0.582,-0.583
Uzunköprü,2009,10,1.016,1.054,1.366,1.424,0.695,0.517,0.724,0.627,0.106,-0.010
Uzunköprü,2009,11,-0.404,-0.621,1.060,1.064,0.563,0.322,0.423,0.300,0.184,0.083
Uzunköprü,2009,12,1.085,1.169,0.960,0.872,1.204,1.091,0.612,0.395,0.876,0.755
Uzunköprü,2010,1,0.494,0.500,0.624,0.600,1.376,1.351,0.824,0.654,0.863,0.746
Uzunköprü,2010,2,2.133,2.101,1.909,1.879,2.069,1.944,1.730,1.580,1.530,1.379
Uzunköprü,2010,3,0.556,0.684,1.576,1.763,1.719,1.670,1.813,1.684,1.364,1.240
Uzunköprü,2010,4,-0.083,-0.249,1.798,1.648,1.455,1.455,1.870,1.763,1.411,1.262
Uzunköprü,2010,5,-0.925,-1.215,-0.284,-0.382,1.571,1.521,1.779,1.658,1.432,1.249
Uzunköprü,2010,6,-0.166,-0.440,-0.885,-1.181,1.183,1.179,1.398,1.297,1.540,1.397
Uzunköprü,2010,7,1.373,1.241,0.238,-0.125,1.544,1.433,1.388,0.809,1.796,1.063
Uzunköprü,2010,8,-1.645,-3.177,0.427,-0.354,-0.018,-0.666,1.510,0.787,1.708,0.935
Uzunköprü,2010,9,0.919,0.908,0.946,0.335,0.128,-0.621,1.366,1.064,1.530,0.806
Uzunköprü,2010,10,1.431,1.686,1.228,1.044,1.059,0.723,1.814,1.520,1.640,0.909
Uzunköprü,2010,11,0.112,-0.325,1.259,1.208,1.098,0.687,0.879,0.479,1.732,0.954
Uzunköprü,2010,12,-0.021,-0.262,0.779,0.694,0.990,0.627,0.573,0.072,1.374,1.103
Uzunköprü,2011,1,0.222,0.099,-0.232,-0.479,0.676,0.279,0.601,0.164,1.365,1.072
Uzunköprü,2011,2,-0.836,-0.790,-0.499,-0.555,0.489,0.459,0.519,0.166,0.327,0.006
Uzunköprü,2011,3,-1.683,-1.513,-1.066,-1.052,-0.120,-0.198,0.239,-0.064,-0.097,-0.465
Uzunköprü,2011,4,0.677,0.895,-1.162,-0.836,-0.829,-0.878,0.048,-0.182,0.064,-0.246
Uzunköprü,2011,5,0.375,0.328,-0.508,-0.255,-0.746,-0.672,0.208,0.232,0.258,0.013
Uzunköprü,2011,6,0.422,0.301,0.563,0.684,-0.687,-0.629,0.053,0.045,0.368,0.125
Uzunköprü,2011,7,-0.268,-0.988,0.039,-0.263,-0.951,-0.998,-0.826,-0.798,-0.010,-0.205
Uzunköprü,2011,8,-0.148,-0.286,-0.130,-0.550,-0.642,-0.724,-0.860,-0.752,0.053,-0.013
Uzunköprü,2011,9,0.777,0.385,0.138,-0.563,0.346,0.027,-0.613,-0.839,0.001,-0.120
Uzunköprü,2011,10,1.683,1.938,1.470,1.470,1.205,1.029,0.469,0.418,0.180,0.029
Uzunköprü,2011,11,-3.582,-1.483,0.794,0.832,0.468,0.268,0.139,0.137,-0.240,-0.155
Uzunköprü,2011,12,0.787,0.839,0.915,1.097,0.693,0.538,0.790,0.740,0.118,0.084
Uzunköprü,2012,1,-0.130,-0.294,-0.626,-0.502,0.673,0.672,0.522,0.451,-0.039,-0.077
Uzunköprü,2012,2,-0.236,-0.101,0.164,0.261,0.548,0.669,0.352,0.292,0.103,0.163
Uzunköprü,2012,3,-1.246,-1.124,-0.944,-0.856,0.059,0.271,0.010,-0.026,0.150,0.216
Uzunköprü,2012,4,1.151,0.955,-0.306,-0.235,-0.669,-0.605,0.358,0.354,0.273,0.203
Uzunköprü,2012,5,3.133,2.778,2.450,2.020,1.411,1.467,1.497,1.511,1.250,1.178
Uzunköprü,2012,6,-1.495,-1.994,2.464,2.291,1.026,0.951,1.258,1.308,1.052,0.894
Uzunköprü,2012,7,-1.306,-4.421,1.819,1.201,1.052,0.542,0.317,0.045,1.024,0.537
Uzunköprü,2012,8,-0.461,-1.278,-1.820,-2.463,1.217,0.370,0.802,0.272,0.991,0.468
Uzunköprü,2012,9,-1.253,-1.588,-1.828,-2.176,1.360,0.386,0.306,-0.419,0.726,0.289
Uzunköprü,2012,10,-0.018,-0.487,-0.778,-1.400,0.678,-0.220,0.328,-0.453,-0.117,-0.493
Uzunköprü,2012,11,-0.371,-0.660,-1.013,-1.302,-1.684,-2.020,0.225,-0.655,0.180,-0.283
Uzunköprü,2012,12,2.006,2.234,1.287,1.246,0.562,-0.092,1.621,1.045,0.959,0.478
Uzunköprü,2013,1,1.123,1.299,1.984,1.893,1.220,0.919,1.770,1.241,1.463,0.983
Uzunköprü,2013,2,1.471,1.519,2.506,2.351,1.661,1.494,1.114,0.496,1.890,1.350
Uzunköprü,2013,3,-0.186,-0.330,1.244,1.271,1.694,1.583,1.118,0.675,1.938,1.384
Uzunköprü,2013,4,-0.470,-0.862,0.669,0.520,1.796,1.715,1.209,0.863,1.665,1.131
Uzunköprü,2013,5,-2.036,-2.212,-1.502,-2.135,1.850,1.643,1.081,0.703,0.569,-0.266
Uzunköprü,2013,6,1.792,1.786,0.422,-0.249,1.381,1.107,1.765,1.498,1.172,0.541
Uzunköprü,2013,7,-0.392,-0.573,0.486,-0.001,0.730,0.230,1.803,0.962,1.237,0.548
Uzunköprü,2013,8,-0.355,-1.270,0.853,0.496,-0.308,-1.069,1.952,1.012,1.229,0.542
Uzunköprü,2013,9,-0.420,-0.779,-0.916,-1.286,-0.377,-1.192,0.775,0.212,1.310,0.611
Uzunköprü,2013,10,0.644,0.802,0.064,-0.231,0.207,-0.209,0.468,0.020,1.440,0.772
Uzunköprü,2013,11,0.496,0.425,0.344,0.285,0.642,0.394,-0.032,-0.517,1.647,0.920
Uzunköprü,2013,12,-1.842,-1.503,-0.302,-0.269,-0.711,-0.882,-0.494,-0.905,0.354,-0.029
Uzunköprü,2014,1,0.886,0.885,-0.136,-0.227,-0.227,-0.476,-0.047,-0.453,0.215,-0.270
Uzunköprü,2014,2,-1.989,-1.945,-0.974,-1.195,-0.551,-0.674,-0.163,-0.464,-0.667,-1.151
Uzunköprü,2014,3,0.692,0.606,0.239,-0.164,-0.148,-0.308,-0.487,-0.796,-0.356,-0.833
Uzunköprü,2014,4,0.188,-0.082,-0.413,-0.754,-0.378,-0.683,-0.406,-0.708,-0.237,-0.692
Uzunköprü,2014,5,0.414,0.097,0.573,0.296,-0.493,-0.851,-0.276,-0.524,0.033,-0.328
Uzunköprü,2014,6,1.423,1.548,1.001,0.956,0.728,0.428,0.246,0.065,-0.113,-0.467
Uzunköprü,2014,7,3.185,2.544,3.187,2.597,2.245,2.099,1.485,0.866,1.219,0.709
Uzunköprü,2014,8,-0.406,-0.552,2.646,2.469,2.785,2.320,1.340,0.799,1.202,0.737
Uzunköprü,2014,9,1.800,1.912,2.806,2.705,3.204,2.769,2.515,2.301,1.814,1.097
Uzunköprü,2014,10,1.408,1.616,1.749,1.871,3.109,2.570,2.676,2.306,2.026,1.175
Uzunköprü,2014,11,0.345,0.341,1.859,1.956,2.862,2.830,3.066,2.486,1.945,1.173
Uzunköprü,2014,12,0.834,0.892,1.396,1.472,2.674,2.690,2.838,2.744,2.563,2.342
Uzunköprü,2015,1,0.285,0.130,0.658,0.668,1.743,1.789,2.920,2.580,2.565,2.386
Uzunköprü,2015,2,0.716,0.759,0.820,0.846,1.795,1.784,2.885,2.662,2.802,2.353
Uzunköprü,2015,3,1.114,1.188,0.864,0.896,1.508,1.528,2.618,2.388,2.772,2.365
Uzunköprü,2015,4,0.403,0.454,1.140,1.190,1.069,1.109,1.828,1.790,2.793,2.477
Uzunköprü,2015,5,-2.282,-1.981,0.382,0.246,0.805,0.717,1.715,1.646,2.675,2.391
Uzunköprü,2015,6,-0.869,-0.555,-1.125,-1.183,0.239,0.116,1.113,1.124,2.354,2.261
Uzunköprü,2015,7,-1.645,-0.971,-2.711,-2.323,-0.051,-0.230,0.362,0.223,1.260,0.825
Uzunköprü,2015,8,-1.231,-1.322,-1.714,-1.321,-0.685,-0.915,0.200,0.036,1.216,0.776
Uzunköprü,2015,9,-1.098,-1.577,-2.348,-1.707,-2.270,-2.111,-0.469,-0.854,0.560,0.281
Uzunköprü,2015,10,0.770,0.848,-0.005,-0.437,-1.225,-1.539,-0.159,-0.437,0.201,0.016
Uzunköprü,2015,11,-0.550,-0.980,-0.333,-0.655,-1.031,-1.181,-0.776,-1.075,-0.062,-0.230
Uzunköprü,2015,12,-3.311,-1.757,-1.038,-1.051,-1.636,-1.574,-2.039,-1.824,-0.973,-1.193
Uzunköprü,2016,1,0.485,0.476,-1.479,-1.444,-1.286,-1.375,-2.024,-2.045,-1.014,-1.269
Uzunköprü,2016,2,1.216,1.109,-0.010,-0.143,-0.352,-0.619,-0.921,-1.182,-0.691,-1.024
Uzunköprü,2016,3,-0.393,-0.671,0.618,0.373,-0.280,-0.510,-0.778,-1.120,-1.169,-1.467
Uzunköprü,2016,4,-1.963,-1.873,-0.007,-0.584,-1.023,-1.334,-0.979,-1.324,-1.552,-1.828
Uzunköprü,2016,5,0.588,0.647,-0.995,-1.361,-0.542,-0.875,-0.733,-1.067,-1.180,-1.438
Uzunköprü,2016,6,0.381,-0.143,-0.365,-0.971,0.295,-0.297,-0.507,-0.922,-0.957,-1.393
Uzunköprü,2016,7,-1.645,-1.257,-0.025,-0.403,-0.131,-0.906,-1.029,-1.409,-0.986,-1.324
Uzunköprü,2016,8,0.442,-0.042,-0.125,-0.782,-0.985,-1.558,-0.673,-1.075,-0.819,-1.163
Uzunköprü,2016,9,-0.768,-0.810,-0.876,-1.123,-1.062,-1.568,-0.197,-0.866,-0.822,-1.111
Uzunköprü,2016,10,-0.611,-0.715,-0.863,-0.982,-0.751,-1.023,-0.675,-1.262,-1.306,-1.626
Uzunköprü,2016,11,-0.358,-0.482,-1.377,-1.142,-1.173,-1.263,-1.666,-1.848,-1.201,-1.472
Uzunköprü,2016,12,-2.034,-1.480,-2.094,-1.504,-2.177,-1.643,-2.063,-1.812,-1.198,-1.450
Uzunköprü,2017,1,0.839,1.036,-0.849,-0.656,-1.415,-1.192,-1.247,-1.285,-1.151,-1.465
Uzunköprü,2017,2,0.106,-0.002,-0.381,-0.304,-1.263,-1.062,-1.318,-1.339,-1.581,-1.718
Uzunköprü,2017,3,-0.306,-0.594,0.265,0.112,-1.129,-1.027,-1.369,-1.323,-1.468,-1.586
Uzunköprü,2017,4,1.623,1.781,0.609,0.586,-0.233,-0.219,-0.699,-0.681,-0.681,-0.787
Uzunköprü,2017,5,0.478,0.449,0.912,0.887,0.117,0.178,-0.656,-0.572,-0.728,-0.848
Uzunköprü,2017,6,0.802,0.594,1.454,1.525,1.070,1.088,-0.322,-0.335,-0.618,-0.736
Uzunköprü,2017,7,0.996,0.956,0.989,0.933,1.016,0.929,0.175,0.171,-0.287,-0.225
Uzunköprü,2017,8,0.300,-0.013,0.841,0.604,1.162,0.963,0.418,0.309,-0.304,-0.221
Uzunköprü,2017,9,0.588,0.359,0.711,0.430,1.462,1.304,1.136,1.042,-0.067,-0.066
Uzunköprü,2017,10,0.518,0.567,0.478,0.325,0.822,0.734,0.930,0.826,0.279,0.205
Uzunköprü,2017,11,-1.621,-1.467,-0.420,-0.507,0.126,-0.101,0.480,0.365,0.077,0.073
Uzunköprü,2017,12,0.734,0.691,-0.050,-0.166,0.247,0.033,0.824,0.697,0.759,0.648
Uzunköprü,2018,1,0.288,0.138,-0.251,-0.391,0.001,-0.227,0.386,0.227,0.557,0.372
Uzunköprü,2018,2,1.208,1.308,1.016,1.028,0.477,0.412,0.709,0.550,0.912,0.800
Uzunköprü,2018,3,2.321,2.038,1.829,1.958,1.324,1.296,1.321,1.209,1.693,1.516
Uzunköprü,2018,4,-3.266,-2.102,1.896,1.541,1.002,0.776,0.983,0.726,1.145,0.915
Uzunköprü,2018,5,-2.666,-1.948,0.987,0.424,1.256,0.962,0.760,0.449,0.920,0.569
Uzunköprü,2018,6,-0.469,-0.700,-2.979,-2.384,0.991,0.588,0.596,0.242,0.702,0.328
Uzunköprü,2018,7,2.144,1.908,0.825,0.523,1.941,1.600,1.191,0.585,1.145,0.570
Uzunköprü,2018,8,-0.372,-0.708,1.130,0.919,1.464,0.889,1.564,0.789,1.072,0.515
Uzunköprü,2018,9,-1.834,-1.123,0.982,0.775,-0.647,-1.307,1.235,0.868,0.856,0.382
Uzunköprü,2018,10,-2.128,-1.506,-2.712,-1.712,-0.668,-1.049,0.724,0.303,0.370,-0.005
Uzunköprü,2018,11,0.179,0.129,-1.440,-1.265,-0.192,-0.438,0.249,-0.211,0.723,0.307
Uzunköprü,2018,12,-0.439,-0.580,-1.262,-1.154,-0.340,-0.504,-1.296,-1.488,0.314,-0.048
Uzunköprü,2019,1,1.311,1.561,0.473,0.570,-0.683,-0.780,-0.228,-0.495,0.774,0.452
Uzunköprü,2019,2,-0.377,-0.484,0.292,0.360,-0.672,-0.678,-0.082,-0.228,0.266,-0.049
Uzunköprü,2019,3,-1.588,-1.745,0.158,-0.037,-0.806,-0.858,-0.272,-0.413,-1.015,-1.326
Uzunköprü,2019,4,0.569,0.660,-0.951,-0.914,-0.163,-0.190,-1.001,-0.989,-0.584,-0.779
Uzunköprü,2019,5,0.278,0.128,-0.640,-0.663,-0.116,-0.143,-0.893,-0.885,-0.323,-0.451
Uzunköprü,2019,6,0.470,-0.090,0.472,0.199,0.301,0.045,-0.619,-0.783,-0.150,-0.381
Uzunköprü,2019,7,-0.017,0.065,0.101,-0.173,-0.758,-0.999,-0.192,-0.178,-0.955,-0.879
Uzunköprü,2019,8,1.908,1.618,0.991,0.689,0.310,0.010,0.315,0.166,-0.419,-0.428
Uzunköprü,2019,9,0.121,-0.078,0.811,0.643,0.823,0.620,0.586,0.390,-0.262,-0.305
Uzunköprü,2019,10,0.527,0.403,0.931,0.799,0.720,0.504,0.074,-0.167,0.256,0.108
Uzunköprü,2019,11,-0.965,-1.496,-0.469,-0.799,0.208,-0.253,-0.179,-0.545,-0.027,-0.171
Uzunköprü,2019,12,-1.548,-1.551,-1.317,-1.432,-0.511,-0.804,-0.304,-0.664,-0.250,-0.592
Uzunköprü,2020,1,-0.612,-0.855,-2.592,-2.260,-0.928,-1.159,-0.797,-1.167,-1.218,-1.487
Uzunköprü,2020,2,-0.382,-0.601,-1.730,-1.675,-1.676,-1.682,-0.950,-1.257,-1.126,-1.421
Uzunköprü,2020,3,-1.049,-1.305,-1.274,-1.341,-1.962,-1.849,-1.232,-1.379,-0.986,-1.256
Uzunköprü,2020,4,1.242,1.509,-0.249,-0.194,-1.788,-1.629,-0.856,-1.010,-0.770,-1.028
Uzunköprü,2020,5,0.978,1.046,0.601,0.748,-0.930,-0.925,-1.123,-1.180,-0.591,-0.836
Uzunköprü,2020,6,0.422,0.422,1.269,1.570,-0.237,-0.254,-1.079,-1.149,-0.611,-0.771
Uzunköprü,2020,7,0.389,0.114,0.718,0.741,0.197,0.153,-1.255,-1.200,-0.553,-0.581
Uzunköprü,2020,8,0.352,-0.233,0.308,-0.043,0.512,0.398,-0.788,-0.733,-0.984,-0.993
Uzunköprü,2020,9,-0.002,-0.838,0.039,-0.704,0.857,0.648,-0.300,-0.615,-1.044,-1.179
Uzunköprü,2020,10,-0.054,-0.563,-0.223,-0.960,0.158,-0.277,-0.100,-0.476,-1.224,-1.440
Uzunköprü,2020,11,-2.556,-1.648,-1.548,-1.599,-0.949,-1.247,-0.580,-0.865,-1.357,-1.502
Uzunköprü,2020,12,0.182,-0.081,-1.132,-1.285,-0.942,-1.328,-0.187,-0.540,-0.887,-1.171
Uzunköprü,2021,1,1.711,1.946,0.489,0.384,0.107,-0.466,0.335,-0.090,0.122,-0.308
Uzunköprü,2021,2,0.083,-0.103,1.096,1.022,0.070,-0.342,0.085,-0.431,0.250,-0.086
Uzunköprü,2021,3,0.210,0.398,1.151,1.196,0.157,-0.064,0.057,-0.368,0.485,0.262
Uzunköprü,2021,4,0.589,0.804,0.202,0.428,0.415,0.380,0.136,-0.190,0.315,0.054
Uzunköprü,2021,5,0.530,0.362,0.491,0.728,1.099,1.104,0.205,-0.047,0.208,-0.123
Uzunköprü,2021,6,0.997,1.136,0.950,1.182,1.578,1.765,0.497,0.406,0.355,0.035
Uzunköprü,2021,7,-1.645,-1.926,0.396,0.150,0.304,0.238,0.466,0.280,0.201,-0.105
Uzunköprü,2021,8,-0.909,-1.611,0.002,-0.596,0.208,-0.004,0.902,0.490,0.095,-0.222
Uzunköprü,2021,9,0.045,0.042,-0.965,-1.384,0.090,-0.180,0.943,0.799,0.103,-0.115
Uzunköprü,2021,10,-0.006,-0.013,-0.439,-0.626,-0.198,-0.422,-0.131,-0.210,0.121,0.012
Uzunköprü,2021,11,0.653,0.630,0.150,0.161,0.008,-0.282,0.156,0.108,0.715,0.443
Uzunköprü,2021,12,1.648,1.829,1.398,1.441,0.780,0.494,1.035,0.913,1.453,1.351
Uzunköprü,2022,1,-0.776,-1.035,1.237,1.191,0.659,0.496,0.650,0.455,0.604,0.495
Uzunköprü,2022,2,1.583,1.644,1.600,1.610,1.292,1.310,1.106,0.945,1.117,1.054
Uzunköprü,2022,3,-1.308,-0.830,0.093,0.086,1.026,1.099,0.585,0.439,0.826,0.792
Uzunköprü,2022,4,0.697,0.567,0.866,0.976,1.323,1.338,0.873,0.805,0.845,0.729
Uzunköprü,2022,5,-0.028,-0.138,-0.632,-0.416,1.146,1.208,0.932,0.993,0.763,0.649
Uzunköprü,2022,6,0.743,0.608,0.575,0.409,0.307,0.297,1.156,1.196,0.704,0.515
Uzunköprü,2022,7,-0.626,-0.701,-0.055,-0.231,0.579,0.566,1.162,0.730,0.746,0.471
Uzunköprü,2022,8,-0.097,-0.934,0.030,-0.475,-0.600,-0.777,0.957,0.580,0.785,0.503
Uzunköprü,2022,9,0.058,-0.111,-0.552,-0.948,-0.070,-0.470,-0.087,-0.306,0.805,0.499
Uzunköprü,2022,10,-1.180,-1.181,-1.044,-1.248,-0.878,-1.142,-0.161,-0.338,0.557,0.299
Uzunköprü,2022,11,-0.344,-0.735,-1.300,-1.278,-1.014,-1.220,-1.335,-1.423,0.226,0.065
Uzunköprü,2022,12,-0.506,-0.824,-1.589,-1.515,-1.621,-1.584,-1.091,-1.311,-0.915,-1.111
Uzunköprü,2023,1,-0.460,-0.916,-1.370,-1.542,-1.968,-1.822,-1.688,-1.864,-0.966,-1.248
Uzunköprü,2023,2,-2.273,-1.648,-1.676,-1.712,-2.278,-2.000,-2.095,-1.988,-2.101,-2.081
Uzunköprü,2023,3,-0.411,-0.472,-1.478,-1.446,-2.303,-1.968,-2.286,-2.054,-1.785,-1.878
Uzunköprü,2023,4,1.207,1.454,-0.550,-0.361,-1.315,-1.294,-1.749,-1.609,-1.588,-1.620
Uzunköprü,2023,5,0.722,1.083,0.669,1.043,-0.855,-0.741,-1.498,-1.312,-1.411,-1.386
Uzunköprü,2023,6,0.218,0.252,1.001,1.482,-0.601,-0.446,-1.513,-1.313,-1.590,-1.470
Uzunköprü,2023,7,-0.379,-1.778,0.122,0.065,-0.452,-0.467,-1.212,-1.129,-1.609,-1.521
Uzunköprü,2023,8,-1.645,-2.326,-0.532,-1.362,0.026,-0.235,-1.137,-1.260,-1.675,-1.682
Uzunköprü,2023,9,-1.098,-1.688,-1.621,-2.167,-0.041,-0.516,-1.175,-1.500,-1.906,-2.127
Uzunköprü,2023,10,-0.992,-1.421,-1.958,-2.135,-1.132,-1.721,-1.303,-1.652,-1.749,-2.134
Uzunköprü,2023,11,-0.884,-1.703,-2.190,-2.156,-1.979,-2.140,-1.237,-1.750,-1.861,-2.789
Uzunköprü,2023,12,-0.150,-0.445,-1.568,-1.802,-2.011,-2.214,-1.059,-1.520,-1.782,-1.995
Uzunköprü,2024,1,-0.109,-0.420,-1.171,-1.564,-2.191,-2.233,-1.746,-2.214,-1.861,-2.114
Uzunköprü,2024,2,-0.700,-1.149,-0.770,-1.072,-2.007,-2.225,-2.179,-2.435,-1.523,-2.017
Uzunköprü,2024,3,-0.229,-0.381,-0.733,-1.052,-1.732,-1.928,-2.079,-2.404,-1.387,-1.862
Uzunköprü,2024,4,0.258,-0.377,-0.714,-1.210,-1.285,-1.647,-1.993,-2.199,-1.709,-2.135
Uzunköprü,2024,5,0.007,0.370,-0.353,-0.420,-0.882,-1.122,-1.871,-2.046,-1.973,-2.266
Uzunköprü,2024,6,-1.571,-2.517,-0.679,-1.323,-1.291,-1.747,-2.040,-2.210,-2.307,-2.526
Uzunköprü,2024,7,-0.987,-3.553,-1.454,-2.566,-1.518,-2.209,-1.835,-4.753,-2.433,-4.753
Uzunköprü,2024,8,-0.276,-1.391,-1.639,-2.670,-1.336,-2.211,-1.485,-3.489,-2.321,-4.753
Uzunköprü,2024,9,0.260,-0.205,-0.522,-1.659,-1.107,-2.176,-1.458,-2.227,-2.125,-4.753
Uzunköprü,2024,10,-1.715,-1.290,-1.125,-1.449,-1.856,-2.478,-1.908,-2.545,-2.087,-4.753
Uzunköprü,2024,11,-1.169,-1.022,-1.956,-1.486,-2.462,-2.194,-2.249,-2.538,-2.092,-4.753
Uzunköprü,2024,12,0.313,0.210,-1.393,-1.187,-1.454,-1.642,-1.669,-1.926,-1.911,-2.161
Çorlu,1965,1,-0.639,-0.822,,,,,,,,
Çorlu,1965,2,1.054,1.316,,,,,,,,
Çorlu,1965,3,-0.472,-0.530,-0.026,-0.047,,,,,,
Çorlu,1965,4,0.517,0.724,0.622,0.891,,,,,,
Çorlu,1965,5,0.808,0.889,0.423,0.731,,,,,,
Çorlu,1965,6,-0.672,-0.845,0.191,0.413,-0.037,0.165,,,,
Çorlu,1965,7,-0.241,-0.234,-0.220,-0.135,0.185,0.492,,,,
Çorlu,1965,8,0.870,1.274,-0.420,-0.084,-0.125,0.318,,,,
Çorlu,1965,9,-2.005,-1.344,-0.648,-0.181,-0.405,0.053,-0.429,-0.091,,
Çorlu,1965,10,-0.321,-0.182,-0.723,-0.262,-0.727,-0.350,-0.327,0.164,,
Çorlu,1965,11,2.125,1.977,0.930,0.988,0.464,0.696,0.519,0.895,,
Çorlu,1965,12,1.318,1.319,1.801,1.794,1.307,1.489,1.208,1.447,0.939,1.198
Çorlu,1966,1,1.663,1.690,2.476,2.428,2.019,1.325,1.683,1.863,1.797,1.936
Çorlu,1966,2,0.703,0.438,1.812,1.792,1.799,1.891,1.529,1.661,1.545,1.686
Çorlu,1966,3,1.323,1.419,1.710,1.745,2.200,2.337,1.871,2.028,1.860,2.043
Çorlu,1966,4,0.397,0.141,1.221,1.001,2.497,1.451,2.020,1.195,1.773,1.889
Çorlu,1966,5,0.336,0.408,1.081,1.129,2.164,2.047,2.053,1.255,1.743,1.828
Çorlu,1966,6,1.311,1.667,1.201,1.397,2.293,2.267,2.565,2.439,2.236,2.216
Çorlu,1966,7,-1.402,-0.983,0.656,0.962,1.336,1.451,2.735,1.544,2.156,1.259
Çorlu,1966,8,-0.074,-0.065,0.517,0.732,0.991,1.180,2.058,1.185,1.995,1.219
Çorlu,1966,9,0.122,0.248,-0.855,-0.567,0.377,0.732,1.645,1.792,2.081,2.137
Çorlu,1966,10,-1.461,-1.910,-1.265,-1.311,-0.297,-0.187,0.376,0.368,1.963,1.177
Çorlu,1966,11,1.372,1.272,0.240,-0.188,0.405,0.300,0.779,0.811,1.820,1.706
Çorlu,1966,12,1.045,1.131,0.859,0.540,0.323,0.018,0.821,0.828,1.698,1.641
Çorlu,1967,1,1.141,1.280,1.652,1.704,0.982,0.632,1.094,1.217,1.489,1.454
Çorlu,1967,2,-0.100,0.057,1.069,1.278,0.854,0.837,0.920,1.059,1.178,1.320
Çorlu,1967,3,-0.750,-0.784,0.372,0.515,0.727,0.617,0.367,0.256,0.758,0.884
Çorlu,1967,4,0.188,0.102,-0.577,-0.424,1.137,0.843,0.558,0.394,0.700,0.837
Çorlu,1967,5,-0.937,-0.894,-1.236,-1.105,0.473,0.601,0.413,0.315,0.502,0.553
Çorlu,1967,6,-0.449,-0.206,-1.109,-0.735,-0.388,-0.096,0.286,0.256,-0.055,-0.043
Çorlu,1967,7,-0.202,-0.119,-1.370,-0.846,-1.624,-1.055,0.589,0.585,0.032,0.136
Çorlu,1967,8,0.009,-0.044,-0.830,-0.414,-1.586,-1.053,-0.014,0.213,0.047,0.120
Çorlu,1967,9,0.366,0.216,-0.265,-0.161,-1.162,-0.813,-0.569,-0.290,0.101,0.072
Çorlu,1967,10,-0.169,-0.359,-0.310,-0.413,-1.162,-0.928,-1.402,-1.065,0.308,0.338
Çorlu,1967,11,-1.338,-1.324,-1.025,-1.085,-1.539,-1.184,-1.869,-1.506,-0.562,-0.389
Çorlu,1967,12,0.433,0.418,-0.668,-0.770,-0.836,-0.840,-1.337,-1.133,-0.906,-0.706
Çorlu,1968,1,1.815,1.840,0.800,0.873,0.451,0.358,-0.224,-0.109,-0.514,-0.303
Çorlu,1968,2,-0.087,-0.269,1.199,1.329,0.390,0.331,-0.011,0.089,-0.441,-0.344
Çorlu,1968,3,0.752,0.868,1.357,1.515,0.512,0.523,0.311,0.325,-0.122,-0.032
Çorlu,1968,4,-1.805,-1.497,-0.420,-0.571,0.429,0.340,0.170,0.131,-0.359,-0.353
Çorlu,1968,5,-1.088,-1.611,-1.115,-1.591,0.659,0.428,-0.035,-0.166,-0.396,-0.532
Çorlu,1968,6,0.049,0.093,-1.779,-1.845,0.497,0.327,-0.123,-0.317,-0.286,-0.423
Çorlu,1968,7,-0.918,-0.575,-1.280,-1.285,-1.428,-1.438,-0.168,-0.176,-0.350,-0.305
Çorlu,1968,8,0.942,1.278,-0.118,0.314,-0.944,-0.833,0.427,0.343,-0.157,-0.089
Çorlu,1968,9,1.486,1.633,1.105,1.343,-0.203,-0.189,0.957,1.038,0.286,0.301
Çorlu,1968,10,-0.529,-0.416,0.867,1.193,-0.085,0.088,-0.380,-0.292,0.209,0.255
Çorlu,1968,11,-0.394,-0.496,0.254,0.290,0.005,0.374,-0.510,-0.420,0.427,0.515
Çorlu,1968,12,0.968,1.119,-0.018,0.064,0.554,0.854,-0.228,-0.135,0.656,0.794
Çorlu,1969,1,0.754,0.958,0.623,0.747,0.954,0.873,0.302,0.555,0.058,0.256
Çorlu,1969,2,1.328,1.445,1.349,1.560,1.085,1.348,0.902,1.316,0.508,0.735
Çorlu,1969,3,-0.354,-0.029,0.885,1.136,0.499,0.735,0.839,1.238,0.274,0.491
Çorlu,1969,4,0.412,0.736,0.857,1.187,0.825,0.786,1.046,0.909,0.539,0.899
Çorlu,1969,5,-2.128,-1.834,-1.298,-0.967,0.767,0.985,0.640,0.649,0.469,0.868
Çorlu,1969,6,0.285,0.032,-0.777,-0.830,0.349,0.504,0.146,0.329,0.536,0.879
Çorlu,1969,7,-1.124,0.046,-1.478,-1.191,-0.365,-0.053,0.214,0.419,0.524,0.641
Çorlu,1969,8,0.854,1.007,-0.027,0.340,-0.974,-0.444,0.564,0.620,0.499,0.603
Çorlu,1969,9,-0.758,-1.016,-0.731,-0.129,-1.251,-0.859,-0.112,0.219,-0.151,0.148
Çorlu,1969,10,-2.462,-1.350,-1.363,-1.066,-2.023,-1.559,-1.023,-0.678,-0.324,0.012
Çorlu,1969,11,-0.259,-0.483,-1.822,-1.549,-1.528,-1.142,-1.889,-1.415,-0.308,-0.061
Çorlu,1969,12,1.101,1.122,-0.147,-0.326,-0.594,-0.483,-0.968,-0.859,-0.245,-0.073
Çorlu,1970,1,0.092,-0.005,0.424,0.229,-0.358,-0.348,-1.054,-1.158,-0.585,-0.466
Çorlu,1970,2,1.787,1.862,1.376,1.397,0.286,0.058,0.155,0.190,-0.291,-0.197
Çorlu,1970,3,1.027,0.982,1.253,1.255,0.700,0.578,0.368,0.387,0.032,-0.008
Çorlu,1970,4,1.053,0.619,2.142,1.846,1.334,0.820,0.731,0.426,0.179,-0.032
Çorlu,1970,5,0.394,0.489,1.264,1.118,1.817,1.702,0.702,0.438,0.558,0.553
Çorlu,1970,6,-0.112,-0.040,0.449,0.517,1.390,1.384,0.790,0.743,0.467,0.575
Çorlu,1970,7,-0.876,-0.794,-0.440,-0.197,1.374,1.374,1.088,0.721,0.476,0.333
Çorlu,1970,8,-1.645,-0.503,-1.177,-0.779,0.143,0.159,1.174,0.730,0.249,0.147
Çorlu,1970,9,-1.235,-0.694,-2.632,-1.217,-0.813,-0.547,0.505,0.552,0.205,0.171
Çorlu,1970,10,0.681,0.870,-0.349,-0.015,-0.638,-0.221,0.752,0.950,0.723,0.554
Çorlu,1970,11,0.966,1.033,0.532,0.716,-0.238,0.039,0.389,0.611,1.198,1.285
Çorlu,1970,12,0.013,-0.028,0.724,0.861,-0.148,0.013,0.026,0.269,0.765,0.905
Çorlu,1971,1,0.647,0.512,0.655,0.591,0.291,0.333,-0.043,0.193,0.970,1.106
Çorlu,1971,2,-0.137,-0.198,0.138,-0.007,0.334,0.391,-0.157,-0.018,0.282,0.444
Çorlu,1971,3,2.107,2.136,1.125,1.151,1.120,1.279,0.541,0.670,0.618,0.813
Çorlu,1971,4,-0.871,-0.534,0.883,1.037,0.862,0.677,0.558,0.528,0.284,0.552
Çorlu,1971,5,0.224,-0.124,1.180,1.184,0.657,0.627,0.710,0.623,0.253,0.412
Çorlu,1971,6,0.105,0.006,-0.498,-0.442,0.755,0.749,0.881,0.990,0.308,0.466
Çorlu,1971,7,0.289,0.768,-0.020,0.191,0.545,0.872,0.755,0.675,0.452,0.521
Çorlu,1971,8,-0.709,-0.386,-0.320,0.092,0.497,0.792,0.341,0.377,0.470,0.526
Çorlu,1971,9,-0.226,-0.168,-0.657,0.010,-0.979,-0.471,0.283,0.505,0.545,0.800
Çorlu,1971,10,-0.394,-0.229,-1.118,-0.650,-0.793,-0.378,-0.210,0.236,0.216,0.368
Çorlu,1971,11,0.601,0.671,-0.267,-0.122,-0.572,-0.106,0.106,0.541,0.089,0.355
Çorlu,1971,12,-0.481,-0.563,-0.382,-0.260,-0.779,-0.356,-0.998,-0.559,-0.077,0.187
Çorlu,1972,1,-1.062,-0.949,-0.535,-0.562,-1.238,-0.750,-1.169,-0.823,-0.667,-0.231
Çorlu,1972,2,-1.150,-0.985,-1.485,-1.282,-1.225,-1.001,-1.393,-0.962,-0.782,-0.377
Çorlu,1972,3,-2.002,-1.435,-2.078,-1.527,-1.460,-1.198,-1.677,-1.138,-1.860,-1.328
Çorlu,1972,4,-1.455,-1.539,-2.814,-1.990,-1.586,-1.502,-1.992,-1.517,-1.853,-1.427
Çorlu,1972,5,0.026,-0.141,-2.048,-1.902,-2.493,-1.933,-1.948,-1.674,-2.007,-1.447
Çorlu,1972,6,-0.315,-0.674,-1.203,-1.428,-2.775,-2.220,-1.980,-1.701,-2.175,-1.635
Çorlu,1972,7,0.459,0.133,-0.290,-0.553,-2.235,-1.870,-1.789,-1.820,-2.090,-1.825
Çorlu,1972,8,0.600,0.386,-0.029,-0.386,-1.398,-1.468,-2.179,-2.087,-1.824,-1.536
Çorlu,1972,9,1.495,1.685,1.320,1.247,0.309,0.001,-1.130,-1.153,-1.039,-0.992
Çorlu,1972,10,0.895,1.082,1.538,1.617,0.945,0.974,-0.179,-0.262,-0.520,-0.373
Çorlu,1972,11,0.367,0.424,1.431,1.681,1.124,1.157,0.251,0.166,-0.664,-0.669
Çorlu,1972,12,-2.084,-1.581,-0.160,-0.057,0.608,0.676,0.008,-0.098,-1.001,-0.958
Çorlu,1973,1,-0.314,-0.256,-0.937,-0.898,0.331,0.398,0.059,0.104,-0.893,-0.901
Çorlu,1973,2,1.369,1.389,-0.292,-0.387,0.678,0.851,0.533,0.595,-0.078,-0.147
Çorlu,1973,3,0.560,0.800,0.658,0.749,0.253,0.359,0.738,0.880,0.299,0.263
Çorlu,1973,4,0.135,0.061,1.183,1.205,-0.058,0.055,0.720,0.612,0.489,0.568
Çorlu,1973,5,-1.101,-1.159,-0.426,-0.351,-0.578,-0.591,0.459,0.490,0.329,0.342
Çorlu,1973,6,-0.427,-0.189,-1.209,-0.917,-0.112,0.024,-0.246,-0.064,0.312,0.497
Çorlu,1973,7,0.243,0.051,-1.129,-0.912,0.117,0.188,-0.646,-0.357,0.263,0.363
Çorlu,1973,8,1.403,1.671,0.327,0.769,-0.134,0.278,-0.419,-0.035,0.464,0.569
Çorlu,1973,9,0.053,-0.104,0.561,0.827,-0.482,-0.105,0.121,0.404,-0.069,0.211
Çorlu,1973,10,0.564,0.494,0.750,0.955,-0.129,0.092,0.481,0.724,-0.221,0.041
Çorlu,1973,11,-0.705,-0.518,-0.302,-0.362,-0.160,0.191,-0.374,-0.015,-0.574,-0.302
Çorlu,1973,12,-0.620,-0.785,-0.595,-0.608,-0.260,-0.109,-0.840,-0.568,-0.323,-0.096
Çorlu,1974,1,-1.043,-0.840,-1.439,-1.220,-0.683,-0.282,-1.237,-0.950,-0.550,-0.250
Çorlu,1974,2,-0.391,-0.609,-1.244,-1.216,-1.109,-1.092,-0.951,-0.703,-1.086,-0.810
Çorlu,1974,3,0.222,0.340,-0.757,-0.714,-0.964,-0.940,-0.683,-0.530,-1.170,-0.926
Çorlu,1974,4,-0.392,-0.032,-0.536,-0.303,-1.354,-0.967,-0.769,-0.283,-1.215,-0.890
Çorlu,1974,5,1.994,2.139,1.571,1.746,-0.097,0.143,-0.305,0.002,-0.233,0.172
Çorlu,1974,6,-0.331,-0.347,1.106,1.360,0.040,0.426,-0.404,-0.146,-0.218,0.180
Çorlu,1974,7,-1.145,-0.465,0.849,1.133,0.274,0.707,-0.826,-0.269,-0.375,0.118
Çorlu,1974,8,-0.497,0.091,-1.291,-0.610,0.353,0.886,-0.694,-0.122,-0.752,-0.229
Çorlu,1974,9,0.106,-0.069,-1.021,-0.452,0.224,0.758,-0.492,-0.010,-0.726,-0.375
Çorlu,1974,10,-0.214,-0.955,-0.682,-0.892,0.126,0.227,-0.240,-0.022,-1.028,-0.565
Çorlu,1974,11,0.788,0.876,0.117,-0.286,-0.694,-0.675,0.245,0.514,-0.564,-0.359
Çorlu,1974,12,-0.481,-0.592,-0.158,-0.457,-0.716,-0.746,-0.049,0.159,-0.537,-0.322
Çorlu,1975,1,0.179,0.203,0.088,0.059,-0.421,-0.390,0.028,0.131,-0.254,-0.024
Çorlu,1975,2,-1.256,-1.031,-0.799,-0.797,-0.548,-0.779,-1.089,-1.057,-0.353,-0.097
Çorlu,1975,3,1.549,1.327,0.278,0.143,-0.011,-0.331,-0.399,-0.545,0.024,0.116
Çorlu,1975,4,0.456,-0.075,0.482,0.109,0.243,0.117,-0.138,-0.220,0.176,0.104
Çorlu,1975,5,1.183,1.189,1.899,1.440,0.403,0.204,0.294,0.068,-0.182,-0.339
Çorlu,1975,6,0.565,0.521,1.162,0.975,0.904,0.764,0.441,0.190,0.061,-0.064
Çorlu,1975,7,0.518,0.485,1.021,1.087,1.109,0.942,0.684,0.489,0.279,0.148
Çorlu,1975,8,0.515,0.821,0.530,0.725,1.565,1.406,0.521,0.369,0.400,0.224
Çorlu,1975,9,-1.827,-1.366,-0.379,-0.156,0.565,0.562,0.519,0.434,0.210,0.016
Çorlu,1975,10,1.320,1.462,0.728,0.865,1.073,1.237,1.137,1.136,0.809,0.587
Çorlu,1975,11,1.170,1.340,1.200,1.341,1.219,1.460,1.815,1.776,1.052,1.106
Çorlu,1975,12,0.238,0.338,1.416,1.594,1.018,1.279,1.388,1.518,1.254,1.350
Çorlu,1976,1,-0.646,-0.769,0.349,0.474,0.630,0.617,0.988,1.266,1.073,1.185
Çorlu,1976,2,-0.745,-0.579,-0.635,-0.579,0.321,0.457,0.429,0.738,1.053,1.200
Çorlu,1976,3,-0.538,-0.320,-1.099,-0.925,0.433,0.684,0.201,0.473,0.589,0.844
Çorlu,1976,4,-0.561,-0.742,-1.308,-0.976,-0.290,-0.044,0.042,0.246,0.417,0.684
Çorlu,1976,5,0.828,0.947,-0.140,0.086,-0.729,-0.523,0.200,0.367,0.314,0.622
Çorlu,1976,6,1.145,1.469,1.007,1.212,-0.277,0.089,0.773,1.160,0.539,0.966
Çorlu,1976,7,0.195,0.294,1.069,1.439,0.066,0.580,0.232,0.524,0.466,0.616
Çorlu,1976,8,1.981,2.119,1.606,2.045,1.257,1.766,0.372,0.637,0.867,0.883
Çorlu,1976,9,0.567,0.630,1.261,1.601,1.573,1.975,0.478,1.109,1.106,1.622
Çorlu,1976,10,0.537,0.489,1.331,1.594,1.525,1.925,0.880,1.451,0.770,0.848
Çorlu,1976,11,0.066,-0.102,0.361,0.210,1.338,1.761,1.047,1.488,0.439,0.910
Çorlu,1976,12,0.387,0.394,0.324,0.208,0.921,1.202,1.226,1.575,0.489,0.929
Çorlu,1977,1,0.373,0.385,0.227,0.102,0.961,0.809,1.295,1.701,0.773,1.251
Çorlu,1977,2,0.663,0.257,0.514,0.333,0.497,0.307,1.158,1.446,1.019,1.330
Çorlu,1977,3,-0.147,-0.282,0.337,0.050,0.340,0.071,0.781,0.908,1.065,1.340
Çorlu,1977,4,1.203,1.176,0.815,0.552,0.508,0.298,1.035,0.736,1.313,1.602
Çorlu,1977,5,-0.057,-0.196,0.368,0.401,0.566,0.415,0.548,0.363,1.167,1.396
Çorlu,1977,6,0.448,0.478,0.638,0.740,0.597,0.500,0.522,0.417,0.945,1.112
Çorlu,1977,7,0.246,0.112,0.037,0.098,0.532,0.391,0.419,0.285,0.947,0.699
Çorlu,1977,8,-1.002,-0.800,-0.091,-0.089,0.056,0.079,0.355,0.211,0.391,0.247
Çorlu,1977,9,-0.002,0.120,-0.571,-0.367,0.016,0.209,0.170,0.095,0.234,0.143
Çorlu,1977,10,-0.451,-0.203,-1.048,-0.604,-0.712,-0.415,-0.193,-0.102,-0.064,0.014
Çorlu,1977,11,0.017,-0.194,-0.662,-0.532,-0.746,-0.553,-0.458,-0.285,-0.079,-0.088
Çorlu,1977,12,0.029,0.094,-0.502,-0.393,-0.848,-0.656,-0.433,-0.199,-0.233,-0.206
Çorlu,1978,1,1.174,1.264,0.516,0.512,-0.150,0.056,-0.216,-0.023,0.113,0.234
Çorlu,1978,2,0.874,0.846,0.905,1.008,0.283,0.389,0.128,0.290,0.193,0.397
Çorlu,1978,3,0.520,0.372,1.168,1.176,0.445,0.467,0.159,0.195,0.327,0.470
Çorlu,1978,4,1.293,1.272,1.318,1.211,0.968,0.700,0.445,0.412,0.345,0.475
Çorlu,1978,5,0.567,0.522,1.216,1.182,1.350,1.417,0.680,0.621,0.515,0.668
Çorlu,1978,6,-0.942,-0.928,0.382,0.450,1.263,1.276,0.514,0.619,0.238,0.373
Çorlu,1978,7,-0.722,-0.564,-0.681,-0.586,0.487,0.445,0.611,0.492,0.108,0.224
Çorlu,1978,8,-0.914,0.196,-1.875,-0.961,-0.128,0.092,0.587,0.527,0.114,0.292
Çorlu,1978,9,1.552,1.780,0.713,1.089,0.684,1.076,1.343,1.563,0.647,0.913
Çorlu,1978,10,1.105,1.217,1.506,1.727,0.745,1.076,1.275,1.494,1.155,0.877
Çorlu,1978,11,-1.005,-0.816,1.121,1.373,0.175,0.542,0.669,1.015,1.054,1.324
Çorlu,1978,12,-0.687,-0.909,-0.216,-0.223,0.134,0.410,0.232,0.571,0.860,1.081
Çorlu,1979,1,1.243,1.326,-0.105,-0.153,0.853,0.787,0.395,0.728,0.904,1.162
Çorlu,1979,2,-0.406,-0.595,0.172,0.066,0.738,0.896,0.137,0.398,0.520,0.816
Çorlu,1979,3,-1.450,-1.776,0.206,-0.031,-0.096,-0.283,0.135,0.236,0.202,0.372
Çorlu,1979,4,0.131,0.151,-1.104,-1.195,-0.610,-0.581,0.291,0.348,-0.049,0.086
Çorlu,1979,5,0.361,0.196,-0.625,-0.819,-0.230,-0.447,0.461,0.416,-0.112,0.003
Çorlu,1979,6,-1.706,-1.580,-0.709,-0.840,-0.357,-0.682,-0.441,-0.630,-0.178,-0.103
Çorlu,1979,7,1.088,1.409,0.030,0.003,-0.898,-0.986,-0.688,-0.583,0.210,0.305
Çorlu,1979,8,1.068,1.172,0.350,0.442,-0.234,-0.276,-0.115,-0.088,0.475,0.425
Çorlu,1979,9,-0.878,-0.795,0.584,0.896,-0.157,0.022,-0.061,-0.102,-0.225,-0.232
Çorlu,1979,10,1.123,1.304,0.822,1.017,0.517,0.701,-0.105,-0.060,-0.213,-0.073
Çorlu,1979,11,0.380,0.383,0.565,0.620,0.561,0.721,0.171,0.238,0.163,0.154
Çorlu,1979,12,-0.504,-0.729,0.489,0.506,0.622,0.836,0.200,0.339,0.201,0.196
Çorlu,1980,1,1.352,1.484,0.589,0.618,0.895,0.746,0.719,0.924,0.240,0.345
Çorlu,1980,2,0.108,0.209,0.502,0.608,0.608,0.762,0.617,0.865,0.349,0.514
Çorlu,1980,3,1.003,1.217,1.155,1.421,0.995,1.243,1.057,1.406,0.763,1.049
Çorlu,1980,4,0.298,0.402,0.594,0.866,0.677,0.636,0.897,0.756,0.768,1.048
Çorlu,1980,5,0.251,0.189,0.734,0.991,0.737,0.985,0.787,0.742,0.777,1.069
Çorlu,1980,6,1.201,1.424,1.001,1.201,1.614,1.908,1.301,1.571,1.356,1.683
Çorlu,1980,7,1.206,1.398,1.337,1.544,1.482,1.873,1.274,1.029,1.382,1.016
Çorlu,1980,8,-0.914,-0.032,1.172,1.476,1.314,1.656,1.178,0.943,1.130,0.948
Çorlu,1980,9,-0.456,-0.205,0.122,0.582,0.721,1.230,1.356,1.847,1.133,1.536
Çorlu,1980,10,-1.226,-1.609,-2.013,-1.386,0.083,0.341,0.307,0.716,0.516,0.580
Çorlu,1980,11,0.591,0.497,-0.681,-0.908,0.274,0.397,0.509,0.805,0.650,0.923
Çorlu,1980,12,1.167,1.217,0.480,0.162,0.365,0.337,0.748,0.938,1.251,1.509
Çorlu,1981,1,0.983,1.134,1.260,1.302,0.377,0.314,0.971,1.185,1.102,1.379
Çorlu,1981,2,-0.346,-0.370,0.985,1.111,0.343,0.239,0.777,0.995,0.925,1.218
Çorlu,1981,3,0.567,0.323,0.571,0.583,0.594,0.392,0.516,0.533,0.811,1.014
Çorlu,1981,4,-2.007,-1.324,-0.781,-0.851,0.712,0.508,-0.012,0.014,0.537,0.651
Çorlu,1981,5,0.594,0.918,-0.129,0.081,0.806,0.958,0.225,0.240,0.652,0.862
Çorlu,1981,6,-2.757,-1.753,-1.494,-1.185,-0.340,-0.327,0.038,-0.148,0.003,0.052
Çorlu,1981,7,1.295,1.581,0.318,0.532,-0.406,-0.300,0.756,0.615,0.043,0.148
Çorlu,1981,8,-0.577,0.061,-0.174,-0.075,-0.347,-0.122,0.536,0.499,0.064,0.139
Çorlu,1981,9,0.223,0.134,0.580,0.898,-0.625,-0.227,-0.050,0.182,0.182,0.177
Çorlu,1981,10,0.822,0.674,0.354,0.335,0.348,0.518,-0.138,-0.047,0.702,0.544
Çorlu,1981,11,1.082,1.278,1.052,1.076,0.698,0.778,0.484,0.669,0.971,1.130
Çorlu,1981,12,1.932,1.926,2.064,1.967,2.006,2.129,1.351,1.484,1.384,1.514
Çorlu,1982,1,-0.136,-0.145,1.535,1.660,1.487,1.023,1.390,1.586,1.023,1.174
Çorlu,1982,2,-1.282,-1.047,0.848,0.908,1.147,1.257,0.945,1.093,0.813,1.007
Çorlu,1982,3,-1.586,-1.190,-1.328,-1.117,0.907,1.001,0.975,1.205,0.482,0.711
Çorlu,1982,4,1.580,1.691,-0.465,-0.130,1.066,0.881,1.019,0.778,0.988,1.285
Çorlu,1982,5,0.670,0.826,0.650,1.039,1.020,1.256,1.273,0.972,1.054,1.288
Çorlu,1982,6,-0.440,-0.623,0.822,1.051,-0.583,-0.249,1.143,1.322,1.207,1.472
Çorlu,1982,7,0.623,0.873,0.197,0.490,-0.306,0.201,1.060,0.940,0.991,0.812
Çorlu,1982,8,0.351,0.606,-0.099,0.191,0.249,0.743,0.761,0.712,1.066,0.869
Çorlu,1982,9,-1.302,-1.585,-0.333,-0.110,0.302,0.661,-0.771,-0.384,0.864,1.082
Çorlu,1982,10,-0.659,-0.993,-1.326,-1.327,-0.713,-0.593,-0.962,-0.637,0.441,0.493
Çorlu,1982,11,-0.849,-0.797,-1.919,-1.676,-1.655,-1.343,-0.925,-0.647,-0.148,0.019
Çorlu,1982,12,0.748,0.686,-0.450,-0.657,-0.684,-0.729,-0.197,-0.060,-0.928,-0.711
Çorlu,1983,1,-0.394,-0.474,-0.264,-0.425,-1.058,-1.032,-0.890,-0.887,-1.098,-0.892
Çorlu,1983,2,0.526,0.621,0.338,0.265,-0.721,-0.995,-0.826,-0.909,-0.552,-0.406
Çorlu,1983,3,-2.357,-1.912,-0.687,-0.826,-0.821,-1.034,-0.965,-1.035,-0.608,-0.589
Çorlu,1983,4,-1.323,-1.477,-1.238,-1.379,-0.798,-0.908,-1.336,-1.380,-1.184,-1.234
Çorlu,1983,5,-0.450,-0.957,-2.642,-2.664,-0.801,-1.200,-1.595,-2.193,-1.587,-1.629
Çorlu,1983,6,-0.122,0.144,-1.378,-1.390,-1.666,-1.673,-1.414,-1.538,-1.524,-1.524
Çorlu,1983,7,1.691,1.854,0.653,0.708,-0.349,-0.550,-0.488,-0.481,-0.979,-0.937
Çorlu,1983,8,0.978,1.359,1.218,1.622,-0.250,-0.213,0.015,0.044,-0.801,-0.714
Çorlu,1983,9,-0.179,-0.260,1.248,1.461,0.145,0.315,-0.509,-0.447,-0.661,-0.699
Çorlu,1983,10,-0.318,-0.244,-0.260,0.194,0.195,0.547,-0.484,-0.324,-0.581,-0.343
Çorlu,1983,11,-0.864,-0.658,-1.272,-0.931,-0.027,0.538,-1.033,-0.791,-0.634,-0.511
Çorlu,1983,12,-0.525,-0.739,-1.296,-1.054,-0.197,0.108,-0.845,-0.605,-1.197,-0.974
Çorlu,1984,1,0.541,0.471,-0.547,-0.671,-0.776,-0.363,-0.378,-0.139,-0.909,-0.795
Çorlu,1984,2,0.075,0.027,-0.111,-0.313,-0.853,-0.860,-0.187,0.155,-0.947,-0.886
Çorlu,1984,3,1.765,1.905,0.961,1.040,-0.111,-0.099,0.397,0.660,-0.104,0.045
Çorlu,1984,4,0.959,1.298,1.409,1.665,0.306,0.396,0.077,0.348,0.269,0.641
Çorlu,1984,5,-0.155,-0.562,1.445,1.538,0.608,0.671,-0.172,0.060,0.338,0.747
Çorlu,1984,6,-1.010,-0.758,-0.377,-0.104,0.633,0.830,-0.332,-0.140,0.198,0.579
Çorlu,1984,7,0.369,0.647,-0.785,-0.567,0.510,0.934,-0.134,0.162,-0.300,0.160
Çorlu,1984,8,0.839,1.292,-0.236,0.421,0.746,1.295,0.331,0.494,-0.325,0.125
Çorlu,1984,9,-1.302,-1.593,-0.224,0.220,-0.592,-0.055,0.342,0.686,-0.442,-0.126
Çorlu,1984,10,-0.639,-1.217,-0.924,-0.980,-1.258,-1.107,-0.162,0.109,-0.514,-0.208
Çorlu,1984,11,0.127,0.071,-1.074,-1.398,-1.174,-0.956,-0.141,0.097,-0.270,-0.173
Çorlu,1984,12,-1.301,-1.257,-1.238,-1.371,-1.282,-1.100,-1.360,-1.084,-0.462,-0.334
Çorlu,1985,1,1.118,1.178,0.049,-0.059,-0.572,-0.525,-0.990,-1.014,-0.220,0.005
Çorlu,1985,2,-0.133,0.089,-0.032,0.011,-0.693,-0.962,-0.861,-0.759,-0.230,0.037
Çorlu,1985,3,-0.662,-0.381,0.362,0.556,-0.571,-0.683,-0.693,-0.589,-0.887,-0.673
Çorlu,1985,4,0.355,-0.048,-0.463,-0.294,-0.219,-0.104,-0.655,-0.459,-0.992,-0.935
Çorlu,1985,5,-1.505,-1.604,-1.304,-1.499,-0.732,-0.828,-1.181,-1.391,-1.275,-1.177
Çorlu,1985,6,-0.315,-0.290,-1.126,-1.332,-0.407,-0.453,-1.070,-1.199,-1.162,-1.084
Çorlu,1985,7,-0.241,0.102,-1.557,-1.211,-1.637,-1.222,-0.961,-0.690,-1.283,-0.981
Çorlu,1985,8,-0.589,-0.458,-0.974,-0.502,-1.734,-1.322,-1.187,-0.784,-1.508,-1.376
Çorlu,1985,9,-0.244,-0.225,-1.052,-0.463,-1.734,-1.439,-0.911,-0.714,-1.348,-1.239
Çorlu,1985,10,-0.257,-0.057,-0.978,-0.581,-1.797,-1.278,-1.818,-1.281,-1.247,-0.794
Çorlu,1985,11,1.268,1.267,0.366,0.486,-0.324,0.012,-0.874,-0.687,-0.792,-0.579
Çorlu,1985,12,-0.723,-1.039,0.094,0.075,-0.484,-0.333,-1.018,-0.964,-0.672,-0.542
Çorlu,1986,1,1.565,1.530,1.139,1.064,0.524,0.420,-0.204,-0.210,-0.449,-0.336
Çorlu,1986,2,0.539,0.544,0.761,0.657,0.684,0.717,0.251,0.418,-0.197,-0.172
Çorlu,1986,3,-0.276,-0.146,1.082,1.146,0.708,0.749,0.307,0.417,-0.131,-0.181
Çorlu,1986,4,-0.968,-1.349,-0.362,-0.569,0.747,0.449,0.250,0.183,-0.323,-0.430
Çorlu,1986,5,-0.983,-0.540,-1.681,-1.376,-0.020,-0.191,0.124,0.170,-0.278,-0.168
Çorlu,1986,6,0.580,0.517,-0.805,-0.782,0.560,0.543,0.355,0.362,-0.030,0.095
Çorlu,1986,7,0.014,0.068,-0.380,-0.091,-0.727,-0.610,0.487,0.372,0.013,0.121
Çorlu,1986,8,-1.204,-0.966,-0.108,-0.129,-1.272,-1.019,-0.174,-0.155,-0.007,0.062
Çorlu,1986,9,0.209,0.062,-0.574,-0.481,-1.168,-1.066,0.136,0.077,0.080,0.056
Çorlu,1986,10,0.164,0.246,-0.361,-0.351,-0.607,-0.379,-0.814,-0.693,0.203,0.162
Çorlu,1986,11,-0.571,-0.290,-0.502,-0.344,-0.629,-0.428,-1.289,-0.994,-0.467,-0.424
Çorlu,1986,12,-0.667,-0.643,-0.889,-0.585,-1.193,-0.855,-1.510,-1.168,-0.465,-0.331
Çorlu,1987,1,0.400,0.499,-0.596,-0.450,-0.882,-0.496,-1.072,-0.742,-1.220,-0.957
Çorlu,1987,2,-1.168,-1.332,-0.712,-0.755,-0.894,-0.786,-0.989,-0.850,-1.531,-1.313
Çorlu,1987,3,-0.916,-0.228,-0.650,-0.504,-1.097,-0.806,-1.310,-0.966,-1.645,-1.282
Çorlu,1987,4,-0.017,0.256,-1.424,-0.805,-1.151,-0.600,-1.263,-0.637,-1.396,-0.918
Çorlu,1987,5,-0.413,-0.296,-1.148,-0.265,-1.328,-0.843,-1.324,-0.644,-1.348,-0.873
Çorlu,1987,6,-0.461,-0.710,-0.955,-0.582,-1.371,-0.927,-1.526,-1.011,-1.720,-1.169
Çorlu,1987,7,0.236,-0.177,-0.795,-0.811,-1.876,-1.276,-1.645,-1.039,-1.641,-0.994
Çorlu,1987,8,-0.010,0.528,-0.567,-0.491,-1.332,-0.628,-1.547,-0.792,-1.504,-0.762
Çorlu,1987,9,-1.569,-1.326,-0.952,-0.713,-1.534,-1.074,-1.742,-1.170,-1.741,-1.162
Çorlu,1987,10,-0.287,-0.173,-1.243,-0.744,-1.462,-1.117,-2.134,-1.402,-1.922,-1.130
Çorlu,1987,11,0.697,0.674,-0.386,-0.487,-0.823,-0.761,-1.242,-0.788,-1.543,-1.054
Çorlu,1987,12,0.987,1.130,0.650,0.754,0.089,0.148,-0.407,-0.174,-0.798,-0.480
Çorlu,1988,1,-1.337,-1.541,0.359,0.235,-0.384,-0.193,-0.821,-0.803,-1.414,-1.122
Çorlu,1988,2,0.352,0.357,0.173,0.083,-0.177,-0.313,-0.495,-0.558,-0.893,-0.641
Çorlu,1988,3,-0.005,-0.245,-0.551,-0.811,0.062,-0.047,-0.311,-0.394,-0.714,-0.671
Çorlu,1988,4,0.826,0.925,0.444,0.468,0.430,0.333,-0.128,0.029,-0.491,-0.479
Çorlu,1988,5,-0.400,-0.456,-0.031,0.064,0.051,0.017,-0.235,-0.128,-0.511,-0.521
Çorlu,1988,6,0.580,0.488,0.348,0.464,-0.388,-0.477,0.132,0.172,-0.228,-0.174
Çorlu,1988,7,-0.031,-0.569,-0.158,-0.342,0.085,-0.030,0.251,0.172,-0.275,-0.106
Çorlu,1988,8,-1.241,-0.654,-0.131,-0.359,-0.248,-0.334,-0.123,-0.110,-0.345,-0.269
Çorlu,1988,9,0.001,-0.098,-0.805,-0.819,-0.354,-0.335,-0.805,-0.890,-0.181,-0.224
Çorlu,1988,10,-0.551,-0.396,-1.151,-0.811,-0.920,-0.852,-0.586,-0.523,-0.239,-0.148
Çorlu,1988,11,1.679,1.846,0.698,1.065,0.394,0.602,0.263,0.516,0.238,0.386
Çorlu,1988,12,0.381,0.450,0.843,1.187,0.323,0.541,0.380,0.688,-0.054,0.087
Çorlu,1989,1,-1.975,-1.470,0.546,0.827,-0.156,0.185,-0.321,-0.092,-0.160,0.132
Çorlu,1989,2,-1.936,-1.732,-1.204,-1.183,-0.355,-0.176,-0.498,-0.367,-0.527,-0.335
Çorlu,1989,3,0.398,-0.001,-1.466,-1.509,-0.190,-0.118,-0.520,-0.494,-0.429,-0.334
Çorlu,1989,4,-2.043,-2.125,-1.696,-2.021,-0.236,-0.284,-0.745,-0.558,-0.831,-0.943
Çorlu,1989,5,0.787,0.933,-0.070,-0.631,-1.143,-1.341,-0.417,-0.245,-0.527,-0.595
Çorlu,1989,6,0.899,1.125,0.399,0.305,-1.031,-1.227,-0.083,0.030,-0.403,-0.344
Çorlu,1989,7,-0.813,-0.217,0.606,1.038,-0.652,-0.763,-0.007,0.169,-0.489,-0.129
Çorlu,1989,8,0.417,0.545,0.317,0.718,0.078,0.070,-0.885,-0.612,-0.325,-0.015
Çorlu,1989,9,-0.083,-0.155,-0.648,-0.150,-0.229,-0.013,-1.309,-1.150,-0.340,-0.120
Çorlu,1989,10,-0.185,-0.121,-0.452,-0.202,0.051,0.554,-0.812,-0.723,-0.250,0.028
Çorlu,1989,11,-0.446,-0.300,-0.861,-0.656,-0.584,-0.091,-0.555,-0.380,-1.253,-0.998
Çorlu,1989,12,0.124,0.126,-0.559,-0.385,-0.936,-0.541,-0.642,-0.346,-1.396,-1.128
Çorlu,1990,1,-1.793,-1.402,-0.989,-0.890,-1.281,-0.766,-0.796,-0.299,-1.483,-1.281
Çorlu,1990,2,-1.832,-1.674,-1.397,-1.328,-1.583,-1.323,-1.357,-0.982,-1.311,-1.172
Çorlu,1990,3,-1.412,-1.677,-2.558,-1.996,-1.788,-1.540,-1.973,-1.503,-1.676,-1.425
Çorlu,1990,4,0.438,0.170,-1.571,-1.632,-1.535,-1.550,-1.636,-1.290,-1.207,-0.923
Çorlu,1990,5,0.356,0.571,-0.414,-0.442,-1.499,-1.369,-1.655,-1.360,-1.427,-1.034
Çorlu,1990,6,1.185,1.364,1.105,1.247,-0.954,-0.920,-1.046,-0.885,-1.289,-0.937
Çorlu,1990,7,-0.681,-0.415,0.610,0.954,-0.580,-0.515,-1.148,-0.791,-1.260,-0.727
Çorlu,1990,8,-1.169,-0.103,0.301,0.617,-0.150,0.094,-1.179,-0.695,-1.403,-0.843
Çorlu,1990,9,0.852,1.101,-0.150,0.355,0.642,1.125,-0.990,-0.655,-1.048,-0.701
Çorlu,1990,10,0.305,0.251,0.263,0.559,0.484,0.953,-0.316,-0.053,-0.869,-0.409
Çorlu,1990,11,-0.167,-0.548,0.254,0.133,0.268,0.464,-0.004,0.178,-0.858,-0.686
Çorlu,1990,12,1.107,1.152,0.582,0.395,0.327,0.389,0.772,1.006,-0.373,-0.299
Çorlu,1991,1,-0.790,-0.812,0.143,-0.107,0.154,0.186,0.354,0.644,-0.273,-0.167
Çorlu,1991,2,-0.787,-0.793,0.006,-0.073,0.070,-0.033,0.091,0.252,-0.102,0.052
Çorlu,1991,3,-0.826,-0.705,-1.319,-1.160,-0.350,-0.548,-0.461,-0.407,-0.031,0.178
Çorlu,1991,4,2.058,2.031,0.357,0.533,0.225,0.186,0.232,0.297,0.388,0.687
Çorlu,1991,5,2.091,2.245,2.492,2.287,1.337,1.530,1.077,0.852,1.028,1.318
Çorlu,1991,6,-0.583,-0.670,2.213,2.085,0.650,0.940,0.721,0.825,0.557,0.827
Çorlu,1991,7,0.975,1.135,1.476,1.657,1.461,1.786,0.951,0.771,0.859,0.723
Çorlu,1991,8,-0.094,0.178,-0.029,0.162,1.658,1.864,1.078,0.836,0.905,0.752
Çorlu,1991,9,-0.248,-0.396,0.128,0.368,1.730,1.897,0.517,0.863,0.614,0.775
Çorlu,1991,10,1.364,1.434,0.823,0.887,1.451,1.632,1.441,1.686,1.068,0.806
Çorlu,1991,11,-0.845,-0.935,0.368,0.219,0.158,0.215,1.347,1.569,1.033,1.236
Çorlu,1991,12,-1.263,-0.941,-0.087,-0.061,-0.123,0.016,1.081,1.371,0.273,0.584
Çorlu,1992,1,-2.057,-1.521,-2.224,-1.661,-1.058,-0.704,-0.004,0.278,0.088,0.487
Çorlu,1992,2,-0.276,-0.155,-1.854,-1.369,-0.925,-0.864,-0.979,-0.790,0.193,0.600
Çorlu,1992,3,0.738,0.782,-0.662,-0.607,-0.548,-0.525,-0.530,-0.380,0.483,0.841
Çorlu,1992,4,0.043,-0.230,0.078,0.093,-1.433,-1.169,-0.776,-0.439,-0.003,0.215
Çorlu,1992,5,-0.960,-0.468,-0.277,-0.049,-1.733,-1.225,-1.020,-0.636,-1.038,-0.753
Çorlu,1992,6,0.361,0.189,-0.548,-0.378,-1.117,-0.886,-0.828,-0.660,-0.796,-0.517
Çorlu,1992,7,1.064,1.496,0.164,0.630,0.058,0.494,-1.366,-0.731,-0.746,-0.203
Çorlu,1992,8,-1.441,-1.136,0.410,0.556,0.029,0.279,-1.283,-0.600,-0.806,-0.363
Çorlu,1992,9,-2.544,-0.877,-0.359,0.076,-0.819,-0.373,-1.240,-0.780,-0.929,-0.619
Çorlu,1992,10,0.255,-0.265,-0.957,-1.218,-0.563,-0.412,-0.528,-0.362,-1.585,-1.084
Çorlu,1992,11,-0.092,-0.089,-0.656,-0.872,-0.362,-0.399,-0.474,-0.375,-1.482,-1.093
Çorlu,1992,12,-0.498,-0.418,-0.470,-0.645,-0.715,-0.622,-0.967,-0.769,-1.288,-0.990
Çorlu,1993,1,-0.347,-0.320,-0.717,-0.661,-1.332,-1.187,-1.129,-0.921,-1.060,-0.821
Çorlu,1993,2,1.089,1.385,-0.041,0.145,-0.488,-0.518,-0.363,-0.240,-0.488,-0.261
Çorlu,1993,3,-0.267,-0.237,0.179,0.332,-0.272,-0.335,-0.463,-0.340,-0.727,-0.540
Çorlu,1993,4,-0.594,-0.548,0.272,0.476,-0.436,-0.148,-0.870,-0.594,-0.797,-0.569
Çorlu,1993,5,0.968,1.069,0.131,0.346,-0.066,0.224,-0.459,-0.186,-0.332,-0.147
Çorlu,1993,6,-0.904,-0.779,-0.274,-0.055,-0.132,0.177,-0.449,-0.339,-0.626,-0.347
Çorlu,1993,7,-1.083,-0.367,-0.338,-0.014,-0.189,0.239,-0.709,-0.183,-1.068,-0.601
Çorlu,1993,8,-0.067,0.135,-1.559,-0.809,-0.937,-0.460,-0.734,-0.143,-0.956,-0.468
Çorlu,1993,9,-0.244,-0.531,-1.170,-0.640,-1.074,-0.639,-0.696,-0.308,-0.800,-0.598
Çorlu,1993,10,-1.390,-1.839,-1.572,-1.599,-1.273,-1.130,-0.957,-0.755,-1.195,-0.745
Çorlu,1993,11,0.440,0.679,-0.781,-0.989,-1.688,-1.319,-1.254,-1.013,-1.084,-0.747
Çorlu,1993,12,0.128,-0.057,-0.435,-0.677,-1.034,-0.995,-1.099,-0.961,-0.863,-0.666
Çorlu,1994,1,-0.508,-0.759,-0.131,-0.235,-1.013,-1.027,-1.163,-1.157,-0.991,-0.864
Çorlu,1994,2,0.184,0.192,-0.277,-0.502,-0.737,-1.014,-1.349,-1.365,-1.221,-1.182
Çorlu,1994,3,-0.750,-0.868,-0.619,-0.793,-0.770,-1.027,-1.179,-1.207,-1.305,-1.260
Çorlu,1994,4,-0.397,-0.686,-0.667,-0.784,-0.452,-0.432,-1.074,-1.048,-1.207,-1.213
Çorlu,1994,5,-0.239,-0.604,-1.169,-1.414,-0.919,-1.183,-1.179,-1.418,-1.693,-1.605
Çorlu,1994,6,-0.637,-0.592,-1.163,-1.211,-1.468,-1.544,-1.284,-1.463,-1.667,-1.626
Çorlu,1994,7,0.126,-0.190,-0.853,-0.930,-1.339,-1.339,-0.958,-0.922,-1.478,-1.528
Çorlu,1994,8,-0.067,-0.591,-0.777,-0.877,-1.502,-1.498,-1.280,-1.337,-1.444,-1.577
Çorlu,1994,9,-2.086,-2.536,-1.137,-1.730,-1.816,-2.074,-1.903,-1.946,-1.567,-1.770
Çorlu,1994,10,0.451,0.272,-0.474,-1.240,-0.992,-1.498,-1.312,-1.682,-1.058,-1.253
Çorlu,1994,11,0.577,0.813,0.012,-0.425,-0.573,-0.936,-1.038,-1.424,-1.090,-1.369
Çorlu,1994,12,0.358,0.456,0.526,0.618,-0.088,-0.459,-0.658,-1.015,-0.999,-1.258
Çorlu,1995,1,2.060,1.982,1.532,1.750,1.115,0.684,0.591,0.382,0.253,-0.007
Çorlu,1995,2,0.022,-0.298,1.384,1.498,0.996,0.914,0.619,0.450,0.208,-0.108
Çorlu,1995,3,0.726,0.613,1.580,1.598,1.321,1.454,0.904,0.685,0.485,0.144
Çorlu,1995,4,0.017,0.004,0.232,0.033,1.308,0.961,0.938,0.537,0.534,0.276
Çorlu,1995,5,-1.032,-1.005,-0.331,-0.410,1.144,1.144,0.809,0.513,0.440,0.189
Çorlu,1995,6,0.043,-0.625,-0.886,-1.121,1.106,0.881,0.982,0.919,0.575,0.228
Çorlu,1995,7,1.062,1.116,-0.073,-0.427,-0.018,-0.433,1.198,0.817,0.810,0.392
Çorlu,1995,8,0.324,0.608,0.496,0.361,0.072,-0.096,1.143,0.700,0.848,0.488
Çorlu,1995,9,0.871,0.955,1.030,1.164,0.171,0.122,1.396,1.306,1.180,1.199
Çorlu,1995,10,-0.718,-0.536,-0.066,0.243,-0.201,-0.189,-0.136,-0.205,0.912,0.695
Çorlu,1995,11,0.581,0.865,0.211,0.457,0.366,0.539,0.115,0.256,1.010,1.121
Çorlu,1995,12,0.056,0.004,-0.216,0.026,0.355,0.667,-0.126,0.045,0.903,0.990
Çorlu,1996,1,-1.134,-0.976,-0.279,-0.158,-0.421,0.004,-0.510,-0.373,-0.432,-0.334
Çorlu,1996,2,0.714,0.897,-0.248,-0.212,-0.130,0.079,0.001,0.220,-0.162,0.033
Çorlu,1996,3,0.723,1.200,0.058,0.345,-0.195,0.134,0.210,0.643,-0.162,0.136
Çorlu,1996,4,0.449,0.731,0.888,1.359,0.189,0.482,0.051,0.430,-0.065,0.289
Çorlu,1996,5,-2.042,-1.957,-0.373,-0.191,-0.511,-0.365,-0.317,0.066,-0.165,0.056
Çorlu,1996,6,-1.646,-1.231,-1.882,-1.686,-1.110,-0.898,-0.914,-0.613,-0.420,-0.039
Çorlu,1996,7,1.015,1.158,-1.126,-1.305,-0.157,0.033,-0.380,-0.005,-0.431,0.048
Çorlu,1996,8,0.854,0.951,0.160,0.266,-0.245,-0.038,-0.460,-0.110,-0.304,0.085
Çorlu,1996,9,1.067,1.276,1.343,1.485,0.025,0.134,-0.052,0.258,-0.219,0.154
Çorlu,1996,10,-1.040,-0.826,0.256,0.531,-0.562,-0.554,-0.035,0.321,-0.266,0.121
Çorlu,1996,11,-0.337,-0.508,-0.318,-0.292,-0.294,-0.125,-0.462,-0.208,-0.617,-0.349
Çorlu,1996,12,0.954,0.957,-0.158,-0.256,0.626,0.755,-0.183,-0.152,-0.207,-0.002
Çorlu,1997,1,-0.403,-0.565,0.081,-0.149,0.095,0.149,-0.493,-0.654,-0.093,0.126
Çorlu,1997,2,-0.749,-0.860,0.025,-0.159,-0.253,-0.359,-0.273,-0.240,-0.436,-0.315
Çorlu,1997,3,0.434,0.687,-0.509,-0.535,-0.510,-0.613,0.128,0.234,-0.510,-0.508
Çorlu,1997,4,1.528,1.856,0.533,0.961,0.263,0.328,0.262,0.393,-0.206,-0.138
Çorlu,1997,5,-1.531,-1.360,0.351,0.757,0.108,0.216,-0.157,0.072,-0.171,0.021
Çorlu,1997,6,-0.751,-0.907,-0.416,-0.203,-0.887,-0.708,-0.738,-0.667,-0.088,0.143
Çorlu,1997,7,0.890,0.755,-0.841,-1.050,-0.312,-0.159,-0.200,-0.094,-0.129,0.078
Çorlu,1997,8,0.573,0.945,0.098,0.154,0.182,0.504,0.040,0.182,-0.185,0.057
Çorlu,1997,9,-1.219,-0.280,0.057,0.531,-0.410,0.131,-0.816,-0.380,-0.700,-0.442
Çorlu,1997,10,1.974,2.065,1.517,1.810,0.690,0.942,0.808,1.261,0.560,0.585
Çorlu,1997,11,-0.509,-0.619,1.044,1.324,0.833,1.122,0.797,1.229,0.581,0.871
Çorlu,1997,12,1.200,1.297,1.788,1.806,1.532,1.800,1.193,1.495,0.698,1.026
Çorlu,1998,1,-0.375,-0.557,0.218,0.087,1.097,0.922,0.577,0.764,0.705,1.080
Çorlu,1998,2,-0.489,-0.680,0.307,0.203,0.774,0.949,0.674,0.905,0.700,1.060
Çorlu,1998,3,1.314,1.598,0.071,0.071,1.250,1.440,1.114,1.420,0.905,1.271
Çorlu,1998,4,-0.644,-0.990,0.118,0.062,0.172,0.116,0.882,0.730,0.483,0.606
Çorlu,1998,5,1.462,1.589,1.578,1.558,1.022,1.064,1.269,0.969,1.138,1.357
Çorlu,1998,6,0.222,-0.026,0.771,0.633,0.448,0.434,1.456,1.498,1.325,1.497
Çorlu,1998,7,0.509,0.310,1.029,1.040,0.870,0.863,0.623,0.469,1.217,0.882
Çorlu,1998,8,0.413,0.144,0.239,-0.007,1.139,1.055,0.911,0.570,1.173,0.832
Çorlu,1998,9,1.115,1.288,0.923,0.887,1.129,1.027,0.799,0.766,1.547,1.576
Çorlu,1998,10,1.194,1.232,1.445,1.404,1.584,1.576,1.469,1.454,1.130,0.745
Çorlu,1998,11,0.739,0.841,1.584,1.713,1.401,1.378,1.809,1.779,1.595,1.565
Çorlu,1998,12,0.493,0.682,1.208,1.304,1.421,1.505,1.562,1.547,1.301,1.346
Çorlu,1999,1,-0.624,-0.751,0.227,0.294,1.048,0.785,1.347,1.464,1.280,1.348
Çorlu,1999,2,1.011,1.182,0.338,0.446,1.155,1.375,1.096,1.224,1.520,1.611
Çorlu,1999,3,0.328,0.158,0.228,0.141,0.894,1.005,1.104,1.203,1.285,1.352
Çorlu,1999,4,-0.088,-0.503,0.676,0.498,0.441,0.372,1.048,0.707,1.307,1.371
Çorlu,1999,5,0.594,0.547,0.342,0.138,0.389,0.373,1.177,0.856,1.100,1.101
Çorlu,1999,6,0.560,0.360,0.471,0.258,0.386,0.220,0.990,0.999,1.205,1.192
Çorlu,1999,7,0.691,0.380,0.730,0.571,0.986,0.744,0.702,0.509,1.238,0.765
Çorlu,1999,8,0.233,0.050,0.527,0.239,0.515,0.147,0.508,0.292,1.195,0.770
Çorlu,1999,9,1.480,1.610,1.302,1.169,1.251,1.029,1.007,0.815,1.307,1.267
Çorlu,1999,10,-0.874,-1.043,0.477,0.401,0.708,0.589,0.898,0.724,0.711,0.474
Çorlu,1999,11,0.712,0.876,0.765,0.796,0.843,0.733,0.802,0.655,0.778,0.709
Çorlu,1999,12,0.668,0.572,0.244,0.150,0.889,0.766,0.944,0.777,0.844,0.667
Çorlu,2000,1,-1.009,-0.841,0.217,0.218,0.354,0.292,0.591,0.548,0.781,0.704
Çorlu,2000,2,0.571,0.578,0.113,0.020,0.465,0.463,0.561,0.509,0.590,0.496
Çorlu,2000,3,-0.139,-0.182,-0.368,-0.390,-0.141,-0.247,0.402,0.322,0.492,0.370
Çorlu,2000,4,1.029,0.562,0.652,0.423,0.421,0.310,0.506,0.340,0.687,0.566
Çorlu,2000,5,1.042,1.265,1.092,1.075,0.587,0.572,0.793,0.626,0.854,0.801
Çorlu,2000,6,-1.045,-0.678,0.572,0.700,-0.071,0.089,0.042,0.112,0.549,0.597
Çorlu,2000,7,0.292,-0.414,0.100,0.183,0.449,0.358,0.361,0.325,0.449,0.344
Çorlu,2000,8,-0.248,-0.009,-0.926,-0.829,0.112,0.086,0.062,0.067,0.390,0.327
Çorlu,2000,9,0.402,0.423,-0.047,-0.153,0.269,0.317,-0.189,-0.138,-0.051,-0.051
Çorlu,2000,10,0.167,0.234,-0.090,0.125,-0.100,0.134,0.187,0.291,0.194,0.250
Çorlu,2000,11,-1.177,-1.497,-0.658,-0.744,-1.269,-1.148,-0.414,-0.430,-0.336,-0.383
Çorlu,2000,12,-1.712,-1.639,-1.654,-1.546,-1.481,-1.407,-0.945,-0.973,-1.096,-1.040
Çorlu,2001,1,-0.481,-0.735,-1.927,-1.878,-1.730,-1.580,-1.480,-1.430,-1.053,-1.162
Çorlu,2001,2,0.909,0.892,-0.635,-0.942,-0.934,-1.137,-1.365,-1.490,-0.802,-0.974
Çorlu,2001,3,-1.303,-2.122,-0.279,-0.870,-1.290,-1.579,-1.266,-1.539,-0.992,-1.305
Çorlu,2001,4,1.074,0.950,0.542,-0.004,-0.987,-1.492,-0.985,-1.065,-0.928,-1.150
Çorlu,2001,5,-0.352,-0.328,-0.431,-0.856,-0.888,-1.258,-1.090,-1.303,-1.440,-1.551
Çorlu,2001,6,-0.226,-0.334,-0.053,0.044,-0.433,-0.835,-1.296,-1.530,-1.298,-1.531
Çorlu,2001,7,-0.318,-1.260,-0.910,-1.059,-0.347,-0.928,-1.533,-2.252,-1.411,-1.629
Çorlu,2001,8,-0.010,-0.290,-0.731,-1.090,-0.946,-1.338,-1.232,-1.560,-1.346,-1.585
Çorlu,2001,9,0.882,0.849,0.201,-0.304,-0.035,-0.331,-0.357,-0.926,-1.120,-1.459
Çorlu,2001,10,-1.937,-1.381,-0.505,-0.676,-1.050,-1.237,-0.619,-1.104,-1.546,-1.939
Çorlu,2001,11,0.881,1.072,0.216,0.174,-0.359,-0.604,-0.542,-0.913,-0.924,-1.231
Çorlu,2001,12,1.775,1.995,1.084,1.325,0.943,0.925,0.765,0.816,0.422,0.175
Çorlu,2002,1,-0.687,-0.643,1.172,1.480,0.736,0.656,0.202,0.266,0.361,0.236
Çorlu,2002,2,-0.137,-0.672,0.793,0.921,0.626,0.737,0.255,0.182,0.051,-0.164
Çorlu,2002,3,0.640,0.427,-0.285,-0.614,0.529,0.591,0.483,0.332,0.380,0.289
Çorlu,2002,4,0.073,0.347,0.106,-0.086,0.950,0.797,0.587,0.489,0.173,0.136
Çorlu,2002,5,-0.692,-0.653,-0.219,-0.071,0.571,0.705,0.472,0.487,0.124,0.064
Çorlu,2002,6,0.693,0.518,-0.089,0.051,-0.462,-0.605,0.414,0.555,0.384,0.334
Çorlu,2002,7,0.788,-0.160,0.286,-0.258,0.183,-0.390,0.981,0.682,0.604,0.382
Çorlu,2002,8,1.640,1.582,1.343,0.968,0.946,0.618,1.155,0.673,0.948,0.619
Çorlu,2002,9,1.838,1.947,2.217,1.839,1.833,1.615,1.147,0.892,1.324,1.326
Çorlu,2002,10,-0.011,-0.209,1.728,1.693,1.389,1.195,1.270,1.011,1.559,0.982
Çorlu,2002,11,0.964,0.951,1.530,1.565,2.021,1.774,1.646,1.448,1.750,1.617
Çorlu,2002,12,-0.843,-0.751,-0.075,-0.136,1.381,1.224,1.166,1.079,0.776,0.564
Çorlu,2003,1,0.877,0.881,0.471,0.440,1.448,0.982,1.341,1.210,1.269,1.067
Çorlu,2003,2,1.483,1.776,0.713,0.906,1.357,1.559,1.767,1.733,1.604,1.555
Çorlu,2003,3,-0.842,-0.339,0.946,1.220,0.511,0.672,1.457,1.540,1.353,1.471
Çorlu,2003,4,0.694,1.142,0.967,1.538,0.763,0.782,1.473,1.053,1.404,1.554
Çorlu,2003,5,-1.315,-1.391,-1.047,-0.485,0.153,0.497,0.988,0.847,1.405,1.449
Çorlu,2003,6,-2.544,-1.790,-1.484,-1.368,0.107,0.262,-0.049,0.042,1.026,1.011
Çorlu,2003,7,-0.036,-0.572,-2.288,-2.140,-0.580,-0.476,-0.032,0.081,0.845,0.627
Çorlu,2003,8,-0.820,-1.281,-1.886,-1.926,-2.034,-1.656,-0.591,-0.399,0.418,0.319
Çorlu,2003,9,-0.284,-0.120,-0.996,-1.036,-1.985,-1.801,-0.422,-0.422,-0.391,-0.407
Çorlu,2003,10,1.239,1.329,0.569,0.533,-0.718,-1.155,-0.100,-0.041,0.162,0.184
Çorlu,2003,11,-0.968,-0.994,0.169,0.170,-0.831,-1.106,-1.205,-1.187,-0.452,-0.408
Çorlu,2003,12,-0.344,-0.433,0.091,0.046,-0.467,-0.629,-1.146,-1.234,-0.324,-0.335
Çorlu,2004,1,0.869,1.004,-0.249,-0.294,0.030,0.066,-0.880,-1.217,-0.380,-0.288
Çorlu,2004,2,-0.442,-0.568,0.011,0.003,0.022,0.045,-0.622,-0.885,-0.985,-1.029
Çorlu,2004,3,0.542,0.381,0.448,0.419,0.262,0.198,-0.124,-0.294,-0.677,-0.878
Çorlu,2004,4,-0.948,-0.810,-0.566,-0.657,-0.502,-0.413,-0.222,-0.132,-0.943,-1.213
Çorlu,2004,5,-0.277,-0.227,-0.554,-0.493,-0.355,-0.338,-0.232,-0.043,-0.809,-0.972
Çorlu,2004,6,0.744,0.772,-0.256,-0.084,0.152,0.239,0.085,0.143,-0.285,-0.315
Çorlu,2004,7,-0.133,-0.067,0.009,0.206,-0.547,-0.437,-0.596,-0.330,-0.294,-0.087
Çorlu,2004,8,2.749,2.382,1.838,1.934,1.307,1.400,0.823,0.650,0.662,0.598
Çorlu,2004,9,-1.464,-1.121,1.288,1.356,0.789,1.011,0.818,0.987,0.549,0.682
Çorlu,2004,10,-0.835,-1.314,0.814,0.704,0.499,0.570,0.104,0.110,-0.147,-0.043
Çorlu,2004,11,-1.417,-1.373,-2.516,-1.881,0.113,0.024,-0.196,-0.220,-0.234,-0.235
Çorlu,2004,12,-0.368,-0.545,-1.726,-1.681,-0.406,-0.542,-0.554,-0.551,-0.253,-0.284
Çorlu,2005,1,-0.048,-0.179,-1.059,-1.183,-0.380,-0.431,-0.431,-0.514,-0.708,-0.788
Çorlu,2005,2,0.347,0.417,-0.264,-0.403,-1.485,-1.534,-0.189,-0.289,-0.414,-0.474
Çorlu,2005,3,-0.458,-0.601,-0.182,-0.313,-1.252,-1.387,-0.477,-0.636,-0.633,-0.711
Çorlu,2005,4,-1.412,-1.274,-0.769,-0.826,-1.214,-1.258,-0.623,-0.594,-0.648,-0.759
Çorlu,2005,5,1.073,1.038,-0.133,-0.293,-0.403,-0.574,-1.444,-1.615,-0.265,-0.418
Çorlu,2005,6,-0.047,0.171,-0.001,0.123,-0.309,-0.285,-1.236,-1.298,-0.532,-0.564
Çorlu,2005,7,0.394,0.118,0.544,0.663,-0.177,-0.160,-0.923,-0.778,-0.412,-0.319
Çorlu,2005,8,1.636,1.474,0.746,0.794,0.416,0.335,-0.013,-0.014,-0.978,-0.917
Çorlu,2005,9,-0.750,-0.898,0.541,0.360,0.274,0.229,-0.050,-0.150,-0.911,-1.049
Çorlu,2005,10,0.113,0.130,0.332,0.282,0.484,0.572,0.001,0.020,-0.658,-0.518
Çorlu,2005,11,0.597,0.777,-0.116,-0.095,0.300,0.422,0.140,0.207,-0.137,-0.139
Çorlu,2005,12,0.348,0.325,0.336,0.452,0.470,0.440,0.349,0.432,0.107,0.124
Çorlu,2006,1,-1.077,-0.906,-0.076,-0.019,0.009,0.105,0.195,0.364,-0.176,-0.044
Çorlu,2006,2,-0.461,-0.477,-0.604,-0.605,-0.578,-0.538,-0.256,-0.122,-0.339,-0.244
Çorlu,2006,3,1.282,1.278,-0.197,-0.217,0.023,0.083,0.160,0.157,0.080,0.152
Çorlu,2006,4,-1.936,-1.504,-0.238,-0.388,-0.220,-0.116,-0.116,-0.018,0.047,0.098
Çorlu,2006,5,-0.429,-0.613,-0.268,-0.512,-0.773,-0.843,-0.699,-0.504,-0.373,-0.350
Çorlu,2006,6,0.792,0.764,-0.557,-0.714,-0.679,-0.764,-0.266,-0.235,-0.103,-0.130
Çorlu,2006,7,1.945,2.185,1.400,1.486,1.019,1.045,0.514,0.499,0.512,0.446
Çorlu,2006,8,0.607,-0.200,1.733,1.658,1.327,1.076,0.445,0.273,0.231,0.201
Çorlu,2006,9,0.530,0.628,1.630,1.534,0.969,0.850,0.487,0.418,0.453,0.502
Çorlu,2006,10,-0.114,-0.308,0.093,-0.175,0.964,0.946,0.703,0.621,0.394,0.319
Çorlu,2006,11,-0.716,-0.621,-0.565,-0.549,0.865,0.876,0.577,0.504,0.043,-0.014
Çorlu,2006,12,-1.277,-1.234,-1.486,-1.295,0.041,-0.013,-0.289,-0.383,-0.447,-0.496
Çorlu,2007,1,-1.128,-1.431,-1.844,-1.638,-1.518,-1.518,-0.370,-0.524,-0.514,-0.672
Çorlu,2007,2,-0.672,-0.897,-1.803,-1.722,-1.620,-1.507,-0.364,-0.527,-0.486,-0.704
Çorlu,2007,3,-0.612,-0.763,-1.337,-1.455,-1.932,-1.727,-0.707,-0.867,-0.969,-1.166
Çorlu,2007,4,-1.347,-0.751,-1.664,-1.326,-2.229,-2.311,-1.859,-1.786,-0.866,-0.959
Çorlu,2007,5,1.208,0.954,-0.031,-0.147,-1.534,-1.544,-1.508,-1.489,-0.391,-0.568
Çorlu,2007,6,-1.604,-2.027,-0.444,-1.009,-1.617,-1.947,-2.055,-2.056,-0.931,-1.228
Çorlu,2007,7,-1.494,-1.712,-0.286,-1.314,-1.570,-1.888,-2.360,-4.753,-1.967,-2.998
Çorlu,2007,8,-0.508,-1.597,-2.496,-2.566,-1.354,-1.872,-2.357,-4.753,-2.131,-2.787
Çorlu,2007,9,0.567,0.693,-0.512,-1.073,-0.843,-1.585,-1.745,-2.008,-2.068,-2.066
Çorlu,2007,10,-0.078,-0.256,-0.208,-0.469,-0.440,-1.275,-1.296,-1.773,-2.057,-2.595
Çorlu,2007,11,2.267,2.163,1.619,1.855,0.610,0.056,0.447,-0.036,-0.608,-1.061
Çorlu,2007,12,-0.396,-0.348,1.128,1.292,0.696,0.542,0.373,-0.019,-0.402,-0.861
Çorlu,2008,1,-1.160,-0.991,0.778,1.025,0.478,0.432,0.197,-0.247,-0.463,-0.866
Çorlu,2008,2,-0.851,-0.908,-1.349,-1.166,0.309,0.498,-0.392,-0.768,-0.429,-0.795
Çorlu,2008,3,0.679,0.242,-0.734,-0.935,0.349,0.364,0.082,-0.160,-0.151,-0.614
Çorlu,2008,4,-1.008,-1.231,-0.701,-1.112,0.306,0.255,0.098,0.040,-0.101,-0.671
Çorlu,2008,5,0.694,0.646,0.304,-0.154,-1.012,-1.114,0.346,0.333,-0.295,-0.770
Çorlu,2008,6,0.653,0.485,0.309,0.055,-0.565,-0.885,0.391,0.353,0.134,-0.127
Çorlu,2008,7,-0.276,-0.510,0.452,0.342,-0.224,-0.663,0.423,0.328,0.209,0.112
Çorlu,2008,8,-0.739,-1.273,-0.112,-0.506,-0.004,-0.571,-1.035,-1.055,0.197,0.113
Çorlu,2008,9,0.472,0.587,-0.403,-0.501,-0.165,-0.459,-0.789,-1.051,0.158,0.041
Çorlu,2008,10,-0.358,-0.511,-0.534,-0.639,-0.112,-0.261,-0.543,-0.888,0.090,0.044
Çorlu,2008,11,-0.652,-0.790,-0.734,-0.755,-0.819,-0.978,-0.545,-0.930,-1.317,-1.350
Çorlu,2008,12,-1.344,-1.374,-1.658,-1.514,-1.731,-1.528,-1.292,-1.429,-1.604,-1.616
Çorlu,2009,1,0.513,0.498,-0.807,-0.993,-1.175,-1.136,-0.819,-1.050,-1.132,-1.486
Çorlu,2009,2,1.003,1.110,0.067,-0.067,-0.443,-0.587,-0.572,-0.827,-0.469,-0.853
Çorlu,2009,3,1.407,1.499,1.169,1.245,-0.088,-0.258,-0.303,-0.499,-0.243,-0.520
Çorlu,2009,4,0.184,0.372,1.399,1.506,0.146,0.157,-0.176,-0.101,-0.048,-0.163
Çorlu,2009,5,0.536,0.318,1.181,1.231,0.599,0.615,0.035,0.104,-0.099,-0.254
Çorlu,2009,6,-0.145,-0.609,0.044,-0.052,1.079,1.065,-0.140,-0.265,-0.346,-0.502
Çorlu,2009,7,1.230,1.095,0.681,0.326,1.495,1.385,0.395,0.233,0.066,-0.020
Çorlu,2009,8,-1.645,-0.409,0.248,-0.045,0.864,0.743,0.543,0.331,0.049,0.028
Çorlu,2009,9,1.268,1.460,1.240,1.232,0.924,0.901,1.506,1.493,0.341,0.272
Çorlu,2009,10,1.239,1.249,1.378,1.421,1.324,1.220,1.826,1.754,0.919,0.601
Çorlu,2009,11,-0.214,-0.310,1.276,1.301,1.125,0.992,1.403,1.356,1.116,1.036
Çorlu,2009,12,1.060,1.054,1.164,1.044,1.570,1.509,1.399,1.289,1.783,1.676
Çorlu,2010,1,0.640,0.752,0.682,0.642,1.352,0.928,1.435,1.354,1.884,1.749
Çorlu,2010,2,1.917,1.984,1.643,1.714,1.857,1.982,1.787,1.753,2.028,1.901
Çorlu,2010,3,0.691,0.793,1.468,1.601,1.629,1.724,1.898,1.954,1.845,1.845
Çorlu,2010,4,0.340,0.297,1.804,1.770,1.333,0.934,1.740,1.071,1.800,1.766
Çorlu,2010,5,-0.673,-1.047,-0.012,-0.130,1.541,1.482,1.779,1.111,1.671,1.560
Çorlu,2010,6,0.869,0.839,0.236,0.038,1.504,1.469,1.646,1.542,1.941,1.785
Çorlu,2010,7,0.369,0.022,0.185,-0.161,1.461,1.317,1.329,0.846,1.706,0.984
Çorlu,2010,8,-1.241,-4.753,0.345,-0.409,0.138,-0.490,1.423,0.690,1.681,0.909
Çorlu,2010,9,0.691,0.630,0.122,-0.675,0.122,-0.590,1.259,0.876,1.445,1.145
Çorlu,2010,10,1.672,1.882,1.439,1.235,1.097,0.800,1.846,1.596,1.670,0.955
Çorlu,2010,11,-0.073,-0.605,1.385,1.384,1.276,0.866,1.039,0.654,1.874,1.547
Çorlu,2010,12,1.157,1.203,1.630,1.580,1.410,1.045,1.323,0.919,1.917,1.609
Çorlu,2011,1,-0.211,-0.341,0.413,0.099,1.185,0.620,1.054,0.646,1.727,1.374
Çorlu,2011,2,-0.209,-0.237,0.421,0.365,1.072,1.093,1.057,0.815,0.956,0.686
Çorlu,2011,3,-0.524,-0.568,-0.590,-0.678,0.818,0.813,0.726,0.400,0.721,0.353
Çorlu,2011,4,1.697,1.902,0.450,0.729,0.475,0.358,1.072,0.639,0.988,0.769
Çorlu,2011,5,1.105,1.162,1.426,1.590,1.032,1.203,1.482,1.034,1.424,1.301
Çorlu,2011,6,0.691,0.670,1.808,1.835,0.732,0.982,1.499,1.598,1.385,1.257
Çorlu,2011,7,-0.064,-1.068,0.824,0.615,0.907,0.957,0.788,0.511,1.302,0.714
Çorlu,2011,8,-0.709,-0.525,0.012,-0.390,0.882,0.857,0.819,0.547,1.297,0.833
Çorlu,2011,9,0.511,0.026,-0.255,-0.942,1.186,1.034,0.416,0.263,1.210,1.134
Çorlu,2011,10,1.411,1.621,1.100,1.069,1.204,1.092,1.245,1.276,1.073,0.664
Çorlu,2011,11,-1.517,-1.004,0.551,0.599,0.342,0.177,0.903,1.016,0.912,0.958
Çorlu,2011,12,0.317,0.210,0.478,0.675,0.185,-0.038,1.059,1.124,0.539,0.576
Çorlu,2012,1,-0.281,-0.187,-0.749,-0.674,0.071,0.149,0.410,0.390,0.513,0.672
Çorlu,2012,2,-0.160,0.006,-0.205,-0.173,0.118,0.199,0.010,-0.026,0.494,0.695
Çorlu,2012,3,-0.449,-0.377,-0.580,-0.427,-0.084,0.128,-0.251,-0.323,0.498,0.680
Çorlu,2012,4,0.918,0.559,-0.033,-0.010,-0.619,-0.377,0.012,0.123,0.294,0.266
Çorlu,2012,5,0.990,0.929,0.841,0.736,0.182,0.191,0.377,0.396,0.267,0.196
Çorlu,2012,6,-1.691,-1.883,0.340,-0.230,-0.417,-0.632,-0.009,0.014,-0.174,-0.402
Çorlu,2012,7,-1.645,-2.342,-0.535,-1.470,-0.585,-1.222,-0.987,-1.180,-0.281,-0.383
Çorlu,2012,8,0.301,-0.605,-1.727,-2.463,-0.404,-1.321,-0.531,-0.915,-0.164,-0.411
Çorlu,2012,9,0.141,-0.266,-0.633,-1.752,-0.271,-1.453,-0.762,-1.367,-0.269,-0.649
Çorlu,2012,10,0.887,0.668,0.569,-0.057,0.002,-1.112,-0.103,-1.004,-0.580,-0.937
Çorlu,2012,11,-0.584,-0.805,0.111,-0.437,-0.846,-1.797,-0.274,-1.290,-0.438,-1.118
Çorlu,2012,12,2.143,2.213,1.629,1.523,1.142,0.517,1.117,0.329,0.597,-0.025
Çorlu,2013,1,0.992,1.056,1.542,1.638,1.604,0.913,1.173,0.542,1.053,0.484
Çorlu,2013,2,1.061,1.092,2.102,2.191,1.647,1.642,1.120,0.546,1.283,0.749
Çorlu,2013,3,0.818,0.707,1.239,1.238,1.786,1.818,1.463,1.075,1.492,0.916
Çorlu,2013,4,-0.616,-0.926,0.809,0.509,1.541,1.001,1.538,0.805,1.211,0.595
Çorlu,2013,5,-1.044,-1.682,-0.585,-1.412,1.844,1.590,1.409,0.738,0.861,-0.061
Çorlu,2013,6,0.593,0.470,-0.669,-1.326,0.803,0.312,1.539,1.215,1.226,0.545
Çorlu,2013,7,-1.215,-0.988,-0.722,-1.248,0.006,-0.698,1.219,0.671,1.221,0.508
Çorlu,2013,8,-0.186,-0.924,-0.252,-0.632,-0.713,-1.354,1.462,0.700,1.150,0.485
Çorlu,2013,9,-0.103,-0.522,-1.125,-1.372,-1.394,-1.958,0.184,-0.532,1.072,0.604
Çorlu,2013,10,1.499,1.717,1.003,0.940,0.277,-0.146,0.592,0.101,1.368,0.744
Çorlu,2013,11,0.235,0.114,1.031,1.055,0.640,0.432,0.256,-0.286,1.705,1.398
Çorlu,2013,12,-1.952,-1.486,0.387,0.496,-0.221,-0.406,-0.579,-1.024,0.311,-0.137
Çorlu,2014,1,-0.144,-0.466,-0.911,-1.105,-0.121,-0.209,-0.544,-1.046,-0.178,-0.738
Çorlu,2014,2,-1.925,-1.908,-1.892,-1.811,-0.396,-0.647,-0.587,-0.940,-0.803,-1.407
Çorlu,2014,3,1.311,1.110,-0.152,-0.676,0.085,-0.169,-0.327,-0.727,-0.635,-1.253
Çorlu,2014,4,-0.142,-0.511,-0.161,-0.719,-0.798,-1.109,-0.187,-0.374,-0.524,-1.109
Çorlu,2014,5,0.372,0.165,0.849,0.466,-0.976,-1.331,-0.074,-0.244,-0.252,-0.696
Çorlu,2014,6,1.753,1.967,1.494,1.363,0.796,0.461,0.692,0.575,0.289,-0.010
Çorlu,2014,7,1.638,1.742,2.106,2.069,1.816,1.581,0.572,0.285,0.888,0.474
Çorlu,2014,8,1.466,1.275,2.430,2.320,2.608,2.209,0.927,0.455,1.178,0.678
Çorlu,2014,9,1.879,2.014,2.611,2.258,3.108,2.629,2.328,2.044,1.776,1.679
Çorlu,2014,10,0.282,0.315,1.813,1.786,2.537,2.401,2.342,2.106,1.304,0.780
Çorlu,2014,11,-0.430,-0.396,1.031,1.214,2.492,2.541,2.448,2.237,1.270,1.144
Çorlu,2014,12,0.414,0.324,-0.061,-0.075,1.727,1.778,2.171,2.054,1.745,1.573
Çorlu,2015,1,0.293,0.303,-0.012,-0.114,1.168,0.837,2.084,2.100,1.920,1.736
Çorlu,2015,2,1.270,1.390,0.792,0.803,1.095,1.268,2.157,2.214,2.283,2.102
Çorlu,2015,3,-0.306,-0.434,0.596,0.584,0.268,0.228,1.523,1.628,1.964,2.008
Çorlu,2015,4,1.282,1.431,1.263,1.355,0.569,0.498,1.374,0.921,2.114,2.211
Çorlu,2015,5,-1.814,-1.567,-0.388,-0.414,0.498,0.428,0.892,0.705,1.948,1.990
Çorlu,2015,6,0.823,0.994,0.429,0.544,0.710,0.811,0.364,0.456,1.616,1.643
Çorlu,2015,7,-1.645,-1.174,-0.712,-0.845,0.419,0.394,0.173,0.183,1.054,0.720
Çorlu,2015,8,-0.601,-1.472,-0.125,-0.413,-0.484,-0.663,0.280,0.116,0.701,0.498
Çorlu,2015,9,1.075,0.885,0.089,-0.605,0.247,-0.123,0.550,0.258,0.282,0.099
Çorlu,2015,10,0.828,0.919,0.919,0.594,0.209,-0.188,0.798,0.607,0.500,0.278
Çorlu,2015,11,-0.358,-0.641,0.730,0.433,0.426,0.022,0.144,-0.186,0.575,0.293
Çorlu,2015,12,-2.406,-1.679,-0.704,-0.780,-0.657,-1.054,-0.404,-0.703,-0.034,-0.310
Çorlu,2016,1,0.172,0.198,-1.163,-1.225,-0.358,-0.541,-0.761,-1.167,-0.117,-0.366
Çorlu,2016,2,0.384,-0.072,-0.736,-0.969,-0.080,-0.458,-0.234,-0.661,-0.404,-0.794
Çorlu,2016,3,-0.968,-1.353,-0.173,-0.598,-0.660,-0.982,-0.647,-1.158,-0.510,-0.972
Çorlu,2016,4,-0.303,-1.053,-0.545,-1.322,-1.173,-1.682,-0.522,-0.911,-0.840,-1.407
Çorlu,2016,5,0.353,0.298,-0.699,-1.233,-1.120,-1.441,-0.380,-0.700,-0.491,-1.021
Çorlu,2016,6,0.508,0.028,0.163,-0.419,-0.190,-0.904,-0.624,-1.113,-0.625,-1.302
Çorlu,2016,7,-1.124,-1.121,-0.041,-0.409,-0.577,-1.351,-1.259,-1.886,-0.603,-1.092
Çorlu,2016,8,-0.232,-0.733,-0.344,-0.945,-0.860,-1.445,-1.253,-1.707,-0.555,-0.988
Çorlu,2016,9,-0.248,-0.483,-1.280,-1.351,-0.733,-1.351,-0.782,-1.401,-0.986,-1.416
Çorlu,2016,10,-0.371,-0.406,-0.981,-1.030,-0.738,-1.035,-1.028,-1.595,-1.502,-1.898
Çorlu,2016,11,0.437,0.531,-0.400,-0.440,-0.700,-0.986,-0.942,-1.391,-1.315,-1.557
Çorlu,2016,12,-0.890,-0.685,-0.689,-0.498,-1.316,-1.167,-1.076,-1.292,-1.082,-1.373
Çorlu,2017,1,1.124,1.307,0.326,0.545,-0.318,-0.099,-0.403,-0.487,-0.673,-1.082
Çorlu,2017,2,-0.610,-0.846,-0.062,0.064,-0.364,-0.296,-0.594,-0.748,-0.847,-1.169
Çorlu,2017,3,-0.099,-0.494,0.367,0.297,-0.268,-0.259,-0.709,-0.794,-0.683,-0.992
Çorlu,2017,4,0.279,0.364,-0.508,-0.629,-0.009,0.130,-0.476,-0.255,-0.536,-0.664
Çorlu,2017,5,-0.293,-0.277,-0.396,-0.330,-0.349,-0.203,-0.547,-0.242,-0.730,-0.810
Çorlu,2017,6,1.213,1.217,0.729,0.806,0.686,0.757,0.001,0.159,-0.426,-0.407
Çorlu,2017,7,1.309,1.378,1.212,1.228,0.664,0.581,0.573,0.555,0.091,0.177
Çorlu,2017,8,-0.297,-0.511,1.317,1.227,0.828,0.718,0.425,0.372,0.089,0.177
Çorlu,2017,9,-0.134,-0.803,0.460,0.166,0.741,0.626,0.719,0.594,0.100,0.110
Çorlu,2017,10,1.302,1.462,0.754,0.612,1.222,1.176,0.849,0.744,0.733,0.567
Çorlu,2017,11,0.298,0.315,0.857,0.756,1.470,1.373,1.077,1.013,0.766,0.794
Çorlu,2017,12,0.276,0.066,0.961,0.959,0.960,0.788,1.126,1.061,1.077,0.998
Çorlu,2018,1,0.781,0.804,0.507,0.382,0.782,0.467,1.225,1.158,0.941,0.821
Çorlu,2018,2,1.093,1.167,0.882,0.824,1.055,1.004,1.483,1.426,1.273,1.203
Çorlu,2018,3,1.618,1.528,1.443,1.440,1.485,1.550,1.467,1.387,1.627,1.584
Çorlu,2018,4,-1.347,-1.462,1.177,0.855,0.892,0.530,1.048,0.566,1.390,1.234
Çorlu,2018,5,-0.020,-0.416,0.444,-0.094,0.955,0.602,1.113,0.625,1.501,1.232
Çorlu,2018,6,1.777,1.887,1.002,0.652,1.904,1.621,1.779,1.594,1.761,1.477
Çorlu,2018,7,1.614,1.642,1.972,1.797,2.476,2.112,1.862,1.046,1.855,0.949
Çorlu,2018,8,-1.441,-1.368,1.898,1.731,1.854,1.352,1.835,0.896,1.786,0.938
Çorlu,2018,9,0.988,0.997,1.322,1.076,1.621,1.196,2.223,1.838,1.986,1.734
Çorlu,2018,10,0.307,0.200,0.373,0.135,1.560,1.367,1.928,1.573,1.633,0.877
Çorlu,2018,11,0.329,0.362,0.632,0.527,1.769,1.640,1.650,1.327,1.810,1.465
Çorlu,2018,12,0.383,0.487,0.312,0.334,0.954,0.833,1.253,1.020,1.845,1.581
Çorlu,2019,1,0.222,0.223,0.275,0.300,0.337,0.225,1.357,1.277,1.714,1.449
Çorlu,2019,2,-0.699,-0.969,-0.083,-0.157,0.250,0.162,1.136,1.113,1.171,0.973
Çorlu,2019,3,-1.053,-1.136,-0.677,-0.867,-0.260,-0.409,0.316,0.116,0.626,0.352
Çorlu,2019,4,0.899,1.046,-0.596,-0.574,-0.088,0.004,0.017,0.023,0.923,0.841
Çorlu,2019,5,0.485,0.228,0.146,0.171,-0.094,-0.128,0.233,0.218,1.079,1.004
Çorlu,2019,6,-0.501,-1.238,0.224,-0.065,-0.583,-0.907,-0.226,-0.413,0.331,0.085
Çorlu,2019,7,0.561,0.494,-0.002,-0.447,-0.578,-0.877,-0.197,-0.212,-0.069,-0.146
Çorlu,2019,8,-1.107,-1.172,-0.577,-1.060,-0.426,-0.745,-0.448,-0.483,-0.057,-0.154
Çorlu,2019,9,-0.407,-0.729,-0.568,-0.720,-0.333,-0.700,-0.881,-1.158,-0.450,-0.685
Çorlu,2019,10,0.215,-0.013,-0.658,-0.984,-0.527,-1.031,-0.870,-1.221,-0.483,-0.548
Çorlu,2019,11,-2.973,-2.715,-1.600,-1.699,-1.833,-1.970,-1.341,-1.729,-1.180,-1.428
Çorlu,2019,12,-1.510,-1.563,-2.039,-2.016,-2.137,-1.949,-1.631,-1.908,-1.852,-1.928
Çorlu,2020,1,-0.620,-0.647,-2.522,-2.164,-2.613,-3.646,-2.197,-2.389,-2.336,-2.536
Çorlu,2020,2,-1.727,-1.492,-2.060,-1.782,-2.499,-2.135,-2.661,-2.567,-2.277,-2.478
Çorlu,2020,3,-1.065,-1.208,-1.668,-1.511,-2.512,-2.133,-2.576,-2.190,-2.256,-2.241
Çorlu,2020,4,-0.254,0.188,-1.906,-1.349,-2.814,-4.753,-2.793,-4.753,-2.489,-2.260
Çorlu,2020,5,1.656,1.837,0.712,1.030,-1.164,-0.975,-1.766,-1.889,-1.952,-1.888
Çorlu,2020,6,1.695,1.809,2.245,2.154,0.509,0.755,-0.733,-0.866,-0.965,-1.119
Çorlu,2020,7,-1.494,-1.246,1.798,1.786,0.643,0.768,-1.025,-0.994,-1.239,-1.266
Çorlu,2020,8,0.233,-0.673,0.994,0.642,1.144,1.047,-0.423,-0.353,-1.080,-1.162
Çorlu,2020,9,-0.087,-1.400,-0.882,-1.862,1.317,1.020,-0.017,-0.367,-0.997,-1.363
Çorlu,2020,10,0.459,-0.194,0.026,-1.249,1.243,0.684,0.392,-0.168,-0.892,-1.317
Çorlu,2020,11,-1.913,-1.837,-0.934,-1.682,-0.045,-1.068,0.249,-0.384,-0.885,-1.318
Çorlu,2020,12,-0.690,-1.224,-1.147,-1.693,-1.575,-2.110,0.165,-0.554,-0.718,-1.273
Çorlu,2021,1,1.688,1.588,0.093,-0.391,-0.035,-0.953,0.960,0.194,0.269,-0.465
Çorlu,2021,2,0.918,0.611,1.028,0.674,0.274,-0.709,0.620,-0.380,0.771,0.083
Çorlu,2021,3,-0.449,-0.254,1.304,1.202,0.245,-0.431,-0.114,-1.096,0.840,0.205
Çorlu,2021,4,-1.570,-0.768,-0.259,-0.271,-0.095,-0.304,-0.159,-0.758,0.679,0.005
Çorlu,2021,5,0.547,0.381,-0.762,-0.383,0.599,0.320,-0.049,-0.615,0.321,-0.525
Çorlu,2021,6,1.703,1.941,1.186,1.347,1.875,1.833,0.683,0.336,0.329,-0.410
Çorlu,2021,7,-0.643,-1.547,1.207,1.069,0.808,0.662,0.494,0.169,0.363,-0.266
Çorlu,2021,8,0.768,-0.009,1.244,0.883,0.569,0.362,1.112,0.478,0.456,-0.217
Çorlu,2021,9,-0.271,-0.364,-0.462,-1.196,0.543,0.311,1.371,1.068,0.409,-0.201
Çorlu,2021,10,-0.588,-0.566,-0.620,-0.838,0.450,0.202,0.197,-0.027,0.124,-0.159
Çorlu,2021,11,-0.230,-0.415,-1.061,-1.011,0.115,-0.263,-0.277,-0.414,0.449,0.033
Çorlu,2021,12,0.410,0.304,-0.422,-0.549,-0.724,-1.140,-0.006,-0.239,0.780,0.478
Çorlu,2022,1,-1.407,-1.326,-0.583,-0.817,-1.024,-1.092,-0.180,-0.551,-0.344,-0.642
Çorlu,2022,2,1.141,1.210,0.167,0.019,-0.521,-0.696,0.094,-0.224,-0.204,-0.373
Çorlu,2022,3,-1.645,-0.911,-0.499,-0.470,-0.687,-0.764,-0.888,-1.160,-0.360,-0.544
Çorlu,2022,4,1.011,0.889,0.626,0.744,-0.156,-0.121,-0.487,-0.422,0.072,-0.160
Çorlu,2022,5,-0.914,-0.863,-0.923,-0.614,-0.366,-0.385,-0.885,-0.690,-0.239,-0.470
Çorlu,2022,6,0.139,-0.125,-0.106,-0.194,-0.668,-0.645,-0.773,-0.809,-0.969,-1.222
Çorlu,2022,7,-1.645,-1.181,-1.178,-1.214,-0.427,-0.482,-0.769,-0.713,-1.000,-0.938
Çorlu,2022,8,1.084,0.523,-0.004,-0.578,-0.727,-0.887,-0.425,-0.466,-0.882,-0.835
Çorlu,2022,9,-0.719,-1.060,-0.523,-1.104,-0.578,-1.042,-0.934,-1.128,-0.933,-1.115
Çorlu,2022,10,-2.075,-1.505,-1.063,-1.466,-1.618,-1.807,-0.949,-1.185,-1.108,-1.174
Çorlu,2022,11,-1.234,-1.549,-2.702,-1.983,-2.002,-1.981,-2.061,-2.036,-1.489,-1.573
Çorlu,2022,12,-0.965,-1.333,-2.491,-2.135,-2.437,-2.151,-2.057,-2.166,-2.079,-1.968
Çorlu,2023,1,-1.356,-1.611,-2.062,-2.039,-2.588,-4.753,-2.967,-2.775,-2.211,-2.422
Çorlu,2023,2,-2.813,-1.837,-2.395,-2.109,-3.407,-2.453,-2.968,-2.753,-3.043,-2.912
Çorlu,2023,3,-0.842,-1.050,-2.253,-1.926,-3.184,-2.377,-3.107,-2.492,-2.859,-2.578
Çorlu,2023,4,0.797,0.894,-1.199,-1.058,-2.124,-2.858,-2.446,-4.376,-2.813,-2.448
Çorlu,2023,5,0.421,0.699,0.101,0.457,-1.783,-1.579,-2.704,-4.753,-2.498,-2.214
Çorlu,2023,6,0.238,0.286,0.534,0.953,-1.364,-1.125,-2.377,-2.045,-2.490,-2.277
Çorlu,2023,7,-0.390,-1.598,-0.073,-0.155,-1.059,-1.002,-2.124,-2.673,-2.363,-4.753
Çorlu,2023,8,-1.645,-3.265,-0.642,-1.457,-0.499,-0.828,-1.982,-2.353,-2.777,-4.753
Çorlu,2023,9,-0.833,-1.693,-1.837,-2.862,-0.575,-1.107,-2.026,-2.016,-2.732,-2.415
Çorlu,2023,10,-1.046,-1.474,-2.253,-2.655,-1.300,-1.849,-1.871,-2.067,-2.614,-4.753
Çorlu,2023,11,1.864,1.727,0.527,-0.105,-0.022,-1.031,-0.024,-0.685,-1.254,-1.667
Çorlu,2023,12,-0.008,-0.272,0.671,0.337,-0.102,-1.146,0.109,-0.540,-0.953,-1.471
Çorlu,2024,1,-0.200,-0.345,0.864,0.720,-0.110,-0.755,-0.237,-1.011,-0.756,-1.427
Çorlu,2024,2,-0.244,-0.725,-0.411,-0.796,-0.029,-0.671,-0.374,-1.318,-0.365,-1.089
Çorlu,2024,3,0.501,0.260,-0.173,-0.564,0.278,-0.219,-0.253,-1.210,-0.102,-0.830
Çorlu,2024,4,-0.454,-1.065,-0.285,-0.929,0.535,0.129,-0.227,-0.901,-0.323,-1.158
Çorlu,2024,5,-1.360,-0.686,-0.917,-1.062,-0.932,-1.241,-0.400,-0.844,-0.691,-1.475
Çorlu,2024,6,-1.433,-2.215,-2.331,-2.376,-1.575,-2.046,-0.507,-1.231,-1.023,-2.028
Çorlu,2024,7,-1.494,-2.626,-2.886,-2.642,-2.050,-2.420,-0.386,-1.255,-1.082,-2.902
Çorlu,2024,8,0.172,-0.867,-1.748,-2.806,-1.870,-2.396,-1.615,-3.401,-0.931,-2.103
Çorlu,2024,9,1.246,1.204,0.492,-0.697,-1.148,-2.277,-1.065,-1.956,-0.322,-1.331
Çorlu,2024,10,-2.421,-1.399,-0.050,-0.527,-1.507,-2.202,-1.491,-2.271,-0.409,-1.195
Çorlu,2024,11,-1.292,-1.048,-0.789,-0.863,-1.770,-2.210,-1.888,-2.406,-1.830,-2.156
Çorlu,2024,12,0.552,0.524,-1.132,-1.035,-0.705,-1.274,-1.676,-2.197,-1.556,-2.025
İpsala,1965,1,-0.441,-0.868,,,,,,,,
İpsala,1965,2,1.486,1.684,,,,,,,,
İpsala,1965,3,-0.798,-0.768,0.328,0.380,,,,,,
İpsala,1965,4,0.091,0.336,0.846,1.112,,,,,,
İpsala,1965,5,0.891,1.157,-0.032,0.372,,,,,,
İpsala,1965,6,-1.793,-1.176,-0.147,0.239,0.119,0.357,,,,
İpsala,1965,7,-0.743,-0.213,-0.294,0.108,0.342,0.817,,,,
İpsala,1965,8,-0.536,0.550,-2.127,-0.548,-0.931,-0.165,,,,
İpsala,1965,9,-1.814,-1.275,-1.934,-0.649,-1.177,-0.334,-0.403,0.088,,
İpsala,1965,10,-1.262,-0.904,-2.068,-1.070,-1.714,-0.854,-0.632,-0.026,,
İpsala,1965,11,1.129,1.203,0.066,-0.007,-0.650,-0.378,-0.592,-0.232,,
İpsala,1965,12,1.138,1.188,1.030,1.031,0.481,0.448,0.305,0.552,0.349,0.473
İpsala,1966,1,1.184,1.439,1.831,1.735,1.088,1.148,0.782,1.009,0.978,1.269
İpsala,1966,2,0.616,0.402,1.453,1.368,1.120,1.037,0.720,0.741,0.582,0.754
İpsala,1966,3,-0.190,-0.216,0.937,0.832,1.204,1.138,0.808,0.833,0.651,0.825
İpsala,1966,4,-0.203,-0.387,0.039,-0.188,1.473,1.319,0.840,0.786,0.616,0.711
İpsala,1966,5,0.055,0.307,-0.500,-0.407,1.075,1.044,0.836,0.768,0.456,0.512
İpsala,1966,6,-1.168,-0.429,-0.900,-0.570,0.371,0.364,0.858,0.899,0.489,0.601
İpsala,1966,7,0.666,0.544,-0.347,0.071,-0.302,-0.288,1.175,1.186,0.607,0.666
İpsala,1966,8,-0.926,-0.874,-0.685,-0.435,-0.867,-0.667,0.752,0.539,0.585,0.508
İpsala,1966,9,0.800,0.963,0.464,0.432,-0.496,-0.163,0.427,0.390,0.846,0.864
İpsala,1966,10,-0.390,-1.117,-0.189,-0.639,-0.591,-0.531,-0.506,-0.648,0.927,0.590
İpsala,1966,11,1.380,1.474,1.040,0.897,0.625,0.456,0.270,0.149,1.038,0.924
İpsala,1966,12,1.415,1.606,1.626,1.567,1.536,0.877,1.085,1.077,1.311,0.796
İpsala,1967,1,0.792,0.943,1.977,1.933,1.694,1.568,1.335,1.359,1.182,1.108
İpsala,1967,2,-0.048,0.095,1.206,1.367,1.451,1.471,1.233,1.268,0.927,1.000
İpsala,1967,3,-0.321,-0.318,0.206,0.306,1.248,1.219,1.217,1.170,0.873,0.951
İpsala,1967,4,0.445,0.419,-0.276,-0.035,1.503,1.564,1.240,1.163,0.981,1.057
İpsala,1967,5,0.026,-0.185,-0.208,-0.264,0.928,1.091,1.229,1.210,1.010,1.007
İpsala,1967,6,0.749,1.020,0.423,0.532,0.303,0.419,1.254,1.259,1.221,1.208
İpsala,1967,7,0.520,0.591,0.397,0.669,-0.021,0.212,1.412,1.579,1.186,1.193
İpsala,1967,8,-1.000,-0.447,0.352,0.615,-0.034,0.166,0.865,0.772,1.162,1.228
İpsala,1967,9,0.513,0.377,0.130,0.135,0.271,0.436,0.233,0.352,1.128,1.156
İpsala,1967,10,-0.089,-0.303,-0.196,-0.381,-0.057,0.071,-0.279,-0.134,1.149,0.851
İpsala,1967,11,-0.560,-0.771,-0.622,-0.745,-0.446,-0.365,-0.519,-0.502,0.408,0.520
İpsala,1967,12,0.011,-0.147,-0.804,-0.930,-0.726,-0.511,-0.477,-0.494,-0.339,-0.077
İpsala,1968,1,1.123,1.415,0.154,0.138,-0.139,-0.224,-0.038,0.051,-0.201,-0.120
İpsala,1968,2,0.270,0.214,0.599,0.655,0.032,-0.035,0.056,0.073,-0.066,-0.044
İpsala,1968,3,0.465,0.551,0.923,0.997,0.056,0.035,0.023,0.032,0.101,0.186
İpsala,1968,4,-1.279,-1.368,-0.243,-0.318,-0.027,-0.136,-0.226,-0.306,-0.137,-0.112
İpsala,1968,5,-0.168,-1.446,-0.579,-1.301,0.227,-0.095,-0.212,-0.486,-0.175,-0.333
İpsala,1968,6,-0.396,-0.255,-1.295,-1.823,0.230,0.001,-0.386,-0.637,-0.378,-0.579
İpsala,1968,7,-0.924,-0.615,-0.765,-1.450,-0.747,-1.151,-0.337,-0.612,-0.498,-0.717
İpsala,1968,8,1.656,1.603,0.273,0.625,-0.341,-0.507,0.217,0.129,-0.179,-0.326
İpsala,1968,9,1.251,1.324,1.248,1.455,0.081,-0.092,0.688,0.497,0.024,-0.103
İpsala,1968,10,-0.637,-0.598,0.674,0.985,0.026,0.095,-0.194,-0.259,-0.085,-0.021
İpsala,1968,11,-0.183,-0.390,-0.145,-0.105,-0.105,0.125,-0.403,-0.501,0.043,-0.024
İpsala,1968,12,0.542,0.684,-0.349,-0.346,0.256,0.403,-0.275,-0.350,0.257,0.275
İpsala,1969,1,0.428,0.470,0.167,0.259,0.433,0.720,0.026,0.161,-0.131,-0.131
İpsala,1969,2,1.340,1.407,0.993,1.147,0.612,0.777,0.600,0.852,0.317,0.360
İpsala,1969,3,0.394,0.654,1.016,1.179,0.375,0.563,0.704,0.974,0.294,0.407
İpsala,1969,4,-0.057,0.239,1.131,1.281,0.604,0.800,0.762,1.061,0.433,0.647
İpsala,1969,5,-0.498,-1.229,-0.285,-0.206,0.699,0.869,0.414,0.588,0.405,0.664
İpsala,1969,6,0.608,0.551,-0.194,-0.428,0.710,0.631,0.228,0.378,0.556,0.780
İpsala,1969,7,-0.990,0.497,-0.286,-0.206,0.569,0.846,0.381,0.606,0.549,0.874
İpsala,1969,8,0.408,0.499,0.129,0.611,-0.237,0.201,0.593,0.656,0.354,0.625
İpsala,1969,9,-0.756,-1.002,-0.922,-0.218,-0.890,-0.556,0.326,0.447,-0.033,0.170
İpsala,1969,10,0.390,0.294,-0.037,-0.181,-0.416,-0.330,0.307,0.481,0.234,0.356
İpsala,1969,11,-0.447,-0.798,-0.614,-0.860,-0.568,-0.453,-0.653,-0.552,0.174,0.300
İpsala,1969,12,0.572,0.569,0.030,-0.218,-0.355,-0.120,-0.458,-0.492,0.187,0.280
İpsala,1970,1,0.863,0.881,0.364,0.194,0.151,-0.061,-0.080,-0.165,0.372,0.389
İpsala,1970,2,1.079,1.122,1.103,1.088,0.491,0.316,0.435,0.399,0.249,0.269
İpsala,1970,3,-0.256,-0.366,0.930,0.835,0.539,0.395,0.253,0.245,0.118,0.089
İpsala,1970,4,-0.830,-1.260,0.275,0.032,0.354,0.057,0.197,-0.051,0.016,-0.157
İpsala,1970,5,0.738,1.008,-0.303,-0.400,0.798,0.734,0.297,0.117,0.250,0.220
İpsala,1970,6,-0.136,-0.000,-0.211,-0.245,0.624,0.470,0.380,0.278,0.119,0.120
İpsala,1970,7,-0.924,-0.760,0.040,0.302,0.108,0.011,0.254,0.079,0.122,-0.048
İpsala,1970,8,-0.009,-0.009,-0.608,-0.461,-0.674,-0.678,0.505,0.345,0.084,-0.125
İpsala,1970,9,-1.030,-0.558,-1.359,-0.864,-1.085,-0.864,0.169,0.139,0.060,-0.100
İpsala,1970,10,1.010,1.229,0.453,0.604,0.231,0.580,0.255,0.313,0.318,0.261
İpsala,1970,11,0.117,-0.034,0.322,0.450,-0.056,0.037,-0.244,-0.217,0.488,0.476
İpsala,1970,12,-0.230,-0.367,0.253,0.272,-0.225,-0.012,-0.352,-0.297,0.206,0.238
İpsala,1971,1,-0.021,-0.548,-0.457,-0.630,-0.254,-0.269,-0.307,-0.155,-0.211,-0.269
İpsala,1971,2,1.106,1.229,0.213,0.148,0.244,0.290,-0.010,-0.015,-0.155,-0.167
İpsala,1971,3,1.417,1.473,1.043,1.040,0.755,0.825,0.410,0.473,0.259,0.359
İpsala,1971,4,-0.760,-0.531,1.301,1.335,0.287,0.259,0.365,0.464,0.268,0.466
İpsala,1971,5,-0.380,-0.896,0.324,0.312,0.245,0.147,0.278,0.331,0.061,0.092
İpsala,1971,6,0.514,0.623,-0.560,-0.689,0.593,0.464,0.492,0.554,0.175,0.209
İpsala,1971,7,1.055,1.587,0.354,0.638,1.050,1.310,0.309,0.385,0.379,0.527
İpsala,1971,8,-0.203,-0.151,0.598,0.939,0.500,0.779,0.347,0.367,0.361,0.507
İpsala,1971,9,0.838,1.058,0.805,1.204,0.055,0.472,0.773,0.693,0.618,0.808
İpsala,1971,10,-0.590,-0.417,-0.179,0.064,-0.078,0.374,0.641,1.000,0.117,0.289
İpsala,1971,11,0.107,-0.019,-0.190,0.039,0.037,0.428,0.116,0.432,0.131,0.311
İpsala,1971,12,-0.295,-0.458,-0.810,-0.739,-0.356,0.099,-0.607,-0.329,0.101,0.301
İpsala,1972,1,-0.742,-0.968,-0.849,-0.854,-1.050,-0.789,-0.812,-0.483,-0.121,0.172
İpsala,1972,2,-0.061,-0.019,-0.852,-0.831,-0.862,-0.660,-0.683,-0.342,-0.511,-0.219
İpsala,1972,3,-0.166,-0.119,-0.799,-0.739,-1.137,-0.958,-0.765,-0.407,-0.927,-0.612
İpsala,1972,4,0.655,0.231,-0.071,-0.116,-0.678,-0.762,-0.819,-0.664,-0.672,-0.455
İpsala,1972,5,0.582,0.509,0.366,0.146,-0.544,-0.709,-0.639,-0.535,-0.490,-0.246
İpsala,1972,6,0.102,-0.225,0.516,0.047,-0.390,-0.490,-0.857,-0.882,-0.561,-0.393
İpsala,1972,7,-0.074,-0.087,0.175,0.031,-0.046,-0.261,-0.598,-0.741,-0.736,-0.663
İpsala,1972,8,0.529,0.340,0.013,-0.134,0.168,-0.078,-0.549,-0.547,-0.643,-0.605
İpsala,1972,9,1.910,1.971,1.536,1.603,1.470,1.301,0.369,0.293,-0.228,-0.230
İpsala,1972,10,1.622,1.894,2.075,2.270,1.928,1.902,1.590,1.581,0.620,0.516
İpsala,1972,11,-0.654,-0.877,1.536,1.706,1.315,1.397,1.214,1.245,0.416,0.437
İpsala,1972,12,-2.116,-1.771,-0.165,-0.149,0.571,0.543,0.644,0.640,0.108,0.192
İpsala,1973,1,0.397,0.363,-1.486,-1.315,0.655,0.842,0.554,0.721,0.415,0.468
İpsala,1973,2,1.060,1.094,-0.170,-0.179,0.858,1.045,0.771,0.873,0.751,0.798
İpsala,1973,3,1.252,1.390,1.152,1.256,0.579,0.736,1.000,1.173,1.014,1.092
İpsala,1973,4,0.961,0.850,1.780,1.581,0.021,0.016,1.207,1.305,1.087,1.182
İpsala,1973,5,-0.390,-0.696,0.992,1.006,0.267,0.270,1.055,1.189,0.969,1.052
İpsala,1973,6,1.569,1.763,1.133,1.271,1.440,1.117,0.890,1.081,1.245,1.410
İpsala,1973,7,0.268,0.273,0.702,1.003,1.614,1.738,0.226,0.330,1.257,1.426
İpsala,1973,8,0.030,0.686,1.030,1.434,1.254,1.547,0.537,0.601,1.194,1.474
İpsala,1973,9,0.170,-0.003,-0.077,0.269,0.787,1.093,1.230,0.975,0.743,1.003
İpsala,1973,10,0.000,-0.250,-0.179,-0.121,0.199,0.503,1.135,1.298,0.040,0.212
İpsala,1973,11,-0.857,-0.871,-0.930,-0.925,-0.211,0.093,0.263,0.508,0.017,0.194
İpsala,1973,12,-0.526,-0.786,-1.336,-1.249,-1.265,-0.754,-0.469,-0.329,0.271,0.386
İpsala,1974,1,-1.032,-1.089,-1.875,-1.525,-1.886,-1.402,-1.214,-0.901,-0.144,0.037
İpsala,1974,2,0.055,-0.046,-1.040,-1.080,-1.495,-1.407,-1.000,-0.738,-0.478,-0.293
İpsala,1974,3,0.290,0.378,-0.602,-0.601,-1.357,-1.251,-1.322,-1.061,-0.727,-0.541
İpsala,1974,4,1.319,1.451,0.692,0.896,-0.835,-0.706,-0.961,-0.696,-0.632,-0.332
İpsala,1974,5,0.621,0.804,1.070,1.355,-0.267,-0.155,-0.780,-0.628,-0.438,-0.082
İpsala,1974,6,0.523,0.656,1.160,1.530,0.162,0.374,-0.706,-0.509,-0.730,-0.427
İpsala,1974,7,-0.139,0.220,0.397,0.826,0.638,1.022,-0.628,-0.391,-0.764,-0.431
İpsala,1974,8,0.106,0.350,0.120,0.501,0.763,1.225,-0.269,0.053,-0.738,-0.491
İpsala,1974,9,0.823,0.763,0.345,0.553,1.054,1.446,0.189,0.432,-0.604,-0.378
İpsala,1974,10,0.330,-0.210,0.434,0.154,0.445,0.564,0.657,0.805,-0.459,-0.164
İpsala,1974,11,0.456,0.480,0.541,0.329,0.422,0.396,0.777,0.968,0.001,0.100
İpsala,1974,12,-0.362,-0.524,-0.072,-0.361,-0.012,0.051,0.458,0.610,0.025,0.219
İpsala,1975,1,0.759,0.841,0.232,0.273,0.320,0.202,0.355,0.488,0.540,0.695
İpsala,1975,2,-0.603,-0.543,-0.199,-0.150,0.097,-0.001,0.040,0.055,0.378,0.586
İpsala,1975,3,0.115,-0.286,0.108,-0.026,-0.068,-0.258,-0.024,-0.079,0.333,0.471
İpsala,1975,4,-0.297,-0.612,-0.806,-1.047,-0.185,-0.316,-0.063,-0.229,0.007,0.018
İpsala,1975,5,1.083,1.047,0.425,0.014,-0.038,-0.245,0.186,-0.020,0.139,0.053
İpsala,1975,6,1.860,1.820,1.512,1.454,0.864,0.618,0.498,0.355,0.492,0.416
İpsala,1975,7,0.787,0.746,1.655,1.780,0.798,0.690,0.554,0.521,0.595,0.465
İpsala,1975,8,2.325,1.975,2.227,2.173,1.854,1.739,0.900,0.715,0.934,0.893
İpsala,1975,9,-1.814,-1.566,1.023,1.093,1.811,1.694,1.112,0.765,0.698,0.582
İpsala,1975,10,0.544,0.540,0.807,0.913,1.661,1.681,1.044,0.993,0.747,0.571
İpsala,1975,11,0.156,0.197,-0.096,-0.169,1.197,1.343,1.132,1.145,0.633,0.672
İpsala,1975,12,0.218,0.274,0.202,0.289,0.549,0.532,1.079,1.217,0.884,0.656
İpsala,1976,1,0.117,-0.223,-0.055,0.007,0.348,0.467,1.066,1.214,0.659,0.685
İpsala,1976,2,-0.373,-0.263,-0.205,-0.148,-0.337,-0.322,0.652,0.842,0.665,0.731
İpsala,1976,3,-0.306,0.224,-0.515,-0.322,-0.233,0.010,0.089,0.371,0.570,0.807
İpsala,1976,4,-0.319,-0.516,-0.944,-0.474,-0.474,-0.299,-0.085,0.164,0.574,0.815
İpsala,1976,5,0.891,1.016,0.009,0.337,-0.239,-0.085,-0.342,-0.174,0.540,0.810
İpsala,1976,6,1.148,1.399,0.863,1.082,0.025,0.300,0.065,0.410,0.326,0.654
İpsala,1976,7,0.377,0.662,1.028,1.490,0.120,0.658,-0.018,0.331,0.263,0.619
İpsala,1976,8,1.347,1.646,1.197,1.733,0.739,1.447,0.201,0.560,0.035,0.466
İpsala,1976,9,0.554,0.702,0.819,1.444,1.127,1.702,0.289,0.672,0.243,0.788
İpsala,1976,10,0.042,-0.205,0.452,0.847,0.913,1.446,0.263,0.929,0.078,0.461
İpsala,1976,11,-0.002,-0.269,-0.119,-0.216,0.459,0.869,0.325,0.833,0.042,0.442
İpsala,1976,12,0.608,0.692,0.109,-0.091,0.368,0.503,0.622,0.994,0.206,0.486
İpsala,1977,1,0.082,-0.162,0.122,0.043,0.235,0.450,0.605,1.024,0.171,0.653
İpsala,1977,2,0.376,-0.043,0.372,0.241,0.103,-0.061,0.470,0.684,0.370,0.694
İpsala,1977,3,-0.655,-0.736,-0.233,-0.566,-0.146,-0.399,0.080,0.207,0.307,0.531
İpsala,1977,4,-0.328,-0.274,-0.487,-0.770,-0.152,-0.388,-0.024,0.053,0.309,0.567
İpsala,1977,5,0.472,0.423,-0.543,-0.577,0.030,-0.180,-0.136,-0.271,0.214,0.416
İpsala,1977,6,0.043,0.262,-0.130,-0.051,-0.342,-0.401,-0.244,-0.395,-0.021,0.142
İpsala,1977,7,-0.515,-0.318,-0.024,0.148,-0.472,-0.617,-0.220,-0.372,-0.100,-0.000
İpsala,1977,8,-1.542,-0.363,-0.674,-0.259,-0.895,-0.669,-0.226,-0.192,-0.338,-0.414
İpsala,1977,9,1.295,1.488,0.539,0.785,0.126,0.508,-0.165,-0.039,-0.127,-0.198
İpsala,1977,10,-0.740,-0.485,0.030,0.347,-0.185,0.294,-0.498,-0.313,-0.288,-0.089
İpsala,1977,11,0.156,-0.112,0.101,0.260,-0.291,-0.033,-0.544,-0.349,-0.197,-0.172
İpsala,1977,12,-0.127,-0.136,-0.702,-0.657,-0.429,-0.035,-0.494,-0.248,-0.601,-0.274
İpsala,1978,1,-0.149,-0.434,-0.432,-0.502,-0.541,-0.334,-0.584,-0.278,-0.774,-0.662
İpsala,1978,2,0.354,0.230,-0.249,-0.280,-0.241,-0.138,-0.524,-0.352,-0.687,-0.527
İpsala,1978,3,0.556,0.368,0.098,-0.130,-0.485,-0.531,-0.324,-0.224,-0.392,-0.239
İpsala,1978,4,1.204,1.157,0.966,0.826,0.124,-0.024,0.013,0.110,-0.074,0.095
İpsala,1978,5,-0.156,-0.202,0.756,0.689,0.088,0.000,0.029,0.121,-0.203,-0.054
İpsala,1978,6,-0.080,0.019,0.405,0.464,0.207,0.139,-0.348,-0.327,-0.214,-0.092
İpsala,1978,7,-1.258,-0.283,-0.604,-0.398,0.287,0.276,-0.153,-0.221,-0.233,-0.097
İpsala,1978,8,-1.306,1.228,-0.920,0.498,0.062,0.723,-0.223,0.146,-0.224,0.160
İpsala,1978,9,0.912,1.141,0.026,1.140,0.187,1.124,0.106,0.457,-0.378,0.008
İpsala,1978,10,0.783,0.781,0.714,1.334,0.140,0.889,0.586,1.017,0.091,0.339
İpsala,1978,11,0.982,1.149,1.275,1.441,0.805,1.363,0.938,1.423,0.465,0.826
İpsala,1978,12,-0.236,-0.484,0.724,0.729,0.566,0.711,0.594,1.097,0.467,0.579
İpsala,1979,1,0.752,0.782,0.685,0.718,0.911,1.319,0.524,1.022,0.804,1.142
İpsala,1979,2,0.007,-0.113,0.084,-0.004,0.814,0.916,0.524,0.943,0.666,1.030
İpsala,1979,3,-1.308,-1.673,-0.079,-0.366,0.399,0.293,0.311,0.622,0.353,0.695
İpsala,1979,4,2.532,2.261,1.018,0.942,0.922,0.903,1.066,1.295,0.758,1.089
İpsala,1979,5,0.026,-0.118,1.133,1.055,0.526,0.437,1.068,1.104,0.810,1.123
İpsala,1979,6,-0.046,-0.378,1.570,1.602,0.774,0.529,0.917,0.870,0.801,1.062
İpsala,1979,7,-0.759,0.270,-0.414,-0.317,0.417,0.432,0.641,0.676,0.803,1.094
İpsala,1979,8,-0.950,0.073,-0.764,-0.185,0.433,0.615,0.219,0.226,0.795,0.917
İpsala,1979,9,0.141,0.121,-0.753,0.021,0.920,1.235,0.423,0.416,0.649,0.719
İpsala,1979,10,1.595,1.857,1.174,1.454,0.712,1.033,1.050,1.206,1.007,0.789
İpsala,1979,11,1.526,1.682,2.053,2.100,1.628,1.817,1.793,1.973,1.257,1.383
İpsala,1979,12,-0.271,-0.553,1.740,1.919,1.333,0.958,1.752,1.977,1.391,0.918
İpsala,1980,1,0.959,1.201,1.256,1.298,1.729,1.841,1.350,1.511,1.553,1.660
İpsala,1980,2,-0.632,-0.557,0.008,0.060,1.369,1.515,1.134,1.383,1.324,1.509
İpsala,1980,3,0.566,0.711,0.469,0.630,1.470,1.594,1.180,1.423,1.523,1.684
İpsala,1980,4,0.814,0.873,0.133,0.452,1.013,1.131,1.393,1.510,1.111,1.316
İpsala,1980,5,0.997,1.203,1.158,1.386,0.482,0.706,1.565,1.681,1.341,1.566
İpsala,1980,6,0.369,0.535,1.022,1.340,0.837,0.864,1.661,1.790,1.373,1.647
İpsala,1980,7,0.428,0.426,0.725,1.103,0.496,0.879,1.090,1.332,1.432,1.651
İpsala,1980,8,-0.128,0.637,0.170,0.641,0.858,1.321,0.410,0.577,1.435,1.718
İpsala,1980,9,-0.528,-0.154,-0.458,0.229,0.496,1.126,0.552,0.748,1.402,1.765
İpsala,1980,10,-1.718,-1.686,-1.687,-1.117,-0.536,-0.118,-0.410,0.002,0.540,0.587
İpsala,1980,11,0.082,-0.145,-1.156,-1.239,-0.960,-0.721,-0.147,0.077,-0.167,0.021
İpsala,1980,12,1.522,1.662,0.616,0.334,0.319,0.311,0.656,0.837,0.710,0.656
İpsala,1981,1,1.111,1.402,1.501,1.498,0.773,0.824,0.899,1.100,0.808,1.059
İpsala,1981,2,0.697,0.860,1.712,1.757,0.871,0.894,0.827,0.974,1.069,1.316
İpsala,1981,3,-0.871,-1.203,0.743,0.754,0.798,0.681,0.580,0.633,0.801,0.977
İpsala,1981,4,-1.150,-0.929,-0.540,-0.549,0.998,0.969,0.393,0.419,0.539,0.694
İpsala,1981,5,0.455,0.833,-1.036,-0.882,1.187,1.366,0.461,0.503,0.422,0.589
İpsala,1981,6,0.448,0.005,-0.214,-0.234,0.454,0.424,0.629,0.551,0.431,0.494
İpsala,1981,7,0.507,0.849,0.448,0.770,-0.151,-0.048,0.973,1.066,0.438,0.531
İpsala,1981,8,-0.880,0.156,0.136,0.331,-0.742,-0.462,1.038,0.863,0.399,0.457
İpsala,1981,9,0.030,-0.037,-0.248,0.256,-0.530,-0.052,0.246,0.388,0.463,0.471
İpsala,1981,10,0.982,0.888,0.535,0.506,0.567,0.773,0.121,0.205,0.997,0.740
İpsala,1981,11,1.049,1.296,1.187,1.247,1.025,1.109,0.461,0.585,1.334,1.488
İpsala,1981,12,0.799,0.797,1.491,1.554,1.200,0.843,0.951,1.115,1.097,0.791
İpsala,1982,1,-0.323,-0.607,0.833,0.912,0.929,0.979,0.911,1.085,0.590,0.695
İpsala,1982,2,-0.028,0.104,0.179,0.189,0.811,0.877,0.757,0.845,0.349,0.475
İpsala,1982,3,0.628,0.799,-0.176,-0.063,0.956,1.043,0.772,0.966,0.599,0.831
İpsala,1982,4,1.909,1.860,1.244,1.407,1.132,1.318,1.171,1.288,1.138,1.332
İpsala,1982,5,-0.026,-0.040,1.370,1.537,0.715,0.906,1.154,1.268,1.096,1.244
İpsala,1982,6,-0.852,-0.686,0.791,1.010,0.220,0.407,1.103,1.244,0.919,1.151
İpsala,1982,7,-0.294,0.304,-0.742,-0.418,0.454,0.897,0.764,1.065,0.833,1.067
İpsala,1982,8,-0.444,0.153,-1.108,-0.288,0.531,1.008,0.340,0.485,0.833,1.068
İpsala,1982,9,-0.571,-1.219,-1.073,-0.604,0.027,0.361,-0.183,0.148,0.786,0.963
İpsala,1982,10,0.259,-0.009,-0.308,-0.614,-0.949,-0.800,0.061,0.293,0.502,0.526
İpsala,1982,11,-0.048,-0.105,-0.388,-0.650,-0.903,-0.748,0.016,0.172,0.044,0.156
İpsala,1982,12,0.392,0.234,0.021,-0.216,-0.398,-0.244,-0.032,-0.013,-0.193,0.063
İpsala,1983,1,-0.524,-0.885,-0.356,-0.484,-0.687,-0.868,-1.010,-0.996,-0.300,-0.193
İpsala,1983,2,0.060,0.078,-0.192,-0.336,-0.507,-0.754,-0.893,-0.900,-0.223,-0.152
İpsala,1983,3,-1.379,-1.366,-1.081,-1.095,-0.664,-0.811,-0.934,-0.942,-0.575,-0.539
İpsala,1983,4,-0.232,-0.694,-1.072,-1.271,-0.767,-0.949,-0.962,-1.119,-1.193,-1.217
İpsala,1983,5,0.195,-0.271,-1.073,-1.611,-0.682,-1.095,-0.860,-1.204,-1.181,-1.264
İpsala,1983,6,1.241,1.598,0.526,0.453,-0.569,-0.568,-0.453,-0.592,-0.702,-0.748
İpsala,1983,7,2.398,2.579,1.708,1.944,0.727,0.799,0.160,0.114,-0.066,-0.177
İpsala,1983,8,-0.926,0.459,1.849,2.099,0.754,0.996,0.218,0.255,-0.081,-0.139
İpsala,1983,9,0.923,1.000,1.695,1.913,1.625,1.779,0.341,0.429,0.178,0.219
İpsala,1983,10,0.154,0.160,0.251,0.575,1.322,1.643,0.611,0.865,0.147,0.272
İpsala,1983,11,0.050,0.065,0.185,0.361,1.108,1.568,0.528,0.809,0.194,0.332
İpsala,1983,12,0.000,-0.152,-0.270,-0.254,0.601,0.638,0.674,0.960,0.028,0.254
İpsala,1984,1,0.308,-0.025,-0.157,-0.223,-0.147,0.045,0.730,1.056,0.254,0.438
İpsala,1984,2,0.227,0.275,0.015,-0.078,0.008,0.071,0.715,1.084,0.301,0.497
İpsala,1984,3,2.633,2.356,1.401,1.472,0.703,0.840,1.174,1.397,1.177,1.387
İpsala,1984,4,0.811,0.992,2.107,1.908,0.906,1.046,0.836,1.089,1.353,1.578
İpsala,1984,5,-0.504,-0.853,1.998,1.934,0.929,1.042,0.768,0.929,1.310,1.590
İpsala,1984,6,-0.546,-0.211,-0.244,-0.120,1.046,0.887,0.529,0.735,1.001,1.279
İpsala,1984,7,0.696,1.158,-0.419,-0.113,1.291,1.638,0.625,0.870,0.585,0.925
İpsala,1984,8,0.702,1.205,0.129,0.936,1.500,1.890,0.801,0.821,0.681,1.054
İpsala,1984,9,-2.128,-1.597,-0.122,0.434,-0.472,0.173,0.843,0.810,0.396,0.703
İpsala,1984,10,-1.833,-1.792,-1.515,-1.326,-1.595,-1.200,0.386,0.642,0.101,0.257
İpsala,1984,11,0.274,0.164,-1.103,-1.457,-0.947,-0.702,0.381,0.571,0.199,0.289
İpsala,1984,12,-1.059,-1.208,-1.430,-1.487,-1.365,-0.936,-1.318,-1.059,-0.102,0.116
İpsala,1985,1,0.582,0.518,-0.320,-0.408,-1.187,-1.178,-1.326,-1.188,-0.024,0.136
İpsala,1985,2,-0.048,0.185,-0.435,-0.376,-1.109,-1.274,-1.119,-0.891,-0.074,0.143
İpsala,1985,3,-0.816,-0.538,-0.138,0.002,-1.081,-1.087,-1.091,-0.856,-1.114,-0.858
İpsala,1985,4,-1.256,-1.363,-1.362,-1.055,-0.850,-0.819,-1.459,-1.294,-1.543,-1.299
İpsala,1985,5,-1.381,-1.742,-2.191,-2.172,-1.299,-1.351,-1.745,-1.810,-1.695,-1.412
İpsala,1985,6,0.461,0.537,-1.179,-1.514,-0.745,-0.706,-1.471,-1.543,-1.441,-1.260
İpsala,1985,7,-0.285,0.248,-0.539,-0.592,-1.433,-1.184,-1.026,-0.973,-1.570,-1.340
İpsala,1985,8,-1.222,-0.897,-0.221,-0.009,-1.742,-1.569,-1.287,-1.088,-1.711,-1.593
İpsala,1985,9,-0.667,-0.491,-1.353,-0.713,-2.039,-1.735,-1.183,-0.881,-1.718,-1.527
İpsala,1985,10,-0.594,-0.421,-1.272,-0.959,-1.560,-1.176,-2.060,-1.433,-1.472,-1.068
İpsala,1985,11,0.642,0.583,-0.233,-0.161,-0.421,-0.253,-1.276,-1.130,-1.182,-1.039
İpsala,1985,12,-1.307,-1.601,-0.797,-0.876,-1.247,-0.840,-1.644,-1.472,-1.426,-1.107
İpsala,1986,1,1.194,1.329,0.393,0.180,-0.348,-0.505,-0.627,-0.714,-1.138,-1.088
İpsala,1986,2,1.281,1.430,0.712,0.675,0.325,0.325,0.169,0.172,-0.459,-0.554
İpsala,1986,3,-1.257,-0.958,1.114,1.163,0.206,0.205,-0.128,-0.072,-0.492,-0.564
İpsala,1986,4,-1.840,-1.952,-0.101,-0.142,0.219,-0.030,-0.327,-0.454,-0.544,-0.641
İpsala,1986,5,0.281,0.349,-1.639,-1.651,0.008,-0.225,-0.213,-0.276,-0.343,-0.352
İpsala,1986,6,0.023,0.024,-0.824,-1.103,0.567,0.417,-0.119,-0.196,-0.416,-0.438
İpsala,1986,7,-1.122,-0.507,-0.241,-0.124,-0.342,-0.370,0.040,-0.142,-0.446,-0.525
İpsala,1986,8,-0.156,-0.546,-0.565,-0.557,-1.644,-1.573,-0.221,-0.311,-0.390,-0.498
İpsala,1986,9,-0.701,-0.853,-1.328,-1.128,-1.683,-1.682,0.116,0.014,-0.418,-0.587
İpsala,1986,10,-0.101,-0.205,-0.634,-0.852,-0.876,-0.822,-0.794,-0.821,-0.280,-0.298
İpsala,1986,11,-0.693,-0.601,-1.223,-0.994,-1.443,-1.105,-1.984,-1.577,-0.747,-0.833
İpsala,1986,12,-0.224,-0.229,-1.081,-0.843,-1.515,-1.007,-1.721,-1.429,-0.569,-0.327
İpsala,1987,1,0.494,0.443,-0.586,-0.407,-1.090,-0.933,-1.159,-0.952,-1.101,-0.975
İpsala,1987,2,-0.497,-0.708,-0.294,-0.280,-1.049,-0.925,-1.312,-1.122,-1.730,-1.528
İpsala,1987,3,-0.328,0.189,-0.264,-0.152,-0.968,-0.681,-1.269,-0.979,-1.467,-1.282
İpsala,1987,4,0.464,0.633,-0.579,-0.101,-0.736,-0.442,-1.072,-0.772,-1.131,-0.809
İpsala,1987,5,0.059,0.346,-0.181,0.476,-0.397,-0.118,-1.019,-0.636,-1.224,-0.839
İpsala,1987,6,0.590,0.626,0.350,0.676,-0.105,0.216,-0.791,-0.380,-1.062,-0.706
İpsala,1987,7,-0.321,-0.760,0.066,0.162,-0.469,-0.172,-0.694,-0.416,-1.000,-0.718
İpsala,1987,8,0.739,0.991,0.364,0.487,-0.007,0.566,-0.293,0.072,-0.870,-0.502
İpsala,1987,9,-1.155,-1.257,-0.595,-0.549,-0.213,0.099,-0.385,-0.012,-0.939,-0.592
İpsala,1987,10,0.308,0.371,-0.058,0.048,-0.196,0.067,-0.556,-0.172,-0.751,-0.215
İpsala,1987,11,0.873,0.869,0.413,0.327,0.417,0.387,0.211,0.474,-0.086,0.119
İpsala,1987,12,1.431,1.641,1.498,1.670,1.128,0.768,1.076,1.277,0.714,0.654
İpsala,1988,1,-1.113,-1.451,1.028,0.988,0.787,0.813,0.630,0.738,0.310,0.489
İpsala,1988,2,0.423,0.435,0.725,0.746,0.695,0.665,0.711,0.688,0.530,0.744
İpsala,1988,3,0.449,0.387,-0.294,-0.534,0.908,0.913,0.661,0.638,0.653,0.770
İpsala,1988,4,-0.517,-0.187,0.108,0.271,0.815,0.793,0.624,0.683,0.515,0.629
İpsala,1988,5,-0.892,-0.626,-0.612,-0.405,0.334,0.374,0.400,0.428,0.418,0.468
İpsala,1988,6,-0.771,-0.747,-1.541,-1.124,-1.029,-0.968,0.428,0.508,0.216,0.246
İpsala,1988,7,0.333,-0.686,-0.914,-1.319,-0.542,-0.677,0.426,0.304,0.277,0.235
İpsala,1988,8,1.866,1.469,0.594,0.242,-0.122,-0.207,0.422,0.294,0.470,0.361
İpsala,1988,9,0.302,0.241,0.961,0.657,-0.367,-0.396,-0.493,-0.477,0.614,0.558
İpsala,1988,10,-0.522,-0.505,0.291,0.326,-0.447,-0.486,-0.360,-0.371,0.402,0.309
İpsala,1988,11,1.325,1.647,0.764,1.047,0.832,0.885,0.418,0.547,0.641,0.732
İpsala,1988,12,-0.222,-0.301,0.435,0.705,0.706,0.580,0.108,0.264,-0.136,0.053
İpsala,1989,1,-3.518,-1.546,0.114,0.341,0.121,0.364,-0.311,-0.143,-0.287,-0.158
İpsala,1989,2,-1.085,-1.213,-1.658,-1.498,-0.549,-0.351,-0.398,-0.367,-0.598,-0.486
İpsala,1989,3,0.866,0.650,-1.060,-1.173,-0.317,-0.204,-0.008,0.008,-0.451,-0.355
İpsala,1989,4,-1.018,-1.661,-0.738,-1.346,-0.256,-0.371,-0.203,-0.197,-0.521,-0.586
İpsala,1989,5,0.228,0.444,0.062,-0.356,-1.229,-1.403,-0.504,-0.447,-0.366,-0.430
İpsala,1989,6,0.325,0.719,-0.426,-0.455,-1.152,-1.201,-0.504,-0.356,-0.192,-0.165
İpsala,1989,7,-0.081,0.167,0.061,0.624,-0.578,-0.639,-0.280,-0.179,-0.233,-0.071
İpsala,1989,8,2.467,1.912,1.295,1.528,0.851,0.923,-0.498,-0.350,-0.059,0.114
İpsala,1989,9,0.454,0.551,1.324,1.487,0.650,0.915,-0.344,-0.153,-0.041,0.155
İpsala,1989,10,0.853,1.022,1.398,1.635,1.166,1.539,0.590,0.706,0.384,0.476
İpsala,1989,11,-0.682,-0.730,0.048,0.231,0.644,0.990,0.505,0.667,-0.435,-0.327
İpsala,1989,12,0.258,0.240,0.010,0.063,0.569,0.578,0.288,0.517,-0.315,-0.029
İpsala,1990,1,-2.179,-1.485,-1.237,-1.094,0.054,0.237,-0.027,0.426,-0.361,-0.238
İpsala,1990,2,-0.432,-0.657,-0.866,-0.927,-0.700,-0.596,-0.187,0.067,-0.190,-0.079
İpsala,1990,3,-1.132,-1.409,-1.940,-1.701,-1.045,-1.011,-0.428,-0.296,-0.578,-0.434
İpsala,1990,4,0.349,0.203,-1.023,-1.293,-1.410,-1.359,-0.351,-0.280,-0.375,-0.106
İpsala,1990,5,0.132,0.251,-0.621,-0.781,-1.058,-1.183,-0.887,-0.801,-0.408,-0.183
İpsala,1990,6,-0.076,0.243,-0.048,0.110,-1.492,-1.443,-1.029,-0.909,-0.469,-0.272
İpsala,1990,7,-1.153,-1.188,-0.402,-0.345,-1.104,-1.192,-1.470,-1.369,-0.517,-0.433
İpsala,1990,8,-0.926,-0.263,-0.856,-0.597,-1.045,-1.024,-1.274,-1.149,-1.084,-0.943
İpsala,1990,9,0.718,0.936,-0.160,-0.097,-0.329,-0.053,-1.497,-1.186,-1.052,-0.901
İpsala,1990,10,0.378,0.324,0.291,0.427,-0.183,0.098,-0.772,-0.692,-1.242,-0.894
İpsala,1990,11,-0.866,-1.234,-0.321,-0.373,-0.756,-0.678,-0.961,-0.957,-1.220,-1.161
İpsala,1990,12,1.452,1.615,0.697,0.585,0.480,0.350,0.341,0.345,-0.564,-0.378
İpsala,1991,1,-1.243,-1.286,0.113,-0.039,0.120,0.101,-0.150,-0.067,-0.575,-0.656
İpsala,1991,2,-0.113,-0.121,0.521,0.582,0.116,0.122,-0.195,-0.221,-0.419,-0.473
İpsala,1991,3,-0.719,-0.685,-1.291,-1.158,-0.195,-0.284,-0.290,-0.324,-0.335,-0.281
İpsala,1991,4,1.014,1.051,-0.128,0.080,-0.011,-0.094,0.016,0.088,-0.186,-0.065
İpsala,1991,5,0.795,0.990,0.499,0.738,0.580,0.732,0.230,0.353,-0.032,0.077
İpsala,1991,6,-0.845,-1.506,0.570,0.487,-0.671,-0.604,-0.025,-0.091,-0.122,-0.175
İpsala,1991,7,0.343,-0.000,0.119,-0.125,-0.125,-0.210,-0.042,-0.200,-0.016,-0.046
İpsala,1991,8,0.355,0.519,-0.383,-0.627,0.067,0.091,0.351,0.309,0.064,0.051
İpsala,1991,9,-0.634,-0.529,-0.346,-0.226,0.120,0.156,-0.837,-0.596,-0.170,-0.259
İpsala,1991,10,0.728,0.698,0.291,0.302,0.136,0.109,-0.042,-0.044,-0.017,0.008
İpsala,1991,11,0.949,1.040,0.808,0.825,0.485,0.307,0.559,0.537,0.610,0.626
İpsala,1991,12,-0.517,-0.468,0.535,0.592,0.274,0.324,0.411,0.458,-0.289,-0.060
İpsala,1992,1,-2.558,-1.572,-0.436,-0.373,-0.359,-0.257,-0.361,-0.314,-0.430,-0.383
İpsala,1992,2,-1.213,-1.023,-1.992,-1.539,-0.647,-0.566,-0.856,-0.844,-0.580,-0.517
İpsala,1992,3,0.214,0.317,-1.584,-1.275,-0.450,-0.353,-0.576,-0.426,-0.367,-0.250
İpsala,1992,4,0.614,0.551,-0.485,-0.246,-0.582,-0.481,-0.488,-0.304,-0.476,-0.371
İpsala,1992,5,-0.520,0.071,-0.013,0.354,-1.459,-1.120,-0.616,-0.375,-0.781,-0.623
İpsala,1992,6,0.581,0.745,0.188,0.547,-1.114,-0.674,-0.405,-0.130,-0.520,-0.247
İpsala,1992,7,-0.193,0.083,-0.175,0.400,-0.574,-0.119,-0.657,-0.365,-0.570,-0.241
İpsala,1992,8,0.169,-0.556,0.168,0.173,-0.018,0.273,-1.262,-0.786,-0.576,-0.380
İpsala,1992,9,-0.571,-0.486,-0.722,-0.672,-0.429,-0.092,-1.377,-0.836,-0.602,-0.414
İpsala,1992,10,0.298,-0.153,-0.150,-0.688,-0.441,-0.353,-0.701,-0.553,-0.756,-0.414
İpsala,1992,11,0.243,0.048,-0.113,-0.426,-0.132,-0.366,-0.176,-0.231,-1.096,-0.954
İpsala,1992,12,-0.598,-0.795,-0.392,-0.742,-0.701,-0.689,-0.574,-0.633,-1.299,-0.965
İpsala,1993,1,-1.274,-1.336,-1.082,-1.144,-1.230,-1.399,-1.246,-1.206,-1.349,-1.203
İpsala,1993,2,-0.182,-0.090,-1.311,-1.228,-1.099,-1.208,-1.093,-1.132,-0.980,-0.946
İpsala,1993,3,-0.036,0.110,-1.005,-0.869,-0.949,-1.038,-1.135,-1.159,-0.991,-0.929
İpsala,1993,4,-1.793,-0.913,-1.119,-0.633,-1.344,-1.164,-1.398,-1.339,-1.396,-1.185
İpsala,1993,5,0.418,0.721,-0.701,-0.177,-1.432,-1.143,-1.264,-1.127,-1.234,-1.064
İpsala,1993,6,1.613,1.571,0.542,0.876,-0.510,-0.148,-0.688,-0.631,-0.866,-0.799
İpsala,1993,7,-0.539,-0.401,0.891,1.202,-0.102,0.275,-0.763,-0.623,-0.876,-0.835
İpsala,1993,8,-0.050,-0.339,0.872,0.773,0.048,0.348,-0.887,-0.548,-0.877,-0.815
İpsala,1993,9,-0.507,-1.144,-0.958,-1.134,-0.183,-0.102,-0.868,-0.541,-0.911,-0.940
İpsala,1993,10,-0.399,-1.036,-0.811,-1.428,-0.014,-0.263,-0.671,-0.670,-1.094,-0.908
İpsala,1993,11,0.372,0.447,-0.404,-0.768,0.041,-0.286,-0.326,-0.399,-0.965,-0.925
İpsala,1993,12,-0.012,-0.235,-0.305,-0.600,-0.683,-0.756,-0.383,-0.536,-0.889,-0.637
İpsala,1994,1,-0.142,-0.579,-0.188,-0.271,-0.785,-1.127,-0.280,-0.488,-0.730,-0.784
İpsala,1994,2,-0.737,-0.743,-0.655,-0.810,-0.869,-1.143,-0.556,-0.850,-0.766,-0.856
İpsala,1994,3,-0.750,-0.858,-1.077,-1.119,-0.919,-1.090,-1.158,-1.332,-0.865,-0.977
İpsala,1994,4,0.138,-0.082,-1.187,-1.218,-0.675,-0.782,-1.080,-1.304,-0.634,-0.816
İpsala,1994,5,-1.343,-1.242,-1.233,-1.444,-1.156,-1.365,-1.243,-1.477,-0.922,-1.174
İpsala,1994,6,-0.316,0.024,-0.942,-0.961,-1.450,-1.494,-1.242,-1.352,-1.436,-1.505
İpsala,1994,7,1.076,0.854,-0.303,-0.368,-1.146,-1.163,-0.787,-0.879,-1.148,-1.298
İpsala,1994,8,0.120,-0.440,0.254,0.122,-0.776,-0.995,-0.975,-1.047,-1.105,-1.301
İpsala,1994,9,-1.121,-2.558,-0.020,-1.044,-0.955,-1.523,-1.393,-1.740,-1.203,-1.458
İpsala,1994,10,1.155,1.203,0.616,-0.033,0.189,-0.300,-0.518,-0.944,-0.494,-0.610
İpsala,1994,11,0.019,0.069,0.386,0.084,0.343,0.004,-0.247,-0.658,-0.601,-0.909
İpsala,1994,12,1.195,1.424,1.281,1.474,1.065,0.594,0.611,0.356,-0.029,-0.109
İpsala,1995,1,1.484,1.855,1.476,1.614,1.578,1.429,1.239,1.129,0.722,0.537
İpsala,1995,2,0.409,0.204,1.613,1.639,1.419,1.344,1.404,1.274,0.925,0.735
İpsala,1995,3,1.244,1.181,1.595,1.546,1.785,1.768,1.607,1.391,1.248,1.084
İpsala,1995,4,-0.351,-0.176,0.703,0.643,1.408,1.482,1.462,1.263,1.202,1.064
İpsala,1995,5,-1.318,-0.958,0.074,0.147,1.411,1.530,1.275,1.191,1.244,1.114
İpsala,1995,6,0.055,-0.544,-1.042,-1.175,0.970,0.671,1.421,1.399,1.265,1.033
İpsala,1995,7,1.149,1.187,-0.066,-0.327,0.358,0.141,1.187,1.254,1.260,1.058
İpsala,1995,8,0.038,0.184,0.459,0.272,0.233,0.192,1.331,0.942,1.231,1.118
İpsala,1995,9,1.575,1.614,1.507,1.541,0.500,0.524,1.445,0.937,1.685,1.726
İpsala,1995,10,-1.527,-1.033,0.230,0.330,-0.038,0.024,0.298,0.230,1.075,0.799
İpsala,1995,11,1.371,1.634,1.203,1.424,1.166,1.256,0.969,1.112,1.567,1.673
İpsala,1995,12,0.221,0.150,0.547,0.710,1.086,0.819,0.605,0.738,1.332,0.872
İpsala,1996,1,-0.735,-0.927,0.620,0.767,0.547,0.749,0.362,0.527,0.551,0.601
İpsala,1996,2,2.028,2.067,0.864,1.018,1.297,1.516,1.338,1.506,1.176,1.354
İpsala,1996,3,0.443,0.876,1.096,1.387,0.977,1.285,1.328,1.564,0.955,1.217
İpsala,1996,4,0.703,0.889,2.181,2.029,1.431,1.694,1.321,1.552,1.126,1.356
İpsala,1996,5,-0.862,-1.881,0.101,0.195,0.720,0.891,1.167,1.356,1.191,1.319
İpsala,1996,6,-1.360,-1.287,-0.739,-1.147,0.578,0.565,0.668,0.892,1.041,1.231
İpsala,1996,7,0.780,0.569,-0.800,-1.641,1.212,1.310,1.038,1.208,0.966,1.132
İpsala,1996,8,0.030,0.116,-0.398,-0.460,-0.254,-0.248,0.477,0.441,0.948,1.128
İpsala,1996,9,1.004,1.203,0.841,0.945,-0.028,-0.133,0.777,0.685,0.787,1.021
İpsala,1996,10,-0.969,-0.894,-0.155,-0.024,-0.838,-0.957,0.794,0.957,0.807,0.713
İpsala,1996,11,0.400,0.289,0.046,0.114,-0.242,-0.243,-0.211,-0.200,0.340,0.434
İpsala,1996,12,0.711,0.732,0.126,-0.032,0.393,0.350,0.021,-0.147,0.584,0.512
İpsala,1997,1,-0.242,-0.622,0.314,0.190,0.038,0.025,-0.356,-0.566,0.698,0.766
İpsala,1997,2,-0.487,-0.675,-0.027,-0.160,-0.112,-0.149,-0.323,-0.428,-0.292,-0.340
İpsala,1997,3,1.352,1.412,0.069,-0.005,0.045,-0.020,0.254,0.282,-0.023,-0.095
İpsala,1997,4,1.471,1.631,1.159,1.303,0.719,0.771,0.496,0.636,0.171,0.160
İpsala,1997,5,-1.032,-1.395,1.245,1.355,0.500,0.523,0.339,0.428,0.164,0.189
İpsala,1997,6,0.710,0.599,0.747,0.781,0.376,0.344,0.259,0.261,0.431,0.471
İpsala,1997,7,0.293,0.085,-0.078,-0.459,0.698,0.757,0.548,0.508,0.359,0.387
İpsala,1997,8,1.347,1.525,0.904,1.123,1.348,1.563,0.682,0.617,0.515,0.667
İpsala,1997,9,-1.359,-0.129,0.104,0.792,0.539,1.065,0.289,0.480,0.200,0.380
İpsala,1997,10,0.752,0.920,0.545,1.110,0.246,0.654,0.780,1.167,0.620,0.618
İpsala,1997,11,0.064,-0.098,0.027,0.279,0.386,0.729,0.837,1.228,0.500,0.730
İpsala,1997,12,1.656,1.839,1.454,1.654,1.263,0.972,1.347,1.701,1.098,0.865
İpsala,1998,1,0.242,0.052,1.147,1.198,1.227,1.562,0.981,1.229,1.283,1.565
İpsala,1998,2,0.983,1.144,1.521,1.605,1.162,1.393,1.350,1.653,1.549,1.820
İpsala,1998,3,0.973,1.318,0.893,1.124,1.482,1.650,1.346,1.644,1.401,1.673
İpsala,1998,4,-1.143,-1.156,0.801,1.023,1.182,1.306,1.222,1.493,1.030,1.275
İpsala,1998,5,2.756,2.514,2.334,2.214,2.221,2.361,1.830,1.926,1.962,2.085
İpsala,1998,6,-1.177,-1.526,1.597,1.532,1.487,1.136,1.881,1.888,1.724,1.892
İpsala,1998,7,0.952,0.604,1.926,1.911,1.901,1.922,1.769,1.844,1.778,1.931
İpsala,1998,8,0.875,0.212,0.179,-0.504,1.793,1.626,2.001,1.313,1.685,1.770
İpsala,1998,9,1.214,1.322,1.327,1.091,2.105,1.743,1.797,1.146,2.031,2.076
İpsala,1998,10,1.210,1.256,1.453,1.424,2.363,2.033,2.366,2.154,2.115,1.266
İpsala,1998,11,0.978,1.145,1.683,1.740,1.511,1.312,2.240,2.216,2.330,2.293
İpsala,1998,12,0.445,0.615,1.369,1.551,1.658,0.991,2.042,2.007,2.079,1.182
İpsala,1999,1,1.054,1.228,1.223,1.357,1.898,1.871,2.455,2.169,2.493,2.363
İpsala,1999,2,0.506,0.651,0.885,1.058,1.637,1.743,1.606,1.574,2.164,2.119
İpsala,1999,3,1.880,1.792,1.576,1.652,1.831,1.864,2.013,1.902,2.272,2.049
İpsala,1999,4,0.105,-0.180,1.410,1.316,1.497,1.579,1.970,1.813,2.414,2.096
İpsala,1999,5,-1.086,-0.874,0.891,0.856,1.056,1.210,1.720,1.712,1.668,1.543
İpsala,1999,6,0.256,-0.030,-0.540,-0.885,1.107,0.821,1.571,1.562,1.768,1.658
İpsala,1999,7,0.278,-0.428,-0.412,-0.896,0.730,0.578,1.183,1.232,1.662,1.561
İpsala,1999,8,0.203,-0.090,0.122,-0.375,0.627,0.338,0.915,0.649,1.570,1.545
İpsala,1999,9,-0.080,-0.199,-0.177,-0.557,-0.759,-1.147,0.886,0.549,1.364,1.339
İpsala,1999,10,-0.285,-0.634,-0.470,-0.763,-0.873,-1.182,0.221,-0.059,0.856,0.593
İpsala,1999,11,0.883,1.004,0.276,0.199,0.185,-0.136,0.506,0.230,0.799,0.737
İpsala,1999,12,0.794,0.822,0.761,0.676,0.535,0.289,0.218,-0.137,1.041,0.619
İpsala,2000,1,-0.616,-0.788,0.611,0.651,0.177,0.047,-0.101,-0.304,0.490,0.303
İpsala,2000,2,-0.171,-0.330,0.019,-0.038,0.070,-0.007,0.015,-0.270,0.286,0.066
İpsala,2000,3,0.838,0.879,-0.271,-0.311,0.326,0.286,0.192,0.047,-0.032,-0.241
İpsala,2000,4,-0.677,-1.095,-0.138,-0.307,0.380,0.276,0.057,-0.097,-0.150,-0.384
İpsala,2000,5,0.649,0.693,0.423,0.284,0.132,-0.022,0.162,0.071,0.117,-0.136
İpsala,2000,6,-0.345,-0.175,-0.332,-0.536,-0.477,-0.439,0.138,0.078,0.026,-0.153
İpsala,2000,7,0.101,-0.569,0.083,0.005,-0.156,-0.408,0.293,0.177,0.009,-0.176
İpsala,2000,8,0.275,0.226,-0.302,-0.369,0.047,-0.124,-0.041,-0.116,0.018,-0.142
İpsala,2000,9,0.100,0.146,-0.114,-0.255,-0.540,-0.667,-0.573,-0.474,0.034,-0.117
İpsala,2000,10,1.382,1.575,1.067,1.212,0.843,0.940,0.558,0.474,0.656,0.494
İpsala,2000,11,-1.182,-1.474,0.266,0.188,-0.001,-0.142,0.133,-0.073,0.030,-0.135
İpsala,2000,12,0.048,-0.142,0.177,-0.054,0.021,-0.031,-0.181,-0.431,-0.366,-0.291
İpsala,2001,1,0.639,0.528,-0.472,-0.768,0.242,0.089,0.149,0.049,0.021,-0.226
İpsala,2001,2,-0.850,-1.137,-0.123,-0.331,-0.040,-0.221,-0.223,-0.463,-0.090,-0.340
İpsala,2001,3,-0.724,-1.459,-0.403,-0.874,-0.191,-0.562,-0.274,-0.619,-0.408,-0.764
İpsala,2001,4,1.649,1.610,-0.028,-0.304,-0.398,-0.781,0.149,-0.064,0.085,-0.109
İpsala,2001,5,-0.003,0.120,0.508,0.382,0.061,-0.208,0.100,-0.071,-0.053,-0.270
İpsala,2001,6,-1.429,-0.853,0.457,0.721,-0.146,-0.237,-0.067,-0.252,-0.150,-0.361
İpsala,2001,7,1.238,0.725,-0.058,-0.168,-0.173,-0.505,-0.451,-0.819,0.046,-0.195
İpsala,2001,8,-0.305,-1.288,-0.109,-0.681,0.210,-0.239,-0.051,-0.335,0.003,-0.353
İpsala,2001,9,0.468,0.182,0.636,-0.183,0.662,0.376,0.052,-0.283,0.063,-0.385
İpsala,2001,10,-1.980,-1.547,-0.974,-1.468,-0.959,-1.350,-0.805,-1.236,-0.843,-1.125
İpsala,2001,11,0.352,0.381,-0.477,-0.668,-0.581,-0.927,-0.261,-0.699,-0.320,-0.715
İpsala,2001,12,1.261,1.557,0.492,0.568,0.600,0.322,0.645,0.556,0.275,0.101
İpsala,2002,1,-0.555,-0.830,0.650,0.848,0.021,-0.136,-0.107,-0.219,-0.165,-0.452
İpsala,2002,2,-0.902,-1.465,0.263,0.298,-0.185,-0.292,-0.312,-0.625,-0.133,-0.453
İpsala,2002,3,0.724,0.608,-0.630,-0.917,-0.066,-0.147,0.080,-0.230,0.164,0.014
İpsala,2002,4,-1.005,-0.608,-0.777,-0.969,0.177,0.199,-0.296,-0.463,-0.367,-0.532
İpsala,2002,5,-1.507,-1.133,-0.704,-0.707,-0.129,-0.184,-0.451,-0.514,-0.545,-0.764
İpsala,2002,6,-0.745,-0.871,-2.104,-1.616,-1.549,-1.778,-0.676,-0.727,-0.469,-0.748
İpsala,2002,7,1.015,0.367,-0.565,-1.138,-1.035,-1.389,-0.093,-0.226,-0.512,-0.780
İpsala,2002,8,0.281,0.276,0.090,-0.286,-0.554,-0.776,-0.159,-0.203,-0.450,-0.628
İpsala,2002,9,1.552,1.589,1.474,1.285,-0.005,-0.134,-0.514,-0.593,-0.112,-0.267
İpsala,2002,10,0.018,-0.173,0.757,0.790,0.204,0.042,-0.315,-0.597,0.165,0.146
İpsala,2002,11,1.297,1.413,1.464,1.489,1.272,1.112,0.798,0.654,0.627,0.545
İpsala,2002,12,-0.364,-0.402,0.537,0.534,1.059,0.682,0.355,0.266,-0.079,-0.085
İpsala,2003,1,0.968,1.036,1.032,1.064,1.252,1.270,0.857,0.789,0.464,0.245
İpsala,2003,2,0.788,1.064,0.551,0.719,1.256,1.372,1.195,1.193,0.842,0.852
İpsala,2003,3,-1.978,-1.177,0.475,0.646,0.578,0.736,0.972,1.037,0.436,0.539
İpsala,2003,4,0.789,1.098,0.113,0.746,0.820,1.066,0.997,1.186,0.701,0.839
İpsala,2003,5,0.450,-0.247,-0.348,-0.225,0.266,0.421,1.006,1.126,0.938,0.952
İpsala,2003,6,-0.798,-1.614,0.179,-0.356,0.399,0.315,0.539,0.567,0.917,0.861
İpsala,2003,7,0.204,-0.162,-0.188,-1.291,-0.152,-0.245,0.608,0.593,0.794,0.779
İpsala,2003,8,0.061,-0.774,-0.585,-1.355,-0.698,-1.104,0.014,-0.067,0.763,0.673
İpsala,2003,9,-0.015,0.153,-0.231,-0.487,-0.173,-0.692,0.199,0.095,0.383,0.278
İpsala,2003,10,1.198,1.301,0.827,0.737,0.461,-0.083,0.354,0.222,0.803,0.562
İpsala,2003,11,-1.482,-1.421,-0.070,-0.074,-0.421,-0.767,-0.564,-0.821,-0.089,-0.210
İpsala,2003,12,-0.893,-1.011,-0.623,-0.724,-0.736,-0.594,-0.607,-0.906,-0.273,-0.199
İpsala,2004,1,0.875,1.023,-0.904,-0.885,-0.284,-0.383,-0.432,-0.834,-0.389,-0.497
İpsala,2004,2,-1.776,-1.605,-0.609,-0.635,-0.612,-0.601,-0.879,-1.083,-0.928,-1.089
İpsala,2004,3,1.075,1.011,0.396,0.318,-0.229,-0.297,-0.341,-0.456,-0.305,-0.553
İpsala,2004,4,-0.049,-0.067,-0.361,-0.383,-0.860,-0.893,-0.383,-0.450,-0.489,-0.817
İpsala,2004,5,-0.219,0.011,0.371,0.476,-0.371,-0.394,-0.433,-0.356,-0.648,-0.802
İpsala,2004,6,-0.658,-0.375,-0.794,-0.541,-0.100,0.027,-0.535,-0.473,-0.614,-0.616
İpsala,2004,7,1.126,1.343,-0.048,0.374,-0.401,-0.228,-0.849,-0.742,-0.433,-0.376
İpsala,2004,8,-0.222,0.324,0.056,0.501,0.196,0.575,-0.382,-0.100,-0.444,-0.258
İpsala,2004,9,-1.888,-1.015,-0.149,0.192,-0.945,-0.335,-0.240,0.054,-0.597,-0.464
İpsala,2004,10,-1.087,-1.409,-1.756,-1.396,-1.348,-0.942,-1.279,-1.013,-1.396,-1.013
İpsala,2004,11,-0.860,-1.073,-2.282,-1.910,-1.771,-1.292,-1.121,-0.974,-1.185,-1.046
İpsala,2004,12,0.195,0.093,-1.242,-1.377,-1.226,-0.943,-1.464,-1.207,-0.938,-0.616
İpsala,2005,1,1.043,1.202,0.087,-0.030,-0.807,-0.920,-0.824,-0.735,-0.933,-0.892
İpsala,2005,2,1.788,1.875,1.407,1.475,0.262,0.142,0.185,0.189,0.239,0.314
İpsala,2005,3,-1.175,-1.090,1.373,1.451,0.201,0.081,0.081,0.091,-0.201,-0.092
İpsala,2005,4,-1.412,-1.280,0.672,0.745,0.328,0.256,-0.305,-0.379,-0.372,-0.285
İpsala,2005,5,1.227,1.179,-0.448,-0.654,1.045,1.086,0.041,-0.118,-0.020,-0.038
İpsala,2005,6,0.975,1.278,0.716,0.798,1.423,1.087,0.386,0.356,0.264,0.306
İpsala,2005,7,1.457,1.565,1.533,1.770,1.487,1.629,0.884,0.967,0.338,0.334
İpsala,2005,8,0.507,0.241,1.278,1.387,0.539,0.623,1.291,0.958,0.394,0.317
İpsala,2005,9,-0.331,-0.464,0.618,0.536,0.858,0.902,1.441,0.997,0.462,0.376
İpsala,2005,10,-0.414,-0.471,-0.562,-0.645,0.711,0.880,0.858,0.961,0.545,0.463
İpsala,2005,11,1.431,1.655,0.760,0.894,1.181,1.358,0.797,0.923,1.323,1.448
İpsala,2005,12,0.218,0.138,0.817,0.947,0.872,0.650,0.989,1.114,1.484,0.963
İpsala,2006,1,0.557,0.634,1.163,1.290,0.706,0.797,1.272,1.421,1.348,1.492
İpsala,2006,2,0.310,0.427,0.339,0.453,0.622,0.798,0.983,1.211,0.707,0.883
İpsala,2006,3,1.884,1.755,1.156,1.275,1.194,1.341,1.210,1.306,1.267,1.383
İpsala,2006,4,-1.311,-1.294,0.886,0.873,1.229,1.305,0.859,0.912,1.290,1.368
İpsala,2006,5,0.424,0.406,0.978,0.891,0.646,0.704,0.845,0.953,1.147,1.272
İpsala,2006,6,0.435,0.435,-0.293,-0.497,0.799,0.673,0.995,1.118,1.025,1.102
İpsala,2006,7,1.094,1.229,0.681,0.887,0.967,1.042,1.264,1.408,0.939,1.022
İpsala,2006,8,0.385,-0.295,0.722,0.596,1.041,0.929,0.739,0.565,0.910,0.969
İpsala,2006,9,0.796,0.891,0.930,0.863,0.353,0.270,1.011,0.742,1.108,1.215
İpsala,2006,10,0.605,0.565,0.676,0.561,0.845,0.882,1.083,1.040,1.317,0.916
İpsala,2006,11,-1.168,-1.078,-0.208,-0.145,0.096,0.078,0.482,0.429,0.452,0.478
İpsala,2006,12,-0.598,-0.666,-1.001,-0.907,-0.416,-0.165,-0.552,-0.567,0.216,0.284
İpsala,2007,1,-0.830,-1.379,-2.039,-1.698,-1.162,-1.157,-0.700,-0.714,-0.249,-0.328
İpsala,2007,2,-0.586,-0.824,-1.383,-1.477,-1.215,-1.197,-0.936,-0.970,-0.436,-0.571
İpsala,2007,3,0.355,0.289,-0.851,-1.117,-1.301,-1.302,-0.837,-0.883,-0.907,-1.002
İpsala,2007,4,-0.992,-0.629,-0.904,-0.850,-1.864,-1.603,-1.260,-1.213,-0.889,-0.876
İpsala,2007,5,1.131,0.931,0.380,0.253,-0.878,-1.125,-0.911,-0.964,-0.690,-0.775
İpsala,2007,6,0.090,-0.782,0.215,-0.381,-0.615,-1.091,-1.135,-1.354,-0.743,-0.950
İpsala,2007,7,-1.645,-1.736,0.422,-0.594,-0.396,-1.069,-1.430,-1.640,-1.004,-1.275
İpsala,2007,8,0.373,-0.305,-0.319,-1.460,0.004,-0.814,-0.954,-1.429,-0.983,-1.270
İpsala,2007,9,-0.223,0.135,-0.683,-1.013,-0.385,-1.069,-0.895,-1.358,-1.280,-1.453
İpsala,2007,10,0.752,0.752,0.406,0.330,0.439,-0.114,-0.163,-0.660,-1.142,-1.265
İpsala,2007,11,0.768,0.965,0.731,0.962,0.433,0.098,0.463,0.118,-0.375,-0.699
İpsala,2007,12,-0.104,-0.114,0.593,0.736,0.240,0.215,0.230,-0.050,-0.283,-0.380
İpsala,2008,1,-0.600,-0.809,-0.097,0.077,0.013,0.137,0.104,-0.119,-0.295,-0.558
İpsala,2008,2,-1.519,-1.365,-1.199,-1.070,-0.357,-0.143,-0.547,-0.729,-0.376,-0.598
İpsala,2008,3,0.133,-0.354,-1.217,-1.277,-0.253,-0.246,-0.467,-0.566,-0.404,-0.665
İpsala,2008,4,0.212,-0.013,-0.917,-1.252,-0.498,-0.542,-0.350,-0.345,-0.235,-0.540
İpsala,2008,5,0.041,-0.079,-0.064,-0.512,-1.014,-1.173,-0.387,-0.321,-0.539,-0.798
İpsala,2008,6,0.596,0.309,0.200,-0.182,-0.874,-1.137,-0.222,-0.299,-0.418,-0.607
İpsala,2008,7,-0.012,-0.208,0.135,-0.102,-0.637,-1.042,-0.461,-0.590,-0.337,-0.425
İpsala,2008,8,0.169,-0.636,0.234,-0.279,-0.013,-0.638,-0.865,-1.015,-0.349,-0.462
İpsala,2008,9,-0.193,-0.029,-0.412,-0.576,-0.259,-0.619,-1.048,-1.183,-0.369,-0.532
İpsala,2008,10,-0.659,-0.866,-0.799,-0.996,-0.683,-0.925,-1.134,-1.355,-0.804,-0.709
İpsala,2008,11,-0.839,-1.049,-1.586,-1.362,-1.214,-1.248,-1.020,-1.317,-1.434,-1.464
İpsala,2008,12,-1.002,-1.270,-2.134,-1.737,-2.079,-2.170,-1.586,-1.586,-2.016,-2.657
İpsala,2009,1,0.889,1.011,-0.696,-0.821,-1.283,-1.316,-1.124,-1.322,-1.427,-1.577
İpsala,2009,2,0.302,0.282,0.007,-0.065,-0.937,-1.001,-0.913,-1.102,-0.852,-1.193
İpsala,2009,3,1.352,1.360,1.116,1.153,-0.374,-0.495,-0.521,-0.657,-0.457,-0.689
İpsala,2009,4,-0.165,-0.022,0.769,0.871,-0.145,-0.218,-0.562,-0.636,-0.536,-0.675
İpsala,2009,5,-0.318,-0.669,0.511,0.526,0.165,0.081,-0.636,-0.681,-0.617,-0.801
İpsala,2009,6,-0.158,-0.381,-0.675,-0.876,0.621,0.483,-0.638,-0.775,-0.753,-0.895
İpsala,2009,7,-1.457,-1.324,-0.765,-1.433,0.057,-0.186,-0.447,-0.680,-0.813,-0.990
İpsala,2009,8,-1.000,-0.410,-0.975,-1.100,-0.163,-0.373,-0.161,-0.243,-0.867,-0.968
İpsala,2009,9,2.618,2.445,1.981,1.876,1.216,1.123,1.434,0.944,0.180,0.036
İpsala,2009,10,0.851,0.840,1.904,2.041,1.393,1.287,1.480,1.381,0.602,0.421
İpsala,2009,11,-0.376,-0.618,1.575,1.637,1.100,0.993,1.082,1.025,0.696,0.623
İpsala,2009,12,1.022,1.089,0.753,0.623,1.519,0.900,1.125,1.026,1.442,0.857
İpsala,2010,1,0.166,-0.010,0.329,0.241,1.567,1.562,1.108,1.007,1.238,1.148
İpsala,2010,2,2.343,2.224,1.789,1.764,2.230,2.146,2.015,1.950,1.917,1.829
İpsala,2010,3,0.411,0.470,1.672,1.728,1.495,1.467,1.969,1.831,1.652,1.552
İpsala,2010,4,0.061,-0.027,2.290,1.887,1.300,1.281,2.078,1.891,1.702,1.536
İpsala,2010,5,-0.337,-0.819,-0.141,-0.339,1.513,1.531,1.999,1.839,1.758,1.585
İpsala,2010,6,1.345,1.310,0.498,0.231,1.591,1.109,1.514,1.410,1.964,1.783
İpsala,2010,7,0.833,0.683,0.760,0.679,2.024,1.907,1.355,1.320,2.065,1.923
İpsala,2010,8,-1.645,-4.340,0.923,0.328,0.430,-0.100,1.567,0.952,2.019,1.821
İpsala,2010,9,0.585,0.551,0.343,-0.386,0.479,-0.160,1.500,0.857,1.419,1.200
İpsala,2010,10,1.632,1.911,1.333,1.244,1.483,1.259,2.373,2.051,1.698,1.008
İpsala,2010,11,0.192,-0.214,1.273,1.291,1.432,1.150,1.134,0.829,1.786,1.620
İpsala,2010,12,-1.763,-1.824,0.385,0.212,0.381,0.085,0.471,0.015,1.285,0.701
İpsala,2011,1,-1.440,-1.362,-1.722,-1.751,-0.284,-0.698,0.035,-0.377,1.050,0.751
İpsala,2011,2,-1.007,-0.925,-2.682,-2.090,-0.420,-0.513,-0.131,-0.479,-0.209,-0.567
İpsala,2011,3,-1.928,-1.565,-2.566,-1.782,-0.907,-0.964,-0.769,-1.011,-0.559,-0.894
İpsala,2011,4,-0.830,-0.315,-2.629,-1.909,-2.480,-1.956,-1.088,-1.180,-0.708,-0.930
İpsala,2011,5,-2.281,-1.231,-2.913,-1.975,-3.567,-2.351,-1.214,-1.120,-0.872,-1.009
İpsala,2011,6,-1.834,-1.425,-2.829,-1.726,-3.630,-4.753,-1.668,-1.510,-1.449,-1.456
İpsala,2011,7,-1.645,-1.380,-3.961,-2.437,-3.672,-2.337,-3.146,-2.299,-1.671,-1.610
İpsala,2011,8,-0.203,-0.162,-2.216,-1.566,-3.492,-2.350,-3.916,-4.753,-1.576,-1.412
İpsala,2011,9,0.401,-0.189,-0.387,-1.000,-2.550,-2.077,-3.367,-4.753,-1.699,-1.563
İpsala,2011,10,1.309,1.566,1.027,1.020,-0.115,-0.312,-1.389,-1.215,-1.906,-1.855
İpsala,2011,11,-1.834,-1.348,0.087,0.138,-0.638,-0.689,-1.692,-1.382,-2.554,-1.887
İpsala,2011,12,0.947,1.043,0.616,0.797,0.338,0.251,-0.506,-0.540,-1.550,-1.232
İpsala,2012,1,-0.099,-0.293,-0.368,-0.281,0.284,0.318,-0.487,-0.529,-1.367,-1.191
İpsala,2012,2,0.285,0.526,0.516,0.665,0.338,0.490,-0.131,-0.161,-0.875,-0.789
İpsala,2012,3,-0.927,-0.798,-0.506,-0.351,0.093,0.349,-0.076,-0.021,-0.710,-0.589
İpsala,2012,4,0.485,0.198,-0.257,-0.080,-0.429,-0.343,0.096,0.188,-0.495,-0.477
İpsala,2012,5,2.882,2.555,2.184,1.950,1.377,1.534,1.107,1.215,0.734,0.761
İpsala,2012,6,-1.676,-2.315,2.139,1.867,0.899,0.671,0.935,1.038,0.734,0.660
İpsala,2012,7,-1.457,-2.331,1.662,1.288,1.080,0.689,0.376,0.169,0.727,0.539
İpsala,2012,8,-1.468,-1.513,-2.916,-2.941,1.017,0.273,0.848,0.419,0.678,0.421
İpsala,2012,9,-0.891,-1.232,-2.209,-2.426,1.228,0.196,0.362,-0.075,0.542,0.278
İpsala,2012,10,0.027,-0.574,-0.712,-1.437,0.765,-0.179,0.431,-0.344,0.019,-0.252
İpsala,2012,11,0.440,0.328,-0.161,-0.648,-0.962,-1.717,0.492,-0.372,0.562,0.072
İpsala,2012,12,1.759,1.957,1.416,1.405,0.851,0.281,1.634,1.102,1.118,0.529
İpsala,2013,1,1.382,1.681,2.022,1.974,1.565,1.315,2.039,1.536,1.765,1.336
İpsala,2013,2,0.820,0.841,2.086,2.029,1.594,1.485,1.203,0.636,1.772,1.354
İpsala,2013,3,0.449,0.309,1.415,1.368,1.764,1.635,1.351,0.962,1.882,1.418
İpsala,2013,4,-0.124,-0.414,0.618,0.445,1.833,1.746,1.422,1.113,1.827,1.335
İpsala,2013,5,0.012,-0.990,-0.040,-0.770,1.837,1.748,1.410,1.108,1.027,0.319
İpsala,2013,6,2.874,2.492,1.888,1.593,2.052,1.254,2.248,1.893,1.836,1.337
İpsala,2013,7,-1.258,-0.934,1.632,1.508,1.539,1.211,2.171,2.014,1.812,1.432
İpsala,2013,8,-1.468,-1.534,1.808,1.525,1.229,0.706,2.173,1.291,1.777,1.438
İpsala,2013,9,-0.366,-0.466,-1.514,-1.440,1.053,0.451,1.574,0.836,1.855,1.569
İpsala,2013,10,0.700,0.893,0.117,-0.037,1.174,0.965,1.216,0.865,1.960,1.125
İpsala,2013,11,1.591,1.729,1.430,1.532,2.018,1.930,1.713,1.491,2.343,2.170
İpsala,2013,12,-1.875,-1.569,0.784,0.941,0.278,0.229,1.063,0.869,1.566,0.862
İpsala,2014,1,0.993,1.034,0.950,0.954,0.799,0.735,1.403,1.233,1.448,1.188
İpsala,2014,2,-2.126,-2.121,-0.840,-1.059,0.410,0.390,1.040,0.929,0.871,0.586
İpsala,2014,3,0.845,0.645,0.355,-0.033,0.684,0.623,0.325,0.118,0.922,0.660
İpsala,2014,4,1.234,1.073,0.200,-0.149,0.786,0.596,0.667,0.479,1.175,0.916
İpsala,2014,5,1.175,1.171,1.684,1.436,0.215,-0.073,0.947,0.871,1.453,1.260
İpsala,2014,6,1.301,1.358,1.858,1.852,1.251,0.797,1.289,1.231,0.936,0.765
İpsala,2014,7,2.466,2.513,2.164,2.171,1.795,1.603,1.583,1.502,1.448,1.288
İpsala,2014,8,1.695,1.338,2.449,2.189,2.765,2.313,1.211,0.793,1.654,1.579
İpsala,2014,9,0.419,0.500,2.062,1.972,2.900,2.463,1.985,1.157,1.790,1.763
İpsala,2014,10,0.481,0.523,0.813,0.945,2.071,1.989,1.837,1.672,1.662,1.028
İpsala,2014,11,0.326,0.336,0.362,0.508,1.648,1.737,2.046,2.072,1.080,1.061
İpsala,2014,12,0.476,0.474,0.458,0.494,1.352,0.897,1.899,1.984,1.706,0.977
İpsala,2015,1,0.630,0.607,0.537,0.566,0.850,0.940,1.770,1.757,1.646,1.567
İpsala,2015,2,0.084,0.046,0.457,0.472,0.455,0.563,1.424,1.534,1.767,1.757
İpsala,2015,3,0.719,0.809,0.536,0.544,0.561,0.651,1.229,1.296,1.671,1.662
İpsala,2015,4,0.404,0.627,0.419,0.664,0.547,0.642,0.786,0.923,1.544,1.579
İpsala,2015,5,-2.281,-2.101,-0.072,-0.145,0.288,0.220,0.335,0.416,1.223,1.264
İpsala,2015,6,0.796,1.070,-0.098,-0.086,0.322,0.342,0.435,0.568,1.091,1.185
İpsala,2015,7,-1.645,-1.164,-0.524,-0.926,-0.108,-0.145,0.263,0.255,0.514,0.572
İpsala,2015,8,0.850,0.211,0.431,0.249,0.113,-0.026,0.324,0.205,0.362,0.351
İpsala,2015,9,1.002,0.760,0.614,-0.045,0.212,-0.167,0.449,0.240,0.505,0.400
İpsala,2015,10,1.148,1.328,1.299,1.204,0.800,0.550,0.797,0.644,0.760,0.529
İpsala,2015,11,-0.693,-1.085,0.581,0.395,0.596,0.320,0.409,0.136,0.472,0.294
İpsala,2015,12,-2.128,-1.847,-0.771,-0.892,-0.441,-0.556,-0.490,-0.777,-0.148,-0.158
İpsala,2016,1,0.775,0.863,-1.111,-1.182,0.029,-0.255,-0.276,-0.595,-0.121,-0.345
İpsala,2016,2,0.756,0.584,-0.108,-0.261,0.187,-0.033,0.234,-0.074,0.135,-0.137
İpsala,2016,3,-0.754,-1.021,0.517,0.271,-0.229,-0.451,-0.072,-0.455,-0.153,-0.467
İpsala,2016,4,-1.129,-1.552,-0.413,-1.063,-1.024,-1.339,-0.160,-0.585,-0.384,-0.851
İpsala,2016,5,0.781,0.990,-0.649,-0.956,-0.441,-0.763,-0.090,-0.370,-0.032,-0.357
İpsala,2016,6,-0.360,-0.910,-0.382,-0.860,0.179,-0.142,-0.407,-0.729,-0.240,-0.711
İpsala,2016,7,0.001,-0.584,0.148,-0.099,-0.298,-0.934,-0.903,-1.286,-0.164,-0.631
İpsala,2016,8,-1.645,-1.304,-0.787,-1.370,-1.034,-1.599,-0.688,-1.021,-0.315,-0.781
İpsala,2016,9,-1.289,-1.022,-1.472,-1.497,-1.296,-1.735,-0.289,-0.673,-0.711,-1.100
İpsala,2016,10,-2.128,-1.331,-3.382,-1.794,-1.460,-1.580,-1.385,-1.672,-1.582,-1.901
İpsala,2016,11,-0.160,-0.281,-1.676,-1.405,-1.935,-1.675,-1.840,-1.794,-1.306,-1.483
İpsala,2016,12,-2.016,-1.564,-2.482,-1.672,-2.864,-3.827,-2.460,-1.968,-1.478,-1.715
İpsala,2017,1,0.361,0.374,-1.120,-0.904,-2.387,-1.755,-1.962,-1.774,-1.904,-1.838
İpsala,2017,2,-1.929,-2.078,-1.599,-1.461,-2.386,-1.909,-2.694,-2.072,-2.516,-2.229
İpsala,2017,3,-1.005,-1.377,-1.064,-1.244,-2.348,-1.935,-2.623,-2.149,-2.454,-2.327
İpsala,2017,4,0.127,0.282,-1.871,-2.096,-1.696,-1.487,-2.562,-2.049,-2.223,-2.023
İpsala,2017,5,0.019,0.153,-0.793,-0.773,-1.682,-1.541,-2.347,-1.931,-2.583,-2.128
İpsala,2017,6,-0.365,-0.658,-0.398,-0.369,-1.138,-1.223,-2.291,-1.950,-2.523,-2.058
İpsala,2017,7,0.193,-0.081,-0.324,-0.462,-1.605,-1.649,-1.681,-1.509,-2.445,-1.912
İpsala,2017,8,0.038,-0.452,-0.366,-0.717,-0.913,-1.093,-1.671,-1.614,-2.294,-1.836
İpsala,2017,9,-0.626,-0.945,-0.595,-0.939,-0.909,-1.011,-1.357,-1.438,-2.325,-1.861
İpsala,2017,10,0.997,1.147,0.496,0.295,0.060,-0.076,-0.931,-1.125,-1.289,-1.118
İpsala,2017,11,-1.834,-1.634,-0.606,-0.694,-0.817,-0.960,-1.089,-1.178,-1.672,-1.524
İpsala,2017,12,-0.503,-0.907,-0.781,-0.904,-1.016,-0.981,-1.110,-1.172,-1.541,-1.629
İpsala,2018,1,-0.196,-0.555,-1.879,-1.726,-1.253,-1.335,-1.338,-1.468,-1.980,-1.876
İpsala,2018,2,-0.053,-0.111,-0.722,-0.911,-1.049,-1.164,-1.248,-1.357,-1.403,-1.504
İpsala,2018,3,0.332,0.177,-0.270,-0.447,-0.783,-0.903,-0.949,-1.118,-1.042,-1.186
İpsala,2018,4,-2.476,-2.190,-0.828,-1.242,-1.728,-1.747,-1.295,-1.476,-1.362,-1.566
İpsala,2018,5,-1.077,-1.609,-1.349,-2.064,-1.262,-1.671,-1.444,-1.687,-1.584,-1.783
İpsala,2018,6,0.608,0.536,-1.257,-1.826,-0.897,-1.381,-1.205,-1.494,-1.326,-1.574
İpsala,2018,7,0.193,-0.505,-0.200,-0.902,-0.829,-1.429,-1.651,-1.830,-1.301,-1.550
İpsala,2018,8,0.640,-0.057,0.483,-0.031,-0.658,-1.513,-0.956,-1.465,-1.193,-1.504
İpsala,2018,9,0.365,0.182,0.273,-0.339,-0.917,-1.745,-0.773,-1.262,-1.071,-1.410
İpsala,2018,10,-0.566,-0.800,-0.264,-0.689,-0.554,-1.125,-0.982,-1.471,-1.688,-2.164
İpsala,2018,11,-0.359,-0.478,-0.843,-0.900,-0.530,-0.814,-1.083,-1.500,-1.224,-1.528
İpsala,2018,12,-0.228,-0.280,-1.122,-1.055,-0.906,-0.852,-1.364,-1.586,-1.304,-1.626
İpsala,2019,1,0.021,-0.263,-0.754,-0.707,-1.024,-1.078,-1.083,-1.361,-1.354,-1.602
İpsala,2019,2,-0.339,-0.398,-0.559,-0.551,-1.067,-1.052,-0.923,-1.068,-1.293,-1.594
İpsala,2019,3,-1.601,-1.568,-1.017,-1.062,-1.488,-1.374,-1.299,-1.359,-1.622,-1.867
İpsala,2019,4,0.359,0.607,-1.131,-0.909,-1.103,-0.971,-1.245,-1.169,-1.271,-1.388
İpsala,2019,5,0.378,0.444,-0.616,-0.443,-0.810,-0.768,-1.205,-1.081,-1.057,-1.085
İpsala,2019,6,0.128,-0.574,0.215,0.094,-0.730,-0.748,-1.290,-1.261,-1.144,-1.238
İpsala,2019,7,1.169,1.208,0.564,0.453,-0.407,-0.504,-0.762,-0.783,-0.924,-0.970
İpsala,2019,8,-0.672,-1.194,0.378,-0.203,-0.289,-0.541,-0.635,-0.618,-1.027,-1.069
İpsala,2019,9,-0.144,-0.452,0.174,-0.212,0.123,-0.147,-0.676,-0.705,-1.181,-1.205
İpsala,2019,10,0.022,-0.310,-0.424,-0.935,-0.079,-0.511,-0.734,-0.959,-0.960,-0.864
İpsala,2019,11,-0.875,-1.360,-1.066,-1.395,-0.759,-1.241,-0.961,-1.288,-1.048,-1.230
İpsala,2019,12,-0.201,-0.435,-1.078,-1.341,-0.925,-1.130,-0.740,-1.097,-1.204,-1.362
İpsala,2020,1,-0.196,-0.516,-1.166,-1.355,-1.497,-1.665,-1.028,-1.462,-1.425,-1.584
İpsala,2020,2,-0.565,-0.804,-0.762,-0.916,-1.360,-1.580,-1.236,-1.546,-1.329,-1.593
İpsala,2020,3,-1.075,-1.234,-1.160,-1.237,-1.543,-1.683,-1.387,-1.597,-1.192,-1.510
İpsala,2020,4,1.679,1.803,-0.000,0.213,-0.846,-0.962,-1.087,-1.260,-0.804,-1.090
İpsala,2020,5,0.868,1.081,0.921,1.218,-0.180,-0.138,-0.761,-0.869,-0.686,-0.947
İpsala,2020,6,-0.616,-0.422,1.154,1.604,-0.181,0.040,-0.848,-0.901,-0.784,-0.903
İpsala,2020,7,-1.185,-1.214,-0.056,-0.016,-0.152,-0.047,-0.840,-0.932,-1.062,-1.177
İpsala,2020,8,-0.110,-0.823,-1.062,-1.229,0.157,0.211,-0.502,-0.443,-1.001,-1.146
İpsala,2020,9,-0.693,-1.573,-1.304,-1.858,0.331,0.210,-0.619,-0.621,-1.115,-1.309
İpsala,2020,10,0.070,-0.451,-0.460,-1.309,-0.603,-1.127,-0.539,-0.840,-1.046,-1.176
İpsala,2020,11,-1.833,-1.580,-1.801,-1.869,-2.185,-1.921,-0.978,-1.169,-1.175,-1.300
İpsala,2020,12,-0.247,-0.593,-1.520,-1.555,-1.924,-4.394,-0.868,-1.094,-1.381,-1.502
İpsala,2021,1,1.458,1.710,-0.054,-0.243,-0.481,-1.044,-0.547,-1.018,-0.538,-0.892
İpsala,2021,2,-0.846,-1.118,0.411,0.247,-0.626,-1.091,-1.008,-1.434,-0.517,-0.882
İpsala,2021,3,0.139,0.342,0.737,0.688,-0.446,-0.697,-0.758,-1.199,-0.275,-0.511
İpsala,2021,4,-0.337,0.109,-0.949,-0.566,-0.475,-0.518,-0.755,-1.028,-0.780,-1.019
İpsala,2021,5,0.288,0.195,-0.195,0.168,0.199,0.162,-0.668,-0.902,-0.978,-1.246
İpsala,2021,6,0.383,0.584,-0.068,0.229,0.512,0.530,-0.499,-0.570,-0.777,-1.053
İpsala,2021,7,-1.258,-1.706,-0.040,-0.360,-0.793,-0.778,-0.511,-0.647,-0.763,-1.070
İpsala,2021,8,0.507,-0.394,-0.021,-0.625,-0.267,-0.371,0.099,-0.060,-0.679,-1.031
İpsala,2021,9,-0.785,-0.580,-0.895,-1.460,-0.757,-0.892,0.138,0.039,-0.721,-0.970
İpsala,2021,10,0.000,-0.081,-0.361,-0.627,-0.516,-0.778,-1.016,-0.988,-0.707,-0.624
İpsala,2021,11,0.269,0.127,-0.328,-0.356,-0.410,-0.678,-0.484,-0.582,-0.133,-0.331
İpsala,2021,12,1.007,1.108,0.607,0.547,0.205,-0.011,0.086,-0.106,0.410,0.276
İpsala,2022,1,-1.667,-1.347,0.156,0.094,-0.225,-0.399,-0.316,-0.532,-0.705,-0.796
İpsala,2022,2,0.990,1.074,0.565,0.607,0.150,0.153,0.049,-0.201,-0.069,-0.143
İpsala,2022,3,-1.522,-0.826,-0.672,-0.516,0.004,0.077,-0.260,-0.406,-0.314,-0.319
İpsala,2022,4,0.398,0.361,0.207,0.483,0.167,0.200,-0.109,-0.110,-0.190,-0.255
İpsala,2022,5,-1.588,-1.185,-1.484,-1.105,-0.097,-0.060,-0.349,-0.254,-0.421,-0.512
İpsala,2022,6,-0.664,-0.888,-0.953,-1.099,-1.120,-0.935,-0.351,-0.318,-0.577,-0.740
İpsala,2022,7,0.338,0.112,-1.064,-1.320,-0.526,-0.502,-0.224,-0.274,-0.453,-0.518
İpsala,2022,8,0.949,0.403,0.018,-0.348,-1.118,-1.084,-0.153,-0.135,-0.377,-0.424
İpsala,2022,9,-1.138,-0.938,-0.125,-0.437,-1.050,-1.231,-1.154,-0.952,-0.421,-0.511
İpsala,2022,10,-1.334,-1.328,-1.057,-1.290,-1.815,-1.823,-1.157,-1.143,-0.645,-0.546
İpsala,2022,11,-1.258,-1.502,-2.818,-2.093,-2.073,-1.770,-2.400,-1.910,-1.067,-1.156
İpsala,2022,12,-0.593,-1.030,-2.407,-1.975,-2.101,-2.979,-2.258,-1.983,-2.218,-2.838
İpsala,2023,1,-0.500,-1.006,-1.883,-1.906,-2.557,-2.187,-2.809,-2.615,-2.173,-1.975
İpsala,2023,2,-3.153,-1.857,-1.764,-1.831,-3.112,-2.505,-2.915,-2.281,-3.057,-2.468
İpsala,2023,3,-0.857,-0.962,-1.974,-1.723,-2.958,-2.435,-2.705,-2.329,-2.769,-2.573
İpsala,2023,4,1.032,1.234,-1.127,-0.866,-1.892,-1.743,-2.333,-2.085,-2.557,-2.348
İpsala,2023,5,0.208,0.677,0.058,0.548,-1.291,-1.226,-2.376,-2.043,-2.317,-1.994
İpsala,2023,6,-1.168,-0.787,0.108,0.685,-1.397,-1.044,-2.474,-2.094,-2.334,-1.943
İpsala,2023,7,-0.669,-1.842,-0.765,-0.910,-1.414,-1.228,-2.033,-1.828,-2.432,-2.024
İpsala,2023,8,-1.645,-2.522,-1.837,-2.165,-0.795,-0.990,-1.687,-1.863,-2.668,-2.185
İpsala,2023,9,-0.710,-1.494,-1.694,-2.555,-0.855,-1.232,-1.887,-2.236,-2.726,-2.245
İpsala,2023,10,-1.276,-1.603,-1.953,-2.278,-2.141,-2.434,-2.290,-2.074,-2.600,-4.753
İpsala,2023,11,1.576,1.659,0.670,0.195,0.022,-0.882,-0.019,-0.581,-0.894,-1.297
İpsala,2023,12,-0.218,-0.532,0.549,0.154,0.022,-0.681,-0.004,-0.566,-0.903,-1.216
İpsala,2024,1,-0.315,-0.707,0.715,0.576,-0.147,-0.878,-0.519,-1.173,-0.956,-1.367
İpsala,2024,2,-0.074,-0.386,-0.617,-0.902,-0.078,-0.604,-0.547,-1.301,-0.498,-1.041
İpsala,2024,3,-0.260,-0.387,-0.628,-0.874,-0.021,-0.417,-0.385,-1.156,-0.368,-0.876
İpsala,2024,4,-0.190,-0.571,-0.617,-0.979,0.288,-0.043,-0.373,-1.035,-0.647,-1.265
İpsala,2024,5,-2.113,-0.535,-1.230,-1.110,-1.122,-1.296,-0.504,-0.915,-0.912,-1.482
İpsala,2024,6,-1.834,-3.375,-2.104,-2.156,-1.547,-2.296,-0.629,-1.193,-0.945,-1.707
İpsala,2024,7,-0.945,-3.150,-3.231,-4.428,-1.750,-2.412,-0.335,-1.105,-0.939,-1.749
İpsala,2024,8,0.529,-0.663,-1.291,-3.505,-1.731,-2.781,-1.433,-2.648,-0.790,-1.632
İpsala,2024,9,1.016,0.929,0.530,-1.086,-1.138,-2.470,-1.168,-2.518,-0.472,-1.351
İpsala,2024,10,-1.980,-1.635,-0.216,-0.934,-1.671,-2.729,-1.655,-2.261,-0.490,-1.203
İpsala,2024,11,-1.376,-1.351,-1.427,-1.485,-1.956,-2.337,-2.179,-2.347,-1.866,-2.150
İpsala,2024,12,0.776,0.757,-0.944,-1.194,-0.621,-1.450,-1.349,-1.970,-1.504,-4.753
