name,year,month,SPI12_ec,SPEI12_ec,dekad
Edirne,1965,12,0.4243014895094686,0.7594179545781405,1960
Edirne,1966,1,1.1993079895232726,1.3364806127720428,1960
Edirne,1966,2,0.2969228518457217,0.335740604541003,1960
Edirne,1966,3,0.31470659536019807,0.30668830520764545,1960
Edirne,1966,4,0.4161977413230554,0.2298693996573428,1960
Edirne,1966,5,0.24625475799449112,0.06779097052245868,1960
Edirne,1966,6,0.4933076195591078,0.5291127134732815,1960
Edirne,1966,7,0.6772608691408127,0.6662649864664199,1960
Edirne,1966,8,0.6710543815071474,0.5107332060139517,1960
Edirne,1966,9,0.961276016122248,0.9137620949215375,1960
Edirne,1966,10,1.718116850948975,1.4277811571003578,1960
Edirne,1966,11,2.5916237337084733,2.0055377625610773,1960
Edirne,1966,12,2.8193165618970637,1.982784950645909,1960
Edirne,1967,1,2.7319801723198287,1.9577858153550627,1960
Edirne,1967,2,2.508768180381228,2.016460120355766,1960
Edirne,1967,3,2.1816296443158825,1.8948116767920018,1960
Edirne,1967,4,2.1410812943229875,1.9195828799045214,1960
Edirne,1967,5,2.1715293886265115,1.8147226493337756,1960
Edirne,1967,6,2.481321976160303,1.9748610982344568,1960
Edirne,1967,7,2.530701568998804,2.052664282795953,1960
Edirne,1967,8,2.440570234532531,1.9813304718563727,1960
Edirne,1967,9,2.522173017364532,2.056062317946215,1960
Edirne,1967,10,2.165422815034637,1.8812830689755238,1960
Edirne,1967,11,0.5049306505478113,0.6721203818403184,1960
Edirne,1967,12,-0.2566283660498481,-0.03770516531835887,1960
Edirne,1968,1,0.04918211781248924,0.27886765705352046,1960
Edirne,1968,2,0.38929364077550177,0.4951043049509803,1960
Edirne,1968,3,0.2316208263266363,0.3003588626421532,1960
Edirne,1968,4,-0.14122643044484393,-0.2859222585655094,1960
Edirne,1968,5,-0.6076762960487889,-1.0966743252152957,1960
Edirne,1968,6,-0.9888853783287407,-1.6786661598983619,1960
Edirne,1968,7,-1.4059660967048844,-1.9678947099346855,1960
Edirne,1968,8,-0.77864211016576,-1.2920670210481422,1960
Edirne,1968,9,-0.6576297717385545,-1.14385305413241,1960
Edirne,1968,10,-1.0301648294407804,-1.7208193574760817,1960
Edirne,1968,11,-0.7710501911416141,-1.2780083183584678,1960
Edirne,1968,12,-0.39763518273758014,-0.8252608856569023,1960
Edirne,1969,1,-1.0164872574705945,-1.9021699789316635,1960
Edirne,1969,2,-0.2506027596064834,-0.5688588628314379,1960
Edirne,1969,3,0.08223590862807786,-0.08136358693253969,1960
Edirne,1969,4,0.6488839760294935,0.7289828245171416,1960
Edirne,1969,5,0.7361505405549184,0.8950022162991212,1960
Edirne,1969,6,0.623832463102687,0.7336596839634068,1960
Edirne,1969,7,0.7040416033591804,0.917805112578425,1960
Edirne,1969,8,0.5371389413207398,0.7489481380850661,1960
Edirne,1969,9,0.2310215946208112,0.3975677157397711,1960
Edirne,1969,10,0.10418363378258362,0.3113048970845031,1960
Edirne,1969,11,-0.1983289315916213,-0.12554273922122117,1960
Edirne,1969,12,0.38299851155161757,0.5673937030514423,1960
Edirne,1970,1,0.007288222336499591,-0.03954999856484633,1970
Edirne,1970,2,-0.24351422497541517,-0.44002389496138844,1970
Edirne,1970,3,0.07945969910633942,-0.17536607407099092,1970
Edirne,1970,4,0.3195974660571515,-0.1408697448570076,1970
Edirne,1970,5,0.7069663492043579,0.6168990166038948,1970
Edirne,1970,6,0.7405655282614271,0.6966931431043417,1970
Edirne,1970,7,0.9083698557680399,0.6058199355505923,1970
Edirne,1970,8,0.5278897256868504,0.19836105355516756,1970
Edirne,1970,9,0.4641812731023627,0.21620609008082173,1970
Edirne,1970,10,0.8634975466512336,0.812194492184197,1970
Edirne,1970,11,1.1842690877223563,1.1253606951574984,1970
Edirne,1970,12,0.08752445000746482,0.12296319804411895,1970
Edirne,1971,1,0.2861548287347012,0.28391572954224203,1970
Edirne,1971,2,0.10712501493407095,0.06548283531787234,1970
Edirne,1971,3,0.5178456860800965,0.540799160915752,1970
Edirne,1971,4,0.3784171384216272,0.49849361319380453,1970
Edirne,1971,5,0.1700576047984468,0.07770241512583079,1970
Edirne,1971,6,0.9230980345060104,0.8591575313023726,1970
Edirne,1971,7,1.1470395184454705,1.1676218418033142,1970
Edirne,1971,8,1.1672927273810358,1.200426077457787,1970
Edirne,1971,9,1.9126109962672095,1.8084063135677202,1970
Edirne,1971,10,1.8205042790551655,1.7504443398328968,1970
Edirne,1971,11,1.6329616001246159,1.657920396288705,1970
Edirne,1971,12,1.9726165901630621,1.7813361553962315,1970
Edirne,1972,1,1.4965970171332041,1.5652686960213062,1970
Edirne,1972,2,1.238494151544324,1.43579413139533,1970
Edirne,1972,3,0.2098024027092955,0.4867040885783877,1970
Edirne,1972,4,-0.03794897565452094,-0.006825428895663738,1970
Edirne,1972,5,0.21999544774394933,0.3908688517546152,1970
Edirne,1972,6,-0.7568646791216531,-0.8935380238946515,1970
Edirne,1972,7,-1.1629549225516005,-1.4182773224174314,1970
Edirne,1972,8,-0.46970162789907505,-0.7125632314060458,1970
Edirne,1972,9,-0.612556073373445,-0.8765816294751156,1970
Edirne,1972,10,0.5605313719401058,0.5507756568992972,1970
Edirne,1972,11,0.3209100423550227,0.23808582924809937,1970
Edirne,1972,12,-0.10798815572974307,-0.1849756559168504,1970
Edirne,1973,1,0.6074498589154828,0.646737335893709,1970
Edirne,1973,2,1.094482426142975,1.015666399146267,1970
Edirne,1973,3,1.646760920446099,1.5055249023196366,1970
Edirne,1973,4,1.7319112822812057,1.6526590549574458,1970
Edirne,1973,5,1.4711954973445485,1.397334811703963,1970
Edirne,1973,6,1.7491598327282216,1.6958601841951095,1970
Edirne,1973,7,1.6147917243769179,1.5962058361606561,1970
Edirne,1973,8,1.1310900810210318,1.340372241725478,1970
Edirne,1973,9,0.4237190934804226,0.6650476021323327,1970
Edirne,1973,10,-0.6478619419964488,-0.6424153594457812,1970
Edirne,1973,11,-0.6701476704446727,-0.5737713589129528,1970
Edirne,1973,12,-0.12985386574338958,0.2140823209326759,1970
Edirne,1974,1,-0.9441830308115423,-0.9483340148436902,1970
Edirne,1974,2,-1.3204318419414862,-1.4257711147511727,1970
Edirne,1974,3,-1.507164574248243,-1.6221284621367769,1970
Edirne,1974,4,-1.8857271168444036,-1.7761592435618025,1970
Edirne,1974,5,-1.1335904688844334,-0.7788363435459821,1970
Edirne,1974,6,-1.1402530379278555,-0.8218535726851703,1970
Edirne,1974,7,-1.1663382205173676,-0.7290163019349357,1970
Edirne,1974,8,-1.1333771722702797,-0.7884728355634574,1970
Edirne,1974,9,-1.0076209766384807,-0.6804888723219483,1970
Edirne,1974,10,-1.1083831443062353,-1.0460119860787844,1970
Edirne,1974,11,-0.27434590539224907,-0.09192922945270386,1970
Edirne,1974,12,-0.5777058217763712,-0.3852347328831983,1970
Edirne,1975,1,-0.168839491607289,0.08803483171596785,1970
Edirne,1975,2,-0.5037925166928561,-0.31007326289126974,1970
Edirne,1975,3,-0.6176504785908324,-0.639406711520278,1970
Edirne,1975,4,0.028270114951457967,-0.08002237540895331,1970
Edirne,1975,5,0.2509350533751428,0.07090990689815244,1970
Edirne,1975,6,0.6837726142264863,0.5038476403606076,1970
Edirne,1975,7,0.6054309289080222,0.2740863376131463,1970
Edirne,1975,8,1.5389107654994671,1.2825955703689638,1970
Edirne,1975,9,1.4244235310423017,1.1772340086881177,1970
Edirne,1975,10,2.046019100395291,1.7600155653441891,1970
Edirne,1975,11,1.7906676372753552,1.6443267836627196,1970
Edirne,1975,12,2.0261543287751973,1.7254593189145855,1970
Edirne,1976,1,1.7251721271305613,1.537255700558877,1970
Edirne,1976,2,1.6377568565499925,1.5291900434790904,1970
Edirne,1976,3,1.3861293879350227,1.4607602640473227,1970
Edirne,1976,4,0.8743558298046044,1.0455016376346868,1970
Edirne,1976,5,0.3439841317798131,0.5825282250889752,1970
Edirne,1976,6,-0.3237493411107222,-0.0399623381012515,1970
Edirne,1976,7,-0.18776674535115565,0.16065100105475769,1970
Edirne,1976,8,-0.9790045682688097,-0.49787210794973513,1970
Edirne,1976,9,-0.8980668708083781,-0.2516440457550806,1970
Edirne,1976,10,-1.6122694223425156,-1.1326899283477156,1970
Edirne,1976,11,-1.7242807006187917,-1.4471465252396625,1970
Edirne,1976,12,-1.5217523187845434,-1.4121543098685565,1970
Edirne,1977,1,-1.1962997207003765,-0.8485583772156448,1970
Edirne,1977,2,-0.4081583981113091,-0.18356398117591352,1970
Edirne,1977,3,-0.15449087967545352,-0.04281041500297427,1970
Edirne,1977,4,0.1265681172204499,0.30556658935389475,1970
Edirne,1977,5,0.10934335871346762,0.2857107322355992,1970
Edirne,1977,6,0.362682164893004,0.49870362473830104,1970
Edirne,1977,7,0.592797962338128,0.6042662162908221,1970
Edirne,1977,8,0.24753538193633537,0.02910104798608592,1970
Edirne,1977,9,0.9949086825041435,0.8399698021147681,1970
Edirne,1977,10,0.5287021587171579,0.6033039019779669,1970
Edirne,1977,11,0.47152780061740485,0.4928508256652102,1970
Edirne,1977,12,0.0885930115007029,0.2262293519108763,1970
Edirne,1978,1,-0.07056658880391743,-0.019860953222007476,1970
Edirne,1978,2,-0.17698417044625883,-0.08113221531018637,1970
Edirne,1978,3,0.09240692815416089,0.14887021479746562,1970
Edirne,1978,4,0.12377646151812118,0.18742896813030593,1970
Edirne,1978,5,0.36431437693674035,0.5372028751866385,1970
Edirne,1978,6,0.10607421970644969,0.24071540873426447,1970
Edirne,1978,7,-0.3148874331040311,-0.21771788079821436,1970
Edirne,1978,8,-0.2716111319049029,-8.97396386663038e-05,1970
Edirne,1978,9,-0.006797657485554456,0.3152655649127348,1970
Edirne,1978,10,0.1051974510480421,0.3980565602660887,1970
Edirne,1978,11,-0.12303631397139554,0.22319700621224403,1970
Edirne,1978,12,-0.22227684347312485,0.19685146026211833,1970
Edirne,1979,1,0.5385783624015494,0.9053916162619345,1970
Edirne,1979,2,0.6614275274844535,0.9854736297865896,1970
Edirne,1979,3,0.07853407701156558,0.3104981039806672,1970
Edirne,1979,4,-0.257611579291329,-0.06498602803066514,1970
Edirne,1979,5,-0.43134352121880193,-0.3141789085107314,1970
Edirne,1979,6,-0.7393837009953769,-0.8161016795604359,1970
Edirne,1979,7,0.07692434784160179,0.19383194339024654,1970
Edirne,1979,8,0.17451533315948806,0.2828024442406227,1970
Edirne,1979,9,-1.0335609146922136,-1.1949102495919313,1970
Edirne,1979,10,-0.4756786273429166,-0.4529584564892218,1970
Edirne,1979,11,0.45704171637534863,0.5229287712054296,1970
Edirne,1979,12,0.9677987666685848,1.0658789811405025,1970
Edirne,1980,1,0.6617866155161095,0.7955186842681239,1980
Edirne,1980,2,0.279845835980231,0.43888288522377283,1980
Edirne,1980,3,0.5046952709658064,0.7625217345490983,1980
Edirne,1980,4,1.007458704544899,1.1972848967851797,1980
Edirne,1980,5,1.400314349903816,1.5544543349978814,1980
Edirne,1980,6,1.712313311341578,1.8341006087695997,1980
Edirne,1980,7,1.087552516737963,1.2885869023756735,1980
Edirne,1980,8,1.3106619244971172,1.500834502778433,1980
Edirne,1980,9,1.377973007708938,1.6452594988392346,1980
Edirne,1980,10,0.638182927859412,1.0354029240302693,1980
Edirne,1980,11,0.12135799318939723,0.4920748383370105,1980
Edirne,1980,12,0.7870851658095827,1.1764811222623912,1980
Edirne,1981,1,1.5626955215261449,1.6209225854421363,1980
Edirne,1981,2,1.5912454129276685,1.6556638238005403,1980
Edirne,1981,3,1.8062975370413672,1.7627674765639696,1980
Edirne,1981,4,1.2513603255215093,1.3421955770489822,1980
Edirne,1981,5,0.9161050254180939,1.1023517836495387,1980
Edirne,1981,6,0.6497033956679534,0.6688389907422656,1980
Edirne,1981,7,0.7182903837262261,0.7458749928629228,1980
Edirne,1981,8,0.5620620080457359,0.5793294075829305,1980
Edirne,1981,9,0.5137916927739321,0.45926482559643006,1980
Edirne,1981,10,0.8233685726537845,0.8611503182785838,1980
Edirne,1981,11,1.0551582296175563,1.1325666541568498,1980
Edirne,1981,12,0.6472616000757998,0.8256535698633075,1980
Edirne,1982,1,-0.7637144217176737,-1.0255058648762048,1980
Edirne,1982,2,-0.5636305500083337,-0.679762768692342,1980
Edirne,1982,3,-0.5279143878112643,-0.49790679888944067,1980
Edirne,1982,4,0.23101427474618733,0.42557149328926963,1980
Edirne,1982,5,0.10172198270977806,0.18875990502267764,1980
Edirne,1982,6,0.24067585104601524,0.4826877701145091,1980
Edirne,1982,7,0.13342178715011874,0.3625426675031167,1980
Edirne,1982,8,0.14067129382393662,0.43302796434722163,1980
Edirne,1982,9,0.08207669245984253,0.28019198098487436,1980
Edirne,1982,10,-0.03584364130817438,0.3289602338865039,1980
Edirne,1982,11,-0.45193454035931147,-0.28110969504636757,1980
Edirne,1982,12,-0.3953793239948342,-0.10405571942901905,1980
Edirne,1983,1,-0.6146260719418636,-0.5198186229756454,1980
Edirne,1983,2,-0.7978924477305296,-0.8749631133099459,1980
Edirne,1983,3,-1.2977558016257316,-1.559328139189205,1980
Edirne,1983,4,-2.144234846195991,-2.4804731331928584,1980
Edirne,1983,5,-2.2864270819405457,-2.9292779275797813,1980
Edirne,1983,6,-1.0046787814668925,-1.3264491564264629,1980
Edirne,1983,7,-0.8645867790533956,-1.1990050687175993,1980
Edirne,1983,8,-0.8627738645761451,-1.1015256806327587,1980
Edirne,1983,9,0.21363543529172188,0.2012941608164164,1980
Edirne,1983,10,-0.023487302814994542,0.17489279537782973,1980
Edirne,1983,11,-0.20619276820529828,-0.06291951765720497,1980
Edirne,1983,12,-0.8681051947444078,-0.7324065651365648,1980
Edirne,1984,1,-0.054291486354909164,0.2710814071402824,1980
Edirne,1984,2,0.21693015276882313,0.48792473857781227,1980
Edirne,1984,3,1.348931522314166,1.5138936688525249,1980
Edirne,1984,4,1.6476556253323074,1.84122801628768,1980
Edirne,1984,5,1.967796480842587,2.0074515438948772,1980
Edirne,1984,6,0.9757101233996676,1.3233769727963631,1980
Edirne,1984,7,1.183383619705816,1.5115186401063845,1980
Edirne,1984,8,1.352895595950184,1.6505694477850303,1980
Edirne,1984,9,0.41900173005614705,0.9225176704204386,1980
Edirne,1984,10,0.2210065275825535,0.6529687963400685,1980
Edirne,1984,11,1.119952088688887,1.3197733028675165,1980
Edirne,1984,12,0.999854135208119,1.2732687400484708,1980
Edirne,1985,1,0.716811584640088,1.0816070298417686,1980
Edirne,1985,2,1.0442190594839054,1.345600427473816,1980
Edirne,1985,3,-0.12117571120012004,0.24571342368788326,1980
Edirne,1985,4,-0.197260818587388,-0.04594412430821136,1980
Edirne,1985,5,-0.7031949034980762,-0.7033059967082564,1980
Edirne,1985,6,-0.34034102630737495,-0.2721562193811158,1980
Edirne,1985,7,-0.7324860653170406,-0.7402991163704217,1980
Edirne,1985,8,-0.8080385247510722,-1.110558513396219,1980
Edirne,1985,9,-0.7561858603058708,-0.9282603286474136,1980
Edirne,1985,10,-0.6522960247807961,-0.4876613510783961,1980
Edirne,1985,11,-1.015168087952291,-1.0115402865366598,1980
Edirne,1985,12,-1.2406425392687157,-1.6537038237834532,1980
Edirne,1986,1,-1.0176975774345085,-1.3730458409066455,1980
Edirne,1986,2,-0.6441310173477144,-0.849152830829935,1980
Edirne,1986,3,-0.6186649460758955,-0.8227870136959345,1980
Edirne,1986,4,-1.0026356633920956,-1.3133681403588495,1980
Edirne,1986,5,-0.8849301079454485,-0.9745379445915159,1980
Edirne,1986,6,-1.2234681945915342,-1.4756515446311598,1980
Edirne,1986,7,-1.1045556286773586,-1.2781179350115908,1980
Edirne,1986,8,-1.3282810888345284,-1.6126388384594916,1980
Edirne,1986,9,-1.4134991202520433,-1.8142505190367204,1980
Edirne,1986,10,-0.9045255087251087,-1.6319406012555486,1980
Edirne,1986,11,-1.4718851639998345,-1.9985075167705566,1980
Edirne,1986,12,-1.2518544001483896,-2.0345167103844704,1980
Edirne,1987,1,-1.4435274256548427,-2.0471895205551536,1980
Edirne,1987,2,-2.444433489047122,-3.5963874297210086,1980
Edirne,1987,3,-1.9869165320924789,-2.211129744131595,1980
Edirne,1987,4,-1.0993660690732037,-0.8872183051420384,1980
Edirne,1987,5,-1.1649899942312971,-0.8423193179743053,1980
Edirne,1987,6,-1.0306957382745756,-0.6800003030139882,1980
Edirne,1987,7,-1.1539403624455131,-0.9641007627758963,1980
Edirne,1987,8,-0.9957542947817881,-0.5513532309815162,1980
Edirne,1987,9,-0.9873812998762861,-0.6206066590418131,1980
Edirne,1987,10,-1.2408827696354536,-0.9116185520752078,1980
Edirne,1987,11,-0.21701834694491415,0.0804872769657927,1980
Edirne,1987,12,0.5237089828952302,0.9318073052997637,1980
Edirne,1988,1,-0.10756587822728407,0.18329276081757057,1980
Edirne,1988,2,0.10033495093634506,0.37107040736338115,1980
Edirne,1988,3,0.72028876162465,0.7926380943982327,1980
Edirne,1988,4,0.22734028988431126,0.20955002098319628,1980
Edirne,1988,5,0.2574829708268307,0.23951416105959678,1980
Edirne,1988,6,0.0676399181900323,0.06834941123954132,1980
Edirne,1988,7,0.028736415796425864,-0.09659194784448086,1980
Edirne,1988,8,-0.2563396693463401,-0.5734826393105472,1980
Edirne,1988,9,0.03677101361974024,-0.1698974394250975,1980
Edirne,1988,10,-0.3807054958703055,-0.6762797294780845,1980
Edirne,1988,11,-0.14252420552419234,-0.08869876607092879,1980
Edirne,1988,12,-0.9314632637159378,-1.1943941541848662,1980
Edirne,1989,1,-1.0650359805279104,-1.2693980457364555,1980
Edirne,1989,2,-1.265933952010059,-1.5577256884647195,1980
Edirne,1989,3,-1.0308081838672154,-1.296670508348333,1980
Edirne,1989,4,-1.2419232825664501,-1.7583878247310039,1980
Edirne,1989,5,-0.7636428543187638,-1.1533491427818339,1980
Edirne,1989,6,-0.2927311797940482,-0.4470334595864873,1980
Edirne,1989,7,-0.2886963237788461,-0.1335845825855053,1980
Edirne,1989,8,-0.060388901186187005,0.1881396504790515,1980
Edirne,1989,9,-0.1419289562536011,0.1306246315264551,1980
Edirne,1989,10,0.04415773401684098,0.40879065884582516,1980
Edirne,1989,11,-0.6638855594073866,-0.6224470876259716,1980
Edirne,1989,12,-0.3627340465127255,-0.11675428656297523,1980
Edirne,1990,1,-0.35185855110919045,-0.12355233352405207,1990
Edirne,1990,2,-0.25364261610793465,-0.0773004494647581,1990
Edirne,1990,3,-1.4158312817575778,-1.512277731252994,1990
Edirne,1990,4,-0.9961608090851121,-0.8009850194710275,1990
Edirne,1990,5,-1.0479278324035137,-0.8819406213757606,1990
Edirne,1990,6,-1.5658709579929577,-1.5394253111193588,1990
Edirne,1990,7,-1.394319495859393,-1.3527029588979111,1990
Edirne,1990,8,-1.630019784076064,-1.578978637485866,1990
Edirne,1990,9,-1.2513023098846952,-1.1698681060990759,1990
Edirne,1990,10,-0.7560701682956963,-0.6853642907663811,1990
Edirne,1990,11,-1.0326801947391921,-1.2455019659393949,1990
Edirne,1990,12,-0.6633384687663542,-0.976486232394537,1990
Edirne,1991,1,-0.5823520466475328,-0.896744869226023,1990
Edirne,1991,2,-0.21623103781517625,-0.27466313043286444,1990
Edirne,1991,3,-0.03052891890101996,0.06468690582010492,1990
Edirne,1991,4,-0.26054378301143627,-0.12179428937562678,1990
Edirne,1991,5,0.05871723722841098,0.33344849942065274,1990
Edirne,1991,6,-0.16779432024894023,0.008366213603268962,1990
Edirne,1991,7,-0.18081883121495457,-0.044125552022208414,1990
Edirne,1991,8,0.06670247788243332,0.2574537274344572,1990
Edirne,1991,9,-0.3504657005632591,-0.30115126531988917,1990
Edirne,1991,10,-0.17504616269576917,-0.0922670264393743,1990
Edirne,1991,11,0.4125202727143265,0.607913270761565,1990
Edirne,1991,12,-0.6912940328757493,-0.4376978588969449,1990
Edirne,1992,1,-0.806114227262993,-0.6311316589963105,1990
Edirne,1992,2,-0.8109355396004005,-0.6647507390696665,1990
Edirne,1992,3,-0.646108348708152,-0.523726512810314,1990
Edirne,1992,4,-0.6743469242304685,-0.6314181920958148,1990
Edirne,1992,5,-1.0534601913260973,-0.9977987033845969,1990
Edirne,1992,6,-0.04172981986219864,0.24701657592938145,1990
Edirne,1992,7,-0.01390701732305365,0.35370061137194303,1990
Edirne,1992,8,-0.17436941480903168,0.08201388692711446,1990
Edirne,1992,9,-0.26907167707467283,0.05082856063165208,1990
Edirne,1992,10,-0.930873571408481,-0.8679987040246531,1990
Edirne,1992,11,-0.7509729478613026,-0.65167278716178,1990
Edirne,1992,12,-0.8979322869816873,-0.8837030384794656,1990
Edirne,1993,1,-0.828576675053084,-0.7518369718516172,1990
Edirne,1993,2,-0.6558513845428107,-0.5138342406957198,1990
Edirne,1993,3,-0.620694298689525,-0.4389354663414414,1990
Edirne,1993,4,-0.8182133016980817,-0.6374225274319735,1990
Edirne,1993,5,-0.2869038995055441,-0.11562738284612462,1990
Edirne,1993,6,-0.5624044570378696,-0.4337081624739142,1990
Edirne,1993,7,-0.6847225207686283,-0.643396577837523,1990
Edirne,1993,8,-0.46865704122131896,-0.25704165320159295,1990
Edirne,1993,9,-0.4957092107132108,-0.3771755170772813,1990
Edirne,1993,10,-0.7628107138719163,-0.638356217436618,1990
Edirne,1993,11,-0.9704812965950513,-0.7647481415381756,1990
Edirne,1993,12,-0.6854624925538444,-0.4797031168862538,1990
Edirne,1994,1,-0.5697056241785847,-0.4604112266754426,1990
Edirne,1994,2,-0.6175590845932102,-0.6460437745332556,1990
Edirne,1994,3,-0.6338986900400734,-0.7678210320865078,1990
Edirne,1994,4,-0.3976456848148655,-0.5772873177900844,1990
Edirne,1994,5,-1.1335904688844334,-1.4868250701793468,1990
Edirne,1994,6,-1.6429285392934139,-2.0344540034333187,1990
Edirne,1994,7,-1.3641255605019835,-1.6746186858124221,1990
Edirne,1994,8,-1.6617484960461328,-2.203599236444752,1990
Edirne,1994,9,-1.7105326038628041,-2.5820191883110892,1990
Edirne,1994,10,-0.9182615776035784,-2.1764405546602594,1990
Edirne,1994,11,-0.9966067378401655,-2.0390691598883515,1990
Edirne,1994,12,-0.5478178792025181,-1.7523525654802343,1990
Edirne,1995,1,0.8209854747190033,0.48949237356585673,1990
Edirne,1995,2,0.9674085902436058,0.5369427685529276,1990
Edirne,1995,3,1.4003331689179004,0.9838864517919028,1990
Edirne,1995,4,1.4489601266350973,1.0882943652852197,1990
Edirne,1995,5,1.1976154352753152,0.880354656728679,1990
Edirne,1995,6,1.0958185399222693,0.584718446155019,1990
Edirne,1995,7,1.3711687317748908,0.8616884068329577,1990
Edirne,1995,8,1.6668358797499536,1.281355959446289,1990
Edirne,1995,9,1.9445389706111227,1.6982154980045703,1990
Edirne,1995,10,1.1999759711485587,1.262418695266073,1990
Edirne,1995,11,1.419946506979949,1.4372652656004092,1990
Edirne,1995,12,1.1947533420830285,1.2552430967415897,1990
Edirne,1996,1,-0.12503003734251786,-0.04172543911529038,1990
Edirne,1996,2,0.7732895760303128,1.0031090705316588,1990
Edirne,1996,3,0.5046952709658057,0.8592165795673137,1990
Edirne,1996,4,0.7451531567484266,1.0764938859930568,1990
Edirne,1996,5,0.9445847875293093,1.0779846171714407,1990
Edirne,1996,6,0.6764175590423395,0.8968966185155017,1990
Edirne,1996,7,0.04708150855318465,0.16661597220000013,1990
Edirne,1996,8,0.010787985003439063,0.13931134074993404,1990
Edirne,1996,9,0.32123801710364125,0.5603799752229346,1990
Edirne,1996,10,0.12443754591053297,0.44051595959602013,1990
Edirne,1996,11,0.4534162485670315,0.5783635372573604,1990
Edirne,1996,12,0.8266610250376875,0.9977693855320598,1990
Edirne,1997,1,0.8091371479398077,0.9087215178581605,1990
Edirne,1997,2,-0.14692334317955152,-0.2475793319912631,1990
Edirne,1997,3,-0.1287778942486881,-0.3899534132786169,1990
Edirne,1997,4,-0.2361427632479356,-0.41157360444409125,1990
Edirne,1997,5,-0.20328396782129116,-0.22348906128535517,1990
Edirne,1997,6,0.029027782435461707,0.03632539353015994,1990
Edirne,1997,7,0.3351418811003069,0.3725970133346791,1990
Edirne,1997,8,0.7209675022743931,0.8966055297836587,1990
Edirne,1997,9,0.13592482517220447,0.3900616478179319,1990
Edirne,1997,10,0.7350259341946798,1.0822677124458835,1990
Edirne,1997,11,0.2096131974510253,0.5521183300102452,1990
Edirne,1997,12,0.6180387931819731,1.0716354824336105,1990
Edirne,1998,1,0.6898391265366881,1.081853498926699,1990
Edirne,1998,2,1.1289820428237727,1.356629406816479,1990
Edirne,1998,3,1.3123693660333453,1.5194451356262064,1990
Edirne,1998,4,1.0258274443948072,1.1054929979817452,1990
Edirne,1998,5,2.1330987331766695,1.9488167518843658,1990
Edirne,1998,6,2.0887039635499676,1.9084101566928058,1990
Edirne,1998,7,2.1512542500709717,1.9235888775800896,1990
Edirne,1998,8,2.1470615039176035,1.7637538564199629,1990
Edirne,1998,9,3.1325277415011037,2.36577025852029,1990
Edirne,1998,10,3.475361363701559,2.3696848328157802,1990
Edirne,1998,11,3.7285599349740535,2.606824913974735,1990
Edirne,1998,12,3.922344951417331,2.4046549793552683,1990
Edirne,1999,1,4.136445626637355,2.490161408374263,1990
Edirne,1999,2,3.764829617727763,2.5466370993749194,1990
Edirne,1999,3,3.560480527592989,2.5762801651741154,1990
Edirne,1999,4,3.613224056790835,2.6961668287735394,1990
Edirne,1999,5,3.077384074023034,2.314028608102449,1990
Edirne,1999,6,3.3115235022908074,2.3824565641423896,1990
Edirne,1999,7,3.6046771544263114,2.579003372048835,1990
Edirne,1999,8,3.578383368649998,2.5117260448413594,1990
Edirne,1999,9,2.7022527468532433,2.109179474901939,1990
Edirne,1999,10,1.9526103803359773,1.6204579982814338,1990
Edirne,1999,11,1.0170671407367529,0.8639527344893317,1990
Edirne,1999,12,0.7851020677309059,0.5792343665777482,1990
Edirne,2000,1,0.4579275416680222,0.20146243060280328,2000
Edirne,2000,2,0.049718820569380075,-0.41687720852484983,2000
Edirne,2000,3,-0.2901910273992957,-0.8007524006207617,2000
Edirne,2000,4,0.0009041184375250025,-0.5357638769315357,2000
Edirne,2000,5,-0.2419970425581837,-0.8043050976843695,2000
Edirne,2000,6,-0.4616618103271316,-0.9543463266410512,2000
Edirne,2000,7,-1.6152892370484018,-2.0693664558202522,2000
Edirne,2000,8,-2.00624735753304,-2.6037379493197528,2000
Edirne,2000,9,-1.5744642337884431,-2.1549461186382044,2000
Edirne,2000,10,-1.3248413335963858,-2.2993436877275126,2000
Edirne,2000,11,-1.0381612411263348,-1.8188060831395572,2000
Edirne,2000,12,-1.6738951578351282,-4.75,2000
Edirne,2001,1,-1.5126128788746185,-4.75,2000
Edirne,2001,2,-1.367131283993401,-2.7485447298681347,2000
Edirne,2001,3,-1.3886651470616413,-2.6072118025568614,2000
Edirne,2001,4,-1.4434517018051674,-2.21909118190455,2000
Edirne,2001,5,-1.787962935460054,-2.6300534173310797,2000
Edirne,2001,6,-1.8664258648326375,-2.723006198441171,2000
Edirne,2001,7,-1.486843102620758,-2.0470345977365842,2000
Edirne,2001,8,-1.7615012846312097,-2.613465142659414,2000
Edirne,2001,9,-1.526045358772934,-2.515307822272949,2000
Edirne,2001,10,-2.029030582861742,-4.75,2000
Edirne,2001,11,-1.8668871424798867,-3.36709970742658,2000
Edirne,2001,12,-1.0644928405275496,-3.7978720364799754,2000
Edirne,2002,1,-1.3409784119862675,-4.051811139378904,2000
Edirne,2002,2,-1.234806584011107,-2.697489426175373,2000
Edirne,2002,3,-0.4066343805657015,-1.1217363048509996,2000
Edirne,2002,4,-0.6919196358309841,-1.3498562007453425,2000
Edirne,2002,5,-0.8052823605634891,-1.536601197882452,2000
Edirne,2002,6,-0.745934503068724,-1.5867935312374581,2000
Edirne,2002,7,-0.6762622953138308,-1.2882762963414518,2000
Edirne,2002,8,-0.6450484715778501,-1.0782603210508195,2000
Edirne,2002,9,-0.06258298221315003,-0.34035728596392395,2000
Edirne,2002,10,0.5797670000403504,0.5277688627584481,2000
Edirne,2002,11,1.0034832475397109,0.8611379937923144,2000
Edirne,2002,12,0.6109714568926994,0.49319244626037584,2000
Edirne,2003,1,1.5663549560522427,1.2473518958682428,2000
Edirne,2003,2,1.6548338511288714,1.4468484668537012,2000
Edirne,2003,3,0.9086878157117214,0.9402822980852479,2000
Edirne,2003,4,1.1236816786061716,1.154731997131857,2000
Edirne,2003,5,1.6742030197928535,1.4728018057944423,2000
Edirne,2003,6,1.539257718154757,1.275780461956666,2000
Edirne,2003,7,1.5841900452117041,1.3614083664823025,2000
Edirne,2003,8,1.6186617170991247,1.2980304325514616,2000
Edirne,2003,9,0.8155430417820193,0.6288775603096213,2000
Edirne,2003,10,1.0979452075663598,1.0050259732312088,2000
Edirne,2003,11,0.10529395971374945,-0.0665524330987675,2000
Edirne,2003,12,0.07897144366806659,-0.0458658379186407,2000
Edirne,2004,1,-0.65977990142417,-1.1135788250814407,2000
Edirne,2004,2,-0.895159435654361,-1.517329562953899,2000
Edirne,2004,3,-0.6196795527588587,-1.2535624438515574,2000
Edirne,2004,4,-1.056819050902381,-1.848256011525272,2000
Edirne,2004,5,-1.2999672130952513,-1.8573554610200356,2000
Edirne,2004,6,-0.36425134371724943,-0.5066105649739614,2000
Edirne,2004,7,-0.46874428265630425,-0.5298477809187254,2000
Edirne,2004,8,-0.34943580906808397,-0.18453820926515538,2000
Edirne,2004,9,-0.6050687741663555,-0.6076538894384949,2000
Edirne,2004,10,-1.877150713498248,-2.6792500472062932,2000
Edirne,2004,11,-1.504554771770022,-1.9208260093404106,2000
Edirne,2004,12,-0.9832167011495714,-1.6629630425440247,2000
Edirne,2005,1,-0.7250307243739377,-1.2548992873653917,2000
Edirne,2005,2,0.708513632883009,0.6932940226828044,2000
Edirne,2005,3,0.6542248032667539,0.6326117780953073,2000
Edirne,2005,4,0.6854415367768876,0.6137508069706301,2000
Edirne,2005,5,0.667896947330263,0.5089330585291707,2000
Edirne,2005,6,-0.09796833970229911,-0.3129338216848527,2000
Edirne,2005,7,0.5855706551022832,0.39575867446339347,2000
Edirne,2005,8,0.8109898450317892,0.5917128315860735,2000
Edirne,2005,9,1.2466407416025813,1.043813365710685,2000
Edirne,2005,10,1.6976801492201041,1.5318427638330352,2000
Edirne,2005,11,2.082389983576935,1.824369650841998,2000
Edirne,2005,12,2.181682989182076,1.7848084908255013,2000
Edirne,2006,1,1.9231449251357502,1.6743558011584776,2000
Edirne,2006,2,1.0468258813189206,1.11934481709595,2000
Edirne,2006,3,1.7488903158095614,1.6380302946531564,2000
Edirne,2006,4,1.8153839952927793,1.6730738290621487,2000
Edirne,2006,5,1.7098395472924055,1.5655001299194562,2000
Edirne,2006,6,2.3263111839561827,1.8925409727404707,2000
Edirne,2006,7,1.9207791332693844,1.6637872527404296,2000
Edirne,2006,8,1.8961016827009805,1.5822321846276461,2000
Edirne,2006,9,2.195425964591461,1.8536830007674476,2000
Edirne,2006,10,2.2270192729844003,1.8273896330614465,2000
Edirne,2006,11,1.5948928474031832,1.4504357482566497,2000
Edirne,2006,12,1.2657903610767938,1.2199064397770445,2000
Edirne,2007,1,1.5846322235884687,1.3384388878021491,2000
Edirne,2007,2,1.3222889007382534,1.1214511750949834,2000
Edirne,2007,3,0.5989060864384491,0.37652499059204875,2000
Edirne,2007,4,0.5417660560356067,0.4098599831944398,2000
Edirne,2007,5,1.2966490070211854,1.0934814084866065,2000
Edirne,2007,6,0.6145741691262833,0.17821040821578157,2000
Edirne,2007,7,0.02196722898432709,-0.8677021169580185,2000
Edirne,2007,8,-0.2909966837461897,-1.257194631334431,2000
Edirne,2007,9,-0.7192174630748591,-1.7044784743274688,2000
Edirne,2007,10,-0.9561569938073465,-2.537312976593403,2000
Edirne,2007,11,0.3291967595637837,-0.41775449478194226,2000
Edirne,2007,12,0.8827757896979046,0.36011834137030824,2000
Edirne,2008,1,0.2589603269309816,-0.40613379514008036,2000
Edirne,2008,2,-0.047516573311459816,-0.7622252013515486,2000
Edirne,2008,3,-0.12307555322065784,-0.9495700526712942,2000
Edirne,2008,4,0.1460822986111325,-0.7335644259609932,2000
Edirne,2008,5,-0.7317679934373834,-1.6559906621089293,2000
Edirne,2008,6,-0.3736268486930696,-1.0649552703388898,2000
Edirne,2008,7,-0.03823676748106205,-0.42405936831786295,2000
Edirne,2008,8,-0.04352742469975679,-0.4320285999935857,2000
Edirne,2008,9,0.20976695692865444,-0.18847239803163407,2000
Edirne,2008,10,-0.06577832228225192,-0.5072469161360565,2000
Edirne,2008,11,-1.2721378806090662,-2.157374564616913,2000
Edirne,2008,12,-2.105441303753571,-4.75,2000
Edirne,2009,1,-1.4601058429307974,-4.75,2000
Edirne,2009,2,-0.41125877166551417,-1.3494831360646258,2000
Edirne,2009,3,-0.1927432100568758,-0.8021961657991191,2000
Edirne,2009,4,-0.4927865182349157,-1.0492735916155984,2000
Edirne,2009,5,-0.4486943675286507,-1.0937998005678824,2000
Edirne,2009,6,-0.7186754794512878,-1.4177932442203742,2000
Edirne,2009,7,-0.1382708418031211,-0.7406970581397276,2000
Edirne,2009,8,-0.04650045644725615,-0.48930852241844874,2000
Edirne,2009,9,-0.022697875956157007,-0.5034533664200304,2000
Edirne,2009,10,1.1188029894986378,0.8496085452127999,2000
Edirne,2009,11,1.2605029443408724,0.9902787429733866,2000
Edirne,2009,12,2.2135445396794418,1.637397270636241,2000
Edirne,2010,1,2.3131888037515855,1.6781312781740967,2010
Edirne,2010,2,2.912767355476249,2.077024037927082,2010
Edirne,2010,3,2.9457045191298,2.199233704099447,2010
Edirne,2010,4,3.1100990369577937,2.326525663140545,2010
Edirne,2010,5,2.993437104818992,2.159403056810263,2010
Edirne,2010,6,3.293347951204066,2.292127505800199,2010
Edirne,2010,7,3.1424843103010547,2.301206781267467,2010
Edirne,2010,8,3.2134359207313357,2.189564953291243,2010
Edirne,2010,9,2.975806039356467,2.092775949103642,2010
Edirne,2010,10,2.733744988982233,1.9469215608946864,2010
Edirne,2010,11,2.4823826991374744,1.7975116106496374,2010
Edirne,2010,12,2.1773699337693655,1.5201863049967672,2010
Edirne,2011,1,1.8130376172801208,1.2434507086545676,2010
Edirne,2011,2,0.26749074650138155,-0.3570109694841915,2010
Edirne,2011,3,-0.283396860261494,-1.1198400122533076,2010
Edirne,2011,4,-0.11623813621278402,-0.7529100892804962,2010
Edirne,2011,5,-0.048354560900919594,-0.5616886955739501,2010
Edirne,2011,6,-0.09696071276014791,-0.6279992207320296,2010
Edirne,2011,7,-0.7186570760446164,-1.4393084643974123,2010
Edirne,2011,8,-0.7147911682542185,-1.2043722821246328,2010
Edirne,2011,9,-0.813066751836928,-1.5176475162499228,2010
Edirne,2011,10,-0.24762127558821617,-0.9954075386835716,2010
Edirne,2011,11,-0.6305742473399826,-1.080637894727147,2010
Edirne,2011,12,-0.47012978458739546,-0.9868494875374945,2010
Edirne,2012,1,0.09834886859706275,-0.08092410297918581,2010
Edirne,2012,2,0.3224733604435118,0.21465168002829937,2010
Edirne,2012,3,0.24341408462109737,0.09469373550900875,2010
Edirne,2012,4,0.26217534044693835,-0.11927440126352483,2010
Edirne,2012,5,1.0541718835556009,0.7976150861056951,2010
Edirne,2012,6,0.6423195418692538,0.12301477157205679,2010
Edirne,2012,7,0.46633450272376187,-0.33533302055461617,2010
Edirne,2012,8,0.28952062250594607,-0.7530774282510365,2010
Edirne,2012,9,0.05058587708636347,-0.9975849197351465,2010
Edirne,2012,10,-0.9815202047094462,-3.622491783176418,2010
Edirne,2012,11,-0.7467529448123023,-2.699366957592866,2010
Edirne,2012,12,0.15778255298568442,-1.9518804984439715,2010
Edirne,2013,1,0.4106443613774515,-1.4186703232175306,2010
Edirne,2013,2,0.9700381575623224,-0.4163031131378771,2010
Edirne,2013,3,1.409001819221586,0.18115471613401982,2010
Edirne,2013,4,1.2521727209007336,-0.08281470315801903,2010
Edirne,2013,5,0.4524475552085704,-1.4863653657589597,2010
Edirne,2013,6,1.362065554928044,-0.02067399601180579,2010
Edirne,2013,7,1.4222284205408122,0.3960953128344015,2010
Edirne,2013,8,1.48009547264309,0.5230199420612963,2010
Edirne,2013,9,1.524962989120627,0.646423359210995,2010
Edirne,2013,10,1.3637809556059703,0.7806103486636073,2010
Edirne,2013,11,1.8866229826006535,1.2872434804303357,2010
Edirne,2013,12,0.6018771029852857,-0.15416148554292183,2010
Edirne,2014,1,0.2032759121330623,-0.8995645076326493,2010
Edirne,2014,2,-0.7881245902234928,-2.4527011650241652,2010
Edirne,2014,3,-0.14591032325723233,-1.326376706930607,2010
Edirne,2014,4,-0.014235205976067485,-1.050382353058075,2010
Edirne,2014,5,0.7237816349728752,0.17662527857612267,2010
Edirne,2014,6,0.5746506490247519,0.0514930063457218,2010
Edirne,2014,7,1.2806912903321592,0.8141972079297138,2010
Edirne,2014,8,1.3789821500226904,1.0180187860038048,2010
Edirne,2014,9,2.1697729863514112,1.726591883548127,2010
Edirne,2014,10,2.8134148541871937,2.042786160131974,2010
Edirne,2014,11,2.2615876705561617,1.8176202301984785,2010
Edirne,2014,12,3.565456993368372,2.2276169073281253,2010
Edirne,2015,1,3.358546775780692,2.1724673903443406,2010
Edirne,2015,2,3.5402848323663534,2.3997676600512134,2010
Edirne,2015,3,3.1813844143978756,2.39095468360772,2010
Edirne,2015,4,3.1293617536440514,2.461107738519531,2010
Edirne,2015,5,2.657523706301066,2.035134834317254,2010
Edirne,2015,6,2.584581638676818,1.9641770779789525,2010
Edirne,2015,7,1.8238345541867726,1.3543252698181498,2010
Edirne,2015,8,2.0208394360951445,1.4630882048139577,2010
Edirne,2015,9,1.7911051599637595,1.2040947858324014,2010
Edirne,2015,10,1.4717240212418075,0.9749823141316362,2010
Edirne,2015,11,1.4280466287107734,0.856115029892467,2010
Edirne,2015,12,0.29461512547455276,-0.576095906708285,2010
Edirne,2016,1,1.203103459079394,0.6540775665558519,2010
Edirne,2016,2,1.250391320664824,0.6249844940353831,2010
Edirne,2016,3,0.7883696245711754,-0.02538152315878368,2010
Edirne,2016,4,1.40037670220187,0.49495280568968103,2010
Edirne,2016,5,1.8696737787348314,1.1871640883784353,2010
Edirne,2016,6,1.4662614900476179,0.573269327470833,2010
Edirne,2016,7,1.5445776600536063,0.6278018949003089,2010
Edirne,2016,8,1.2979533422329936,0.38138263455122734,2010
Edirne,2016,9,0.6984715744301293,-0.28701288086442756,2010
Edirne,2016,10,-0.12492174837094905,-1.614710486661598,2010
Edirne,2016,11,-0.14935628493300865,-1.3139836928265904,2010
Edirne,2016,12,-0.15835915243713367,-1.7006131274322387,2010
Edirne,2017,1,-0.9130415744808894,-3.6169618208556744,2010
Edirne,2017,2,-1.365960189346197,-3.1675244067665287,2010
Edirne,2017,3,-1.2091148256604014,-2.4220388326688007,2010
Edirne,2017,4,-1.8332564797692723,-2.622848001131908,2010
Edirne,2017,5,-1.8954946195973137,-2.948556588491363,2010
Edirne,2017,6,-1.0295627313644726,-1.9438436579061464,2010
Edirne,2017,7,-0.42666925295977387,-1.0681372761488759,2010
Edirne,2017,8,-0.3227265176115773,-1.0016324933079594,2010
Edirne,2017,9,-0.2516630570753824,-1.0225717045746117,2010
Edirne,2017,10,1.0012091351298038,0.5714656298954639,2010
Edirne,2017,11,1.1934188428909942,0.7606545014402238,2010
Edirne,2017,12,2.3017346574345234,1.5327881512292723,2010
Edirne,2018,1,1.8388944998594399,1.1462488900044128,2010
Edirne,2018,2,2.448405441130025,1.6529401512628616,2010
Edirne,2018,3,3.057667748603857,2.1380148841422932,2010
Edirne,2018,4,2.727772433155902,1.8328585558245036,2010
Edirne,2018,5,2.509858972640457,1.5167399962114565,2010
Edirne,2018,6,2.56506699433693,1.556638775408027,2010
Edirne,2018,7,2.4191656461821824,1.4673516691738502,2010
Edirne,2018,8,2.4180145496914975,1.4732830799839232,2010
Edirne,2018,9,2.428620898132476,1.556607067541607,2010
Edirne,2018,10,1.7215187963598988,0.90737462200642,2010
Edirne,2018,11,2.3806600562414686,1.5355667293230617,2010
Edirne,2018,12,1.9866860982979642,1.2093911191907514,2010
Edirne,2019,1,2.1182546181080677,1.2815921532159498,2010
Edirne,2019,2,1.1324246709540917,0.3834378821967814,2010
Edirne,2019,3,-0.21194125499522343,-1.4944793875812483,2010
Edirne,2019,4,0.30596263437920834,-0.44400705433213355,2010
Edirne,2019,5,0.5883126416896926,0.10631075653660155,2010
Edirne,2019,6,0.04786117370496643,-0.7944200204104384,2010
Edirne,2019,7,-0.22459237604195273,-1.03338011798189,2010
Edirne,2019,8,0.13000606192188566,-0.6541091924221479,2010
Edirne,2019,9,0.12420575096199173,-0.6984102029154657,2010
Edirne,2019,10,-0.07716021575739042,-1.1004245494883227,2010
Edirne,2019,11,-1.3678754946714806,-2.947802293728707,2010
Edirne,2019,12,-1.7397992983190442,-4.75,2010
Edirne,2020,1,-2.544154519650922,-4.75,2020
Edirne,2020,2,-2.17163750649561,-4.75,2020
Edirne,2020,3,-1.6137227404796397,-3.2852706704347976,2020
Edirne,2020,4,-1.184116008968347,-2.4073115612213383,2020
Edirne,2020,5,-0.8363950303098057,-2.053629669842664,2020
Edirne,2020,6,-0.7524907801594322,-1.6870347688878993,2020
Edirne,2020,7,-1.1584462678042242,-2.033273265827549,2020
Edirne,2020,8,-1.628802226059918,-2.719917690871573,2020
Edirne,2020,9,-1.781410090038583,-3.060129142726839,2020
Edirne,2020,10,-1.3963132728664303,-4.75,2020
Edirne,2020,11,-1.7062071823496634,-3.4926136411604434,2020
Edirne,2020,12,-0.9723583843481156,-4.75,2020
Edirne,2021,1,1.1460168694543293,0.21511439021341033,2020
Edirne,2021,2,1.2282840333590839,0.3773312657536083,2020
Edirne,2021,3,1.179118999737558,0.4487287599476988,2020
Edirne,2021,4,0.9023294469878329,0.05817479385916701,2020
Edirne,2021,5,0.4176735917722324,-0.6734211991601129,2020
Edirne,2021,6,0.646012251135391,-0.3800837420348817,2020
Edirne,2021,7,0.8384580977944944,-0.17370176299264972,2020
Edirne,2021,8,0.9487175263844779,-0.030431193610707733,2020
Edirne,2021,9,1.0354526885769657,0.2858555121828142,2020
Edirne,2021,10,1.1396142725667127,0.6985607052413505,2020
Edirne,2021,11,1.312329288559987,0.8188342138572314,2020
Edirne,2021,12,1.9514763341461505,1.360847617758468,2020
Edirne,2022,1,0.09834886859706386,-0.679684637313894,2020
Edirne,2022,2,0.5084401805581559,0.0028548319490751045,2020
Edirne,2022,3,0.2397872587296376,-0.29612996837470407,2020
Edirne,2022,4,0.0639858286981529,-0.6667827267748103,2020
Edirne,2022,5,0.05775896743140066,-0.6248578218881655,2020
Edirne,2022,6,-0.3123622373089827,-1.3055790438853068,2020
Edirne,2022,7,-0.5338417428125983,-1.3730061042373827,2020
Edirne,2022,8,0.11252423507977106,-0.6990057048884871,2020
Edirne,2022,9,0.4142817576934629,-0.3968228301280058,2020
Edirne,2022,10,-0.3442978632607873,-1.8123452978386252,2020
Edirne,2022,11,0.02066851602958186,-1.1609164911701362,2020
Edirne,2022,12,-1.2918420540510782,-4.75,2020
Edirne,2023,1,-0.9190214648292551,-4.75,2020
Edirne,2023,2,-1.7469423069442562,-4.75,2020
Edirne,2023,3,-1.1663041451758098,-3.013011035960255,2020
Edirne,2023,4,-0.5545136442877002,-1.9311324539594616,2020
Edirne,2023,5,-0.18350453616096835,-1.3111627221032294,2020
Edirne,2023,6,-0.24847733340789904,-1.3106589141749836,2020
Edirne,2023,7,-0.12151174113935201,-1.1820917122095203,2020
Edirne,2023,8,-0.6921906112545984,-1.9383757716154921,2020
Edirne,2023,9,-1.0335609146922142,-2.5272007314626594,2020
Edirne,2023,10,-1.1189488872712197,-4.75,2020
Edirne,2023,11,-0.5253520789391332,-2.386354171212151,2020
Edirne,2023,12,-0.1935675553815492,-3.2323192060553905,2020
Edirne,2024,1,-0.5467590092941537,-4.161916850642481,2020
Edirne,2024,2,-0.32285657318569316,-2.43312444347521,2020
Edirne,2024,3,-0.24661976981600112,-1.9873090652189833,2020
Edirne,2024,4,-0.9210438463954371,-2.868167370434403,2020
Edirne,2024,5,-1.1526384013007496,-3.4438844884376625,2020
Edirne,2024,6,-1.5149442789977152,-4.75,2020
Edirne,2024,7,-1.2582795904528234,-3.5402877563641026,2020
Edirne,2024,8,-1.4841575430688714,-4.700163818451835,2020
Edirne,2024,9,-1.0109994624331613,-3.7837764117010466,2020
Edirne,2024,10,-1.1260005345815935,-4.75,2020
Edirne,2024,11,-2.026350932568127,-4.75,2020
Edirne,2024,12,-1.6791476373943737,-4.75,2020
Kırklareli,1965,12,-0.280688658908366,-0.13139960340673268,1960
Kırklareli,1966,1,0.5661711334592348,0.7877789093358794,1960
Kırklareli,1966,2,-0.09807695663917132,-0.15663929197370935,1960
Kırklareli,1966,3,0.9053956322155602,0.9231803874993587,1960
Kırklareli,1966,4,0.9465710541517376,0.8244873797233643,1960
Kırklareli,1966,5,0.8505352933941533,0.467410327396765,1960
Kırklareli,1966,6,1.373760557540448,1.4363257982136726,1960
Kırklareli,1966,7,1.4059616311073615,0.8176725278923868,1960
Kırklareli,1966,8,1.5756943754013815,0.7937371241651806,1960
Kırklareli,1966,9,1.9769395536213565,1.022696263923097,1960
Kırklareli,1966,10,2.5696684268206473,2.3712827275176247,1960
Kırklareli,1966,11,2.734321455518743,2.319332100343139,1960
Kırklareli,1966,12,3.082035724297574,2.2314614633682712,1960
Kırklareli,1967,1,3.2006910694598814,2.358833387581033,1960
Kırklareli,1967,2,3.1276579699324842,2.359614655969572,1960
Kırklareli,1967,3,2.4474292293984448,2.084499666915656,1960
Kırklareli,1967,4,2.2326860906788113,1.9210745901512853,1960
Kırklareli,1967,5,1.7573040822682056,0.9400949705059747,1960
Kırklareli,1967,6,1.6481672073288847,1.5211942480829292,1960
Kırklareli,1967,7,1.744569353799209,0.9364702789293913,1960
Kırklareli,1967,8,1.8043678190702126,0.9205015891693439,1960
Kırklareli,1967,9,1.6149332652372954,0.7992253485054926,1960
Kırklareli,1967,10,1.4008933144592606,1.4579908857757733,1960
Kırklareli,1967,11,0.2795212329601107,0.31349285207408234,1960
Kırklareli,1967,12,-0.3437141858646244,-0.2989980797666423,1960
Kırklareli,1968,1,-0.01655348025252426,0.04721589942363431,1960
Kırklareli,1968,2,0.4960581321511654,0.5488396714114958,1960
Kırklareli,1968,3,0.5038064031746957,0.5341613611224277,1960
Kırklareli,1968,4,0.22124132707742547,0.08926998326266518,1960
Kırklareli,1968,5,0.26915882499786536,-0.07488018059811209,1960
Kırklareli,1968,6,-0.11507834833984805,-0.7306852542096018,1960
Kırklareli,1968,7,-0.23514625265971048,-0.6011169270606727,1960
Kırklareli,1968,8,-0.0927876673316431,-0.3255915918727218,1960
Kırklareli,1968,9,0.05834637016170033,-0.17769980487602896,1960
Kırklareli,1968,10,-0.23681266356315206,-0.6168261884610811,1960
Kırklareli,1968,11,-0.20640134964004556,-0.5094685018917963,1960
Kırklareli,1968,12,0.05286757941799653,-0.040695455753286223,1960
Kırklareli,1969,1,-1.029305544129086,-1.5744796699177808,1960
Kırklareli,1969,2,-0.26458777427147134,-0.5304914384149231,1960
Kırklareli,1969,3,-0.17276543660867164,-0.3443171823968675,1960
Kırklareli,1969,4,0.19604585483809728,0.35695743889433557,1960
Kırklareli,1969,5,0.008140171247845947,0.128391034426061,1960
Kırklareli,1969,6,0.058172918779225445,0.16554660993947937,1960
Kırklareli,1969,7,0.32693305468589395,0.405885181025206,1960
Kırklareli,1969,8,0.08401366920570318,0.1507158412376149,1960
Kırklareli,1969,9,-0.3426892682886676,-0.16535341296753986,1960
Kırklareli,1969,10,-0.44307880201391037,-0.48442920447937343,1960
Kırklareli,1969,11,-0.35659470968313,-0.38949755507668105,1960
Kırklareli,1969,12,-0.4091434293474737,-0.43807744157248746,1960
Kırklareli,1970,1,-0.06840295482582821,-0.19801461181274843,1970
Kırklareli,1970,2,-0.4930642385129269,-0.8047690656767243,1970
Kırklareli,1970,3,-0.29404189184628077,-0.7118569218854728,1970
Kırklareli,1970,4,-0.1519415410845374,-0.7955110006912485,1970
Kırklareli,1970,5,0.20497713572657378,0.009040040038953302,1970
Kırklareli,1970,6,0.2336829566468827,0.07851133253911673,1970
Kırklareli,1970,7,-0.024848708057714653,-0.2795728510212731,1970
Kırklareli,1970,8,-0.17662193167194826,-0.3949355025339192,1970
Kırklareli,1970,9,-0.20656336320622862,-0.34045506450145624,1970
Kırklareli,1970,10,0.3413074087582428,0.12984491794406855,1970
Kırklareli,1970,11,0.6613073002785447,0.6295596734741588,1970
Kırklareli,1970,12,0.05875347724676982,0.10962669197079905,1970
Kırklareli,1971,1,-0.3773095801401832,-0.58303631360145,1970
Kırklareli,1971,2,-0.42257711073884213,-0.5535122583243232,1970
Kırklareli,1971,3,0.025609744803619997,0.04647373970585399,1970
Kırklareli,1971,4,-0.2929881725888423,-0.1200340611286214,1970
Kırklareli,1971,5,-0.20250519290582547,-0.18702208489534114,1970
Kırklareli,1971,6,0.0463850464540576,-0.052241294568651474,1970
Kırklareli,1971,7,0.5121248383845259,0.39330060472603695,1970
Kırklareli,1971,8,0.393293037584061,0.2545198963321584,1970
Kırklareli,1971,9,0.8519520587062269,0.5246547537001678,1970
Kırklareli,1971,10,0.5952385540317927,0.7054655950736726,1970
Kırklareli,1971,11,0.8392738743237962,0.9822439901097938,1970
Kırklareli,1971,12,0.9165871752717746,1.1020977499203328,1970
Kırklareli,1972,1,0.535580598886684,0.8502633393369003,1970
Kırklareli,1972,2,-0.030140411728769606,0.29630121821192307,1970
Kırklareli,1972,3,-0.8817740254477836,-0.7604040357281527,1970
Kırklareli,1972,4,-0.6204291145869018,-0.6137607600663849,1970
Kırklareli,1972,5,-0.3343688786958256,-0.14759611082737853,1970
Kırklareli,1972,6,-0.6391162734742145,-0.7845585545024601,1970
Kırklareli,1972,7,-0.8850983112341604,-0.8406365193903722,1970
Kırklareli,1972,8,-0.34429233844631413,-0.36449936304992353,1970
Kırklareli,1972,9,-0.10168916657619195,-0.16701584157068897,1970
Kırklareli,1972,10,0.8910135432718183,0.8399449255659334,1970
Kırklareli,1972,11,0.12027937891721903,-0.022280506937879464,1970
Kırklareli,1972,12,-0.10196289996581948,-0.145511768846669,1970
Kırklareli,1973,1,0.297373219169129,0.2780083542562436,1970
Kırklareli,1973,2,1.0472654097011012,0.9880865253872376,1970
Kırklareli,1973,3,1.4507730274231576,1.3616836041978346,1970
Kırklareli,1973,4,1.4362574700721382,1.3907159818984938,1970
Kırklareli,1973,5,1.0841141713143052,0.6478205774848556,1970
Kırklareli,1973,6,1.1010597414476029,1.2723753448319375,1970
Kırklareli,1973,7,1.259439264189329,0.8269261565691693,1970
Kırklareli,1973,8,0.863124021398471,0.6485757477536322,1970
Kırklareli,1973,9,0.505326902403715,0.39766955724841346,1970
Kırklareli,1973,10,0.28579440912898496,0.38401907852029155,1970
Kırklareli,1973,11,0.18458051286508612,0.3608844213791747,1970
Kırklareli,1973,12,0.9441290741206074,1.1459747063878765,1970
Kırklareli,1974,1,0.5722752899907694,0.8290125270486316,1970
Kırklareli,1974,2,0.1277057149219319,0.4039026669883194,1970
Kırklareli,1974,3,-0.09065007063776545,0.046760570515489576,1970
Kırklareli,1974,4,0.04322392397215975,0.3078038726935232,1970
Kırklareli,1974,5,0.39934731555785463,0.465167311369997,1970
Kırklareli,1974,6,0.6463027047560218,0.951951743936002,1970
Kırklareli,1974,7,0.26148784983065604,0.37743695603292365,1970
Kırklareli,1974,8,0.27107375904803915,0.31497326929501046,1970
Kırklareli,1974,9,0.12628287997736518,0.23970657306497645,1970
Kırklareli,1974,10,-0.5075051772564717,-0.4423713419158799,1970
Kırklareli,1974,11,0.24668090150470423,0.3718198363676364,1970
Kırklareli,1974,12,-0.2217531863539186,-0.00917271464735249,1970
Kırklareli,1975,1,0.11571793607874793,0.29162524768100007,1970
Kırklareli,1975,2,-0.22088905514494758,0.006552891027512603,1970
Kırklareli,1975,3,-0.02498299689387654,0.05044165459410576,1970
Kırklareli,1975,4,-0.05426876134997552,-0.1990668721429323,1970
Kırklareli,1975,5,0.03709834001151185,-0.13210783337769777,1970
Kırklareli,1975,6,0.21862139701513858,-0.06495723412358846,1970
Kırklareli,1975,7,0.35674789391569384,0.029263913440096077,1970
Kırklareli,1975,8,0.667838391638231,0.22718656149639238,1970
Kırklareli,1975,9,0.4735114228457922,0.056524607607586576,1970
Kırklareli,1975,10,1.2723987501711145,1.1936138557335503,1970
Kırklareli,1975,11,0.9390503157766941,0.8948703235481005,1970
Kırklareli,1975,12,1.0518299612296003,1.072054443442312,1970
Kırklareli,1976,1,0.9744711319401895,0.972996516213225,1970
Kırklareli,1976,2,1.0303120870982547,1.0316908400806015,1970
Kırklareli,1976,3,0.6425198060883,0.7778233199860031,1970
Kırklareli,1976,4,0.5336216762626774,0.6824074599982384,1970
Kırklareli,1976,5,0.13934914037402216,0.16883932959833714,1970
Kırklareli,1976,6,0.06541772982908642,0.26059151956334403,1970
Kırklareli,1976,7,0.18628115644724114,0.2896505589010916,1970
Kırklareli,1976,8,0.6355304822215843,0.5913225116876223,1970
Kırklareli,1976,9,0.786814244330182,0.7281933561268021,1970
Kırklareli,1976,10,-0.046644011027966815,0.541894546634521,1970
Kırklareli,1976,11,-0.10587517278039334,0.3018941747738554,1970
Kırklareli,1976,12,0.31454412939825205,0.7887271400154942,1970
Kırklareli,1977,1,0.5853400518247758,1.0262158180954302,1970
Kırklareli,1977,2,1.2074971458134054,1.3824576720265522,1970
Kırklareli,1977,3,1.2997105678373753,1.4060496304394308,1970
Kırklareli,1977,4,1.4152243426964026,1.4838985637729438,1970
Kırklareli,1977,5,1.3248864242113383,0.8418260180202615,1970
Kırklareli,1977,6,1.5960879970058883,1.6375914888754255,1970
Kırklareli,1977,7,1.561725134709374,0.9087993060536229,1970
Kırklareli,1977,8,0.8232809798248256,0.37498439093115815,1970
Kırklareli,1977,9,1.1359353347769459,0.5555150557471388,1970
Kırklareli,1977,10,0.9286935180268047,0.939276128640054,1970
Kırklareli,1977,11,0.9368639237006101,0.9439444380905588,1970
Kırklareli,1977,12,0.43823961619921503,0.5820922110712485,1970
Kırklareli,1978,1,0.17276876977249853,0.2493398427999549,1970
Kırklareli,1978,2,0.06112653632377005,0.23438678806138175,1970
Kırklareli,1978,3,0.583872253473723,0.7141732355274046,1970
Kırklareli,1978,4,0.9376853947645997,1.0438605677749448,1970
Kırklareli,1978,5,1.0287391344490948,0.6876182307898131,1970
Kırklareli,1978,6,0.29802048954534044,0.40402010959519363,1970
Kırklareli,1978,7,0.07956905485364126,0.12533445018916908,1970
Kırklareli,1978,8,0.12961998653887574,0.18997923923628118,1970
Kırklareli,1978,9,0.04833036813043745,0.15617138168576059,1970
Kırklareli,1978,10,0.14581645177023053,0.24743923623014855,1970
Kırklareli,1978,11,-0.34957321773256267,-0.17626388425743578,1970
Kırklareli,1978,12,-0.31701103904124583,-0.08165663334339278,1970
Kırklareli,1979,1,0.3450524421752748,0.6216875953911055,1970
Kırklareli,1979,2,0.6502117698250224,0.9546417156445505,1970
Kırklareli,1979,3,-0.05040098734520971,0.15894377749566063,1970
Kırklareli,1979,4,-0.2600581801466857,-0.03165346463419219,1970
Kırklareli,1979,5,-0.1894506780860722,-0.045309130383233136,1970
Kırklareli,1979,6,-0.1821664031787298,-0.262832494664281,1970
Kırklareli,1979,7,0.6896649789365435,0.4884938466820082,1970
Kırklareli,1979,8,0.9929035365020366,0.5976162243150023,1970
Kırklareli,1979,9,0.6143986367071143,0.3246198070276903,1970
Kırklareli,1979,10,1.0726278572480916,1.1889937057787061,1970
Kırklareli,1979,11,1.8146561051658165,1.7703437364035897,1970
Kırklareli,1979,12,1.9634932701955805,1.7335077982796265,1970
Kırklareli,1980,1,1.8414814125350705,1.7048264883691846,1980
Kırklareli,1980,2,1.24067830508949,1.3069518038603611,1980
Kırklareli,1980,3,1.4352086196772202,1.533962296082821,1980
Kırklareli,1980,4,1.44129812705313,1.500862001574922,1980
Kırklareli,1980,5,1.6151429184989499,1.0063194045970343,1980
Kırklareli,1980,6,1.8141632654262523,2.0137284273242395,1980
Kırklareli,1980,7,1.1119843608271043,0.806290049971997,1980
Kırklareli,1980,8,0.9553334603568885,0.7027728696895319,1980
Kırklareli,1980,9,1.0522623914525282,0.7791056615325327,1980
Kırklareli,1980,10,0.4964376148726309,0.8034392052982776,1980
Kırklareli,1980,11,-0.5536204536062808,-0.4299695001074212,1980
Kırklareli,1980,12,0.410315309968136,0.7377187207678894,1980
Kırklareli,1981,1,0.5748899396762258,0.8749846531988664,1980
Kırklareli,1981,2,0.8285237802161862,1.0910545111386236,1980
Kırklareli,1981,3,1.0881830034682938,1.2027797015346584,1980
Kırklareli,1981,4,0.9118654798897603,0.9694873050414863,1980
Kırklareli,1981,5,0.8756613329167026,0.6003716919922623,1980
Kırklareli,1981,6,0.5083581202561018,0.4235223479053635,1980
Kırklareli,1981,7,0.6140549184106376,0.3642781370144407,1980
Kırklareli,1981,8,0.5066923314232912,0.25957294917340434,1980
Kırklareli,1981,9,0.41990409072197205,0.17086745456280886,1980
Kırklareli,1981,10,0.7305576405978292,0.661699341560536,1980
Kırklareli,1981,11,1.205994024683653,1.2943294953191766,1980
Kırklareli,1981,12,1.288340455234305,1.3277014044735322,1980
Kırklareli,1982,1,0.7396381112752735,0.8475199208238554,1980
Kırklareli,1982,2,0.8398138488536685,0.9725396165891604,1980
Kırklareli,1982,3,0.6425198060883,0.8688057477572806,1980
Kırklareli,1982,4,0.9598825497685008,1.1697862532595331,1980
Kırklareli,1982,5,0.5602752463704852,0.4117704600416788,1980
Kırklareli,1982,6,0.7454942558679204,0.961001700386259,1980
Kırklareli,1982,7,0.7859761987693873,0.6146020753901429,1980
Kırklareli,1982,8,0.6788609537510356,0.5129852461291152,1980
Kırklareli,1982,9,0.6321487648142144,0.435191790085343,1980
Kırklareli,1982,10,0.6079609421193626,0.8804363185822692,1980
Kırklareli,1982,11,0.194295346109181,0.3379118613566389,1980
Kırklareli,1982,12,-0.4190588730177474,-0.23585771683651918,1980
Kırklareli,1983,1,-0.6268486452478449,-0.5796940358377386,1980
Kırklareli,1983,2,-0.6717028102553897,-0.6593652950592034,1980
Kırklareli,1983,3,-0.979576659714527,-1.12994801295511,1980
Kırklareli,1983,4,-1.6714062195164703,-2.0529678013691615,1980
Kırklareli,1983,5,-1.7634553741440857,-2.028048391476332,1980
Kırklareli,1983,6,-0.7781846052654559,-1.0147178600765907,1980
Kırklareli,1983,7,-0.687798247190521,-0.7080030274199158,1980
Kırklareli,1983,8,-0.7345589612516251,-0.6723270113291828,1980
Kırklareli,1983,9,-0.4765293229741958,-0.392487814512997,1980
Kırklareli,1983,10,-0.8326127954555819,-0.9607042336768503,1980
Kırklareli,1983,11,-0.9620795253432132,-1.0186180319468667,1980
Kırklareli,1983,12,-1.5091762273846225,-1.755026394111708,1980
Kırklareli,1984,1,-0.9148699633046772,-1.0397280885731819,1980
Kırklareli,1984,2,-0.8525867504515755,-0.9877578975193381,1980
Kırklareli,1984,3,0.2550507307328984,0.459224476421777,1980
Kırklareli,1984,4,0.7462211047071577,1.0977450985629864,1980
Kırklareli,1984,5,0.7022069508729554,0.6318658917816468,1980
Kırklareli,1984,6,-0.21500255639541985,0.049104991610670196,1980
Kırklareli,1984,7,-0.3737134449629958,0.009458371723703037,1980
Kırklareli,1984,8,-0.07688125553497491,0.18171734115988197,1980
Kırklareli,1984,9,-0.3234966087902113,-0.022810585182541105,1980
Kırklareli,1984,10,-0.6465012567391737,-0.6445009557840816,1980
Kırklareli,1984,11,0.08913337881257057,0.14448158061909613,1980
Kırklareli,1984,12,-0.13041629582829484,0.06488341256821467,1980
Kırklareli,1985,1,-0.3507497069883233,-0.2079780757457386,1980
Kırklareli,1985,2,-0.11661950955790809,0.1703416209187783,1980
Kırklareli,1985,3,-1.1598896196788653,-1.079311126203704,1980
Kırklareli,1985,4,-1.1630166984778842,-1.2034784805358956,1980
Kırklareli,1985,5,-1.23857293790162,-1.0237829426386627,1980
Kırklareli,1985,6,-0.8528912140006928,-0.9624097547199313,1980
Kırklareli,1985,7,-0.8712792266468335,-0.636254861431105,1980
Kırklareli,1985,8,-1.198910352683566,-1.0613422928316691,1980
Kırklareli,1985,9,-1.154349038077633,-0.8833059991276764,1980
Kırklareli,1985,10,-1.1156861035016195,-1.044763401903743,1980
Kırklareli,1985,11,-0.8320956618280281,-0.7995621445518609,1980
Kırklareli,1985,12,-0.8767818989772536,-0.9374513923346071,1980
Kırklareli,1986,1,-0.8757235499957621,-1.0484422659144237,1980
Kırklareli,1986,2,-0.7552094845717873,-0.9832065385035057,1980
Kırklareli,1986,3,-0.8970729953395743,-1.1768387884596354,1980
Kırklareli,1986,4,-1.3847086328808533,-1.7616565362218701,1980
Kırklareli,1986,5,-1.1759752487740105,-0.9549471968408888,1980
Kırklareli,1986,6,-1.2522856622738683,-1.4750828932180764,1980
Kırklareli,1986,7,-1.2958467246220158,-1.1655753921939396,1980
Kırklareli,1986,8,-1.270414227467696,-1.1589265716366266,1980
Kırklareli,1986,9,-1.288430346444167,-1.1884593398807204,1980
Kırklareli,1986,10,-1.022353114108788,-1.4903851868333633,1980
Kırklareli,1986,11,-1.7956956190580395,-2.0254005126976926,1980
Kırklareli,1986,12,-0.9088136390563564,-1.1779649681007665,1980
Kırklareli,1987,1,-1.4871626342058741,-1.8797290428906777,1980
Kırklareli,1987,2,-1.9110596396525654,-2.5424807294802063,1980
Kırklareli,1987,3,-1.4503157355882186,-1.6123963825183425,1980
Kırklareli,1987,4,-0.9130644380463614,-0.6242009044331418,1980
Kırklareli,1987,5,-0.4214025952174557,-0.05605534085614672,1980
Kırklareli,1987,6,-0.4277870960255588,-0.14860239501489195,1980
Kırklareli,1987,7,-0.5260393250984857,-0.27089771936650875,1980
Kırklareli,1987,8,-0.09934724030395,0.13428285234925288,1980
Kırklareli,1987,9,-0.09704193464049288,0.11126647863525174,1980
Kırklareli,1987,10,-0.29548103861322533,-0.0028368831678161487,1980
Kırklareli,1987,11,0.4476848914838609,0.6785045151721344,1980
Kırklareli,1987,12,0.39911489458553046,0.7046435385685202,1980
Kırklareli,1988,1,0.027478239549577278,0.2015896053677976,1980
Kırklareli,1988,2,0.24989024330599144,0.4972103997109012,1980
Kırklareli,1988,3,0.44232237300758304,0.49287663805084614,1980
Kırklareli,1988,4,0.009532752997047022,-0.03571192141929978,1980
Kırklareli,1988,5,0.15003085110996808,0.031723520862154984,1980
Kırklareli,1988,6,0.6109918643514965,0.5662836531249463,1980
Kırklareli,1988,7,0.6410776068902001,0.3480533714902452,1980
Kırklareli,1988,8,0.5791011887321795,0.18453786124075608,1980
Kırklareli,1988,9,0.6683695229050962,0.2842585439422331,1980
Kırklareli,1988,10,0.45399682653101464,0.23733451066165315,1980
Kırklareli,1988,11,0.6073547460477724,0.668798293723052,1980
Kırklareli,1988,12,0.5902991093773974,0.7511264672860364,1980
Kırklareli,1989,1,0.4846292963543902,0.6835643090794914,1980
Kırklareli,1989,2,0.06017132673939519,0.18998943596777276,1980
Kırklareli,1989,3,-0.18869422948553413,-0.26391633981253565,1980
Kırklareli,1989,4,-0.2497955338826106,-0.6394194582463774,1980
Kırklareli,1989,5,-0.5554634551231004,-0.6271410674355414,1980
Kırklareli,1989,6,-0.3901168934182668,-0.6053801210904866,1980
Kırklareli,1989,7,-0.49673363334277726,-0.2652370315771465,1980
Kırklareli,1989,8,-0.611810778869497,-0.3325886519615374,1980
Kırklareli,1989,9,-0.6539548291155717,-0.3274771201278569,1980
Kırklareli,1989,10,-0.38534577299857037,-0.32277672443681316,1980
Kırklareli,1989,11,-0.9746482155729013,-1.0319419426850187,1980
Kırklareli,1989,12,-1.3398861801354338,-1.6041942067908208,1980
Kırklareli,1990,1,-1.542682424058655,-1.8587919669380382,1990
Kırklareli,1990,2,-1.3243884488339788,-1.6041815619933268,1990
Kırklareli,1990,3,-1.7655531976865226,-1.9986027678027585,1990
Kırklareli,1990,4,-1.0256428636343078,-0.8464870869634793,1990
Kırklareli,1990,5,-0.7352818680705895,-0.3785297814742093,1990
Kırklareli,1990,6,-1.6388913974768704,-1.6072395547332343,1990
Kırklareli,1990,7,-1.4038753951112706,-1.0767874732366667,1990
Kırklareli,1990,8,-1.6002416591332613,-1.1296623462035,1990
Kırklareli,1990,9,-1.1241963785178744,-0.6834459433906624,1990
Kırklareli,1990,10,-0.9301870980797879,-0.9176883643653468,1990
Kırklareli,1990,11,-0.9736804848438898,-1.118623073119264,1990
Kırklareli,1990,12,-0.46068552780353506,-0.5416306616219491,1990
Kırklareli,1991,1,-0.4825090561525714,-0.6653531612242621,1990
Kırklareli,1991,2,-0.400240173094262,-0.4527759956500909,1990
Kırklareli,1991,3,-0.2879834285076322,-0.17250601606475707,1990
Kırklareli,1991,4,-0.7527516012240566,-0.5832608255463729,1990
Kırklareli,1991,5,-0.17827981805163837,0.07225505979913496,1990
Kırklareli,1991,6,-0.4646833714138245,-0.30765385677697765,1990
Kırklareli,1991,7,-0.2653923895444889,-0.03733499967326266,1990
Kırklareli,1991,8,-0.24610035574746617,-0.04878742223719466,1990
Kırklareli,1991,9,-0.5751023790341376,-0.3288781208075574,1990
Kırklareli,1991,10,-0.7116018425620502,-0.7847423827886656,1990
Kırklareli,1991,11,-0.19182491957308398,-0.08112802072224809,1990
Kırklareli,1991,12,-0.9244028321348352,-0.7156529216929979,1990
Kırklareli,1992,1,-1.187408074040452,-1.0626330728073698,1990
Kırklareli,1992,2,-1.397236685669566,-1.2802835165823585,1990
Kırklareli,1992,3,-0.9618980873993591,-0.7441007213043936,1990
Kırklareli,1992,4,-0.9533984793926058,-0.7535985366189685,1990
Kırklareli,1992,5,-1.6411268866199842,-1.211957478366687,1990
Kırklareli,1992,6,-0.522351287542633,-0.39231020350407914,1990
Kırklareli,1992,7,-0.7994266777797563,-0.2967716878847541,1990
Kırklareli,1992,8,-0.8117261484631547,-0.44203716487808925,1990
Kırklareli,1992,9,-0.9565136691121235,-0.47746623876879635,1990
Kırklareli,1992,10,-1.1009890438394525,-1.040111551056689,1990
Kırklareli,1992,11,-1.0086147968152108,-0.9133523911014098,1990
Kırklareli,1992,12,-0.9950359584306784,-0.9316219024091612,1990
Kırklareli,1993,1,-1.0552295422504405,-1.0255389283874332,1990
Kırklareli,1993,2,-0.9142468274380874,-0.8071873005622988,1990
Kırklareli,1993,3,-1.2374143650176732,-1.1190843321106796,1990
Kırklareli,1993,4,-1.51934159512646,-1.3100075026082179,1990
Kırklareli,1993,5,0.0416127911630369,0.18160873103552508,1990
Kırklareli,1993,6,-0.5943588580868969,-0.4238942982688339,1990
Kırklareli,1993,7,-0.7178826617479427,-0.36261914542037826,1990
Kırklareli,1993,8,-0.4812552738097859,-0.13092586008838702,1990
Kırklareli,1993,9,-0.4433221207410078,-0.1574966663596713,1990
Kırklareli,1993,10,-1.0011532504638798,-0.9147105776774143,1990
Kırklareli,1993,11,-1.237653168905319,-1.0862905364109854,1990
Kırklareli,1993,12,-0.9812393811894203,-0.9700712270036066,1990
Kırklareli,1994,1,-1.0465776091746255,-1.1981798091157079,1990
Kırklareli,1994,2,-1.1158246831074314,-1.3577378849881447,1990
Kırklareli,1994,3,-1.2880265407503633,-1.5741594051797405,1990
Kırklareli,1994,4,-1.0256428636343067,-1.2961135289878947,1990
Kırklareli,1994,5,-2.594878534462243,-4.75,1990
Kırklareli,1994,6,-2.876775249981277,-2.822921083003214,1990
Kırklareli,1994,7,-2.9366345926500492,-4.75,1990
Kırklareli,1994,8,-3.1841529258544283,-4.75,1990
Kırklareli,1994,9,-3.1946972769200306,-4.75,1990
Kırklareli,1994,10,-2.5185929705485464,-2.737171252979399,1990
Kırklareli,1994,11,-1.770189013771759,-2.4250141265208027,1990
Kırklareli,1994,12,-1.3284202311816076,-2.6300972474380866,1990
Kırklareli,1995,1,-0.5922718330063678,-1.4567496407612024,1990
Kırklareli,1995,2,-0.2935256726903609,-1.1916707496707102,1990
Kırklareli,1995,3,0.17929628682677656,-0.5201883001316908,1990
Kırklareli,1995,4,0.22220884512767736,-0.29984983103804586,1990
Kırklareli,1995,5,0.2560155474095206,-0.09875669209627795,1990
Kırklareli,1995,6,0.47241283956009644,-0.13466938931293287,1990
Kırklareli,1995,7,0.7996425551931152,0.2039297195026805,1990
Kırklareli,1995,8,0.9323793658181926,0.351643861963962,1990
Kırklareli,1995,9,1.244619461698675,0.6623515102201337,1990
Kırklareli,1995,10,0.7965245639590138,0.879335930024493,1990
Kırklareli,1995,11,1.218638333118474,1.302855315366383,1990
Kırklareli,1995,12,0.8971723463620302,1.0105545931559496,1990
Kırklareli,1996,1,0.2303150133936958,0.3458038370989937,1990
Kırklareli,1996,2,0.6048043945028616,0.8544879542578988,1990
Kırklareli,1996,3,0.3794465339384021,0.7521009872494934,1990
Kırklareli,1996,4,0.4634314367531547,0.8390768522358675,1990
Kırklareli,1996,5,0.38815248792964485,0.33145560885349123,1990
Kırklareli,1996,6,-0.05411516132931231,0.06184436107529491,1990
Kırklareli,1996,7,-0.6105668793742146,-0.4044689956673482,1990
Kırklareli,1996,8,-0.5997520407035526,-0.43030561726986555,1990
Kırklareli,1996,9,-0.6629941622765987,-0.4026116677874903,1990
Kırklareli,1996,10,-0.8938586891430762,-0.9309401465983678,1990
Kırklareli,1996,11,-1.2497910167642172,-1.4210559232014477,1990
Kırklareli,1996,12,-1.043564974014974,-1.3921855908493863,1990
Kırklareli,1997,1,-1.305298688618345,-1.8567202625161443,1990
Kırklareli,1997,2,-1.8960418539728845,-2.794697599575046,1990
Kırklareli,1997,3,-1.5000934595252764,-2.155939093112562,1990
Kırklareli,1997,4,-1.3561816671116815,-1.7551343989056414,1990
Kırklareli,1997,5,-0.8941125299722418,-0.809940283820936,1990
Kırklareli,1997,6,-0.7598870317399657,-0.9824790348862561,1990
Kırklareli,1997,7,-0.37272159496895174,-0.2681322171400747,1990
Kırklareli,1997,8,0.07577528675352573,0.1307668892177822,1990
Kırklareli,1997,9,-0.2510239001231125,-0.04895910404240818,1990
Kırklareli,1997,10,0.5322509480982585,0.8097925583212099,1990
Kırklareli,1997,11,0.32333286482764867,0.5652914212590174,1990
Kırklareli,1997,12,0.6832562103532458,1.0167183007351297,1990
Kırklareli,1998,1,0.9611831781704738,1.2497933895072886,1990
Kırklareli,1998,2,1.1399110684008766,1.3655758290463664,1990
Kırklareli,1998,3,0.9323689388279122,1.2283034996718505,1990
Kırklareli,1998,4,0.5800925249049529,0.6863648730939508,1990
Kırklareli,1998,5,0.8261433563499001,0.6157613212810958,1990
Kırklareli,1998,6,1.2898002868175333,1.4662767121961469,1990
Kırklareli,1998,7,1.116092588236984,0.7387700400060585,1990
Kırklareli,1998,8,0.8854494584507446,0.4624813440469733,1990
Kırklareli,1998,9,1.590947235192511,0.7961399734586175,1990
Kırklareli,1998,10,2.058149579172856,1.9193284462554285,1990
Kırklareli,1998,11,1.998394491958532,1.8196630660926534,1990
Kırklareli,1998,12,1.9412951305523891,1.689171699471633,1990
Kırklareli,1999,1,2.3695071949107964,1.968469508688659,1990
Kırklareli,1999,2,2.501658088710857,2.0498229288942147,1990
Kırklareli,1999,3,2.5052711134210464,2.0545955741271276,1990
Kırklareli,1999,4,2.6920379193603403,2.1150077452672207,1990
Kırklareli,1999,5,2.49051741630411,1.226412688271611,1990
Kırklareli,1999,6,2.4596494198492835,2.1359197086636934,1990
Kırklareli,1999,7,2.6937407248535346,1.2934062135353839,1990
Kırklareli,1999,8,2.4656089467183087,1.1790197756068916,1990
Kırklareli,1999,9,1.904150307555905,0.9042939383742248,1990
Kırklareli,1999,10,1.1120934104747935,0.901053863386238,1990
Kırklareli,1999,11,0.9317598162379411,0.7597981936490469,1990
Kırklareli,1999,12,0.7354106532047785,0.5319331987691693,1990
Kırklareli,2000,1,0.29015122438429025,-0.040370147474102655,2000
Kırklareli,2000,2,0.2536202492892061,-0.14549182646573958,2000
Kırklareli,2000,3,0.13062826219127013,-0.2802872873391858,2000
Kırklareli,2000,4,0.18827784600675848,-0.28875345224729454,2000
Kırklareli,2000,5,-0.14209302275562122,-0.46803097063420457,2000
Kırklareli,2000,6,-0.7446757942873653,-1.3340711935182563,2000
Kırklareli,2000,7,-0.8989442209749086,-1.2120448337691996,2000
Kırklareli,2000,8,-0.7120825088782181,-0.9246945065881004,2000
Kırklareli,2000,9,-0.7215281268646953,-0.8422422642821695,2000
Kırklareli,2000,10,-0.9368113826710307,-1.408960691806715,2000
Kırklareli,2000,11,-1.4088251100696159,-1.9510309593156014,2000
Kırklareli,2000,12,-1.8254932059882782,-3.3415616605547585,2000
Kırklareli,2001,1,-2.2453475097324245,-4.130597067604729,2000
Kırklareli,2001,2,-2.5569010875543325,-4.75,2000
Kırklareli,2001,3,-2.791949525532454,-4.650406818680573,2000
Kırklareli,2001,4,-2.8725780203282896,-4.022231055122598,2000
Kırklareli,2001,5,-2.859939039226415,-4.75,2000
Kırklareli,2001,6,-2.926681486451619,-3.2513966900887814,2000
Kırklareli,2001,7,-3.2095314469680387,-4.75,2000
Kırklareli,2001,8,-3.5114472758495707,-4.75,2000
Kırklareli,2001,9,-2.956149251841323,-4.690994162305928,2000
Kırklareli,2001,10,-3.397703405990356,-3.3230973023378976,2000
Kırklareli,2001,11,-2.588870113867794,-3.1402393786251106,2000
Kırklareli,2001,12,-2.105146123106945,-4.75,2000
Kırklareli,2002,1,-2.4596913859880836,-4.75,2000
Kırklareli,2002,2,-2.3984206059179063,-4.75,2000
Kırklareli,2002,3,-2.116733377235741,-3.3339254238672895,2000
Kırklareli,2002,4,-2.530731858127072,-3.49676868017196,2000
Kırklareli,2002,5,-2.10559409797838,-4.114026015948019,2000
Kırklareli,2002,6,-1.9912204590966052,-2.6053075208222793,2000
Kırklareli,2002,7,-1.5557059883778552,-1.9479870813301612,2000
Kırklareli,2002,8,-1.2076701849625597,-1.221480950149364,2000
Kırklareli,2002,9,-0.06459285616080546,-0.2063534272925543,2000
Kırklareli,2002,10,0.3309860030039853,0.13676037514605113,2000
Kırklareli,2002,11,0.5890249237560671,0.4002930848925503,2000
Kırklareli,2002,12,0.38549065740298616,0.24863042147623712,2000
Kırklareli,2003,1,1.3549014107515975,1.1244487668399485,2000
Kırklareli,2003,2,1.5609243845120364,1.4056788765241657,2000
Kırklareli,2003,3,1.230330319675988,1.2494663778080461,2000
Kırklareli,2003,4,1.765519537189179,1.640896911838892,2000
Kırklareli,2003,5,1.8454983805418597,0.9736795765197683,2000
Kırklareli,2003,6,1.8388597104998154,1.6346872184843293,2000
Kırklareli,2003,7,1.7560144025218503,0.9366923735245776,2000
Kırklareli,2003,8,1.5146899827984628,0.6993422909995222,2000
Kırklareli,2003,9,0.3396640593222473,0.014683505309786573,2000
Kırklareli,2003,10,0.7126401771953671,0.4368940711182566,2000
Kırklareli,2003,11,0.060319953920894114,-0.18275745099719784,2000
Kırklareli,2003,12,0.12067139263155234,-0.017677834724015302,2000
Kırklareli,2004,1,-0.3980329140843828,-0.725128373377224,2000
Kırklareli,2004,2,-0.8085537567905088,-1.3955498430479691,2000
Kırklareli,2004,3,-0.5060280399501331,-1.147350318440688,2000
Kırklareli,2004,4,-1.1757375935832797,-2.0108805932428733,2000
Kırklareli,2004,5,-1.2331531879867668,-1.3380051213844508,2000
Kırklareli,2004,6,-0.22158758999603043,-0.3866947033625277,2000
Kırklareli,2004,7,-0.2987062658020901,-0.18102806338214242,2000
Kırklareli,2004,8,0.3801015296112772,0.35444213314006723,2000
Kırklareli,2004,9,0.23283392320275334,0.21684550390654875,2000
Kırklareli,2004,10,-0.6178635520792405,-0.6950481208593101,2000
Kırklareli,2004,11,-0.32680517634327033,-0.36542603631829434,2000
Kırklareli,2004,12,-0.1676718604697162,-0.09412199287572674,2000
Kırklareli,2005,1,-0.23673383830433878,-0.2970715663108792,2000
Kırklareli,2005,2,0.6003391864607376,0.7164513196271547,2000
Kırklareli,2005,3,0.48641720206171213,0.6110665498751485,2000
Kırklareli,2005,4,0.5018746534423913,0.5810974709037856,2000
Kırklareli,2005,5,0.6980693123806424,0.38690285095310845,2000
Kırklareli,2005,6,-0.20748409230244008,-0.37572723149550163,2000
Kırklareli,2005,7,0.08330556131339092,-0.08655149762980344,2000
Kırklareli,2005,8,-0.27484414512334315,-0.41595779046902487,2000
Kırklareli,2005,9,0.13079021192890203,-0.1145711345591678,2000
Kırklareli,2005,10,0.3168903956076642,0.13262754661739387,2000
Kırklareli,2005,11,1.0876576922710977,1.1061009288342083,2000
Kırklareli,2005,12,1.7387230085032248,1.5959328084785385,2000
Kırklareli,2006,1,1.4965033712949243,1.4864689734774237,2000
Kırklareli,2006,2,1.0608037977676643,1.138284867690176,2000
Kırklareli,2006,3,1.9552369925336066,1.768818822100799,2000
Kırklareli,2006,4,2.0150367616142226,1.7344754374873097,2000
Kırklareli,2006,5,1.5476218869021394,0.8742013119308385,2000
Kırklareli,2006,6,1.9441122497445285,1.797826540874714,2000
Kırklareli,2006,7,2.105156386330455,1.1379986487021245,2000
Kırklareli,2006,8,1.9380000311951113,0.9990518330786041,2000
Kırklareli,2006,9,2.2015486062157046,1.1209310205431964,2000
Kırklareli,2006,10,2.248872558531027,2.2066791064629996,2000
Kırklareli,2006,11,1.2634252823484964,1.2485904532533016,2000
Kırklareli,2006,12,0.3967125120309595,0.46712987185835586,2000
Kırklareli,2007,1,0.7618083278436218,0.6872022207991436,2000
Kırklareli,2007,2,0.797179229297427,0.6812829925900189,2000
Kırklareli,2007,3,-0.015228533518280199,-0.31771301169069205,2000
Kırklareli,2007,4,-0.11958808816123882,-0.2690491114103946,2000
Kırklareli,2007,5,0.5484698036969117,0.244502139808067,2000
Kırklareli,2007,6,0.22216799682238325,-0.20237798334046952,2000
Kırklareli,2007,7,-0.527051951677651,-0.9684206711071961,2000
Kırklareli,2007,8,-0.36564489291042385,-0.7676276981548819,2000
Kırklareli,2007,9,-0.7012888240238487,-0.9777093647626309,2000
Kırklareli,2007,10,-0.44307880201391037,-1.2190975123019931,2000
Kırklareli,2007,11,0.15372604214378638,-0.41484565924399197,2000
Kırklareli,2007,12,0.4294751734227122,0.09255069190895658,2000
Kırklareli,2008,1,-0.03160079428510458,-0.5373833011767402,2000
Kırklareli,2008,2,-0.31454911382354045,-0.9068054731089715,2000
Kırklareli,2008,3,-0.2758806751154,-0.9552862468099452,2000
Kırklareli,2008,4,0.176612041561647,-0.469023293317278,2000
Kırklareli,2008,5,-0.5348974735308111,-0.8257209049219254,2000
Kırklareli,2008,6,-0.2915685603715859,-0.776958799192175,2000
Kırklareli,2008,7,-0.2069610791365057,-0.2992504189419678,2000
Kırklareli,2008,8,-0.04330849648292638,-0.1856314529174856,2000
Kırklareli,2008,9,0.2541427822800755,0.02773705373228533,2000
Kırklareli,2008,10,-0.23983648612520816,-0.5594504671676288,2000
Kırklareli,2008,11,-0.8929264061804878,-1.2844059533881844,2000
Kırklareli,2008,12,-1.0684708534556433,-1.8027906337092376,2000
Kırklareli,2009,1,-0.573020442503998,-1.2146247080200245,2000
Kırklareli,2009,2,0.5420694791934133,0.27323502203280275,2000
Kırklareli,2009,3,0.6091864987099301,0.4424753079012634,2000
Kırklareli,2009,4,0.36416714912763926,0.23126105901072633,2000
Kırklareli,2009,5,0.5569041090606927,0.2261053494550615,2000
Kırklareli,2009,6,0.327800789860796,0.05776640892483661,2000
Kırklareli,2009,7,1.0094492311325036,0.4629510318964377,2000
Kırklareli,2009,8,0.5507343768119366,0.21407548978060648,2000
Kırklareli,2009,9,1.0217672638099877,0.47909499028252345,2000
Kırklareli,2009,10,1.7054658092014567,1.5827566854798145,2000
Kırklareli,2009,11,1.5717987221303429,1.4222273374404506,2000
Kırklareli,2009,12,2.0555561323759632,1.6781659661538582,2000
Kırklareli,2010,1,1.981398468829897,1.6566450773316586,2010
Kırklareli,2010,2,2.3066247568923997,1.8370833406985076,2010
Kırklareli,2010,3,2.3729646040235326,1.9097897887699604,2010
Kırklareli,2010,4,2.556495448966227,1.9502049936400994,2010
Kırklareli,2010,5,2.1638934657813116,1.0368438739174206,2010
Kırklareli,2010,6,2.219185923412288,1.8778204544743962,2010
Kırklareli,2010,7,1.9632598216777222,0.9605459129628093,2010
Kırklareli,2010,8,1.9270633278374962,0.7739048590420036,2010
Kırklareli,2010,9,1.0153325878520625,0.2001268238361276,2010
Kırklareli,2010,10,0.8584579836692675,0.270398811331614,2010
Kırklareli,2010,11,1.213021256395976,0.7220836639292071,2010
Kırklareli,2010,12,1.0949194110073135,0.7009150101404921,2010
Kırklareli,2011,1,1.0034646362467634,0.4604844549664717,2010
Kırklareli,2011,2,-0.06791779276952825,-0.951967538931302,2010
Kırklareli,2011,3,-0.5738235575024921,-1.616418757391707,2010
Kırklareli,2011,4,-0.6000248285617037,-1.4062541336209538,2010
Kırklareli,2011,5,-0.4852006903841934,-0.8180062538498446,2010
Kırklareli,2011,6,-0.7052814757070082,-1.3580116173904604,2010
Kırklareli,2011,7,-0.8141610770141471,-1.1701388325688753,2010
Kırklareli,2011,8,-0.7110625472945336,-0.6938979506875058,2010
Kırklareli,2011,9,-0.5039926409274172,-0.6006908625531828,2010
Kırklareli,2011,10,0.002394916689815305,-0.4705331563385317,2010
Kırklareli,2011,11,-0.8103783873058953,-1.006208079246981,2010
Kırklareli,2011,12,-0.5548601003174595,-0.6892942243738549,2010
Kırklareli,2012,1,0.24940336474882258,0.3179441625035,2010
Kırklareli,2012,2,0.2293440593638702,0.34156977129901683,2010
Kırklareli,2012,3,0.17834483856163796,0.2550097688305323,2010
Kırklareli,2012,4,0.2906142385742914,0.18985824394537765,2010
Kırklareli,2012,5,1.1766069923628155,0.6490388741388877,2010
Kırklareli,2012,6,1.0931329833512082,0.8710046319760396,2010
Kırklareli,2012,7,0.8320089928635613,0.2707376044872675,2010
Kırklareli,2012,8,0.8573258430008583,0.18691428279667768,2010
Kırklareli,2012,9,0.6355251920798328,0.07689398355682255,2010
Kırklareli,2012,10,0.7135369532054296,-0.10690780840009781,2010
Kırklareli,2012,11,0.969591912881097,0.2709203237898088,2010
Kırklareli,2012,12,1.7561346876306636,1.2275017219485187,2010
Kırklareli,2013,1,1.6396616316630284,1.0119314997884037,2010
Kırklareli,2013,2,2.319117236797251,1.499100274199141,2010
Kırklareli,2013,3,2.6953615751556246,1.7432848282632372,2010
Kırklareli,2013,4,2.5788443066280404,1.5765193483728233,2010
Kırklareli,2013,5,1.707015378154465,0.4388752068944169,2010
Kırklareli,2013,6,2.2759451693796393,1.4609346136405343,2010
Kırklareli,2013,7,2.3817501614827647,0.9779708217947473,2010
Kırklareli,2013,8,2.2557468313568005,0.9010670634323724,2010
Kırklareli,2013,9,2.247603623253499,0.9285954893459627,2010
Kırklareli,2013,10,1.8287501373923765,1.5281931281617676,2010
Kırklareli,2013,11,1.7840524755350562,1.4876825796513438,2010
Kırklareli,2013,12,0.2763586622206551,-0.05766217568518244,2010
Kırklareli,2014,1,0.3171996106648083,-0.207280474455229,2010
Kırklareli,2014,2,-0.4664266570820767,-1.3915344659256128,2010
Kırklareli,2014,3,-0.28697414451038467,-1.1723213621175108,2010
Kırklareli,2014,4,0.1795300469188206,-0.46846264153648803,2010
Kırklareli,2014,5,0.7582621778816129,0.2971097392388691,2010
Kırklareli,2014,6,1.3083603567071278,1.0863115319390153,2010
Kırklareli,2014,7,1.4400291751335792,0.6777375261077593,2010
Kırklareli,2014,8,1.4470747647911626,0.6456661513261039,2010
Kırklareli,2014,9,2.0825177090681892,0.9722542660116424,2010
Kırklareli,2014,10,2.5835345792286,2.314291455790898,2010
Kırklareli,2014,11,2.168718092110452,1.889935236400868,2010
Kırklareli,2014,12,3.0430658317932497,2.164217659981902,2010
Kırklareli,2015,1,2.983666313862165,2.207642949094092,2010
Kırklareli,2015,2,3.509228272892659,2.4446552593700814,2010
Kırklareli,2015,3,3.328723327328487,2.477316520907816,2010
Kırklareli,2015,4,3.392289597804352,2.4874303052911455,2010
Kırklareli,2015,5,2.699874925999871,1.2844541772971554,2010
Kırklareli,2015,6,1.972726614574273,1.7394905757020969,2010
Kırklareli,2015,7,1.9072158411096758,0.9319014777905663,2010
Kırklareli,2015,8,1.9598326238873656,0.9073842312247499,2010
Kırklareli,2015,9,1.3957950769385172,0.5443710160514088,2010
Kırklareli,2015,10,1.1479715606851082,0.6945624311872525,2010
Kırklareli,2015,11,0.7977905039969432,0.29799981997758535,2010
Kırklareli,2015,12,-0.3143465969455277,-1.084914735931485,2010
Kırklareli,2016,1,0.46168321845831384,-0.09723185012836158,2010
Kırklareli,2016,2,0.6181854998339702,-0.046761224713298764,2010
Kırklareli,2016,3,0.4809182475386102,-0.37738650645435107,2010
Kırklareli,2016,4,0.2810138709017156,-0.9548586247091404,2010
Kırklareli,2016,5,0.6648888092081262,-0.0695665838470535,2010
Kırklareli,2016,6,0.30065285911035733,-0.8280646101614748,2010
Kırklareli,2016,7,0.28427371439078175,-0.568367012295871,2010
Kırklareli,2016,8,0.2648222836001822,-0.5354210319889169,2010
Kırklareli,2016,9,0.13979678961801972,-0.5304572132774388,2010
Kırklareli,2016,10,0.08023749309196708,-1.009667787706103,2010
Kırklareli,2016,11,0.13987771617611175,-0.6511995604890822,2010
Kırklareli,2016,12,0.20430027410307153,-0.40943455687515445,2010
Kırklareli,2017,1,-0.3792807476370566,-1.350041181632942,2010
Kırklareli,2017,2,-0.7106963595795829,-1.6972055393589898,2010
Kırklareli,2017,3,-0.6306104881879108,-1.5101236030024072,2010
Kırklareli,2017,4,-0.2713624414945857,-0.7432610364614372,2010
Kırklareli,2017,5,-0.6175264391650716,-0.8636956534843121,2010
Kırklareli,2017,6,-0.5164653190852078,-1.0489597815734661,2010
Kırklareli,2017,7,0.07115529951226096,-0.19414138437848255,2010
Kırklareli,2017,8,0.040891624555572936,-0.24126498792882375,2010
Kırklareli,2017,9,0.21413949304634683,-0.17164623492164408,2010
Kırklareli,2017,10,0.6006933726988261,0.10806907369700702,2010
Kırklareli,2017,11,0.7777048023336358,0.4438339006570364,2010
Kırklareli,2017,12,1.723288701595554,1.3241363226687657,2010
Kırklareli,2018,1,1.8189493333022286,1.3152062505304016,2010
Kırklareli,2018,2,1.9444701675802207,1.400090263023446,2010
Kırklareli,2018,3,3.0888678667567557,2.1947391836758317,2010
Kırklareli,2018,4,2.605595744738145,1.7104977178011798,2010
Kırklareli,2018,5,2.4610707465557664,0.9608791581451551,2010
Kırklareli,2018,6,3.1690363651407356,2.2647661664012153,2010
Kırklareli,2018,7,3.520052471214025,1.433825846698572,2010
Kırklareli,2018,8,3.3896933084867156,1.3765632282377454,2010
Kırklareli,2018,9,3.18977231809438,1.3296894663178171,2010
Kırklareli,2018,10,2.8468606923214357,2.283047520514942,2010
Kırklareli,2018,11,2.624316831632197,2.0206626168475372,2010
Kırklareli,2018,12,2.0542666323294503,1.5167495865233103,2010
Kırklareli,2019,1,2.5648596435016713,1.8441478712370996,2010
Kırklareli,2019,2,2.4525527019802524,1.7600986925077604,2010
Kırklareli,2019,3,1.0454223079462859,0.4724438973249275,2010
Kırklareli,2019,4,1.378086245683759,1.0473019348729495,2010
Kırklareli,2019,5,1.3317714214688607,0.675364756683846,2010
Kırklareli,2019,6,0.6194137059656626,0.20173999479185764,2010
Kırklareli,2019,7,0.31696966489696954,-0.06926118891534855,2010
Kırklareli,2019,8,0.5765266072304781,0.1160201030511716,2010
Kırklareli,2019,9,0.6279261865548676,0.15668093635032568,2010
Kırklareli,2019,10,1.044204683862037,0.7151355656563841,2010
Kırklareli,2019,11,0.33761156311196766,-0.19889978289883523,2010
Kırklareli,2019,12,0.3088700111031763,-0.2172917970589259,2010
Kırklareli,2020,1,-0.5457498672872834,-1.5960321620492102,2020
Kırklareli,2020,2,-0.3597949605766883,-1.4096226826575582,2020
Kırklareli,2020,3,-0.27890459481394875,-1.2520763302355866,2020
Kırklareli,2020,4,-0.23033295644419557,-1.1006506528271196,2020
Kırklareli,2020,5,-0.10240264258613965,-0.5742228804776072,2020
Kırklareli,2020,6,0.4509370211422719,0.06801833575917618,2020
Kırklareli,2020,7,-0.15379371134399392,-0.47589385560304104,2020
Kırklareli,2020,8,-0.3958392016649249,-0.6675548642156383,2020
Kırklareli,2020,9,-0.38799359108435777,-0.7271521818098294,2020
Kırklareli,2020,10,-0.6178635520792405,-1.4852353552553372,2020
Kırklareli,2020,11,-0.8519904931672786,-1.475504931812593,2020
Kırklareli,2020,12,-0.7902357289964582,-1.6820048454007481,2020
Kırklareli,2021,1,0.525942298900868,0.02104662512780675,2020
Kırklareli,2021,2,0.9954516772410884,0.5727621725413824,2020
Kırklareli,2021,3,1.0898890277065811,0.7479949169810189,2020
Kırklareli,2021,4,1.3586118786745307,0.9873642289374931,2020
Kırklareli,2021,5,0.9793708281603533,0.3541679857505288,2020
Kırklareli,2021,6,0.8695899859682289,0.454571279178512,2020
Kırklareli,2021,7,0.9174206561361983,0.23546288166120408,2020
Kırklareli,2021,8,0.9961623178605947,0.22701452977833328,2020
Kırklareli,2021,9,0.906782176344275,0.2723983152923403,2020
Kırklareli,2021,10,0.7956365284807176,0.5446549800390663,2020
Kırklareli,2021,11,1.372187127975514,1.179431009977452,2020
Kırklareli,2021,12,2.3543946622587164,1.851924180682351,2020
Kırklareli,2022,1,1.290409037119908,1.1614511195512551,2020
Kırklareli,2022,2,1.6498709555017796,1.4548232332980708,2020
Kırklareli,2022,3,1.4573182965670786,1.3369970510231184,2020
Kırklareli,2022,4,1.4101690761762706,1.1756061732351974,2020
Kırklareli,2022,5,1.2749888653281465,0.649757848694704,2020
Kırklareli,2022,6,0.7777322568367259,0.43686143314986997,2020
Kırklareli,2022,7,0.9241482485466939,0.4232640756664375,2020
Kırklareli,2022,8,1.0901057795368172,0.4981273403245367,2020
Kırklareli,2022,9,1.3030906347654843,0.602715566089699,2020
Kırklareli,2022,10,1.004428169256651,0.6801224387667589,2020
Kırklareli,2022,11,0.3723926391980853,-0.022900753654935827,2020
Kırklareli,2022,12,-0.47522621886111543,-1.1362715341959788,2020
Kırklareli,2023,1,-0.485508253052713,-1.373736081109587,2020
Kırklareli,2023,2,-1.9664148319146308,-3.7573651927824443,2020
Kırklareli,2023,3,-1.4432332292960433,-2.653261153180866,2020
Kırklareli,2023,4,-0.9849197308675414,-1.8491433526493413,2020
Kırklareli,2023,5,-0.7161855206736559,-0.9557844019910406,2020
Kırklareli,2023,6,-0.6701159803213218,-1.1446035443222329,2020
Kırklareli,2023,7,-0.6867630782130744,-0.9532514713522643,2020
Kırklareli,2023,8,-1.0731431240154619,-1.3385318782203761,2020
Kırklareli,2023,9,-1.312698317043302,-1.6328459761470138,2020
Kırklareli,2023,10,-1.4574636953815114,-2.239600013857871,2020
Kırklareli,2023,11,0.029726798360642077,-0.7770330029279342,2020
Kırklareli,2023,12,0.2355072006529598,-0.4297243254855312,2020
Kırklareli,2024,1,0.5417080372339986,-0.08959774292344914,2020
Kırklareli,2024,2,0.6829987158188329,-0.02811949570849633,2020
Kırklareli,2024,3,0.7807333043513572,0.015561061116092432,2020
Kırklareli,2024,4,0.15420611805818188,-1.116658053539933,2020
Kırklareli,2024,5,0.37607803574632875,-0.4594184865844291,2020
Kırklareli,2024,6,0.07355973208711973,-1.4487673026786547,2020
Kırklareli,2024,7,-0.07902625879774204,-1.3943463273851897,2020
Kırklareli,2024,8,-0.021010035427739687,-1.1688570532660967,2020
Kırklareli,2024,9,0.3737812139986894,-0.6977740063800116,2020
Kırklareli,2024,10,0.35816904695128554,-1.065553732733967,2020
Kırklareli,2024,11,-0.9149333284207727,-2.1071041188403927,2020
Kırklareli,2024,12,-1.2848391632182128,-3.840332602867012,2020
Lüleburgaz,1965,12,1.727298895969768,1.6681338696763255,1960
Lüleburgaz,1966,1,2.516214819690288,2.1815453461496612,1960
Lüleburgaz,1966,2,1.874620928249978,1.92796635890714,1960
Lüleburgaz,1966,3,1.829641303810591,1.8550389373266756,1960
Lüleburgaz,1966,4,1.6779465211677933,1.564175094289174,1960
Lüleburgaz,1966,5,1.6670388630364668,0.9130426051898303,1960
Lüleburgaz,1966,6,1.712263628343437,1.622620234389564,1960
Lüleburgaz,1966,7,1.7285718361649773,1.561695302687082,1960
Lüleburgaz,1966,8,1.7815885980515431,1.5214339334543636,1960
Lüleburgaz,1966,9,1.726056616674536,1.503457653821982,1960
Lüleburgaz,1966,10,2.248435516260217,1.7709401105033864,1960
Lüleburgaz,1966,11,2.4213633322256194,1.8887257745043489,1960
Lüleburgaz,1966,12,2.3077932282860245,1.8346350038974335,1960
Lüleburgaz,1967,1,1.9517961864489524,1.6218377477847303,1960
Lüleburgaz,1967,2,2.0201205329114345,2.025596919647689,1960
Lüleburgaz,1967,3,1.6271029921390054,1.6233769356111518,1960
Lüleburgaz,1967,4,1.7288735943216023,1.691476089805964,1960
Lüleburgaz,1967,5,1.3290556519812915,0.7242232025367998,1960
Lüleburgaz,1967,6,1.7037152865683074,1.4901357370830692,1960
Lüleburgaz,1967,7,1.870614142887661,1.6161032315244546,1960
Lüleburgaz,1967,8,1.8977565093901976,1.693578050812537,1960
Lüleburgaz,1967,9,1.9504213913066637,1.631165701610396,1960
Lüleburgaz,1967,10,1.8363687193020846,1.6774447414729565,1960
Lüleburgaz,1967,11,0.7520456566128335,0.8791775030634541,1960
Lüleburgaz,1967,12,0.1703367903146697,0.28684758758820134,1960
Lüleburgaz,1968,1,0.6186847055585263,0.7151760137698371,1960
Lüleburgaz,1968,2,0.5007504203615717,0.42457947690721654,1960
Lüleburgaz,1968,3,0.6957251460821511,0.7028400408990761,1960
Lüleburgaz,1968,4,0.46044485039917843,0.33168053599871916,1960
Lüleburgaz,1968,5,0.32962072997495045,0.0921628006978385,1960
Lüleburgaz,1968,6,-0.03948049076243705,-0.4452836755880386,1960
Lüleburgaz,1968,7,-0.22306244325464533,-0.696824802841893,1960
Lüleburgaz,1968,8,-0.2735252913078725,-0.6439438325957199,1960
Lüleburgaz,1968,9,-0.07068516334367128,-0.30842059531266003,1960
Lüleburgaz,1968,10,-0.3156681082698759,-0.5516322080548253,1960
Lüleburgaz,1968,11,-0.3723041339964167,-0.6906689889397303,1960
Lüleburgaz,1968,12,-0.13788955731006675,-0.32855838539599,1960
Lüleburgaz,1969,1,-0.9710076003604529,-1.3425252301231834,1960
Lüleburgaz,1969,2,-0.37037981488965876,-0.7476761463415212,1960
Lüleburgaz,1969,3,-0.5081660293562299,-0.8128334050761407,1960
Lüleburgaz,1969,4,-0.26139155489768773,-0.36403771958711706,1960
Lüleburgaz,1969,5,-0.2911835173493406,-0.13994600645071578,1960
Lüleburgaz,1969,6,-0.44635196752627976,-0.5064694557579706,1960
Lüleburgaz,1969,7,-0.15954723200615603,0.06660345607352959,1960
Lüleburgaz,1969,8,-0.06773382464558327,0.09776285281272558,1960
Lüleburgaz,1969,9,-0.45998560228874846,-0.333214970302749,1960
Lüleburgaz,1969,10,-0.2736829714554598,-0.1704757837077694,1960
Lüleburgaz,1969,11,-0.32097738604416853,-0.29809470988125014,1960
Lüleburgaz,1969,12,-0.2710092529748631,-0.30989479189746,1960
Lüleburgaz,1970,1,-0.1773196217023081,-0.37254356545686024,1970
Lüleburgaz,1970,2,-0.04976240837971384,-0.3748920340265087,1970
Lüleburgaz,1970,3,0.1585446195919949,-0.2095634523691063,1970
Lüleburgaz,1970,4,0.4454161727954325,-0.10990770899028598,1970
Lüleburgaz,1970,5,0.7191097614293767,0.33399245898647417,1970
Lüleburgaz,1970,6,0.9442885018400181,0.8306600605450929,1970
Lüleburgaz,1970,7,0.6968704483293668,0.4094877440635758,1970
Lüleburgaz,1970,8,0.7624950597562307,0.4588059337945553,1970
Lüleburgaz,1970,9,0.6681589476921872,0.5000269480088233,1970
Lüleburgaz,1970,10,0.9203020733152409,0.8111017094417606,1970
Lüleburgaz,1970,11,1.8137078822560149,1.5970880686547466,1970
Lüleburgaz,1970,12,0.911674029874465,0.8805780725832957,1970
Lüleburgaz,1971,1,1.0146209700355435,0.905993280729557,1970
Lüleburgaz,1971,2,1.0470940831832514,0.982303115352974,1970
Lüleburgaz,1971,3,1.5712563986574506,1.608242943887876,1970
Lüleburgaz,1971,4,1.4112614681789868,1.5246557068212203,1970
Lüleburgaz,1971,5,1.7005434279779017,0.9620636228630317,1970
Lüleburgaz,1971,6,1.735017828068919,1.5891538509481036,1970
Lüleburgaz,1971,7,1.8756195567602882,1.7144025778325165,1970
Lüleburgaz,1971,8,1.8633461582655841,1.7188775971866457,1970
Lüleburgaz,1971,9,2.057098391527208,1.7937276216409177,1970
Lüleburgaz,1971,10,1.874378144936458,1.7669330030588355,1970
Lüleburgaz,1971,11,1.8064610477318233,1.7632615476566058,1970
Lüleburgaz,1971,12,1.65580811909275,1.6232419197973131,1970
Lüleburgaz,1972,1,1.0759421104367655,1.2473001443349176,1970
Lüleburgaz,1972,2,0.5412107580349262,0.7570088288212855,1970
Lüleburgaz,1972,3,-0.45532782783915093,-0.3981541298545632,1970
Lüleburgaz,1972,4,-0.25864075538037523,-0.3159792899550434,1970
Lüleburgaz,1972,5,-0.7701600091716647,-0.5029722937616123,1970
Lüleburgaz,1972,6,-0.9938548456182917,-1.0610758724654452,1970
Lüleburgaz,1972,7,-0.7686682783325484,-0.9385297659765076,1970
Lüleburgaz,1972,8,-0.9697649785514242,-1.1353929812629917,1970
Lüleburgaz,1972,9,-0.5952344398440692,-0.7041882787218892,1970
Lüleburgaz,1972,10,-0.06037061814435629,-0.1435823241172918,1970
Lüleburgaz,1972,11,-0.6307068781582104,-0.9017139194476674,1970
Lüleburgaz,1972,12,-1.1019383055812346,-1.411990146409744,1970
Lüleburgaz,1973,1,-0.8546564319521084,-1.1431789417585154,1970
Lüleburgaz,1973,2,-0.15811637134371398,-0.5417712746621726,1970
Lüleburgaz,1973,3,0.18293561622859505,-0.05579270772167761,1970
Lüleburgaz,1973,4,0.045836979608927075,-0.09014461798382901,1970
Lüleburgaz,1973,5,-0.018696240819518258,-0.060349643916416694,1970
Lüleburgaz,1973,6,0.257487718528648,0.3611109512019895,1970
Lüleburgaz,1973,7,-0.016982426054731718,0.12406222324100179,1970
Lüleburgaz,1973,8,-0.18372592076677993,0.09858550561855062,1970
Lüleburgaz,1973,9,-0.7369837644864894,-0.5364152168468226,1970
Lüleburgaz,1973,10,-1.2302032591454672,-1.3345791825977886,1970
Lüleburgaz,1973,11,-1.3468078161954902,-1.332070015927925,1970
Lüleburgaz,1973,12,-1.0536180557503552,-1.062144512561305,1970
Lüleburgaz,1974,1,-1.3577913104354233,-1.4043173026405589,1970
Lüleburgaz,1974,2,-2.138395424861644,-1.886628832429154,1970
Lüleburgaz,1974,3,-2.0852916505370964,-1.9211067432638096,1970
Lüleburgaz,1974,4,-1.8507808875015623,-1.6369030987780901,1970
Lüleburgaz,1974,5,-1.0265878016257948,-0.5516340526845598,1970
Lüleburgaz,1974,6,-1.375538293617205,-1.1790221604326991,1970
Lüleburgaz,1974,7,-1.5059387153231507,-1.1653284030638598,1970
Lüleburgaz,1974,8,-1.310402477834224,-1.0311202869205383,1970
Lüleburgaz,1974,9,-1.1072038493452592,-0.7873283238163429,1970
Lüleburgaz,1974,10,-1.5505581911530808,-1.5363911599526587,1970
Lüleburgaz,1974,11,-0.8396414014323531,-0.7404074490346424,1970
Lüleburgaz,1974,12,-0.6998846035143055,-0.5424297151577557,1970
Lüleburgaz,1975,1,-0.2565034024707877,-0.11934910474625206,1970
Lüleburgaz,1975,2,-0.352765207339065,-0.2905270321251263,1970
Lüleburgaz,1975,3,-0.31532659523484097,-0.3516356639895566,1970
Lüleburgaz,1975,4,-0.6252108715789779,-0.8165364889386553,1970
Lüleburgaz,1975,5,-0.5603321902714299,-0.538435802893708,1970
Lüleburgaz,1975,6,0.0494406522397431,-0.12758871050577614,1970
Lüleburgaz,1975,7,0.2543590458187285,0.06892131190199546,1970
Lüleburgaz,1975,8,0.4407970186883304,0.2892151875875797,1970
Lüleburgaz,1975,9,0.3430228716045206,0.1770110918334604,1970
Lüleburgaz,1975,10,1.405176188745493,1.3655945838576538,1970
Lüleburgaz,1975,11,1.428518338662658,1.4100692581719247,1970
Lüleburgaz,1975,12,1.4577974452726545,1.4289805606121195,1970
Lüleburgaz,1976,1,1.1477002888440844,1.1446293653331387,1970
Lüleburgaz,1976,2,1.0949193069782839,1.153660888514176,1970
Lüleburgaz,1976,3,0.8876905875783687,1.044897629573149,1970
Lüleburgaz,1976,4,1.132054376303706,1.3025883708069739,1970
Lüleburgaz,1976,5,0.7168368850868309,0.5795535950603322,1970
Lüleburgaz,1976,6,0.7243212610748733,1.0048883742968246,1970
Lüleburgaz,1976,7,1.0135202547292221,1.3000410874388746,1970
Lüleburgaz,1976,8,0.873601591913123,1.2732764762115654,1970
Lüleburgaz,1976,9,0.7793229164649055,1.2635198417335052,1970
Lüleburgaz,1976,10,-0.016870155779829955,0.664604140836505,1970
Lüleburgaz,1976,11,-0.022482644910539973,0.5137250392032473,1970
Lüleburgaz,1976,12,0.3861303363556993,0.8334135323922659,1970
Lüleburgaz,1977,1,0.5821777953686527,0.9873794011405822,1970
Lüleburgaz,1977,2,0.8339228376217817,1.0724132007606468,1970
Lüleburgaz,1977,3,0.7372832526201907,0.892764406421431,1970
Lüleburgaz,1977,4,0.7302125562213728,0.916624175441373,1970
Lüleburgaz,1977,5,0.8214373689319358,0.6063950317972217,1970
Lüleburgaz,1977,6,0.4442598795543075,0.5501221515815021,1970
Lüleburgaz,1977,7,0.10882461772669555,0.15970686268881668,1970
Lüleburgaz,1977,8,-0.16411766023382296,-0.3885932195794663,1970
Lüleburgaz,1977,9,0.19583042415339147,0.08917997931195273,1970
Lüleburgaz,1977,10,-0.37758649744034095,-0.3984670090186017,1970
Lüleburgaz,1977,11,-0.7420322002487332,-0.8861840886497052,1970
Lüleburgaz,1977,12,-1.3252235035846893,-1.501906612535157,1970
Lüleburgaz,1978,1,-1.1382008041725378,-1.3279643774031749,1970
Lüleburgaz,1978,2,-0.8301874514416825,-0.9403653844256824,1970
Lüleburgaz,1978,3,-0.3969201540632016,-0.5223484836060054,1970
Lüleburgaz,1978,4,-0.05161217580542227,-0.11329904830268767,1970
Lüleburgaz,1978,5,-0.008649095705030342,0.04066158396806658,1970
Lüleburgaz,1978,6,-0.15551266378603817,-0.18637514120513804,1970
Lüleburgaz,1978,7,-0.3395134334467364,-0.29269246203091126,1970
Lüleburgaz,1978,8,-0.30794245249630103,-0.11445481190762326,1970
Lüleburgaz,1978,9,-0.058439742081420415,0.22560553315642226,1970
Lüleburgaz,1978,10,0.29311561891987564,0.5109990906386215,1970
Lüleburgaz,1978,11,0.03556726624741716,0.3316042308615382,1970
Lüleburgaz,1978,12,-0.34868116822834844,-0.18320262758782752,1970
Lüleburgaz,1979,1,0.11827342816740564,0.2949368110982117,1970
Lüleburgaz,1979,2,0.0016283373449536792,0.07231155138011346,1970
Lüleburgaz,1979,3,-0.4829933792394025,-0.527395709128409,1970
Lüleburgaz,1979,4,-0.5056943671768418,-0.4757833799609176,1970
Lüleburgaz,1979,5,-0.8700122818125808,-0.5800101229242921,1970
Lüleburgaz,1979,6,-0.9354375971141783,-0.9744968049904963,1970
Lüleburgaz,1979,7,-0.5780471143854887,-0.4838426614168891,1970
Lüleburgaz,1979,8,-0.4287899460088723,-0.4168110952983749,1970
Lüleburgaz,1979,9,-1.0758222250608573,-1.1435952965499212,1970
Lüleburgaz,1979,10,-0.7836511838466896,-0.8366773250922566,1970
Lüleburgaz,1979,11,0.5336024411274505,0.5854692318607367,1970
Lüleburgaz,1979,12,0.6437728087204726,0.7046006468729774,1970
Lüleburgaz,1980,1,0.7329493608295143,0.7906354997807695,1980
Lüleburgaz,1980,2,0.8648320911396262,0.975203735980212,1980
Lüleburgaz,1980,3,1.168066267361685,1.4091487790111634,1980
Lüleburgaz,1980,4,1.1143854215956506,1.322897005282058,1980
Lüleburgaz,1980,5,1.3220505786633312,0.8908865414644364,1980
Lüleburgaz,1980,6,1.5541738320959417,1.738717341030585,1980
Lüleburgaz,1980,7,1.6680323356305546,1.709325371589154,1980
Lüleburgaz,1980,8,1.5965024359131887,1.7148318213246085,1980
Lüleburgaz,1980,9,1.7155900383034732,1.7605421171179811,1980
Lüleburgaz,1980,10,0.9799825155168396,1.2636258431758987,1980
Lüleburgaz,1980,11,0.5465485982113554,0.8432487357900161,1980
Lüleburgaz,1980,12,0.7582839059912307,1.0045310027420362,1980
Lüleburgaz,1981,1,0.7362140209636008,0.9588730752539084,1980
Lüleburgaz,1981,2,0.7219830327526073,0.9296984698236209,1980
Lüleburgaz,1981,3,0.5636599026044026,0.6406940226293679,1980
Lüleburgaz,1981,4,0.2447867748868221,0.24546362972774946,1980
Lüleburgaz,1981,5,0.03056592348864338,0.13240754969027504,1980
Lüleburgaz,1981,6,-0.40342249825606624,-0.5358883540710319,1980
Lüleburgaz,1981,7,-0.5490110744529251,-0.596296506204756,1980
Lüleburgaz,1981,8,-0.6035686961719448,-0.6958956213890636,1980
Lüleburgaz,1981,9,-0.693868974164427,-0.8430813963200336,1980
Lüleburgaz,1981,10,-0.11460073663221575,-0.14265846851374744,1980
Lüleburgaz,1981,11,0.5493202911686526,0.7195028600606463,1980
Lüleburgaz,1981,12,1.105677935139183,1.178845915390777,1980
Lüleburgaz,1982,1,0.42345909869359216,0.47355159330262836,1980
Lüleburgaz,1982,2,0.11556574875265767,0.031041395848840386,1980
Lüleburgaz,1982,3,0.11029910567608539,0.15151364378865448,1980
Lüleburgaz,1982,4,0.7471252515147058,0.9103108920182719,1980
Lüleburgaz,1982,5,0.9253591386532056,0.6294880758349111,1980
Lüleburgaz,1982,6,1.2597106625417944,1.3877827013994937,1980
Lüleburgaz,1982,7,1.1242303074604396,1.2794188286593435,1980
Lüleburgaz,1982,8,1.106398239237178,1.2810242480103735,1980
Lüleburgaz,1982,9,1.0221640345793916,1.170568372018244,1980
Lüleburgaz,1982,10,0.7525258289040675,1.0507241847681654,1980
Lüleburgaz,1982,11,-0.3117724962086075,-0.14085390701473413,1980
Lüleburgaz,1982,12,-0.8755584872388764,-0.7746883735368503,1980
Lüleburgaz,1983,1,-0.9791723569527935,-0.9446494220034921,1980
Lüleburgaz,1983,2,-0.3611037077824009,-0.3967677558429808,1980
Lüleburgaz,1983,3,-0.6160203947107871,-0.7297738921905256,1980
Lüleburgaz,1983,4,-1.4185596925131039,-1.5534656711267543,1980
Lüleburgaz,1983,5,-1.5396082623843155,-1.672835421118227,1980
Lüleburgaz,1983,6,-1.3371297259633494,-1.4659869106194257,1980
Lüleburgaz,1983,7,-1.067580038509362,-1.3460519145405492,1980
Lüleburgaz,1983,8,-0.9022634200389545,-1.0998388295309145,1980
Lüleburgaz,1983,9,-0.7379449185502868,-0.8283732514160582,1980
Lüleburgaz,1983,10,-1.1228337121474212,-1.2198954615606583,1980
Lüleburgaz,1983,11,-1.085705963340805,-1.1116790057094272,1980
Lüleburgaz,1983,12,-1.7699105693319355,-1.802579094757547,1980
Lüleburgaz,1984,1,-0.9252538280372916,-0.9847841596513843,1980
Lüleburgaz,1984,2,-1.1624612340047265,-1.2765328974770753,1980
Lüleburgaz,1984,3,0.14118307099787883,0.17002231815722538,1980
Lüleburgaz,1984,4,0.6622020547861356,0.9439612083443323,1980
Lüleburgaz,1984,5,0.5915305154236491,0.5569414378794155,1980
Lüleburgaz,1984,6,0.2795972589678542,0.5270180248427091,1980
Lüleburgaz,1984,7,0.14326257349734697,0.564122852502653,1980
Lüleburgaz,1984,8,-0.006494270074628294,0.4500013540597758,1980
Lüleburgaz,1984,9,-0.043597676252276354,0.3787911165960271,1980
Lüleburgaz,1984,10,-0.22320500208938143,0.0635309595674822,1980
Lüleburgaz,1984,11,0.29817445004673704,0.4899676621543784,1980
Lüleburgaz,1984,12,-0.04982951102861635,0.14708213594905217,1980
Lüleburgaz,1985,1,-0.18648478531835186,-0.03987417240039026,1980
Lüleburgaz,1985,2,-0.12840981021955786,-0.0024863699394848927,1980
Lüleburgaz,1985,3,-1.1064505109541418,-1.0150838939105824,1980
Lüleburgaz,1985,4,-1.5927156103473767,-1.51869944651497,1980
Lüleburgaz,1985,5,-1.67822849161433,-1.4745167507190446,1980
Lüleburgaz,1985,6,-1.5084652623228496,-1.4788315499007776,1980
Lüleburgaz,1985,7,-1.5325571838748449,-1.464972885589826,1980
Lüleburgaz,1985,8,-1.5085453380652072,-1.6109290202992976,1980
Lüleburgaz,1985,9,-1.58140836575441,-1.5669801864825215,1980
Lüleburgaz,1985,10,-1.5171886272975263,-1.3317233803034272,1980
Lüleburgaz,1985,11,-0.9994811145738729,-0.7587094985811348,1980
Lüleburgaz,1985,12,-0.7802801316042579,-0.6381066016591639,1980
Lüleburgaz,1986,1,0.3715547069203388,0.5502947094326512,1980
Lüleburgaz,1986,2,0.7090902730686233,0.7391596449973936,1980
Lüleburgaz,1986,3,0.7380102472448383,0.7701349163374993,1980
Lüleburgaz,1986,4,0.6962796535480082,0.6759630963278253,1980
Lüleburgaz,1986,5,0.6841835612539319,0.5451233226687404,1980
Lüleburgaz,1986,6,0.40676318967544034,0.46378062438332973,1980
Lüleburgaz,1986,7,0.20731490369378452,0.1719187091812339,1980
Lüleburgaz,1986,8,0.333299021109065,0.23003982283367105,1980
Lüleburgaz,1986,9,0.28315384179280767,0.15659627923706287,1980
Lüleburgaz,1986,10,0.5100339249251151,0.3206977749327344,1980
Lüleburgaz,1986,11,-0.4115283796348071,-0.6626627790111236,1980
Lüleburgaz,1986,12,-0.16142474189643632,-0.12548967037208852,1980
Lüleburgaz,1987,1,-1.5723464511843952,-1.6279740392678315,1980
Lüleburgaz,1987,2,-2.232980772916785,-1.9480569294756647,1980
Lüleburgaz,1987,3,-1.9428969426557487,-1.7029834170519014,1980
Lüleburgaz,1987,4,-1.7533730220227197,-1.3309298573399682,1980
Lüleburgaz,1987,5,-1.4226280926644201,-0.8001680765724174,1980
Lüleburgaz,1987,6,-1.24310847068638,-0.9651850669319666,1980
Lüleburgaz,1987,7,-1.0189383199547146,-0.8330783270448229,1980
Lüleburgaz,1987,8,-1.003767492225573,-0.5414957890190358,1980
Lüleburgaz,1987,9,-0.9885233934865625,-0.5219316074743929,1980
Lüleburgaz,1987,10,-0.8651883800224072,-0.30887156301374086,1980
Lüleburgaz,1987,11,0.062000005898118146,0.5296417691448598,1980
Lüleburgaz,1987,12,0.41143049508787605,0.8057955345999284,1980
Lüleburgaz,1988,1,-0.17274116971712075,0.10613829531267517,1980
Lüleburgaz,1988,2,-0.01959445040557789,0.19695308634464612,1980
Lüleburgaz,1988,3,0.16799639246915632,0.24932266859905006,1980
Lüleburgaz,1988,4,0.1290005956336407,0.21748003870028262,1980
Lüleburgaz,1988,5,0.1215113983938341,0.16618778727856356,1980
Lüleburgaz,1988,6,0.14683515692780677,0.33194542089415086,1980
Lüleburgaz,1988,7,0.14590530840821928,0.32792503559907815,1980
Lüleburgaz,1988,8,0.10677135426218592,0.10210147790621019,1980
Lüleburgaz,1988,9,0.3347359247586943,0.4322302313918617,1980
Lüleburgaz,1988,10,-0.28830370939303146,-0.2545675635596285,1980
Lüleburgaz,1988,11,0.17849314239663552,0.42450880612739245,1980
Lüleburgaz,1988,12,-0.09283369473153459,0.11561932636787842,1980
Lüleburgaz,1989,1,-0.1489774110534221,0.0919452267786569,1980
Lüleburgaz,1989,2,-0.3509134903068795,-0.3056473755788956,1980
Lüleburgaz,1989,3,-0.3339371511136994,-0.38259283618287143,1980
Lüleburgaz,1989,4,-0.7408727890085532,-1.0403740898251117,1980
Lüleburgaz,1989,5,-0.5079834453053568,-0.46545329252590223,1980
Lüleburgaz,1989,6,-0.47730691715343493,-0.5197482143842022,1980
Lüleburgaz,1989,7,-0.6531067775011489,-0.4136964671444846,1980
Lüleburgaz,1989,8,-0.6596216680916778,-0.41085430002741313,1980
Lüleburgaz,1989,9,-0.8601328088468426,-0.5541873165369986,1980
Lüleburgaz,1989,10,-0.7628840651410563,-0.4544824130971503,1980
Lüleburgaz,1989,11,-1.5057244479747078,-1.3868932801480687,1980
Lüleburgaz,1989,12,-1.5758817405057548,-1.5135178579318824,1980
Lüleburgaz,1990,1,-1.5767961111513313,-1.5407137679485765,1990
Lüleburgaz,1990,2,-1.3742898224673694,-1.337483457058419,1990
Lüleburgaz,1990,3,-1.6787432895873766,-1.547714759635665,1990
Lüleburgaz,1990,4,-1.0054502611800917,-0.7817191958090398,1990
Lüleburgaz,1990,5,-0.6902391739316758,-0.25831481549731494,1990
Lüleburgaz,1990,6,-0.7905241964033349,-0.5886523614669444,1990
Lüleburgaz,1990,7,-0.7388601292390612,-0.5979673275500724,1990
Lüleburgaz,1990,8,-0.6187253993048697,-0.44807708656070944,1990
Lüleburgaz,1990,9,-0.05494479528088985,0.2722561704618392,1990
Lüleburgaz,1990,10,0.35463914962205406,0.7066806233868771,1990
Lüleburgaz,1990,11,-0.2903343217125613,-0.24659571650651183,1990
Lüleburgaz,1990,12,0.2041248753244394,0.27345611826329963,1990
Lüleburgaz,1991,1,0.32102830178967373,0.32465966680002545,1990
Lüleburgaz,1991,2,0.559309534562567,0.5734475945968712,1990
Lüleburgaz,1991,3,0.6443641330219132,0.7631005450397078,1990
Lüleburgaz,1991,4,0.7366596947631996,0.92586089974379,1990
Lüleburgaz,1991,5,0.6383828801867297,0.5227796372232577,1990
Lüleburgaz,1991,6,0.4009140706044274,0.5058542139642384,1990
Lüleburgaz,1991,7,0.31837051993057114,0.43553821928392805,1990
Lüleburgaz,1991,8,0.23861189618880968,0.2917105650816748,1990
Lüleburgaz,1991,9,-0.27035642306368457,-0.3272210088419479,1990
Lüleburgaz,1991,10,0.10389083822208621,0.02868717565871246,1990
Lüleburgaz,1991,11,0.799766884500264,0.821477939678752,1990
Lüleburgaz,1991,12,-0.09283369473153459,0.009193479400826775,1990
Lüleburgaz,1992,1,-0.06186803619969456,-0.0005369881807630544,1990
Lüleburgaz,1992,2,-0.08272991776689836,-0.12141585952315258,1990
Lüleburgaz,1992,3,0.28972424527262697,0.3051389189541933,1990
Lüleburgaz,1992,4,-0.055179629145448196,-0.17235904578475708,1990
Lüleburgaz,1992,5,-0.4009386958834859,-0.2842292750790612,1990
Lüleburgaz,1992,6,0.080883004938779,0.09246578173148157,1990
Lüleburgaz,1992,7,0.46686411249530774,0.6856901917762563,1990
Lüleburgaz,1992,8,0.5726892343489047,0.7264897532159876,1990
Lüleburgaz,1992,9,0.5408747399028873,0.7947525381453096,1990
Lüleburgaz,1992,10,0.07969507459038888,0.29492658127315985,1990
Lüleburgaz,1992,11,-0.05710906562947272,0.11628046727973962,1990
Lüleburgaz,1992,12,-0.11622940041091702,0.012005892241874578,1990
Lüleburgaz,1993,1,-0.088078201213404,0.009458679035010588,1990
Lüleburgaz,1993,2,0.046530448742792496,0.058846814680925875,1990
Lüleburgaz,1993,3,-0.07795585723169772,-0.036500620296824694,1990
Lüleburgaz,1993,4,-0.3937196283480098,-0.3152678109606173,1990
Lüleburgaz,1993,5,0.39637057947495125,0.34904097473961654,1990
Lüleburgaz,1993,6,-0.15101623920069618,-0.044925459306895225,1990
Lüleburgaz,1993,7,-0.6511473377199903,-0.6769181198011557,1990
Lüleburgaz,1993,8,-0.49184945484344206,-0.46004390913388993,1990
Lüleburgaz,1993,9,-0.4998245892160278,-0.5304570373424435,1990
Lüleburgaz,1993,10,-1.4736959482772178,-1.770492838041898,1990
Lüleburgaz,1993,11,-1.9153208680619649,-2.03255973855301,1990
Lüleburgaz,1993,12,-1.2457785339454301,-1.5013971803865145,1990
Lüleburgaz,1994,1,-1.1559772001733668,-1.5333466213002505,1990
Lüleburgaz,1994,2,-1.3103634698599564,-1.6383419998732405,1990
Lüleburgaz,1994,3,-1.5029085824393136,-1.8263734516432895,1990
Lüleburgaz,1994,4,-1.4434719028968366,-1.8214810851035939,1990
Lüleburgaz,1994,5,-2.199572657658675,-4.75,1990
Lüleburgaz,1994,6,-1.846744932023947,-2.328832998299276,1990
Lüleburgaz,1994,7,-1.829097600293952,-2.7005443279138603,1990
Lüleburgaz,1994,8,-2.0818273075076297,-2.9259157812286385,1990
Lüleburgaz,1994,9,-1.7965601779953428,-3.3088271775454343,1990
Lüleburgaz,1994,10,-0.39536714689315844,-1.8327226206576244,1990
Lüleburgaz,1994,11,-0.3857018252061723,-1.704238137912426,1990
Lüleburgaz,1994,12,-0.052510183453494085,-1.0354664062094618,1990
Lüleburgaz,1995,1,1.0390458385118597,0.3402263732664131,1990
Lüleburgaz,1995,2,1.3613530670504974,0.5737072652335666,1990
Lüleburgaz,1995,3,1.651654670625252,1.0042167950983745,1990
Lüleburgaz,1995,4,1.9044552908466696,1.229719626400584,1990
Lüleburgaz,1995,5,1.613820154508122,0.6080515437507127,1990
Lüleburgaz,1995,6,1.5352955968531041,0.6295442636219117,1990
Lüleburgaz,1995,7,1.9701907755506947,1.137697571406647,1990
Lüleburgaz,1995,8,2.0198376490274748,1.3458995307252541,1990
Lüleburgaz,1995,9,2.1724265811814316,1.6005260778300507,1990
Lüleburgaz,1995,10,1.207380124387361,0.9827914380537119,1990
Lüleburgaz,1995,11,1.5798617253557599,1.3142310271568927,1990
Lüleburgaz,1995,12,0.8934494858879024,0.6571388862077627,1990
Lüleburgaz,1996,1,-0.15902228118954118,-0.5686215437321306,1990
Lüleburgaz,1996,2,0.17621968627833545,-0.14452774908599592,1990
Lüleburgaz,1996,3,-0.024335215069027194,-0.12278512224136483,1990
Lüleburgaz,1996,4,-0.006274730055627781,0.019028501799799837,1990
Lüleburgaz,1996,5,0.16002070817281214,0.1163119334887999,1990
Lüleburgaz,1996,6,0.012591324372067572,0.20373358174014242,1990
Lüleburgaz,1996,7,-0.21197776700170895,0.11521855778075722,1990
Lüleburgaz,1996,8,0.0030831930866901157,0.35084204988014606,1990
Lüleburgaz,1996,9,-0.13486978636000715,0.29579642039672094,1990
Lüleburgaz,1996,10,-0.2416117672611653,0.20288347773015958,1990
Lüleburgaz,1996,11,-0.49890895894022586,-0.2751177940649136,1990
Lüleburgaz,1996,12,0.39372887314712224,0.6429557193525683,1990
Lüleburgaz,1997,1,0.2926269024546891,0.4712339288868748,1990
Lüleburgaz,1997,2,-0.23244843151680733,-0.2405825390698554,1990
Lüleburgaz,1997,3,-0.300981090505761,-0.3855336966414521,1990
Lüleburgaz,1997,4,0.06605496440394847,0.12984737128851898,1990
Lüleburgaz,1997,5,0.21699611601162314,0.29758410147471825,1990
Lüleburgaz,1997,6,0.35396150419252814,0.50561327505697,1990
Lüleburgaz,1997,7,0.14590530840821928,0.19002413267977017,1990
Lüleburgaz,1997,8,0.3391260127195197,0.4485056838251652,1990
Lüleburgaz,1997,9,0.6091790763615762,0.7963648272446762,1990
Lüleburgaz,1997,10,1.6664740863799286,1.6558396971418454,1990
Lüleburgaz,1997,11,1.667717907568147,1.6586652872377883,1990
Lüleburgaz,1997,12,1.170379919204225,1.2687889351650663,1990
Lüleburgaz,1998,1,1.1995786164011055,1.2704156976533794,1990
Lüleburgaz,1998,2,1.3918439171579058,1.496838054239801,1990
Lüleburgaz,1998,3,1.694759503209481,1.7563764617667954,1990
Lüleburgaz,1998,4,1.4134877885113584,1.1578201862522204,1990
Lüleburgaz,1998,5,1.588774930117487,0.8029790931568239,1990
Lüleburgaz,1998,6,1.861207038188776,1.4951838973690335,1990
Lüleburgaz,1998,7,2.000553139333435,1.5340616691236217,1990
Lüleburgaz,1998,8,1.8502341663705055,1.2416457143508475,1990
Lüleburgaz,1998,9,2.06849877425913,1.3102185866610796,1990
Lüleburgaz,1998,10,2.3369862357322106,1.4640369465168013,1990
Lüleburgaz,1998,11,2.683463143290691,1.7500532337713692,1990
Lüleburgaz,1998,12,2.5736025580451796,1.735584933153681,1990
Lüleburgaz,1999,1,2.874383508108717,1.9486205245987112,1990
Lüleburgaz,1999,2,2.966874604992278,2.4266952079221737,1990
Lüleburgaz,1999,3,2.4930183927956087,1.9587542768051056,1990
Lüleburgaz,1999,4,2.7863535827865737,2.1300929078716604,1990
Lüleburgaz,1999,5,2.5258979299194193,1.0726587030962447,1990
Lüleburgaz,1999,6,2.785177474428701,1.9153645172664033,1990
Lüleburgaz,1999,7,3.3035266605451565,2.103053091718548,1990
Lüleburgaz,1999,8,3.044600108602034,1.9702562954476128,1990
Lüleburgaz,1999,9,2.9454878190320914,1.8049315858148847,1990
Lüleburgaz,1999,10,2.32035454555281,1.2986825335145489,1990
Lüleburgaz,1999,11,2.372067821909427,1.275322465061799,1990
Lüleburgaz,1999,12,1.793217275655349,0.6811805495607824,1990
Lüleburgaz,2000,1,1.4137871688387493,0.17761221266246086,2000
Lüleburgaz,2000,2,1.322522742353904,-0.17539726748048504,2000
Lüleburgaz,2000,3,1.0783066295782477,-0.39663208731322386,2000
Lüleburgaz,2000,4,1.2038774935286005,-0.5993387289235708,2000
Lüleburgaz,2000,5,1.436164046492871,-0.12203121266385364,2000
Lüleburgaz,2000,6,1.0589968434709873,-0.9137349751926209,2000
Lüleburgaz,2000,7,0.6573392435055475,-1.4861879597475682,2000
Lüleburgaz,2000,8,0.47766003251869515,-1.0457027448800813,2000
Lüleburgaz,2000,9,0.3355650262705814,-0.9256563797052135,2000
Lüleburgaz,2000,10,0.30581952332270645,-0.8044019235568202,2000
Lüleburgaz,2000,11,-0.12079792175137662,-1.346446541492348,2000
Lüleburgaz,2000,12,-0.8416689042865574,-1.981548756116048,2000
Lüleburgaz,2001,1,-0.3449474071455373,-1.4414932323308425,2000
Lüleburgaz,2001,2,-0.5841800334003246,-1.5172122352877977,2000
Lüleburgaz,2001,3,-0.6835657000318168,-1.5863491279483168,2000
Lüleburgaz,2001,4,-0.2687320315597929,-0.8232151574472764,2000
Lüleburgaz,2001,5,-0.6773190426224575,-0.6121092019236819,2000
Lüleburgaz,2001,6,-0.7944546715289466,-0.6312441914472567,2000
Lüleburgaz,2001,7,-1.3548807969653947,-1.0165413529302525,2000
Lüleburgaz,2001,8,-1.3885193306817227,-1.375122845505726,2000
Lüleburgaz,2001,9,-1.8078504691714103,-2.0287107083174347,2000
Lüleburgaz,2001,10,-2.4331653092569576,-3.5064091196249105,2000
Lüleburgaz,2001,11,-1.6280598206772214,-2.112434954941065,2000
Lüleburgaz,2001,12,0.21535509798573804,0.12889915664295998,2000
Lüleburgaz,2002,1,-0.1764037113022083,-0.3192358705768922,2000
Lüleburgaz,2002,2,-0.001021259944521108,-0.3140915790352018,2000
Lüleburgaz,2002,3,0.19078557496528942,0.027144348437247657,2000
Lüleburgaz,2002,4,-0.3453240220540023,-0.5711833802149567,2000
Lüleburgaz,2002,5,-0.6800855399333801,-0.681154220881188,2000
Lüleburgaz,2002,6,-0.38390843449340345,-0.8362637192069954,2000
Lüleburgaz,2002,7,0.39467275496602283,-0.02638376298106102,2000
Lüleburgaz,2002,8,0.471937350337513,0.036027805712825496,2000
Lüleburgaz,2002,9,0.6051777832661055,0.25872494938999546,2000
Lüleburgaz,2002,10,0.8500112526675178,0.5130651536390026,2000
Lüleburgaz,2002,11,1.192499211805365,0.7106036401570504,2000
Lüleburgaz,2002,12,-0.5732693295505144,-1.4701387264452128,2000
Lüleburgaz,2003,1,-0.15080276869943007,-1.1101110539500407,2000
Lüleburgaz,2003,2,-0.07023875065052086,-0.9144393309884986,2000
Lüleburgaz,2003,3,-0.30351041779813465,-0.9520034094042549,2000
Lüleburgaz,2003,4,0.21126769078301808,-0.3622930544425224,2000
Lüleburgaz,2003,5,0.3821181018231841,-0.12987338435034507,2000
Lüleburgaz,2003,6,-0.008546821663735403,-0.9285732295986169,2000
Lüleburgaz,2003,7,-0.7826211786260717,-1.8459828132912848,2000
Lüleburgaz,2003,8,-0.8628646640170436,-2.067835639888793,2000
Lüleburgaz,2003,9,-1.2892612553032934,-2.7023691835579027,2000
Lüleburgaz,2003,10,-0.7867711313564686,-2.6324923070986808,2000
Lüleburgaz,2003,11,-1.9329447851915578,-3.648065468915804,2000
Lüleburgaz,2003,12,-1.4705863949405271,-3.238829648360371,2000
Lüleburgaz,2004,1,-1.308391520553767,-2.843460346455632,2000
Lüleburgaz,2004,2,-1.741770215679456,-2.619566855625658,2000
Lüleburgaz,2004,3,-1.2709762641718576,-2.4592735755319466,2000
Lüleburgaz,2004,4,-2.1389145111969943,-3.0292230445890067,2000
Lüleburgaz,2004,5,-1.8688485308492853,-4.75,2000
Lüleburgaz,2004,6,-1.379819572607128,-2.6181606174263807,2000
Lüleburgaz,2004,7,-1.1280755982609283,-2.3905765065047557,2000
Lüleburgaz,2004,8,-0.936923736576618,-1.9108062997122208,2000
Lüleburgaz,2004,9,-1.0004978346222029,-2.268823036101022,2000
Lüleburgaz,2004,10,-2.0945885774498545,-4.75,2000
Lüleburgaz,2004,11,-2.0883663404524415,-3.8181414727925707,2000
Lüleburgaz,2004,12,-1.8939844753129496,-3.7830845605553423,2000
Lüleburgaz,2005,1,-1.754945961615605,-3.406570579993634,2000
Lüleburgaz,2005,2,-0.9892818329338505,-2.1181993526690945,2000
Lüleburgaz,2005,3,-1.0531970251582699,-2.141369839533603,2000
Lüleburgaz,2005,4,-1.1369380732265137,-2.285597421858746,2000
Lüleburgaz,2005,5,-0.5458506777780815,-2.1741997208005577,2000
Lüleburgaz,2005,6,-0.8170977360168771,-2.3564389054902284,2000
Lüleburgaz,2005,7,-0.49319919842181664,-2.4112453788232773,2000
Lüleburgaz,2005,8,-0.42602069486690786,-2.375436648969804,2000
Lüleburgaz,2005,9,-0.1049055618614522,-2.182013656366058,2000
Lüleburgaz,2005,10,0.0038520571402497097,-2.249036047804801,2000
Lüleburgaz,2005,11,0.7826886029747637,-1.041937923468069,2000
Lüleburgaz,2005,12,1.143481308683958,-0.25947801965432316,2000
Lüleburgaz,2006,1,0.4868179155733027,-1.227975953482154,2000
Lüleburgaz,2006,2,0.41585467844411855,-1.346689438312128,2000
Lüleburgaz,2006,3,0.9748064011353778,-0.666213634630213,2000
Lüleburgaz,2006,4,1.04177723345177,-0.8498037440442321,2000
Lüleburgaz,2006,5,0.5203073546889734,-0.9342131628490351,2000
Lüleburgaz,2006,6,1.1111653652671878,-0.4549516191519159,2000
Lüleburgaz,2006,7,0.7517287239837909,-0.3526972836156415,2000
Lüleburgaz,2006,8,0.6474053176051082,-0.08923850975069074,2000
Lüleburgaz,2006,9,0.7022273701533953,0.3366058558597388,2000
Lüleburgaz,2006,10,1.0325989582469763,0.714971150047622,2000
Lüleburgaz,2006,11,0.8015627008327724,0.43990623568173276,2000
Lüleburgaz,2006,12,-0.08026573271604319,-0.5110341967057888,2000
Lüleburgaz,2007,1,-0.007921725540704664,-0.5188836012339886,2000
Lüleburgaz,2007,2,-0.22061448849734627,-0.8380222446959231,2000
Lüleburgaz,2007,3,-0.15093529805037945,-0.5439922666584707,2000
Lüleburgaz,2007,4,-0.182030300473982,-0.24230072918446363,2000
Lüleburgaz,2007,5,0.01724040162941373,0.04512271295292792,2000
Lüleburgaz,2007,6,-0.9004225678858383,-1.1355238325768215,2000
Lüleburgaz,2007,7,-1.1711586464913801,-1.734365606838415,2000
Lüleburgaz,2007,8,-1.166109272333468,-1.7412119132923936,2000
Lüleburgaz,2007,9,-1.1509775858900577,-1.8610936553472166,2000
Lüleburgaz,2007,10,-1.8871061801918811,-3.2615182604253,2000
Lüleburgaz,2007,11,-1.5223977949306051,-2.4505743686748076,2000
Lüleburgaz,2007,12,-1.1101963111417252,-1.972819195304294,2000
Lüleburgaz,2008,1,-1.0499846084872997,-1.8064256091237332,2000
Lüleburgaz,2008,2,-1.2564959946682164,-1.7748172067798182,2000
Lüleburgaz,2008,3,-1.8860470063888484,-2.288447827905549,2000
Lüleburgaz,2008,4,-1.4185596925131025,-2.090208376513223,2000
Lüleburgaz,2008,5,-1.2763829418472241,-1.945265769261404,2000
Lüleburgaz,2008,6,-0.5187880244681105,-1.1356759247025041,2000
Lüleburgaz,2008,7,-0.24157332111631702,-0.6514869523703518,2000
Lüleburgaz,2008,8,-0.27352529130787195,-0.6481505343248518,2000
Lüleburgaz,2008,9,-0.45444441518575984,-0.818379379383352,2000
Lüleburgaz,2008,10,-0.7143022086107946,-1.225716680949177,2000
Lüleburgaz,2008,11,-1.4594710926542462,-2.0991483927015677,2000
Lüleburgaz,2008,12,-1.5935920182913303,-2.326612833940176,2000
Lüleburgaz,2009,1,-1.0283583096707134,-1.7471402432707952,2000
Lüleburgaz,2009,2,-0.00013795786763232503,-0.7628331606802693,2000
Lüleburgaz,2009,3,0.3352201298913724,-0.17420854448081918,2000
Lüleburgaz,2009,4,0.0975928452836467,-0.3817799796389732,2000
Lüleburgaz,2009,5,-0.15233402984959749,-0.4214036882529076,2000
Lüleburgaz,2009,6,-0.8338810681693826,-1.3820176789580119,2000
Lüleburgaz,2009,7,-0.8286586086256459,-1.4515254957537178,2000
Lüleburgaz,2009,8,-0.8501084631034698,-1.2697033418580252,2000
Lüleburgaz,2009,9,0.12625638390330493,-0.10903759429034494,2000
Lüleburgaz,2009,10,1.2269508301336671,1.037933033811419,2000
Lüleburgaz,2009,11,1.3256805065933408,1.1114622503514362,2000
Lüleburgaz,2009,12,1.442204896745252,1.1867606944001934,2000
Lüleburgaz,2010,1,1.329809268155428,1.0890212428876356,2010
Lüleburgaz,2010,2,1.905452313178279,1.8252507558674307,2010
Lüleburgaz,2010,3,1.590132446424311,1.517766547766064,2010
Lüleburgaz,2010,4,1.8369063797427647,1.66673322893175,2010
Lüleburgaz,2010,5,1.7299146329353006,0.8841859309105575,2010
Lüleburgaz,2010,6,1.9197989873355539,1.5868443710396551,2010
Lüleburgaz,2010,7,2.1702337135133094,1.7159007406402116,2010
Lüleburgaz,2010,8,2.153585579939889,1.5829351149946649,2010
Lüleburgaz,2010,9,1.4077123855663345,0.8827301950453044,2010
Lüleburgaz,2010,10,1.459310882500541,1.0323333379711583,2010
Lüleburgaz,2010,11,2.014439583684454,1.3907922339937822,2010
Lüleburgaz,2010,12,2.2672532101981395,1.6410823987132845,2010
Lüleburgaz,2011,1,2.092360506954126,1.4875469390228715,2010
Lüleburgaz,2011,2,0.8790583164545951,0.20688865416584268,2010
Lüleburgaz,2011,3,0.6598103774879291,-0.003464630448873488,2010
Lüleburgaz,2011,4,1.0099058099175076,0.4638878533512551,2010
Lüleburgaz,2011,5,1.0344404807628784,0.4260347520132996,2010
Lüleburgaz,2011,6,1.234133023053992,0.8798568709777304,2010
Lüleburgaz,2011,7,0.7558078006631807,0.3335908346681793,2010
Lüleburgaz,2011,8,0.6872820882477443,0.5283857688946756,2010
Lüleburgaz,2011,9,0.8331552425586857,0.6551202289271719,2010
Lüleburgaz,2011,10,0.7102821305475042,0.5559774983971795,2010
Lüleburgaz,2011,11,-0.031372971332856193,-0.09654506156327865,2010
Lüleburgaz,2011,12,-0.7067128120519293,-0.8716852304771301,2010
Lüleburgaz,2012,1,-0.6089647542518638,-0.7531832034759558,2010
Lüleburgaz,2012,2,-0.3861761347091496,-0.5659811820892638,2010
Lüleburgaz,2012,3,-0.4380955412840073,-0.5703096610326494,2010
Lüleburgaz,2012,4,-0.5408652322948765,-0.8138631311732587,2010
Lüleburgaz,2012,5,0.12397561552540999,0.017072857487778457,2010
Lüleburgaz,2012,6,-0.18254870089709851,-0.5289142394534332,2010
Lüleburgaz,2012,7,-0.16596647247255958,-0.6080290656317099,2010
Lüleburgaz,2012,8,-0.1277145856802626,-0.6924245733168973,2010
Lüleburgaz,2012,9,-0.419450137811762,-0.9686154641416923,2010
Lüleburgaz,2012,10,-0.5189637996595646,-1.5363352411801035,2010
Lüleburgaz,2012,11,-0.30053602430816356,-1.4979772368060067,2010
Lüleburgaz,2012,12,0.43161265445184854,-0.34757580311024455,2010
Lüleburgaz,2013,1,0.8753829261605367,0.09433443246861539,2010
Lüleburgaz,2013,2,1.257153348232313,0.3621423394816351,2010
Lüleburgaz,2013,3,1.7561189923102007,1.0427414418842995,2010
Lüleburgaz,2013,4,1.8383189769482255,1.0474502392920402,2010
Lüleburgaz,2013,5,1.7078960864972432,0.5496208486364184,2010
Lüleburgaz,2013,6,2.157107879582018,1.3765924648114618,2010
Lüleburgaz,2013,7,2.2309049253498525,1.524914203714848,2010
Lüleburgaz,2013,8,2.137562709465019,1.490494937961462,2010
Lüleburgaz,2013,9,2.1192841683105463,1.4761516781167594,2010
Lüleburgaz,2013,10,1.9175206957361837,1.471928519889047,2010
Lüleburgaz,2013,11,2.3416106647323316,1.8109031788937011,2010
Lüleburgaz,2013,12,0.9290686125455175,0.6128238208913394,2010
Lüleburgaz,2014,1,0.7092415870347744,0.25638791857778087,2010
Lüleburgaz,2014,2,0.013099231990011301,-0.7326367072300408,2010
Lüleburgaz,2014,3,-0.14434325431796863,-0.8495561297974877,2010
Lüleburgaz,2014,4,-0.23484325912788828,-0.9607990218050934,2010
Lüleburgaz,2014,5,-0.34803785574932444,-0.6230171362070728,2010
Lüleburgaz,2014,6,-0.5986510835165225,-1.1540341794271103,2010
Lüleburgaz,2014,7,0.4947153749385092,0.14040685841858108,2010
Lüleburgaz,2014,8,0.6362033453767254,0.35659314357540395,2010
Lüleburgaz,2014,9,1.4884395179121652,1.2494254044763466,2010
Lüleburgaz,2014,10,1.1681087827764078,0.9636012969896007,2010
Lüleburgaz,2014,11,1.0591051159919347,0.8540546635564555,2010
Lüleburgaz,2014,12,1.5800713594446671,1.2826644799510998,2010
Lüleburgaz,2015,1,1.4145400210587187,1.1722650282174223,2010
Lüleburgaz,2015,2,1.8809361435999197,1.7935678625619584,2010
Lüleburgaz,2015,3,1.5588648383833983,1.5018021019674488,2010
Lüleburgaz,2015,4,1.879888337879712,1.8011423095835597,2010
Lüleburgaz,2015,5,1.283411849170101,0.6769046258583153,2010
Lüleburgaz,2015,6,1.2799663945730169,1.0701042535517644,2010
Lüleburgaz,2015,7,0.26911075497924963,-0.052798013309910345,2010
Lüleburgaz,2015,8,0.12305738948306497,-0.3216721286301625,2010
Lüleburgaz,2015,9,-0.3919439636973529,-1.0960250277678845,2010
Lüleburgaz,2015,10,0.21006160827832893,-0.45019207027313085,2010
Lüleburgaz,2015,11,0.1039270964122994,-0.7515659851591513,2010
Lüleburgaz,2015,12,-0.797060353819008,-1.655642169496085,2010
Lüleburgaz,2016,1,-0.4629303595419899,-1.2605038943118403,2010
Lüleburgaz,2016,2,-0.3121345872392421,-1.1980497077749512,2010
Lüleburgaz,2016,3,-0.5754760216755391,-1.4496954067378225,2010
Lüleburgaz,2016,4,-1.0832184509836795,-2.0309354140888947,2010
Lüleburgaz,2016,5,-0.6350419829208138,-1.3311204089983955,2010
Lüleburgaz,2016,6,-0.7104294967198114,-1.8264240356530648,2010
Lüleburgaz,2016,7,-0.7042391852391936,-1.8883091113849668,2010
Lüleburgaz,2016,8,-0.6796812333797112,-1.6976069064202641,2010
Lüleburgaz,2016,9,-1.2269871814778148,-2.2439021540043513,2010
Lüleburgaz,2016,10,-2.369266471784568,-4.75,2010
Lüleburgaz,2016,11,-2.0948080770988677,-3.1576891602453876,2010
Lüleburgaz,2016,12,-1.9183849153860941,-2.9928488567211544,2010
Lüleburgaz,2017,1,-1.6024384874659954,-2.5169810783344833,2010
Lüleburgaz,2017,2,-1.8628211681630835,-2.215548804511972,2010
Lüleburgaz,2017,3,-1.4179017841027273,-1.945493862779863,2010
Lüleburgaz,2017,4,-1.330487774902658,-1.703994725206983,2010
Lüleburgaz,2017,5,-1.4184906303228413,-1.6811995093110672,2010
Lüleburgaz,2017,6,-1.5172040416719712,-1.8319607386073997,2010
Lüleburgaz,2017,7,-0.6218190355469919,-0.888977283667024,2010
Lüleburgaz,2017,8,-0.5245255739047289,-0.7194061297897317,2010
Lüleburgaz,2017,9,-0.25238391351958006,-0.42898838797646216,2010
Lüleburgaz,2017,10,0.2940236861015106,0.2646880191936082,2010
Lüleburgaz,2017,11,0.5696193524558569,0.488734538766618,2010
Lüleburgaz,2017,12,1.3892766084242918,1.1730602986559664,2010
Lüleburgaz,2018,1,1.1593424467306466,0.8809512671863651,2010
Lüleburgaz,2018,2,1.5112598561808597,1.2944992483127389,2010
Lüleburgaz,2018,3,1.7916963814583533,1.6376661282362766,2010
Lüleburgaz,2018,4,1.6995015915250986,1.3214707713985654,2010
Lüleburgaz,2018,5,1.4919309785389783,0.6195065587362782,2010
Lüleburgaz,2018,6,2.281439654319251,1.6959294238735665,2010
Lüleburgaz,2018,7,2.0413446322752167,1.4230028023878658,2010
Lüleburgaz,2018,8,1.9094248917692496,1.3010234757342363,2010
Lüleburgaz,2018,9,1.8479142765138121,1.2644395840233291,2010
Lüleburgaz,2018,10,1.5579867545931436,0.958683937089329,2010
Lüleburgaz,2018,11,1.5019997901622202,0.8291156031377813,2010
Lüleburgaz,2018,12,0.9235379465987679,0.39026093469731593,2010
Lüleburgaz,2019,1,0.6657351841711767,0.030722923613679738,2010
Lüleburgaz,2019,2,0.2671660690547783,-0.550696521946447,2010
Lüleburgaz,2019,3,-0.5107756039719086,-1.2888282181172972,2010
Lüleburgaz,2019,4,-0.21476648326908185,-0.7999366228026564,2010
Lüleburgaz,2019,5,0.086097566766301,-0.14184935299987167,2010
Lüleburgaz,2019,6,-1.2852026884104693,-1.8735284182807366,2010
Lüleburgaz,2019,7,-1.935705150197852,-2.5044261436185207,2010
Lüleburgaz,2019,8,-1.8642922566289215,-2.2625295182092557,2010
Lüleburgaz,2019,9,-2.182771669748576,-2.7819651670694165,2010
Lüleburgaz,2019,10,-2.842642315058214,-4.345750465086892,2010
Lüleburgaz,2019,11,-3.454781664208339,-4.160065739575597,2010
Lüleburgaz,2019,12,-3.737521047896083,-4.75,2010
Lüleburgaz,2020,1,-4.202077302048152,-4.75,2020
Lüleburgaz,2020,2,-4.215578567142595,-3.1900962908720945,2020
Lüleburgaz,2020,3,-3.7685297075898445,-3.142150241226156,2020
Lüleburgaz,2020,4,-4.017339782908373,-3.1922529065294043,2020
Lüleburgaz,2020,5,-2.9391930415915417,-4.75,2020
Lüleburgaz,2020,6,-1.7034605994273415,-1.9085335574632962,2020
Lüleburgaz,2020,7,-1.7471078420485657,-2.0086642031682835,2020
Lüleburgaz,2020,8,-1.6352365143384153,-1.7507845881146353,2020
Lüleburgaz,2020,9,-1.5705117714194987,-1.8368295815581925,2020
Lüleburgaz,2020,10,-1.0794524622324297,-1.7507784766681218,2020
Lüleburgaz,2020,11,-1.285316127813784,-1.6674241382546786,2020
Lüleburgaz,2020,12,-1.19750041099896,-1.6404795255241642,2020
Lüleburgaz,2021,1,0.24159313935342558,-0.04745469052021384,2020
Lüleburgaz,2021,2,0.24495745332480265,-0.1759216315042134,2020
Lüleburgaz,2021,3,0.5442759997165589,0.3468459741470843,2020
Lüleburgaz,2021,4,0.5755421813508808,0.3637023489375671,2020
Lüleburgaz,2021,5,-0.08097077293651332,-0.23180145327751708,2020
Lüleburgaz,2021,6,-0.4641583033398473,-0.7686577881424037,2020
Lüleburgaz,2021,7,-0.37999657239362655,-0.7104185892072781,2020
Lüleburgaz,2021,8,-0.4167975903968096,-0.8679100659668492,2020
Lüleburgaz,2021,9,-0.42312565605733166,-0.725198835378588,2020
Lüleburgaz,2021,10,-0.34214512384668017,-0.5933559604140318,2020
Lüleburgaz,2021,11,0.5197103122722353,0.23474243142997828,2020
Lüleburgaz,2021,12,1.6717454643652023,1.3812074712623703,2020
Lüleburgaz,2022,1,0.5312921115982905,0.2211203001541019,2020
Lüleburgaz,2022,2,0.8948361052366249,0.540863548315521,2020
Lüleburgaz,2022,3,0.4314164706909359,0.03400408524026099,2020
Lüleburgaz,2022,4,0.7334367736976823,0.20740742504885512,2020
Lüleburgaz,2022,5,0.8162040066861465,0.26046601816195697,2020
Lüleburgaz,2022,6,0.6363955969363276,-0.12388085189027018,2020
Lüleburgaz,2022,7,0.5668436882929483,0.09320253378429195,2020
Lüleburgaz,2022,8,0.7063512040202694,0.20042203377350998,2020
Lüleburgaz,2022,9,1.1457407903728876,0.6624211436014172,2020
Lüleburgaz,2022,10,0.5532811306039175,-0.11593380720010146,2020
Lüleburgaz,2022,11,-0.07695987612620188,-1.0351180855946045,2020
Lüleburgaz,2022,12,-1.7437863559144307,-2.880109070032355,2020
Lüleburgaz,2023,1,-1.8180880791112368,-2.8729674658618567,2020
Lüleburgaz,2023,2,-2.5978613080038753,-2.675776113932984,2020
Lüleburgaz,2023,3,-1.8405356204560832,-2.3848877784664997,2020
Lüleburgaz,2023,4,-1.9426518147423302,-2.336331061753482,2020
Lüleburgaz,2023,5,-1.7804596246531375,-2.5422832201186853,2020
Lüleburgaz,2023,6,-1.8998622441250854,-2.1813368438101746,2020
Lüleburgaz,2023,7,-1.8372367508968024,-2.7194314397191515,2020
Lüleburgaz,2023,8,-1.9703680288624075,-2.8071648021592503,2020
Lüleburgaz,2023,9,-2.6286768134979024,-4.75,2020
Lüleburgaz,2023,10,-2.941023713657973,-4.75,2020
Lüleburgaz,2023,11,-1.378325603519555,-3.332491073977225,2020
Lüleburgaz,2023,12,-0.9266967347081205,-2.7474388941886594,2020
Lüleburgaz,2024,1,-0.42875998504365964,-2.0721437680532313,2020
Lüleburgaz,2024,2,-0.23700497009285548,-1.761209167199984,2020
Lüleburgaz,2024,3,-0.22804208125076336,-1.7226511878079067,2020
Lüleburgaz,2024,4,-0.6638800140036311,-2.301019970188314,2020
Lüleburgaz,2024,5,-0.5567089026076919,-3.0545357963892403,2020
Lüleburgaz,2024,6,-0.788559783609242,-3.0691311522533358,2020
Lüleburgaz,2024,7,-0.8861196623448732,-3.8533335061556198,2020
Lüleburgaz,2024,8,-0.8776127665037916,-3.249785694156445,2020
Lüleburgaz,2024,9,-0.8376663756644471,-3.289400347308211,2020
Lüleburgaz,2024,10,-0.8557354592515368,-3.7019626319286894,2020
Lüleburgaz,2024,11,-2.1361727301291653,-4.509736583973664,2020
Lüleburgaz,2024,12,-2.0334789051497664,-4.720729993297946,2020
Sarıyer,1965,12,0.6345402747690391,0.7890925784496116,1960
Sarıyer,1966,1,1.6538350903807142,1.6400548283791685,1960
Sarıyer,1966,2,0.9626244260116978,0.9712733488142928,1960
Sarıyer,1966,3,1.171825650630367,1.182088056434278,1960
Sarıyer,1966,4,0.6238344234234549,0.5654392369568078,1960
Sarıyer,1966,5,0.570244666595322,0.4967798545769803,1960
Sarıyer,1966,6,0.6271080952205047,0.6837780543621285,1960
Sarıyer,1966,7,0.38793686655193527,0.3257546100155059,1960
Sarıyer,1966,8,0.3062628870711413,0.02540014474937517,1960
Sarıyer,1966,9,0.43190172355199,0.29096587763612974,1960
Sarıyer,1966,10,0.1547510718627947,-0.15698019641420805,1960
Sarıyer,1966,11,-0.7991773904297554,-1.3406689852981883,1960
Sarıyer,1966,12,-0.7159721996571149,-1.1571952436142343,1960
Sarıyer,1967,1,-1.2672732150755093,-1.6455436013415106,1960
Sarıyer,1967,2,-0.7746109752482129,-1.069255491114614,1960
Sarıyer,1967,3,-1.1218474262958114,-1.369597074256935,1960
Sarıyer,1967,4,-1.0232557237248696,-1.2156425027349083,1960
Sarıyer,1967,5,-0.9730173819140332,-1.1593492925492077,1960
Sarıyer,1967,6,-1.0669394952898539,-1.301479349940839,1960
Sarıyer,1967,7,-1.0141395121393724,-1.1883222893881742,1960
Sarıyer,1967,8,-0.8622334528053699,-1.0416088925018403,1960
Sarıyer,1967,9,-0.6449413388323931,-0.8887677379440706,1960
Sarıyer,1967,10,-0.27159677432895335,-0.3828958789397006,1960
Sarıyer,1967,11,-0.5579465795389182,-0.5663200870363605,1960
Sarıyer,1967,12,-0.9647855294692195,-1.0675371205349466,1960
Sarıyer,1968,1,-0.6051946041301147,-0.7113527867536517,1960
Sarıyer,1968,2,-0.7548964304226145,-0.942328917677658,1960
Sarıyer,1968,3,-0.6695486145366397,-0.8645604272162684,1960
Sarıyer,1968,4,-0.8595767363194199,-1.0533683842338806,1960
Sarıyer,1968,5,-1.0180682190320325,-1.2528891215794198,1960
Sarıyer,1968,6,-1.0336616388232391,-1.3520608174772395,1960
Sarıyer,1968,7,-1.108871956993256,-1.3173056842616155,1960
Sarıyer,1968,8,-0.8221084437525121,-0.9378411215253322,1960
Sarıyer,1968,9,-0.5359722474442271,-0.6158225008350984,1960
Sarıyer,1968,10,-0.686738191473661,-0.7154309744192525,1960
Sarıyer,1968,11,-0.2733646857220891,-0.2547924749144205,1960
Sarıyer,1968,12,0.17380580325111705,0.2590250276007128,1960
Sarıyer,1969,1,0.11512076208054968,0.10340562182582039,1960
Sarıyer,1969,2,0.38832551381876695,0.32913365085916624,1960
Sarıyer,1969,3,0.4888489818119484,0.5463602036954788,1960
Sarıyer,1969,4,1.1252540771444273,1.201373517206461,1960
Sarıyer,1969,5,1.2010910609288927,1.2914131792664558,1960
Sarıyer,1969,6,1.4120032921064671,1.3993185467857596,1960
Sarıyer,1969,7,1.4761071136706565,1.512333316834996,1960
Sarıyer,1969,8,1.2136782831672548,1.2834012782052029,1960
Sarıyer,1969,9,0.9189832151261893,0.9831687448298246,1960
Sarıyer,1969,10,0.6412058620435992,0.7672443736413761,1960
Sarıyer,1969,11,0.21383933250243456,0.3535675506999351,1960
Sarıyer,1969,12,0.18426441812151398,0.2791437132046244,1960
Sarıyer,1970,1,-0.38253449675283807,-0.49241750480686636,1970
Sarıyer,1970,2,-0.04686865515080147,-0.23040909885729147,1970
Sarıyer,1970,3,-0.011206665910432977,-0.2175741579265903,1970
Sarıyer,1970,4,-0.08912558989493363,-0.44259558410898814,1970
Sarıyer,1970,5,0.21458984911063433,-0.05186692223654902,1970
Sarıyer,1970,6,-0.04152338741313357,-0.19917589503236108,1970
Sarıyer,1970,7,-0.1013782914954914,-0.4542885399631999,1970
Sarıyer,1970,8,-0.30002299896839596,-0.6948356647853988,1970
Sarıyer,1970,9,0.3138700710915776,0.07837967518503036,1970
Sarıyer,1970,10,0.9962655015733934,0.8646226987781837,1970
Sarıyer,1970,11,1.5578495774556471,1.310122960041469,1970
Sarıyer,1970,12,1.158878687103646,1.0688004262653754,1970
Sarıyer,1971,1,1.0165565125425438,0.8558346050213287,1970
Sarıyer,1971,2,0.8151587059370196,0.6516690579283072,1970
Sarıyer,1971,3,1.2148429186916185,1.1388638678533036,1970
Sarıyer,1971,4,0.7269291118558311,0.7383053590910507,1970
Sarıyer,1971,5,0.4252141257890904,0.3543368638219285,1970
Sarıyer,1971,6,0.3885379889971414,0.29123734672116963,1970
Sarıyer,1971,7,0.4148741057561223,0.38824713910141345,1970
Sarıyer,1971,8,0.42354001801559416,0.356961603710507,1970
Sarıyer,1971,9,-0.3578466062266022,-0.37323171776186387,1970
Sarıyer,1971,10,-0.12317038330828778,-0.0881377671965923,1970
Sarıyer,1971,11,-0.27994347521703544,-0.23137565980904218,1970
Sarıyer,1971,12,-0.24357976841810747,-0.18633464582884468,1970
Sarıyer,1972,1,-0.5979748271056543,-0.5539883641571098,1970
Sarıyer,1972,2,-0.870704406502874,-0.8278372341673513,1970
Sarıyer,1972,3,-1.7814533070458634,-1.6043700612295042,1970
Sarıyer,1972,4,-1.6401057834819175,-1.5532477161400136,1970
Sarıyer,1972,5,-1.5022830549788482,-1.3696460551465814,1970
Sarıyer,1972,6,-1.4798801592309048,-1.4192905232723674,1970
Sarıyer,1972,7,-0.9543378846043022,-0.9850563364238297,1970
Sarıyer,1972,8,-0.6297385951099957,-0.7029169451752194,1970
Sarıyer,1972,9,-0.05940453922211735,-0.061689625301324436,1970
Sarıyer,1972,10,0.06479115461400237,0.09074626068379514,1970
Sarıyer,1972,11,0.2278958634997798,0.28643789131811714,1970
Sarıyer,1972,12,-0.28396293929347344,-0.2601018242526377,1970
Sarıyer,1973,1,-0.06660072872386558,-0.11970233499427134,1970
Sarıyer,1973,2,0.058960442679162346,-0.1344974735773942,1970
Sarıyer,1973,3,0.3744921399961605,0.3162291359270289,1970
Sarıyer,1973,4,0.5031911662736618,0.5470772695242723,1970
Sarıyer,1973,5,0.37855519560550693,0.38321599333391954,1970
Sarıyer,1973,6,0.630540556267591,0.773610305583757,1970
Sarıyer,1973,7,0.2246258438082049,0.3705587317008763,1970
Sarıyer,1973,8,0.04673127859166748,0.21263783102750564,1970
Sarıyer,1973,9,-0.5535072139027133,-0.2999843206436071,1970
Sarıyer,1973,10,-0.6567143166345213,-0.49987411829598344,1970
Sarıyer,1973,11,-1.0121463015311332,-0.8205023733746027,1970
Sarıyer,1973,12,-0.5062167539160625,-0.3232919812969897,1970
Sarıyer,1974,1,-0.4540265861660653,-0.330925090318537,1970
Sarıyer,1974,2,-0.5980780652372445,-0.5008243125690851,1970
Sarıyer,1974,3,-0.5050450342303685,-0.38968895175893187,1970
Sarıyer,1974,4,-0.5911966371097881,-0.41146182756080824,1970
Sarıyer,1974,5,0.39924951359067273,0.628081374511251,1970
Sarıyer,1974,6,0.03795483770504542,0.3004008779980698,1970
Sarıyer,1974,7,0.16080059602174718,0.45907567312959224,1970
Sarıyer,1974,8,0.8560862996635689,1.076928009853232,1970
Sarıyer,1974,9,1.5776246540911223,1.629335824335496,1970
Sarıyer,1974,10,0.7550089413692153,0.9957958711169634,1970
Sarıyer,1974,11,0.8296390233851587,1.0038935468535957,1970
Sarıyer,1974,12,0.7771156203400421,0.9731070591620045,1970
Sarıyer,1975,1,0.8809981499403754,1.0002350966820144,1970
Sarıyer,1975,2,1.2814631807853827,1.4105116435001386,1970
Sarıyer,1975,3,1.31230791124156,1.3353880457665852,1970
Sarıyer,1975,4,1.3435777777635778,1.2355279581455831,1970
Sarıyer,1975,5,0.7283355688549289,0.6357491004867856,1970
Sarıyer,1975,6,0.9874160471787471,0.8503865612437898,1970
Sarıyer,1975,7,0.858535816456731,0.5694516501694966,1970
Sarıyer,1975,8,1.0314001735138383,0.6963659656231956,1970
Sarıyer,1975,9,0.2775835038179215,-0.05781750631664448,1970
Sarıyer,1975,10,0.8468754505250445,0.7273105600429272,1970
Sarıyer,1975,11,0.9537743634323371,0.8431261467419012,1970
Sarıyer,1975,12,0.8330054266212791,0.7949845159391709,1970
Sarıyer,1976,1,0.3951552255945061,0.24700786235090588,1970
Sarıyer,1976,2,-0.0824335652033135,-0.32322643059260114,1970
Sarıyer,1976,3,-0.5057589368074158,-0.5685251739404955,1970
Sarıyer,1976,4,-0.5666364593036822,-0.537584586982694,1970
Sarıyer,1976,5,-1.0053960159453175,-0.896225390255122,1970
Sarıyer,1976,6,-1.2806142129742013,-1.0797468102400953,1970
Sarıyer,1976,7,-0.81155852230667,-0.5575896826669775,1970
Sarıyer,1976,8,-1.5928156080693943,-1.1338865783966976,1970
Sarıyer,1976,9,-1.2479152501275035,-0.7230332505038726,1970
Sarıyer,1976,10,-1.4427063965411793,-1.0004494418903687,1970
Sarıyer,1976,11,-1.4913831753120261,-1.0781825157453213,1970
Sarıyer,1976,12,-1.011301972412956,-0.7140989029581786,1970
Sarıyer,1977,1,-0.9006922968669362,-0.6417728246989848,1970
Sarıyer,1977,2,-0.9938539719070932,-0.9228954875152728,1970
Sarıyer,1977,3,-0.5021900814091826,-0.4885929796724744,1970
Sarıyer,1977,4,-0.2041257655632852,-0.13429778433840553,1970
Sarıyer,1977,5,-0.20081647503697642,-0.1834388284663578,1970
Sarıyer,1977,6,-0.07856173057063433,-0.03647541721403486,1970
Sarıyer,1977,7,0.2958966569006519,0.32727402704989533,1970
Sarıyer,1977,8,-0.09277067039454887,-0.27380352444714684,1970
Sarıyer,1977,9,-0.2848073455571008,-0.3960836843321092,1970
Sarıyer,1977,10,-0.6397197187742603,-0.6323884720267485,1970
Sarıyer,1977,11,-0.4133253910363175,-0.37849847575311346,1970
Sarıyer,1977,12,-0.5783376756179092,-0.5138048021032058,1970
Sarıyer,1978,1,0.2598419392879341,0.3232071499747968,1970
Sarıyer,1978,2,0.741195983549025,0.8438947654693114,1970
Sarıyer,1978,3,0.6778955286643789,0.7885099058715054,1970
Sarıyer,1978,4,0.9146188055435155,0.9828711269272346,1970
Sarıyer,1978,5,1.0641967704037072,1.0912498919360052,1970
Sarıyer,1978,6,0.8079804969511654,0.849728013837505,1970
Sarıyer,1978,7,0.11994855710827915,0.1712214821188832,1970
Sarıyer,1978,8,0.36643369759181715,0.4811047657911967,1970
Sarıyer,1978,9,0.843282632296233,1.0087364645501344,1970
Sarıyer,1978,10,1.5279403985755435,1.503628277056542,1970
Sarıyer,1978,11,1.3656894565137063,1.4058395145678333,1970
Sarıyer,1978,12,1.2342475682640155,1.2895347041720648,1970
Sarıyer,1979,1,0.8550260599742965,0.9534090181208907,1970
Sarıyer,1979,2,0.6726460000803274,0.7612461269895139,1970
Sarıyer,1979,3,0.24620140896677295,0.31588279791415735,1970
Sarıyer,1979,4,0.008384792816154596,0.05018153526874349,1970
Sarıyer,1979,5,-0.11111132814065065,-0.04769074580201552,1970
Sarıyer,1979,6,-0.031918770938893996,0.04490017697055462,1970
Sarıyer,1979,7,0.5274376962648188,0.5675848726216818,1970
Sarıyer,1979,8,0.9182431664222711,0.8629941041301826,1970
Sarıyer,1979,9,0.4711524785394862,0.419518375081316,1970
Sarıyer,1979,10,-0.0177652998851752,-0.010865550374404806,1970
Sarıyer,1979,11,0.6173113853213554,0.6133733445135311,1970
Sarıyer,1979,12,0.8148463915821549,0.8173178569304532,1970
Sarıyer,1980,1,1.0320251817229062,0.9985545285779469,1980
Sarıyer,1980,2,1.2833403549920364,1.2805188788622197,1980
Sarıyer,1980,3,1.936107182962851,1.8671738607627526,1980
Sarıyer,1980,4,1.9531435291583812,1.8760906093997367,1980
Sarıyer,1980,5,2.168715476474289,2.005738574329376,1980
Sarıyer,1980,6,2.221655128199221,2.004237068400925,1980
Sarıyer,1980,7,1.9194980546567446,1.8451081692214202,1980
Sarıyer,1980,8,1.4433386145698461,1.5381739908178562,1980
Sarıyer,1980,9,1.652316512254068,1.6639384782661675,1980
Sarıyer,1980,10,1.1440655424283612,1.2804663449382245,1980
Sarıyer,1980,11,1.314644233165199,1.357064803606576,1980
Sarıyer,1980,12,1.0247050051667985,1.1421776978116243,1980
Sarıyer,1981,1,1.680316253772502,1.6452553663554363,1980
Sarıyer,1981,2,1.8424216026483515,1.8696685303790301,1980
Sarıyer,1981,3,1.6312080874988872,1.580764978498958,1980
Sarıyer,1981,4,1.5283259787590946,1.4563075429166432,1980
Sarıyer,1981,5,1.6302827571956868,1.575685158428541,1980
Sarıyer,1981,6,1.7397104865986495,1.5994613602834928,1980
Sarıyer,1981,7,1.9594043845193911,1.7877070196555767,1980
Sarıyer,1981,8,1.6738090257335756,1.6543854198718497,1980
Sarıyer,1981,9,2.020805828755898,1.7761119623213504,1980
Sarıyer,1981,10,2.2565409087513286,1.9318959769788382,1980
Sarıyer,1981,11,2.1333411677191405,1.8571897667481085,1980
Sarıyer,1981,12,2.5315506191346135,2.053064723092698,1980
Sarıyer,1982,1,1.8439751986467046,1.7572280340429374,1980
Sarıyer,1982,2,1.187760259231693,1.2872592977582147,1980
Sarıyer,1982,3,0.7314047002522215,0.9170565381502033,1980
Sarıyer,1982,4,1.2575951407600248,1.396103861601744,1980
Sarıyer,1982,5,1.1215374366534525,1.2616736424439532,1980
Sarıyer,1982,6,1.0407879083631828,1.2058123511039185,1980
Sarıyer,1982,7,1.01053351264197,1.1813253545263591,1980
Sarıyer,1982,8,1.0474501447813138,1.2303074274837114,1980
Sarıyer,1982,9,0.6132129538395096,0.7815745139814094,1980
Sarıyer,1982,10,0.4603892176413926,0.7216392171619512,1980
Sarıyer,1982,11,-0.03469446560916045,0.2043313265270678,1980
Sarıyer,1982,12,-0.7962345423375693,-0.6368966521687388,1980
Sarıyer,1983,1,-0.9123267943664473,-0.7866110639350462,1980
Sarıyer,1983,2,-0.23283673079401457,-0.20275317095431486,1980
Sarıyer,1983,3,-0.5551779459725064,-0.5563500123812563,1980
Sarıyer,1983,4,-1.0193180238764985,-1.113752643366762,1980
Sarıyer,1983,5,-1.2399993975934418,-1.4369547213290026,1980
Sarıyer,1983,6,-0.9256059229911688,-1.1577398799151424,1980
Sarıyer,1983,7,-1.1097151586288712,-1.38043059042826,1980
Sarıyer,1983,8,-1.237850211351928,-1.3998599859725402,1980
Sarıyer,1983,9,-1.0807695104220632,-1.2466891617324753,1980
Sarıyer,1983,10,-0.3823958657599576,-0.4697947896862347,1980
Sarıyer,1983,11,0.030826996008308533,0.04459537444063035,1980
Sarıyer,1983,12,-0.6549431759847993,-0.6622434668548969,1980
Sarıyer,1984,1,-0.6446075161767757,-0.7753084632212915,1980
Sarıyer,1984,2,-1.1008054831969754,-1.1968336493900877,1980
Sarıyer,1984,3,-0.4283273592918467,-0.5109863918308848,1980
Sarıyer,1984,4,-0.2625941123312875,-0.1488212696743804,1980
Sarıyer,1984,5,-0.2640496632081737,-0.14518300596819633,1980
Sarıyer,1984,6,-0.46480697425208806,-0.3188454247644847,1980
Sarıyer,1984,7,0.23473853564138156,0.43806229148877823,1980
Sarıyer,1984,8,0.4855302111232616,0.674721820277809,1980
Sarıyer,1984,9,0.26885345037126,0.4907185055238326,1980
Sarıyer,1984,10,0.05806450729562566,0.23924117753432156,1980
Sarıyer,1984,11,-0.10470254262171785,0.016573742665818503,1980
Sarıyer,1984,12,-0.2187119640239215,-0.08217518026330912,1980
Sarıyer,1985,1,0.18078404381100086,0.2722316716675944,1980
Sarıyer,1985,2,0.42822153244128985,0.5423466178539971,1980
Sarıyer,1985,3,0.010893142345635359,0.18727935196756076,1980
Sarıyer,1985,4,-0.1573673221029329,-0.12365180367363453,1980
Sarıyer,1985,5,-0.24171897026251413,-0.20647428394261116,1980
Sarıyer,1985,6,-0.4052621276282435,-0.3610891080681765,1980
Sarıyer,1985,7,-1.3771204694063064,-1.2536126896574415,1980
Sarıyer,1985,8,-1.7069164537519177,-1.5521144780748195,1980
Sarıyer,1985,9,-1.7532547391970892,-1.6204509505991926,1980
Sarıyer,1985,10,-0.1736523458370393,0.041833286532217746,1980
Sarıyer,1985,11,0.3172287494975753,0.5414456041111837,1980
Sarıyer,1985,12,0.47215083174904077,0.6477073474538799,1980
Sarıyer,1986,1,0.31289927579420684,0.38335818544446754,1980
Sarıyer,1986,2,0.571884924510788,0.5124249517385426,1980
Sarıyer,1986,3,0.49389531830718736,0.4826598030138062,1980
Sarıyer,1986,4,0.5986768413250511,0.6053982169840545,1980
Sarıyer,1986,5,0.5558497070721022,0.6683797027481576,1980
Sarıyer,1986,6,0.764104678233259,0.8385065436471933,1980
Sarıyer,1986,7,0.7410378539754913,0.708883886209645,1980
Sarıyer,1986,8,0.6984480260294909,0.5885827115679734,1980
Sarıyer,1986,9,0.7676692727472894,0.6592687016366078,1980
Sarıyer,1986,10,-0.6575244112828708,-0.8618534803430059,1980
Sarıyer,1986,11,-1.2247921352197688,-1.3446133876304787,1980
Sarıyer,1986,12,-0.9400338157020082,-0.9840115564140273,1980
Sarıyer,1987,1,-1.155271353336978,-1.1541069487230637,1980
Sarıyer,1987,2,-1.8666907751529367,-1.6547739066447202,1980
Sarıyer,1987,3,-0.7863960122212423,-0.7816617222865171,1980
Sarıyer,1987,4,-0.823411673099824,-0.7387279469867127,1980
Sarıyer,1987,5,-0.7462086165014647,-0.6853825477711427,1980
Sarıyer,1987,6,-0.7040283235324057,-0.5414413052400947,1980
Sarıyer,1987,7,0.0708272312831671,0.1911555568214681,1980
Sarıyer,1987,8,0.956951214790402,1.1465601436610815,1980
Sarıyer,1987,9,0.9447624383502848,1.1612894805859493,1980
Sarıyer,1987,10,1.0435354580103273,1.2893310519710726,1980
Sarıyer,1987,11,1.3195497586391165,1.4052263045929716,1980
Sarıyer,1987,12,1.5670481569547918,1.5562065907617941,1980
Sarıyer,1988,1,0.8008063095711666,0.9537330607381217,1980
Sarıyer,1988,2,0.8479869011005933,0.9870564410610254,1980
Sarıyer,1988,3,0.26437347887813617,0.2977491885920287,1980
Sarıyer,1988,4,0.3469821354672725,0.3765320440486082,1980
Sarıyer,1988,5,0.4504383122185623,0.4839959767010972,1980
Sarıyer,1988,6,0.18184940510841344,0.22374681601665644,1980
Sarıyer,1988,7,-0.4733914985334437,-0.5548591700826284,1980
Sarıyer,1988,8,-1.4972334241088694,-1.5143755247827801,1980
Sarıyer,1988,9,-1.2643823156044207,-1.4112469784643482,1980
Sarıyer,1988,10,-1.5943214001729187,-1.8698249239908333,1980
Sarıyer,1988,11,-0.5944552775610669,-0.6088449541885915,1980
Sarıyer,1988,12,-0.32454084408757494,-0.2986969614758956,1980
Sarıyer,1989,1,-0.27520585337758446,-0.2653994984111791,1980
Sarıyer,1989,2,-0.4055476578614509,-0.47451454168376284,1980
Sarıyer,1989,3,-0.4800997631233707,-0.5175320164749934,1980
Sarıyer,1989,4,-0.7204534253413641,-0.8993837672369749,1980
Sarıyer,1989,5,-0.48261833202902515,-0.6830902783433966,1980
Sarıyer,1989,6,-0.28055064366645105,-0.3703699094472347,1980
Sarıyer,1989,7,-0.3924399041838403,-0.39437248701903044,1980
Sarıyer,1989,8,-0.3173511407347673,-0.33840594144400693,1980
Sarıyer,1989,9,-0.48832803240613143,-0.42619562482371237,1980
Sarıyer,1989,10,-0.15832490067105962,-0.05374796506839149,1980
Sarıyer,1989,11,-1.1232458197042372,-1.1601356657652868,1980
Sarıyer,1989,12,-1.8359844744800595,-1.9853396174792772,1980
Sarıyer,1990,1,-1.9196579016247892,-1.8535976758535617,1990
Sarıyer,1990,2,-1.6064303966945113,-1.5175399768028548,1990
Sarıyer,1990,3,-1.440036707359182,-1.4525164186085804,1990
Sarıyer,1990,4,-1.20742203512575,-1.1484169891258194,1990
Sarıyer,1990,5,-1.3492847164960955,-1.1740193688157705,1990
Sarıyer,1990,6,-1.2447522582877923,-1.154415601945048,1990
Sarıyer,1990,7,-1.2457529597833386,-1.1234698161770211,1990
Sarıyer,1990,8,-0.7913815880923039,-0.7085159509185759,1990
Sarıyer,1990,9,-0.21389986320331525,0.005669644362077866,1990
Sarıyer,1990,10,-0.6163053424677924,-0.43002139790015853,1990
Sarıyer,1990,11,-0.5038720506979236,-0.43762744011581123,1990
Sarıyer,1990,12,0.003305399620530345,0.06905202017627564,1990
Sarıyer,1991,1,0.030319679084312386,-0.04888732298219086,1990
Sarıyer,1991,2,0.17694722774679864,0.07455012461954612,1990
Sarıyer,1991,3,0.17704021097117323,0.23341481637990483,1990
Sarıyer,1991,4,0.6257666137783988,0.7676390003315905,1990
Sarıyer,1991,5,0.9484146918397818,1.0053961681097783,1990
Sarıyer,1991,6,0.6360298530014032,0.7503624206844731,1990
Sarıyer,1991,7,1.1122923396671525,1.132135687280035,1990
Sarıyer,1991,8,0.7947623060445492,0.77694348147598,1990
Sarıyer,1991,9,1.1452447107458947,1.0928689123252269,1990
Sarıyer,1991,10,1.6364233834375572,1.5008488820503612,1990
Sarıyer,1991,11,1.3048262882001338,1.2755857545718796,1990
Sarıyer,1991,12,1.1444833480653513,1.2325886679736913,1990
Sarıyer,1992,1,0.9456246527014811,1.0840966034401838,1990
Sarıyer,1992,2,0.868935861404457,1.0197729252403458,1990
Sarıyer,1992,3,1.1974287540519406,1.288708128915434,1990
Sarıyer,1992,4,0.8225318103065,0.8721104905218978,1990
Sarıyer,1992,5,0.32828191776301285,0.46370002097674645,1990
Sarıyer,1992,6,0.591334913657276,0.7138287350236198,1990
Sarıyer,1992,7,0.4748444194255538,0.6653629645276492,1990
Sarıyer,1992,8,0.4493132011042196,0.5603375343189233,1990
Sarıyer,1992,9,-0.595896251046276,-0.40513910427432975,1990
Sarıyer,1992,10,-1.1699136548678801,-1.1229537167243486,1990
Sarıyer,1992,11,-0.9996885169373085,-0.8786183325815743,1990
Sarıyer,1992,12,-1.1084143389351195,-1.0650050730688057,1990
Sarıyer,1993,1,-0.8147561114260025,-0.7749980121671354,1990
Sarıyer,1993,2,-0.5311082798263852,-0.5367178710167662,1990
Sarıyer,1993,3,-0.9284313496968655,-0.8784981523770051,1990
Sarıyer,1993,4,-1.1088069477473381,-0.9737249760119258,1990
Sarıyer,1993,5,-0.9462684359427542,-0.8902492913406863,1990
Sarıyer,1993,6,-1.4439945152180063,-1.3782903193322364,1990
Sarıyer,1993,7,-1.7434582885607912,-1.5732202115210023,1990
Sarıyer,1993,8,-1.6269468015623492,-1.3608455513480997,1990
Sarıyer,1993,9,-1.4459509883495425,-1.2523865809558015,1990
Sarıyer,1993,10,-2.0737495071519767,-1.935440086263354,1990
Sarıyer,1993,11,-1.5271705703321616,-1.3311640577503856,1990
Sarıyer,1993,12,-1.7038059899828388,-1.705009982817527,1990
Sarıyer,1994,1,-2.006595068385772,-1.8626541954923344,1990
Sarıyer,1994,2,-2.2546367364562365,-1.8966524296456098,1990
Sarıyer,1994,3,-2.210539934526665,-2.06561751080143,1990
Sarıyer,1994,4,-2.1045327131601232,-1.9819298595475139,1990
Sarıyer,1994,5,-2.103920651894819,-1.9908646639146543,1990
Sarıyer,1994,6,-1.5894068863258626,-1.651246356668823,1990
Sarıyer,1994,7,-1.6590774871788152,-1.7067539286506628,1990
Sarıyer,1994,8,-1.2289225427785462,-1.3675408282394867,1990
Sarıyer,1994,9,-1.721991355286213,-2.0330737060666926,1990
Sarıyer,1994,10,-0.9249087683100875,-1.470122135790265,1990
Sarıyer,1994,11,-1.2531044368031083,-1.819217138712286,1990
Sarıyer,1994,12,-0.6765216055292091,-1.0638848866282171,1990
Sarıyer,1995,1,0.10771343487785864,-0.2290682153945985,1990
Sarıyer,1995,2,0.2570678682220735,-0.19235503250197983,1990
Sarıyer,1995,3,0.6103756117618264,0.27078549959540404,1990
Sarıyer,1995,4,0.7090866354760207,0.4162723796065372,1990
Sarıyer,1995,5,0.466993255375492,0.16552551225796427,1990
Sarıyer,1995,6,0.0005121287518740534,-0.4419228910854449,1990
Sarıyer,1995,7,0.677950748988226,0.26952159640572976,1990
Sarıyer,1995,8,0.4189059238476703,0.0050099402790773195,1990
Sarıyer,1995,9,0.923737204529542,0.7182597275520082,1990
Sarıyer,1995,10,0.3160989610967425,0.2885689365492108,1990
Sarıyer,1995,11,0.29245241830048124,0.300440781539476,1990
Sarıyer,1995,12,-0.19246082087495903,-0.2579298695953599,1990
Sarıyer,1996,1,-0.9073386405420573,-1.0513834710354777,1990
Sarıyer,1996,2,-0.20254472525293848,-0.3310566630731937,1990
Sarıyer,1996,3,0.037599887571633295,0.12339032713186912,1990
Sarıyer,1996,4,0.237865192391234,0.41308032257551863,1990
Sarıyer,1996,5,0.5105473993341723,0.5999173247580745,1990
Sarıyer,1996,6,0.3955819256263153,0.6050889107123795,1990
Sarıyer,1996,7,-0.41804465998174833,-0.22137512110045637,1990
Sarıyer,1996,8,-0.349215042617209,-0.22046589751281825,1990
Sarıyer,1996,9,-0.2054594797182671,0.0815894788800741,1990
Sarıyer,1996,10,0.043098658181342654,0.3879891873134853,1990
Sarıyer,1996,11,-0.4300273701314756,-0.2031982896187692,1990
Sarıyer,1996,12,0.19262227338197455,0.37393229154451996,1990
Sarıyer,1997,1,-0.013880029006625171,0.010024303649176218,1990
Sarıyer,1997,2,-0.6166475207245599,-0.6861058926971665,1990
Sarıyer,1997,3,-0.9390040139892004,-1.0269288517369548,1990
Sarıyer,1997,4,-0.6427963669350353,-0.7225730174355428,1990
Sarıyer,1997,5,-0.9078788267812646,-0.9058702144997309,1990
Sarıyer,1997,6,-0.6737547480866112,-0.6963926832832643,1990
Sarıyer,1997,7,-0.01857200291298538,-0.0690820774513616,1990
Sarıyer,1997,8,1.0696262878194038,1.074089792539672,1990
Sarıyer,1997,9,0.5668027327371314,0.6913850409869989,1990
Sarıyer,1997,10,1.6820216825682863,1.6090324179411062,1990
Sarıyer,1997,11,1.6410929975398056,1.5488101733033046,1990
Sarıyer,1997,12,1.5159975619324368,1.4938346876042274,1990
Sarıyer,1998,1,1.7399613332133772,1.7241380296076614,1990
Sarıyer,1998,2,1.7205938071681248,1.8197350763744693,1990
Sarıyer,1998,3,1.9964326658161478,1.9430914855731538,1990
Sarıyer,1998,4,1.6176075851495146,1.5206711533757191,1990
Sarıyer,1998,5,2.0385701742969147,1.8701777627435272,1990
Sarıyer,1998,6,2.0883799005022223,1.818427945336865,1990
Sarıyer,1998,7,1.7638224316927984,1.6163453812562034,1990
Sarıyer,1998,8,0.45788724434458744,0.26705772100532893,1990
Sarıyer,1998,9,0.700490797614831,0.47754144942823057,1990
Sarıyer,1998,10,-0.07448621846625533,-0.39967890953664814,1990
Sarıyer,1998,11,0.3326823348509927,0.08313196636470818,1990
Sarıyer,1998,12,0.20097211800035583,0.04212424681501986,1990
Sarıyer,1999,1,0.047492155013441374,-0.2528296040952868,1990
Sarıyer,1999,2,0.5853844863830325,0.26583143375854845,1990
Sarıyer,1999,3,0.13631464503531052,-0.2237208123202475,1990
Sarıyer,1999,4,0.1423279562493385,-0.1833701808714667,1990
Sarıyer,1999,5,-0.46485614330654357,-0.8441759320693276,1990
Sarıyer,1999,6,-0.15610340344965612,-0.4913018770519511,1990
Sarıyer,1999,7,0.13601964963618304,-0.27389665600413887,1990
Sarıyer,1999,8,0.6727574655973114,0.31863342714376247,1990
Sarıyer,1999,9,0.7372553502825047,0.4615001752678461,1990
Sarıyer,1999,10,0.12065523716638538,-0.10882084412260064,1990
Sarıyer,1999,11,0.5238415761629295,0.34712225481480696,1990
Sarıyer,1999,12,0.34923829696208764,0.11101792372143242,1990
Sarıyer,2000,1,0.8550260599742965,0.6019196114192632,2000
Sarıyer,2000,2,0.6230767559310932,0.29788579132723914,2000
Sarıyer,2000,3,0.7277251929532308,0.5226208408110178,2000
Sarıyer,2000,4,1.1094131747404261,0.8835330098565134,2000
Sarıyer,2000,5,1.300475656966694,1.0646831211356544,2000
Sarıyer,2000,6,0.9682345564668096,0.8279676102732166,2000
Sarıyer,2000,7,0.5741697959629766,0.4233812409996995,2000
Sarıyer,2000,8,0.25714564100378196,0.08857950069539237,2000
Sarıyer,2000,9,0.9657419427243732,0.8438213657044213,2000
Sarıyer,2000,10,1.2376359101890322,1.1481670571688132,2000
Sarıyer,2000,11,0.7381283331969695,0.6256658820619501,2000
Sarıyer,2000,12,0.4403979305194637,0.38242813639446466,2000
Sarıyer,2001,1,-0.07793802339058314,-0.3944347337875417,2000
Sarıyer,2001,2,-0.1064681107059681,-0.49357802896418745,2000
Sarıyer,2001,3,-0.3691759023061243,-0.8573832185071149,2000
Sarıyer,2001,4,-0.4596070658239712,-0.8830965984763958,2000
Sarıyer,2001,5,-0.6027942788416827,-0.9931938606343013,2000
Sarıyer,2001,6,-0.8157018025046605,-1.2873586409981705,2000
Sarıyer,2001,7,-0.8009878326755744,-1.2972991380474457,2000
Sarıyer,2001,8,-0.33471605035975865,-0.9203006596176767,2000
Sarıyer,2001,9,-0.9636285848009865,-1.5746658517757735,2000
Sarıyer,2001,10,-1.560886431217366,-2.40668318353071,2000
Sarıyer,2001,11,-0.5486301407363299,-1.22410477540065,2000
Sarıyer,2001,12,1.178870113424591,0.8746161991818471,2000
Sarıyer,2002,1,1.3980954055311043,1.0725840570770813,2000
Sarıyer,2002,2,1.1230754054925918,0.7578863456040168,2000
Sarıyer,2002,3,1.2611137346811003,1.0515526383753453,2000
Sarıyer,2002,4,1.1816896684377398,1.0281720619525503,2000
Sarıyer,2002,5,1.177297625578226,1.0065027949263357,2000
Sarıyer,2002,6,1.5245355521255368,1.2762000344113011,2000
Sarıyer,2002,7,1.7256062017800742,1.420696363787693,2000
Sarıyer,2002,8,1.7633005046487356,1.5642122688866966,2000
Sarıyer,2002,9,2.2833091347585937,1.8670386569084607,2000
Sarıyer,2002,10,2.357692974821424,1.9274547878744144,2000
Sarıyer,2002,11,2.0766855424293205,1.6677346639432964,2000
Sarıyer,2002,12,0.23359892738504986,0.12377223435123104,2000
Sarıyer,2003,1,0.0787674932920658,-0.2450124392741042,2000
Sarıyer,2003,2,0.8243623833275081,0.6453953980904173,2000
Sarıyer,2003,3,0.5485789565718608,0.5437940183763925,2000
Sarıyer,2003,4,0.8061441555400338,0.8132275725059122,2000
Sarıyer,2003,5,0.6955256196485701,0.6226833585050309,2000
Sarıyer,2003,6,0.32844357898048954,0.26084866968487136,2000
Sarıyer,2003,7,0.09505485732739366,0.08895752424989815,2000
Sarıyer,2003,8,-0.7401803860062195,-0.8241912218039017,2000
Sarıyer,2003,9,-1.5073792965081036,-1.4712588131234843,2000
Sarıyer,2003,10,-0.6389112787551056,-0.7021699492975896,2000
Sarıyer,2003,11,-0.9934660650914324,-1.0075325079098274,2000
Sarıyer,2003,12,-0.6611026368146109,-0.7005154853900744,2000
Sarıyer,2004,1,-0.06055997044460012,-0.05473256711311038,2000
Sarıyer,2004,2,-0.7423038503867384,-0.8678965639561473,2000
Sarıyer,2004,3,-0.4481445658568707,-0.6732050117848405,2000
Sarıyer,2004,4,-0.8873916287684115,-1.2108659049454364,2000
Sarıyer,2004,5,-0.6988776975705959,-0.9605912384208464,2000
Sarıyer,2004,6,-0.21471225658046988,-0.3764361652063662,2000
Sarıyer,2004,7,-0.11487937960767317,-0.18767133316592147,2000
Sarıyer,2004,8,1.0381940232590532,1.0432141469714842,2000
Sarıyer,2004,9,0.848074222908836,0.8514431376669287,2000
Sarıyer,2004,10,0.745982177324604,0.7989651653703694,2000
Sarıyer,2004,11,1.1528798208412048,1.1034239667946977,2000
Sarıyer,2004,12,0.6550465771027336,0.6748235515567705,2000
Sarıyer,2005,1,0.6215653831192434,0.5228833968454436,2000
Sarıyer,2005,2,1.2983444405148568,1.2015877885406594,2000
Sarıyer,2005,3,1.1589961476109147,1.1174647904166808,2000
Sarıyer,2005,4,1.3382274549023918,1.251589663816349,2000
Sarıyer,2005,5,1.2387897764295024,1.1570611550493026,2000
Sarıyer,2005,6,0.9383931935367399,0.9175552427242899,2000
Sarıyer,2005,7,1.1208333015549692,0.9854877154412837,2000
Sarıyer,2005,8,-0.0025261684930622504,-0.2893941213054015,2000
Sarıyer,2005,9,0.6454249277797833,0.4402510858057038,2000
Sarıyer,2005,10,0.21595427095877892,0.12328108701073046,2000
Sarıyer,2005,11,1.0426608015196828,0.9649884466348922,2000
Sarıyer,2005,12,1.4743552056590203,1.3295559550639857,2000
Sarıyer,2006,1,1.451054488652596,1.358826607924861,2000
Sarıyer,2006,2,1.1294367123383475,1.098525648030875,2000
Sarıyer,2006,3,1.23453757827537,1.1784128063835193,2000
Sarıyer,2006,4,1.1732164431556913,1.1207872999002841,2000
Sarıyer,2006,5,1.1436371713056936,1.0460056942704314,2000
Sarıyer,2006,6,1.1920267333028458,1.0465776418780146,2000
Sarıyer,2006,7,0.9130517898705971,0.7834910212831563,2000
Sarıyer,2006,8,0.8169382661787048,0.6532047573170217,2000
Sarıyer,2006,9,1.4007198943165142,1.2432474527461106,2000
Sarıyer,2006,10,1.7261585552560037,1.484678941020798,2000
Sarıyer,2006,11,1.674345115318449,1.4050517349229557,2000
Sarıyer,2006,12,0.7411910832034776,0.6943923228084614,2000
Sarıyer,2007,1,0.030319679084312386,-0.2448400384851332,2000
Sarıyer,2007,2,-0.6921248638214369,-1.0430630536094565,2000
Sarıyer,2007,3,-1.041730184968431,-1.3531125639934236,2000
Sarıyer,2007,4,-1.052457575756982,-1.2758659411446471,2000
Sarıyer,2007,5,-0.76383886343427,-1.0333757354320516,2000
Sarıyer,2007,6,-0.7793858397541047,-1.2217352254984413,2000
Sarıyer,2007,7,-0.7176994305305741,-1.2037852024748765,2000
Sarıyer,2007,8,-0.5877797131461595,-1.0529164477811237,2000
Sarıyer,2007,9,-2.028851233983919,-2.3221612017225564,2000
Sarıyer,2007,10,-2.1763272590755767,-2.7758472088254433,2000
Sarıyer,2007,11,-2.6010165555496187,-3.3026750645430165,2000
Sarıyer,2007,12,-1.639882234647452,-2.2735870711972916,2000
Sarıyer,2008,1,-1.496805809926021,-1.8020533865440571,2000
Sarıyer,2008,2,-1.0288040145327515,-1.3121261087741096,2000
Sarıyer,2008,3,-0.5250592233198622,-0.94480785446655,2000
Sarıyer,2008,4,-0.5666364593036828,-1.1355826827967337,2000
Sarıyer,2008,5,-0.8844675100705266,-1.3519673801183545,2000
Sarıyer,2008,6,-1.0261926094682272,-1.467270176076287,2000
Sarıyer,2008,7,-0.6137308034791796,-0.9534558776263292,2000
Sarıyer,2008,8,-0.5356379286811997,-0.850995477187814,2000
Sarıyer,2008,9,0.42904066852211803,0.18107327149622038,2000
Sarıyer,2008,10,0.5735387395368746,0.40017058913043924,2000
Sarıyer,2008,11,0.5192965879665531,0.2601243236731216,2000
Sarıyer,2008,12,0.5587246906578773,0.3069005914970171,2000
Sarıyer,2009,1,0.9300177723366074,0.5303976592330291,2000
Sarıyer,2009,2,1.929450816891919,1.5437137146119793,2000
Sarıyer,2009,3,2.047378702580206,1.6976778027404382,2000
Sarıyer,2009,4,2.224397937991373,1.8948627602333536,2000
Sarıyer,2009,5,2.27105628772323,1.9037718529628262,2000
Sarıyer,2009,6,2.257758323999192,1.810649754631011,2000
Sarıyer,2009,7,2.121054642380818,1.6922381020185744,2000
Sarıyer,2009,8,1.9834263628803415,1.719698219580701,2000
Sarıyer,2009,9,2.1219029824443005,1.703444904494422,2000
Sarıyer,2009,10,1.7512942499049382,1.4365553205671346,2000
Sarıyer,2009,11,1.7929390321398389,1.4298939186170547,2000
Sarıyer,2009,12,2.0416361641949554,1.6117710341384908,2000
Sarıyer,2010,1,2.4318867711328642,1.9636329469327605,2010
Sarıyer,2010,2,1.577835497280996,1.3310446351235727,2010
Sarıyer,2010,3,1.0035600203208308,0.7975346374271803,2010
Sarıyer,2010,4,1.0623357996359,0.8042655516826105,2010
Sarıyer,2010,5,1.0882869232304482,0.7825145936725406,2010
Sarıyer,2010,6,2.1137590926900107,1.672151054774619,2010
Sarıyer,2010,7,2.2567833481534363,1.7944850232147385,2010
Sarıyer,2010,8,1.9867738646462847,1.530264113723189,2010
Sarıyer,2010,9,1.8706778201250003,1.3071570259423613,2010
Sarıyer,2010,10,2.9448336067997802,2.1139697689451533,2010
Sarıyer,2010,11,2.557729823474602,1.7786459584618908,2010
Sarıyer,2010,12,2.0347871769326846,1.4974130004832449,2010
Sarıyer,2011,1,1.6285506057131753,1.1622231341441305,2010
Sarıyer,2011,2,1.278333734089435,0.8453781921388116,2010
Sarıyer,2011,3,1.136791938391783,0.7590700027912006,2010
Sarıyer,2011,4,1.4780921344271294,1.0989912887428612,2010
Sarıyer,2011,5,1.5596193230894033,1.2364015582682244,2010
Sarıyer,2011,6,0.6968805001266554,0.41010997084966183,2010
Sarıyer,2011,7,0.5560628843074575,0.19447425820898134,2010
Sarıyer,2011,8,0.6133829429383828,0.4399214729628875,2010
Sarıyer,2011,9,-0.03453873922556286,-0.21471676602055678,2010
Sarıyer,2011,10,-1.1845496355923522,-1.5002012158882478,2010
Sarıyer,2011,11,-1.330279084493585,-1.4321652223739492,2010
Sarıyer,2011,12,-1.4759764690326957,-1.6173353778792046,2010
Sarıyer,2012,1,-1.3887200116434337,-1.393031608501856,2010
Sarıyer,2012,2,-0.7659307558333281,-0.7850922941273689,2010
Sarıyer,2012,3,-0.6317192776579755,-0.5749886940213671,2010
Sarıyer,2012,4,-0.5428926264921048,-0.6318588220740835,2010
Sarıyer,2012,5,-0.26982227026039796,-0.3963587525469289,2010
Sarıyer,2012,6,-0.2942347165868528,-0.4726210032856646,2010
Sarıyer,2012,7,-0.5314568637706367,-0.808956825016688,2010
Sarıyer,2012,8,-0.15702491890999234,-0.5397590520676215,2010
Sarıyer,2012,9,-0.21236465355655781,-0.5055050742249181,2010
Sarıyer,2012,10,0.17913353801436552,-0.25021060278616647,2010
Sarıyer,2012,11,0.8999243964782713,0.38760983576227337,2010
Sarıyer,2012,12,1.517803988824872,1.0885584713990948,2010
Sarıyer,2013,1,1.4446110393223695,0.9220458568091255,2010
Sarıyer,2013,2,1.1472255541230285,0.5026594508723258,2010
Sarıyer,2013,3,1.1659963756743266,0.5366178233967482,2010
Sarıyer,2013,4,0.8489401624429496,0.18344471216133837,2010
Sarıyer,2013,5,0.6651806991794107,-0.17059772668671774,2010
Sarıyer,2013,6,0.8281618803350467,0.07695179892597159,2010
Sarıyer,2013,7,0.8834770251434594,0.2563164109971788,2010
Sarıyer,2013,8,0.5012867737953423,-0.19361332514465449,2010
Sarıyer,2013,9,0.56116166935603,-0.04501866176884935,2010
Sarıyer,2013,10,-0.06917723865277574,-0.5233919153831027,2010
Sarıyer,2013,11,-0.6756276406587925,-1.1848407554404672,2010
Sarıyer,2013,12,-1.8431475258466126,-2.4764455075563667,2010
Sarıyer,2014,1,-2.6274508837292365,-2.712837773928566,2010
Sarıyer,2014,2,-2.6905261460831604,-2.4132168357162977,2010
Sarıyer,2014,3,-2.354876937878814,-2.5038506667096776,2010
Sarıyer,2014,4,-2.3524344122614513,-2.4265192934724955,2010
Sarıyer,2014,5,-2.2018041645062945,-2.2297988185041437,2010
Sarıyer,2014,6,-2.284858274424198,-2.522366920471744,2010
Sarıyer,2014,7,-2.0741838465490963,-2.2373140370507936,2010
Sarıyer,2014,8,-1.6853338450968325,-1.8417544344761252,2010
Sarıyer,2014,9,-0.7618370200518207,-1.2885235040320893,2010
Sarıyer,2014,10,-0.9533683894650768,-1.701724252340515,2010
Sarıyer,2014,11,-0.7065750541173202,-1.3820580539654295,2010
Sarıyer,2014,12,-0.4182486407593733,-1.0728117825218912,2010
Sarıyer,2015,1,0.07951084151805352,-0.5244062606610489,2010
Sarıyer,2015,2,0.6492347059012132,0.1101354853025551,2010
Sarıyer,2015,3,0.42360371246129797,0.024008483719079925,2010
Sarıyer,2015,4,0.5461925367240169,0.21200253732399468,2010
Sarıyer,2015,5,0.2098197098811749,-0.14142476396524967,2010
Sarıyer,2015,6,0.2558012967663063,-0.03468808013366016,2010
Sarıyer,2015,7,0.053165978741866356,-0.2717443616732366,2010
Sarıyer,2015,8,0.15395751970094967,-0.2269134168102353,2010
Sarıyer,2015,9,-0.21697107601450313,-0.6629644780599531,2010
Sarıyer,2015,10,0.4525107642573872,0.09166068786698803,2010
Sarıyer,2015,11,0.22399329737047427,-0.26813934933999767,2010
Sarıyer,2015,12,-0.3038585153362574,-0.8241632758327002,2010
Sarıyer,2016,1,-0.3450556575225694,-0.9087729474799064,2010
Sarıyer,2016,2,-0.6220714267375357,-1.2284031744000576,2010
Sarıyer,2016,3,-0.4120865439611248,-1.09970119965126,2010
Sarıyer,2016,4,-0.7022901755438156,-1.5022087513476579,2010
Sarıyer,2016,5,-0.3052682394856804,-1.0951700955384358,2010
Sarıyer,2016,6,-0.26082266769742773,-1.2476992992220126,2010
Sarıyer,2016,7,-0.15399856175651808,-1.1265366394173635,2010
Sarıyer,2016,8,-0.33978777097600066,-1.2017934684074083,2010
Sarıyer,2016,9,-0.706438519927565,-1.56495673261639,2010
Sarıyer,2016,10,-1.8725135642078743,-2.9203938115784793,2010
Sarıyer,2016,11,-1.1874846915496775,-2.182436296271366,2010
Sarıyer,2016,12,-0.19246082087495958,-0.8994911184859531,2010
Sarıyer,2017,1,0.4360130608676048,-0.2175397369296863,2010
Sarıyer,2017,2,0.14299324503849556,-0.5048695246907275,2010
Sarıyer,2017,3,0.034933182797733775,-0.4895657250449163,2010
Sarıyer,2017,4,0.050516149184471816,-0.30065954105614945,2010
Sarıyer,2017,5,-0.00906141478454498,-0.3144718992754386,2010
Sarıyer,2017,6,-0.16134719582514676,-0.4069026293759484,2010
Sarıyer,2017,7,0.536523547578663,0.3679887027095088,2010
Sarıyer,2017,8,0.5529515701628643,0.39782442642370264,2010
Sarıyer,2017,9,1.1922508028080192,1.025066866239544,2010
Sarıyer,2017,10,1.4906604153015006,1.3268701400578564,2010
Sarıyer,2017,11,1.325853492139433,1.1512175113967364,2010
Sarıyer,2017,12,1.0196275842879725,0.8267136314671221,2010
Sarıyer,2018,1,0.16091323475946256,-0.247475481976582,2010
Sarıyer,2018,2,0.4734056315087281,0.04789977522605681,2010
Sarıyer,2018,3,0.7301783743175305,0.39789452481498566,2010
Sarıyer,2018,4,0.8495679731087491,0.45349200490749386,2010
Sarıyer,2018,5,0.7379624442146432,0.2416587373782036,2010
Sarıyer,2018,6,0.7464966320961524,0.2324747150392838,2010
Sarıyer,2018,7,0.3159532773036856,-0.37081385703801084,2010
Sarıyer,2018,8,0.11287760084243598,-0.6821244668755764,2010
Sarıyer,2018,9,0.7157688308232251,0.03317068965445454,2010
Sarıyer,2018,10,0.3834709898539116,-0.401284016973771,2010
Sarıyer,2018,11,1.103641173667238,0.3984543978078583,2010
Sarıyer,2018,12,1.696161122519464,1.1406840999338301,2010
Sarıyer,2019,1,2.0871117330563154,1.4504748840652775,2010
Sarıyer,2019,2,2.2792384542181288,1.7402319027887823,2010
Sarıyer,2019,3,1.7892730489059752,1.3068378476265936,2010
Sarıyer,2019,4,1.916876654915038,1.4255845614081204,2010
Sarıyer,2019,5,2.0736309829726522,1.539089072584432,2010
Sarıyer,2019,6,1.959930042865097,1.3688712579757085,2010
Sarıyer,2019,7,2.4092680776158955,1.8091276184008445,2010
Sarıyer,2019,8,2.3357803761090947,1.9606401679746792,2010
Sarıyer,2019,9,1.290825529091912,0.9862764267864572,2010
Sarıyer,2019,10,1.4370699809384522,1.1443612771679086,2010
Sarıyer,2019,11,0.7965248828225842,0.4226125047832042,2010
Sarıyer,2019,12,-0.1939170841607042,-0.7360867206911955,2010
Sarıyer,2020,1,0.10771343487785864,-0.4821462478871656,2020
Sarıyer,2020,2,-0.2706673802737462,-0.9274433322729373,2020
Sarıyer,2020,3,-0.17789732422858995,-0.7944763590994806,2020
Sarıyer,2020,4,-0.18283888030344866,-0.7925839772097543,2020
Sarıyer,2020,5,-0.23452841335687216,-0.7462269169191341,2020
Sarıyer,2020,6,-0.13291845511450828,-0.5198947080492471,2020
Sarıyer,2020,7,-1.079413999826043,-1.5054397070197647,2020
Sarıyer,2020,8,-1.1082093532692858,-1.4782330389687268,2020
Sarıyer,2020,9,-1.2661175977789767,-1.8294679499461772,2020
Sarıyer,2020,10,-1.047796646442788,-1.8766227100799995,2020
Sarıyer,2020,11,-1.1223443342729698,-1.8436317257166128,2020
Sarıyer,2020,12,-1.5687126327897016,-2.396067165527617,2020
Sarıyer,2021,1,-1.5370358050055164,-2.1186674992324237,2020
Sarıyer,2021,2,-1.4829747768883388,-1.8946950782265146,2020
Sarıyer,2021,3,-0.9193809251032841,-1.5116695918515464,2020
Sarıyer,2021,4,-0.7965886340961538,-1.3790663751244776,2020
Sarıyer,2021,5,-1.0410894131135517,-1.625984455640767,2020
Sarıyer,2021,6,-0.6888779811661633,-1.319597830345808,2020
Sarıyer,2021,7,-0.5456402673858439,-1.1579835736993576,2020
Sarıyer,2021,8,-0.5750855507202413,-1.1766120784737648,2020
Sarıyer,2021,9,-0.4859526295876787,-1.004507001260357,2020
Sarıyer,2021,10,-0.6364864086311507,-1.0573169828453821,2020
Sarıyer,2021,11,-0.5681206258099885,-1.016847561678781,2020
Sarıyer,2021,12,0.22250561516333534,-0.02817406533328674,2020
Sarıyer,2022,1,-0.6833899683752531,-1.0461441091696433,2020
Sarıyer,2022,2,-0.1159546617364945,-0.4813893517977298,2020
Sarıyer,2022,3,-0.3958794489278071,-0.66523799335482,2020
Sarıyer,2022,4,-0.3713723213680652,-0.6867926543598823,2020
Sarıyer,2022,5,-0.43681202976965045,-0.6443659094658877,2020
Sarıyer,2022,6,-0.9231477914805928,-1.2118589228763472,2020
Sarıyer,2022,7,-0.24875072363549058,-0.42420437379820136,2020
Sarıyer,2022,8,0.46711135544569293,0.30685533057128556,2020
Sarıyer,2022,9,0.509529813966525,0.3904643251141111,2020
Sarıyer,2022,10,0.2701812721588085,0.13437767601168155,2020
Sarıyer,2022,11,-0.00667349619492563,-0.22474506841010908,2020
Sarıyer,2022,12,-0.6518651824419929,-1.0106682903786128,2020
Sarıyer,2023,1,-1.037989994414006,-1.468172507240149,2020
Sarıyer,2023,2,-1.518419434598729,-1.721560054107707,2020
Sarıyer,2023,3,-1.1684674290774475,-1.6339199203431387,2020
Sarıyer,2023,4,-0.7371399620371768,-1.171063790736127,2020
Sarıyer,2023,5,-0.6525831783664413,-0.9831604728668681,2020
Sarıyer,2023,6,-0.9026915774754213,-1.2098169280406799,2020
Sarıyer,2023,7,-1.4559194785929552,-1.718002444276679,2020
Sarıyer,2023,8,-2.088511523436447,-2.00117708171559,2020
Sarıyer,2023,9,-2.5548223059097586,-2.7220536585412356,2020
Sarıyer,2023,10,-2.376627167885177,-3.1729728357838174,2020
Sarıyer,2023,11,-0.35841860025705585,-1.0563820570430793,2020
Sarıyer,2023,12,0.3533402598596907,-0.11217552074709201,2020
Sarıyer,2024,1,0.9652671654626095,0.48119662445862715,2020
Sarıyer,2024,2,0.7099796093966432,0.08791457606511552,2020
Sarıyer,2024,3,0.49389531830718764,-0.057065278764240786,2020
Sarıyer,2024,4,0.06153185554125149,-0.7082515842592767,2020
Sarıyer,2024,5,0.08830490058872519,-0.7231819146633176,2020
Sarıyer,2024,6,-0.0009594333036893772,-1.0628786098092957,2020
Sarıyer,2024,7,-0.09688249354839991,-1.2221038904933321,2020
Sarıyer,2024,8,-0.12448260281631268,-1.1622268349522975,2020
Sarıyer,2024,9,0.2426135357484041,-0.793959317318209,2020
Sarıyer,2024,10,0.013093172209940343,-0.9520643787355588,2020
Sarıyer,2024,11,-1.5687930652413824,-2.6678422804772404,2020
Sarıyer,2024,12,-1.3355784062221814,-2.3722100101897556,2020
Tekirdağ,1965,12,2.0394595270784754,1.8604640525009515,1960
Tekirdağ,1966,1,2.8623433884669742,2.2389492966814846,1960
Tekirdağ,1966,2,2.0743385398629655,1.9950445598649242,1960
Tekirdağ,1966,3,2.2457888101449597,2.294978049702573,1960
Tekirdağ,1966,4,2.047873154033103,1.873846517568413,1960
Tekirdağ,1966,5,1.6996851720941928,1.653074455017227,1960
Tekirdağ,1966,6,1.9466269179432887,1.7980564846614784,1960
Tekirdağ,1966,7,2.017265404041629,1.787724781146362,1960
Tekirdağ,1966,8,1.9286954459985686,1.715985863988648,1960
Tekirdağ,1966,9,2.148061956639126,1.9095406615197572,1960
Tekirdağ,1966,10,1.834566993733527,1.6395847530452574,1960
Tekirdağ,1966,11,1.611328134532154,1.2653123429877275,1960
Tekirdağ,1966,12,1.0665103390851491,0.8262801871379201,1960
Tekirdağ,1967,1,0.9851796107673804,0.8015447154036447,1960
Tekirdağ,1967,2,1.1665853114981872,1.0839233473702614,1960
Tekirdağ,1967,3,0.6438178189123531,0.48819682780582735,1960
Tekirdağ,1967,4,0.5008578479749981,0.38450697070286893,1960
Tekirdağ,1967,5,0.6017605257583764,0.384620996316268,1960
Tekirdağ,1967,6,0.660784868280065,0.5086946167254189,1960
Tekirdağ,1967,7,0.7085790351124546,0.5478049323875547,1960
Tekirdağ,1967,8,0.7199726353820513,0.5597543207134149,1960
Tekirdağ,1967,9,0.7659599699600175,0.5614871019621023,1960
Tekirdağ,1967,10,0.9452059823909585,0.9885733946877215,1960
Tekirdağ,1967,11,-0.21227672643874115,-0.29121913543251116,1960
Tekirdağ,1967,12,-0.4624913358836432,-0.5136487051572716,1960
Tekirdağ,1968,1,-0.06770870545679018,0.0030756734938739575,1960
Tekirdağ,1968,2,0.044482389524915074,-0.10838270663918605,1960
Tekirdağ,1968,3,0.5774787701518205,0.5119431166350794,1960
Tekirdağ,1968,4,0.2083286171497427,0.04736832753755463,1960
Tekirdağ,1968,5,-0.013870371286395797,-0.41446396983284634,1960
Tekirdağ,1968,6,-0.025339138047767384,-0.444660068122883,1960
Tekirdağ,1968,7,-0.06184430865201914,-0.43828198392276413,1960
Tekirdağ,1968,8,0.1466042150083706,-0.1097663284122097,1960
Tekirdağ,1968,9,0.9739125899835553,0.9130628356036752,1960
Tekirdağ,1968,10,0.8541764472641017,0.9176546697045538,1960
Tekirdağ,1968,11,1.3531448158848876,1.377252665152047,1960
Tekirdağ,1968,12,1.5641156834823353,1.489953630964775,1960
Tekirdağ,1969,1,1.1505898971827428,1.2409557531809745,1960
Tekirdağ,1969,2,1.8377073606389667,1.8257936203112002,1960
Tekirdağ,1969,3,1.2885362851972921,1.481037262109816,1960
Tekirdağ,1969,4,1.5705587883168628,1.6945824275616352,1960
Tekirdağ,1969,5,1.462519259410344,1.7236101048946066,1960
Tekirdağ,1969,6,1.7728700554912444,1.7782331831855087,1960
Tekirdağ,1969,7,1.8847767446383492,1.8946308311695161,1960
Tekirdağ,1969,8,1.6813829167162302,1.8600402734556702,1960
Tekirdağ,1969,9,0.9352835177430713,1.2007586875809617,1960
Tekirdağ,1969,10,0.5258105055664296,0.7946912900980683,1960
Tekirdağ,1969,11,0.34407864617155554,0.5554082869792532,1960
Tekirdağ,1969,12,0.2359214790065454,0.42027934642771825,1960
Tekirdağ,1970,1,-0.35143107513487315,-0.47072592456699236,1970
Tekirdağ,1970,2,-0.20363817585914795,-0.4308291123992114,1970
Tekirdağ,1970,3,0.2075138821653414,-0.1057558567832476,1970
Tekirdağ,1970,4,0.17423500957903343,-0.2816530638430092,1970
Tekirdağ,1970,5,0.4809605317109766,0.16872836006724679,1970
Tekirdağ,1970,6,0.11116756883133427,-0.06008206697958935,1970
Tekirdağ,1970,7,-0.08782247908406833,-0.5070728683003609,1970
Tekirdağ,1970,8,-0.05879888950259483,-0.5772021451673364,1970
Tekirdağ,1970,9,-0.056428571670567106,-0.4705173982597753,1970
Tekirdağ,1970,10,0.5580715838577278,0.38028642441511123,1970
Tekirdağ,1970,11,1.07739178618147,1.0112433075617688,1970
Tekirdağ,1970,12,0.31823002831682784,0.34033847920185856,1970
Tekirdağ,1971,1,0.6799559673417748,0.717017152218124,1970
Tekirdağ,1971,2,-0.005217852263265981,-0.1491722035196744,1970
Tekirdağ,1971,3,0.4221309060911401,0.4056955688649976,1970
Tekirdağ,1971,4,0.17603318211143626,0.2962847239711799,1970
Tekirdağ,1971,5,0.05750771716026996,-0.008087364309427537,1970
Tekirdağ,1971,6,-0.09640787426894358,-0.15292575633168484,1970
Tekirdağ,1971,7,0.08093462747824857,0.18501084413601207,1970
Tekirdağ,1971,8,0.13819055464565952,0.1422260379498396,1970
Tekirdağ,1971,9,0.38801818489981754,0.4850106566826788,1970
Tekirdağ,1971,10,0.07641592538310224,0.16346400237144973,1970
Tekirdağ,1971,11,0.3648463732315728,0.5319595650469872,1970
Tekirdağ,1971,12,0.06790138581143658,0.26456510863133753,1970
Tekirdağ,1972,1,-0.554537090792833,-0.3670886087150167,1970
Tekirdağ,1972,2,-0.9067036846437896,-0.8369343682194113,1970
Tekirdağ,1972,3,-2.0939049852507194,-1.9135908835461937,1970
Tekirdağ,1972,4,-1.989414558838451,-1.9589903344668211,1970
Tekirdağ,1972,5,-1.7198808814988178,-1.5884736633935248,1970
Tekirdağ,1972,6,-1.4583165918450613,-1.578260333593337,1970
Tekirdağ,1972,7,-1.4164737951517963,-1.60252231366655,1970
Tekirdağ,1972,8,-1.264352941839481,-1.4241158747011196,1970
Tekirdağ,1972,9,-1.0957031798441406,-1.3333657569112165,1970
Tekirdağ,1972,10,-0.017124016067217994,-0.2047994091548033,1970
Tekirdağ,1972,11,-0.3651528018974541,-0.6413525580875702,1970
Tekirdağ,1972,12,-0.8412750426490767,-1.150479362265748,1970
Tekirdağ,1973,1,-0.5723378077094704,-0.8310267075550689,1970
Tekirdağ,1973,2,0.1981456385396421,-0.021278459109616146,1970
Tekirdağ,1973,3,0.44319585537008394,0.27779457289778586,1970
Tekirdağ,1973,4,0.5206649218894316,0.542264802222643,1970
Tekirdağ,1973,5,0.3210623225529524,0.23728545176968596,1970
Tekirdağ,1973,6,0.023554755513356705,0.21412277823017803,1970
Tekirdağ,1973,7,0.0450078774221531,0.2281679694500846,1970
Tekirdağ,1973,8,-0.13590221804291983,0.13060315351887375,1970
Tekirdağ,1973,9,-0.4733062888799673,-0.27287638199585573,1970
Tekirdağ,1973,10,-1.4852475091418578,-1.5956048038219999,1970
Tekirdağ,1973,11,-2.0717207221228597,-2.049247953198925,1970
Tekirdağ,1973,12,-1.6378312039768466,-1.9140622298342733,1970
Tekirdağ,1974,1,-2.0294752628892994,-2.895598377588208,1970
Tekirdağ,1974,2,-2.7659802340608746,-2.734550862473786,1970
Tekirdağ,1974,3,-2.30671062964696,-2.1368438148081745,1970
Tekirdağ,1974,4,-2.047226027015373,-1.8415577926117483,1970
Tekirdağ,1974,5,-1.1577858926688376,-0.9992728905410045,1970
Tekirdağ,1974,6,-0.8464650208136419,-0.6966501361959665,1970
Tekirdağ,1974,7,-1.1660925758776226,-0.8859569008603466,1970
Tekirdağ,1974,8,-1.2070680770100854,-1.0249272681949524,1970
Tekirdağ,1974,9,-1.4594915976497473,-1.282031078761201,1970
Tekirdağ,1974,10,-1.5604306035275848,-1.6241545625121256,1970
Tekirdağ,1974,11,-0.9775383318602567,-1.068643116503604,1970
Tekirdağ,1974,12,-0.8084586707731509,-0.8115536503538593,1970
Tekirdağ,1975,1,-0.26295345910105855,-0.1788005846114717,1970
Tekirdağ,1975,2,-0.4713910533491239,-0.4907339846083131,1970
Tekirdağ,1975,3,-0.2336720538709352,-0.40882521967219476,1970
Tekirdağ,1975,4,-0.1546764545565028,-0.4228219600901355,1970
Tekirdağ,1975,5,-0.34088206435297896,-0.6873231135433998,1970
Tekirdağ,1975,6,0.21886584845213322,-0.03679090535054695,1970
Tekirdağ,1975,7,0.351727440456289,-0.007148405679064169,1970
Tekirdağ,1975,8,0.6780751684563329,0.3529801404700696,1970
Tekirdağ,1975,9,0.5646081902237532,0.1506309674247198,1970
Tekirdağ,1975,10,1.041190706016766,0.973529366026595,1970
Tekirdağ,1975,11,1.4858466992429133,1.4188317952028082,1970
Tekirdağ,1975,12,1.4741577544641338,1.3765771950081247,1970
Tekirdağ,1976,1,1.2281239300983897,1.1942115923340058,1970
Tekirdağ,1976,2,1.1057564037013723,1.0729718739743537,1970
Tekirdağ,1976,3,0.5522396038786175,0.5769026106416185,1970
Tekirdağ,1976,4,0.5318383031885956,0.6127816122161321,1970
Tekirdağ,1976,5,0.32867381292181325,0.3624023946448969,1970
Tekirdağ,1976,6,-0.5605731939433373,-0.4941607519450386,1970
Tekirdağ,1976,7,-0.508675057523382,-0.3174282977325016,1970
Tekirdağ,1976,8,-0.11462256746887661,0.19767303511357526,1970
Tekirdağ,1976,9,0.020630388471813466,0.5887237306895534,1970
Tekirdağ,1976,10,0.15948767805238756,0.718916607328588,1970
Tekirdağ,1976,11,-0.21780944173000522,0.23837623173642003,1970
Tekirdağ,1976,12,0.14678581503151378,0.6248563458789848,1970
Tekirdağ,1977,1,0.38703261221464336,0.9001305341267747,1970
Tekirdağ,1977,2,0.5885242145765528,0.8599980744688769,1970
Tekirdağ,1977,3,0.8336466261004973,1.0390329149815556,1970
Tekirdağ,1977,4,0.7370192879650289,0.9185089800336852,1970
Tekirdağ,1977,5,0.5625260896910812,0.6724578115239978,1970
Tekirdağ,1977,6,0.9906971975617723,1.1257935637750203,1970
Tekirdağ,1977,7,0.8993374690092791,0.9892523287529826,1970
Tekirdağ,1977,8,0.2274808237284014,0.023537768313643678,1970
Tekirdağ,1977,9,0.7198232918757508,0.6516439705180598,1970
Tekirdağ,1977,10,-0.05755224633253578,-0.12885366011992558,1970
Tekirdağ,1977,11,-0.26108479757525327,-0.40108472969855696,1970
Tekirdağ,1977,12,-0.7656599802083612,-0.8821519589425215,1970
Tekirdağ,1978,1,-0.2372316064204456,-0.1645348036474529,1970
Tekirdağ,1978,2,0.12321520505111919,0.2793945937996629,1970
Tekirdağ,1978,3,-0.09071461734492177,-0.12561864615769644,1970
Tekirdağ,1978,4,0.673992053563329,0.7694216291478861,1970
Tekirdağ,1978,5,0.9274254173596909,0.9768055059182171,1970
Tekirdağ,1978,6,0.4504150484934627,0.5059844674447646,1970
Tekirdağ,1978,7,0.39265991256538685,0.4752253734110783,1970
Tekirdağ,1978,8,0.7659902324036789,0.9730894468907901,1970
Tekirdağ,1978,9,1.3082500243701234,1.532337042556738,1970
Tekirdağ,1978,10,1.8476878526878788,2.0133504657116847,1970
Tekirdağ,1978,11,1.739740450844404,1.9263363924882477,1970
Tekirdağ,1978,12,1.3420035953468024,1.4523836258717444,1970
Tekirdağ,1979,1,1.2344806958749963,1.3971426756336598,1970
Tekirdağ,1979,2,0.9943200557376566,1.2508358903317687,1970
Tekirdağ,1979,3,0.7450016768636726,0.9522124101901002,1970
Tekirdağ,1979,4,0.24672721088214825,0.3936145538940172,1970
Tekirdağ,1979,5,0.24109627966873837,0.33220696457271953,1970
Tekirdağ,1979,6,0.4237294903389891,0.5549753599659442,1970
Tekirdağ,1979,7,0.8813963538969123,1.0289158909999792,1970
Tekirdağ,1979,8,0.6342052988200123,0.7160684184742345,1970
Tekirdağ,1979,9,-0.5179186591075887,-0.6480481729723778,1970
Tekirdağ,1979,10,-0.2698049447520798,-0.3541967362285067,1970
Tekirdağ,1979,11,0.5942936132964942,0.667877652331104,1970
Tekirdağ,1979,12,0.728962885271351,0.8518710974405888,1970
Tekirdağ,1980,1,0.8641171921361969,1.036786761568637,1980
Tekirdağ,1980,2,1.0813152356236941,1.272886536674725,1980
Tekirdağ,1980,3,1.336455848821469,1.6791960206905414,1980
Tekirdağ,1980,4,1.1594606860495542,1.4029181712269272,1980
Tekirdağ,1980,5,1.0222236134815281,1.3172500301866341,1980
Tekirdağ,1980,6,1.0684972642481476,1.4075143071050484,1980
Tekirdağ,1980,7,0.8548418318254193,1.1692871352368328,1980
Tekirdağ,1980,8,0.7573271183437061,1.1108621863073989,1980
Tekirdağ,1980,9,0.8071876366849751,1.26831775501802,1980
Tekirdağ,1980,10,-0.3365226862528583,-0.11872830589678969,1980
Tekirdağ,1980,11,-0.6769161326345393,-0.5619075630079183,1980
Tekirdağ,1980,12,-0.23407145536078433,0.054317277595647924,1980
Tekirdağ,1981,1,0.21507367436855582,0.5732311538503547,1980
Tekirdağ,1981,2,0.2714227687165212,0.5079826314753049,1980
Tekirdağ,1981,3,0.011219326861166163,-0.013622136741644256,1980
Tekirdağ,1981,4,-0.2930560985265819,-0.35822994609459324,1980
Tekirdağ,1981,5,-0.1895591508502308,-0.18395180626389995,1980
Tekirdağ,1981,6,-0.49907846125309785,-0.5802590192147161,1980
Tekirdağ,1981,7,-0.33954590677158614,-0.32577725654789197,1980
Tekirdağ,1981,8,-0.3499943124834232,-0.402964642316244,1980
Tekirdağ,1981,9,-0.2358558189538911,-0.3256825837062665,1980
Tekirdağ,1981,10,0.3277061088872475,0.31825635365343824,1980
Tekirdağ,1981,11,1.187306514919618,1.3882718375724528,1980
Tekirdağ,1981,12,1.9306639694519894,1.772198065352181,1980
Tekirdağ,1982,1,1.2707231236708676,1.3562723731681734,1980
Tekirdağ,1982,2,0.995269983827282,1.158971252628152,1980
Tekirdağ,1982,3,0.9722148639765303,1.228418141001602,1980
Tekirdağ,1982,4,1.668435295340227,1.7813366723120976,1980
Tekirdağ,1982,5,1.6597920161172925,1.8210052084687312,1980
Tekirdağ,1982,6,1.859793512248281,1.8484334675146943,1980
Tekirdağ,1982,7,1.7146519115714063,1.752908554935701,1980
Tekirdağ,1982,8,1.8770289876164146,1.9924649238134031,1980
Tekirdağ,1982,9,1.8249030486474438,1.8673098279590001,1980
Tekirdağ,1982,10,1.4415056391953227,1.7312284855632727,1980
Tekirdağ,1982,11,0.37935576698520534,0.5899910220897796,1980
Tekirdağ,1982,12,-0.8299438670550682,-0.7684711540598399,1980
Tekirdağ,1983,1,-1.1240254540412629,-1.290741391862571,1980
Tekirdağ,1983,2,-0.5693361415757336,-0.5820969637685819,1980
Tekirdağ,1983,3,-0.9210996592803694,-1.0991739397795561,1980
Tekirdağ,1983,4,-1.7857380672166085,-1.945454322143707,1980
Tekirdağ,1983,5,-2.1880679113536234,-2.179413162835708,1980
Tekirdağ,1983,6,-2.0933653865216164,-2.479242039316098,1980
Tekirdağ,1983,7,-1.3544714236960016,-1.8549219794545242,1980
Tekirdağ,1983,8,-1.376895373813461,-1.7140747913303633,1980
Tekirdağ,1983,9,-0.7660747403550949,-1.1201957687131952,1980
Tekirdağ,1983,10,-0.911754642540593,-1.2114463149606602,1980
Tekirdağ,1983,11,-0.9497591743945739,-1.1636514304480285,1980
Tekirdağ,1983,12,-1.2891339850228296,-1.5545229596907066,1980
Tekirdağ,1984,1,-0.43427307953366895,-0.5038853211265475,1980
Tekirdağ,1984,2,-0.82106853179571,-1.1096130985918937,1980
Tekirdağ,1984,3,0.18583274425360333,0.16833941373774072,1980
Tekirdağ,1984,4,0.7512369676639356,0.9612437286713813,1980
Tekirdağ,1984,5,0.8084850920309818,1.0496913067570592,1980
Tekirdağ,1984,6,0.7108189392170162,0.9213555930303574,1980
Tekirdağ,1984,7,0.5365522171205317,0.8666324598823071,1980
Tekirdağ,1984,8,0.49491397764500444,0.874365812693366,1980
Tekirdağ,1984,9,-0.13107188371599648,0.23207825539158197,1980
Tekirdağ,1984,10,-0.23616608196892358,-0.13821174045111262,1980
Tekirdağ,1984,11,-0.011048592000152603,0.054602604330148276,1980
Tekirdağ,1984,12,-0.39995919191791107,-0.28965735603245707,1980
Tekirdağ,1985,1,-0.4386559371983623,-0.3143440783783543,1980
Tekirdağ,1985,2,-0.2821048982732281,-0.08805118563763346,1980
Tekirdağ,1985,3,-1.001005180935217,-0.9589343772167447,1980
Tekirdağ,1985,4,-1.0710315877255612,-1.1227064986154949,1980
Tekirdağ,1985,5,-1.255723855393065,-1.2934332348504758,1980
Tekirdağ,1985,6,-1.2859965484191338,-1.381276319683419,1980
Tekirdağ,1985,7,-1.9223759262018834,-1.9317771536835249,1980
Tekirdağ,1985,8,-2.0126770414475517,-2.0420474091281426,1980
Tekirdağ,1985,9,-2.135930450428658,-2.2465758091743235,1980
Tekirdağ,1985,10,-1.6579546548110353,-1.6838693651780123,1980
Tekirdağ,1985,11,-0.8347989206962259,-0.8111603699757678,1980
Tekirdağ,1985,12,-0.7018853066616159,-0.7020562646106183,1980
Tekirdağ,1986,1,-0.31139347107597815,-0.2626659799927961,1980
Tekirdağ,1986,2,-0.0009770808358990212,-0.1438908361553544,1980
Tekirdağ,1986,3,0.16220030924938775,-0.02909287640355344,1980
Tekirdağ,1986,4,-0.3026292514504772,-0.5046730570838229,1980
Tekirdağ,1986,5,-0.29284315136875305,-0.33802459475473917,1980
Tekirdağ,1986,6,0.3088609437905097,0.34779020503683744,1980
Tekirdağ,1986,7,0.26554909813664845,0.18368393081960252,1980
Tekirdağ,1986,8,0.22285489314665302,0.021327389040595956,1980
Tekirdağ,1986,9,0.25170125604979127,0.02986802780976191,1980
Tekirdağ,1986,10,0.3359802418094578,0.0687424085789463,1980
Tekirdağ,1986,11,-0.5242061419182448,-0.8459054334307371,1980
Tekirdağ,1986,12,-0.006590377502429252,0.0852481398650309,1980
Tekirdağ,1987,1,-0.2543708388334078,-0.1253130213035182,1980
Tekirdağ,1987,2,-0.8549816164789018,-0.9993232707299746,1980
Tekirdağ,1987,3,-0.5993212135935057,-0.6011613252443836,1980
Tekirdağ,1987,4,-0.3122148242976876,-0.03779997463521184,1980
Tekirdağ,1987,5,0.0355520145273161,0.28508481768892285,1980
Tekirdağ,1987,6,-0.6912972874201271,-0.3251831322513682,1980
Tekirdağ,1987,7,-0.6567174679545454,-0.3436973269367061,1980
Tekirdağ,1987,8,-0.5969720663320445,-0.1691914769525503,1980
Tekirdağ,1987,9,-0.7503394527737469,-0.31090646434117186,1980
Tekirdağ,1987,10,-0.8398007243474371,-0.47913722924606256,1980
Tekirdağ,1987,11,-0.27555755770682117,0.12274945546498763,1980
Tekirdağ,1987,12,0.10945658643316243,0.5560172712788402,1980
Tekirdağ,1988,1,-1.0221612645940248,-0.9319859138334604,1980
Tekirdağ,1988,2,-0.6649965239505079,-0.47899307854096684,1980
Tekirdağ,1988,3,-0.2935959670664659,-0.35380513809417236,1980
Tekirdağ,1988,4,-0.15749416231653451,-0.15379119123081428,1980
Tekirdağ,1988,5,-0.14974346993593396,-0.2503175967122138,1980
Tekirdağ,1988,6,-0.0017939874952983962,0.007067431554622135,1980
Tekirdağ,1988,7,0.13920445514540258,0.08131641562918435,1980
Tekirdağ,1988,8,0.3075471640859975,0.07645485430052908,1980
Tekirdağ,1988,9,0.5684498062357756,0.47097549011025064,1980
Tekirdağ,1988,10,0.36807789431106064,0.23937595296000594,1980
Tekirdağ,1988,11,1.0716225017490868,1.2082876928608406,1980
Tekirdağ,1988,12,0.9071591499332549,1.0596058143748568,1980
Tekirdağ,1989,1,0.8395230770990327,1.1015066971734093,1980
Tekirdağ,1989,2,0.4212595564731351,0.607011199490048,1980
Tekirdağ,1989,3,0.15935977427401435,0.16355471311079822,1980
Tekirdağ,1989,4,-0.21785998502720935,-0.47652697766271845,1980
Tekirdağ,1989,5,0.07589960442032638,-0.17760204339792496,1980
Tekirdağ,1989,6,0.3763668995146723,0.36958716230345284,1980
Tekirdağ,1989,7,0.24894107998268375,0.38111071012183045,1980
Tekirdağ,1989,8,0.382289113261743,0.49428072918789806,1980
Tekirdağ,1989,9,0.18072225252940677,0.333128690686755,1980
Tekirdağ,1989,10,0.2871333055332071,0.44472383053800685,1980
Tekirdağ,1989,11,-0.9401185328194761,-1.1164657424671742,1980
Tekirdağ,1989,12,-1.3881926815548482,-1.7447632821024095,1980
Tekirdağ,1990,1,-1.3648788352250558,-1.922816639332769,1990
Tekirdağ,1990,2,-1.386372323551051,-1.6639884749505207,1990
Tekirdağ,1990,3,-1.8280338086260806,-1.8845455039503247,1990
Tekirdağ,1990,4,-1.177439065687416,-1.1286903680812144,1990
Tekirdağ,1990,5,-1.479179840742769,-1.34064761329254,1990
Tekirdağ,1990,6,-1.8044594956991062,-1.7620180363738296,1990
Tekirdağ,1990,7,-1.7253954875704784,-1.6948467086471233,1990
Tekirdağ,1990,8,-2.059376200557963,-1.8480889242617065,1990
Tekirdağ,1990,9,-1.8312247700216395,-1.7117575525924715,1990
Tekirdağ,1990,10,-1.3326654649802236,-1.3876666944057061,1990
Tekirdağ,1990,11,-1.320913880142989,-1.5454556314655357,1990
Tekirdağ,1990,12,-0.4657386885229523,-0.5929984048514483,1990
Tekirdağ,1991,1,-0.2984489850175102,-0.44743509125286257,1990
Tekirdağ,1991,2,-0.0328329697973987,-0.1333657529324268,1990
Tekirdağ,1991,3,0.12709706971396337,0.1006694916698579,1990
Tekirdağ,1991,4,0.32472140457114,0.4441947688000945,1990
Tekirdağ,1991,5,0.896878551180503,1.012735919955443,1990
Tekirdağ,1991,6,0.49557833296168335,0.5938957805022541,1990
Tekirdağ,1991,7,0.5659177960621252,0.6539170242457348,1990
Tekirdağ,1991,8,0.5011751234765867,0.5295606012372053,1990
Tekirdağ,1991,9,0.2835021210517486,0.265369672096599,1990
Tekirdağ,1991,10,0.8567661969934505,0.929228236433964,1990
Tekirdağ,1991,11,0.7029220356038511,0.8188295398562396,1990
Tekirdağ,1991,12,-0.539691590597684,-0.35688384940355217,1990
Tekirdağ,1992,1,-0.7161416753612833,-0.5903614825674013,1990
Tekirdağ,1992,2,-0.9730060862481175,-0.9155483607363285,1990
Tekirdağ,1992,3,-0.42503423259827783,-0.36479953309486235,1990
Tekirdağ,1992,4,-0.7306796752465419,-0.6557672584759895,1990
Tekirdağ,1992,5,-1.6281149392456236,-1.4073723750313372,1990
Tekirdağ,1992,6,-0.5981232281220451,-0.39192417453738726,1990
Tekirdağ,1992,7,-0.7581196070275967,-0.3718613765312421,1990
Tekirdağ,1992,8,-0.6797478603127088,-0.46529170010849935,1990
Tekirdağ,1992,9,-0.7863513094067579,-0.5314522154819532,1990
Tekirdağ,1992,10,-1.6639456561832884,-1.7069319518468427,1990
Tekirdağ,1992,11,-1.4672986607460945,-1.4876285106055402,1990
Tekirdağ,1992,12,-1.2150694276186758,-1.3177261181213935,1990
Tekirdağ,1993,1,-0.8509827867579722,-0.8699005173716415,1990
Tekirdağ,1993,2,0.07711046475608564,0.26843521874959214,1990
Tekirdağ,1993,3,-0.033276951512591475,0.08443799958427449,1990
Tekirdağ,1993,4,-0.16877562489594772,-0.03631001046784345,1990
Tekirdağ,1993,5,0.1801198007617276,0.19969781465127803,1990
Tekirdağ,1993,6,-0.8034369438446103,-0.8394037218385457,1990
Tekirdağ,1993,7,-0.9392632158002898,-1.0179934914457422,1990
Tekirdağ,1993,8,-0.8577110428716042,-0.8220319671060488,1990
Tekirdağ,1993,9,-0.9585104151838568,-0.9279619869856724,1990
Tekirdağ,1993,10,-1.3613129905285342,-1.3913217792292745,1990
Tekirdağ,1993,11,-1.215636041224291,-1.0653705091309593,1990
Tekirdağ,1993,12,-0.9290675438387521,-0.8941579751757457,1990
Tekirdağ,1994,1,-0.8406192958712029,-0.969838656333676,1990
Tekirdağ,1994,2,-1.0350574157829102,-1.292624476619038,1990
Tekirdağ,1994,3,-1.0751126746189237,-1.3700585134018894,1990
Tekirdağ,1994,4,-0.87749556836352,-1.1342163344325364,1990
Tekirdağ,1994,5,-0.933762821010674,-1.195185893191523,1990
Tekirdağ,1994,6,-0.654296063840283,-0.7996269211577107,1990
Tekirdağ,1994,7,-0.6525654451758123,-0.9249542738017501,1990
Tekirdağ,1994,8,-0.7455886731306396,-1.114977119177408,1990
Tekirdağ,1994,9,-0.541957770702703,-1.2513596684448245,1990
Tekirdağ,1994,10,0.2732552505615431,-0.23254181165977533,1990
Tekirdağ,1994,11,0.40933800490689926,-0.10987904338882991,1990
Tekirdağ,1994,12,0.5721269281490935,0.3549097057425455,1990
Tekirdağ,1995,1,2.198620516455094,1.7520326488545832,1990
Tekirdağ,1995,2,1.8481505681935868,1.5707652171049684,1990
Tekirdağ,1995,3,2.05818923108499,1.8733625116570096,1990
Tekirdağ,1995,4,1.9679303457193986,1.6914573879781218,1990
Tekirdağ,1995,5,1.7117580090700655,1.5131853813919358,1990
Tekirdağ,1995,6,1.8665607058120375,1.3963962258245006,1990
Tekirdağ,1995,7,2.5318906563149186,1.8766419821397375,1990
Tekirdağ,1995,8,2.8161163888862224,2.2765882372698147,1990
Tekirdağ,1995,9,3.2087954958824034,2.531972588283572,1990
Tekirdağ,1995,10,2.5257207132850614,2.3834432064818376,1990
Tekirdağ,1995,11,2.869512041550163,2.485722362718549,1990
Tekirdağ,1995,12,2.591110066946778,2.0306049234407015,1990
Tekirdağ,1996,1,1.1871562052663172,1.1955440483245112,1990
Tekirdağ,1996,2,1.7581541667844534,1.7640277235715751,1990
Tekirdağ,1996,3,1.4339690856902227,1.7018518197070356,1990
Tekirdağ,1996,4,1.4891538201560812,1.6617755381940962,1990
Tekirdağ,1996,5,1.4038036539505496,1.55113216263346,1990
Tekirdağ,1996,6,1.1570082211411088,1.3366506275655803,1990
Tekirdağ,1996,7,0.9783363768934621,1.1846088501929153,1990
Tekirdağ,1996,8,0.8117551531433296,1.0556732685542127,1990
Tekirdağ,1996,9,0.7245420208450385,1.0873154831550906,1990
Tekirdağ,1996,10,0.6841168569196695,1.0731192479377591,1990
Tekirdağ,1996,11,0.40830576550093345,0.6172416978595096,1990
Tekirdağ,1996,12,0.3821502680390762,0.5884895466561111,1990
Tekirdağ,1997,1,0.1998281312683811,0.3268828796478052,1990
Tekirdağ,1997,2,-0.5693361415757342,-0.8189246937595082,1990
Tekirdağ,1997,3,-0.6108041343309267,-0.9598177682460265,1990
Tekirdağ,1997,4,-0.18667285968976519,-0.36062064683323025,1990
Tekirdağ,1997,5,-0.25061716318319277,-0.3816512932108501,1990
Tekirdağ,1997,6,-0.10402734609317187,-0.11892948650358878,1990
Tekirdağ,1997,7,-0.333574424403847,-0.4125421396525773,1990
Tekirdağ,1997,8,-0.25301358757372494,-0.25958094726103254,1990
Tekirdağ,1997,9,-0.8010274971520611,-0.7522531456119055,1990
Tekirdağ,1997,10,1.358006527284226,1.6283988411218133,1990
Tekirdağ,1997,11,1.469241140313158,1.6847655162698167,1990
Tekirdağ,1997,12,2.179443857736248,1.9803573699997528,1990
Tekirdağ,1998,1,2.378724356423513,2.0769494771869006,1990
Tekirdağ,1998,2,2.8252609839599803,2.5754257038686257,1990
Tekirdağ,1998,3,3.0456138005977533,3.0255242529615853,1990
Tekirdağ,1998,4,2.4851922376615723,2.2737370646691977,1990
Tekirdağ,1998,5,2.792138254315116,2.744391391211207,1990
Tekirdağ,1998,6,2.865530556018306,2.3623846219649103,1990
Tekirdağ,1998,7,2.9051325121347786,2.3611661153988366,1990
Tekirdağ,1998,8,2.8064604114765457,2.440832619680739,1990
Tekirdağ,1998,9,4.051014710940996,2.980412948189542,1990
Tekirdağ,1998,10,2.9866406998706228,2.597395905326229,1990
Tekirdağ,1998,11,3.972572818597985,2.9907793176513726,1990
Tekirdağ,1998,12,3.0989705558899896,2.2366194315459627,1990
Tekirdağ,1999,1,3.06921488292629,2.200648199904522,1990
Tekirdağ,1999,2,3.467820515552705,2.734435808963913,1990
Tekirdağ,1999,3,2.8331289328732145,2.5991167161563458,1990
Tekirdağ,1999,4,2.6638135337080557,2.244275416487492,1990
Tekirdağ,1999,5,2.3829192147177976,2.1828477903113805,1990
Tekirdağ,1999,6,2.505081179579016,2.0032448026014995,1990
Tekirdağ,1999,7,2.2297628090558104,1.747679089310918,1990
Tekirdağ,1999,8,2.124332769058517,1.8230053080767976,1990
Tekirdağ,1999,9,1.3144436099558705,1.058209455147769,1990
Tekirdağ,1999,10,0.6124515414117481,0.31281735667236743,1990
Tekirdağ,1999,11,0.4443652626843752,0.07373402134537348,1990
Tekirdağ,1999,12,0.5884138088570322,0.23648679859977556,1990
Tekirdağ,2000,1,0.5165490407814196,0.24869510847195989,2000
Tekirdağ,2000,2,0.0865605688532651,-0.5022436148399366,2000
Tekirdağ,2000,3,-0.21876242969466442,-0.8244402839687596,2000
Tekirdağ,2000,4,0.10649744866116741,-0.3834680840369115,2000
Tekirdağ,2000,5,0.34556052773256013,-0.10662414831217175,2000
Tekirdağ,2000,6,0.2934796996299087,0.0452072887970627,2000
Tekirdağ,2000,7,0.34077706822106635,0.18416371147087748,2000
Tekirdağ,2000,8,0.46982122611767696,0.2807703963576713,2000
Tekirdağ,2000,9,0.362498075936294,0.20692609661313066,2000
Tekirdağ,2000,10,0.5473318418051051,0.514230337012967,2000
Tekirdağ,2000,11,-0.25997249914780785,-0.6357827119135807,2000
Tekirdağ,2000,12,-1.5218798368536008,-2.3361350142537027,2000
Tekirdağ,2001,1,-1.2139379016076703,-2.4095865893192916,2000
Tekirdağ,2001,2,-0.9884747696554887,-1.7241103665049484,2000
Tekirdağ,2001,3,-1.2040874059546662,-1.9883483167812022,2000
Tekirdağ,2001,4,-0.9107716287739883,-1.5371592677848962,2000
Tekirdağ,2001,5,-0.963132050685902,-1.4889070191882985,2000
Tekirdağ,2001,6,-1.0753206440150238,-1.7932336765799304,2000
Tekirdağ,2001,7,-0.9695331265846112,-1.7455432779995346,2000
Tekirdağ,2001,8,-1.0652885034642519,-1.811224324429189,2000
Tekirdağ,2001,9,-0.8191275526005242,-1.838219824261913,2000
Tekirdağ,2001,10,-1.6831516901315182,-2.7147227843067863,2000
Tekirdağ,2001,11,-0.6083218255470608,-1.6732734130398645,2000
Tekirdağ,2001,12,1.342884922172021,1.0010570037774942,2000
Tekirdağ,2002,1,1.0566940131084182,0.8340484491247917,2000
Tekirdağ,2002,2,0.597451897204392,0.13865651347907645,2000
Tekirdağ,2002,3,0.8371383529526956,0.5919280590746105,2000
Tekirdağ,2002,4,0.5567068398281395,0.36528132992825907,2000
Tekirdağ,2002,5,0.10732135028320625,-0.23122709555494791,2000
Tekirdağ,2002,6,0.4094608333641126,0.12561158611211964,2000
Tekirdağ,2002,7,0.6102123525163495,0.31366331205330983,2000
Tekirdağ,2002,8,0.8177808807529259,0.592157715761739,2000
Tekirdağ,2002,9,1.6677193086277524,1.5120995860795268,2000
Tekirdağ,2002,10,1.820653733844157,1.8054684496387097,2000
Tekirdağ,2002,11,1.7747223011994822,1.5740588553349886,2000
Tekirdağ,2002,12,-0.006590377502429252,-0.4256021736891375,2000
Tekirdağ,2003,1,0.8139130294341662,0.4999749075188339,2000
Tekirdağ,2003,2,1.4921555948647247,1.3024713672145483,2000
Tekirdağ,2003,3,1.0746949319701835,1.0742076911793306,2000
Tekirdağ,2003,4,1.341102167627807,1.3290587105528302,2000
Tekirdağ,2003,5,1.2962920353181273,1.2343406912821573,2000
Tekirdağ,2003,6,1.0874245620013467,0.9557935375424009,2000
Tekirdağ,2003,7,1.0347971966143814,0.9799543726818767,2000
Tekirdağ,2003,8,1.1996901726473301,1.1002524066269082,2000
Tekirdağ,2003,9,0.2944067609551815,0.17905448457805873,2000
Tekirdağ,2003,10,0.8895015245638564,0.8891514196524698,2000
Tekirdağ,2003,11,0.46593325653601303,0.44932133684513714,2000
Tekirdağ,2003,12,0.674145800526201,0.7150375926253225,2000
Tekirdağ,2004,1,1.1908050153515317,1.2638263445574274,2000
Tekirdağ,2004,2,0.5646743645207699,0.5145396520839728,2000
Tekirdağ,2004,3,0.8962800768059185,0.7287878461218567,2000
Tekirdağ,2004,4,0.48964052077401776,0.10839903220702249,2000
Tekirdağ,2004,5,0.6529520961202797,0.38015540048485386,2000
Tekirdağ,2004,6,1.4707805687873967,1.357576424569833,2000
Tekirdağ,2004,7,1.3635556846361918,1.306729982184866,2000
Tekirdağ,2004,8,1.4486393308536556,1.5500447565259916,2000
Tekirdağ,2004,9,1.214848182524055,1.3358795397590164,2000
Tekirdağ,2004,10,0.3194235657899259,0.3751334515872129,2000
Tekirdağ,2004,11,0.46695904435468466,0.5147459664502834,2000
Tekirdağ,2004,12,0.23791401453886418,0.2955322598830802,2000
Tekirdağ,2005,1,-0.8015871419811625,-1.2717867508306124,2000
Tekirdağ,2005,2,-0.48035032658843424,-0.7523705289337602,2000
Tekirdağ,2005,3,-0.780894016002843,-1.068626125807994,2000
Tekirdağ,2005,4,-0.9034790149536757,-1.1174279040403354,2000
Tekirdağ,2005,5,-0.36223478237474954,-0.6200075567638273,2000
Tekirdağ,2005,6,-1.4000191918978486,-1.6590948431211325,2000
Tekirdağ,2005,7,-1.5798290801488601,-1.8457568752081368,2000
Tekirdağ,2005,8,-2.2979707895988444,-2.3552807211203586,2000
Tekirdağ,2005,9,-2.3686734984553066,-2.752676793090518,2000
Tekirdağ,2005,10,-1.8522919802375264,-2.2452756462012267,2000
Tekirdağ,2005,11,-1.1672147647849171,-1.5558031317953072,2000
Tekirdağ,2005,12,-0.8605749333404724,-1.2154891824594745,2000
Tekirdağ,2006,1,-1.323202095404933,-1.925653562810477,2000
Tekirdağ,2006,2,-1.3901272713106008,-1.7131297746936935,2000
Tekirdağ,2006,3,-0.5732878300819635,-0.8266016495789809,2000
Tekirdağ,2006,4,-0.5599862518923286,-0.7319537469124476,2000
Tekirdağ,2006,5,-1.1640604109584505,-1.3073706007559038,2000
Tekirdağ,2006,6,-1.093819007983082,-1.4172636278967028,2000
Tekirdağ,2006,7,-1.1427528339229127,-1.388514169627586,2000
Tekirdağ,2006,8,-1.0576151547512231,-1.3575091936374701,2000
Tekirdağ,2006,9,-0.056428571670567106,-0.25512026047238273,2000
Tekirdağ,2006,10,-0.08752524815592536,-0.40820659663808595,2000
Tekirdağ,2006,11,-0.6594244552967551,-1.1019485406414593,2000
Tekirdağ,2006,12,-1.2020023665687747,-1.8219808239226594,2000
Tekirdağ,2007,1,-1.1037860934607597,-2.1942764424146763,2000
Tekirdağ,2007,2,-1.5955937458513818,-2.3891852124889557,2000
Tekirdağ,2007,3,-2.4678608650378036,-2.6847920985550844,2000
Tekirdağ,2007,4,-2.264689604601028,-2.4622458056631062,2000
Tekirdağ,2007,5,-1.9252512625441258,-2.052411976768128,2000
Tekirdağ,2007,6,-2.4115844402975815,-3.2093504379053925,2000
Tekirdağ,2007,7,-2.4911676258065483,-3.3389198042288206,2000
Tekirdağ,2007,8,-2.5950147585016436,-2.8757577759801407,2000
Tekirdağ,2007,9,-4.494939571749883,-4.577875358900406,2000
Tekirdağ,2007,10,-4.172639022821022,-4.1557222814645876,2000
Tekirdağ,2007,11,-1.5486368185516275,-2.5636032814480645,2000
Tekirdağ,2007,12,-1.180667062055066,-2.5901816136337503,2000
Tekirdağ,2008,1,-1.2018904314605519,-2.8550393806532193,2000
Tekirdağ,2008,2,-1.3228081743458204,-2.1866866073309947,2000
Tekirdağ,2008,3,-0.7011831755603736,-1.5074220174507924,2000
Tekirdağ,2008,4,-0.5639564006475168,-1.4420892277549475,2000
Tekirdağ,2008,5,-0.6682395363011283,-1.3744242624220373,2000
Tekirdağ,2008,6,-0.30386592992810135,-0.9013856094843976,2000
Tekirdağ,2008,7,-0.1867507681763502,-0.6190073671830364,2000
Tekirdağ,2008,8,-0.1864327959961361,-0.6499854409600357,2000
Tekirdağ,2008,9,-0.060558143905490636,-0.6295668493776597,2000
Tekirdağ,2008,10,0.14162441013354735,-0.3451554051377052,2000
Tekirdağ,2008,11,-2.231541962632479,-2.9406811653802256,2000
Tekirdağ,2008,12,-2.5988597556409134,-4.75,2000
Tekirdağ,2009,1,-1.997357014104194,-4.75,2000
Tekirdağ,2009,2,-1.452973207163902,-2.571832464636188,2000
Tekirdağ,2009,3,-1.2131451479782414,-1.931233772976211,2000
Tekirdağ,2009,4,-1.025319611253485,-1.5539195837199666,2000
Tekirdağ,2009,5,-1.0417461070809924,-1.4956585189934488,2000
Tekirdağ,2009,6,-1.4836177194725093,-2.0910937996298125,2000
Tekirdağ,2009,7,-0.9673668123851842,-1.582030454574595,2000
Tekirdağ,2009,8,-0.9704940200265361,-1.4238369681326666,2000
Tekirdağ,2009,9,0.11724679923105831,-0.28626167258112517,2000
Tekirdağ,2009,10,0.9920584363243851,0.767830915324486,2000
Tekirdağ,2009,11,1.4053257950755849,1.1743133353349118,2000
Tekirdağ,2009,12,2.228618552241852,1.712704998470455,2000
Tekirdağ,2010,1,2.32364792198527,1.7913065482032544,2010
Tekirdağ,2010,2,3.1716132716511893,2.484363214925122,2010
Tekirdağ,2010,3,2.766221441829952,2.485700051390343,2010
Tekirdağ,2010,4,2.6181328489204807,2.122693045083896,2010
Tekirdağ,2010,5,2.5280894245368595,2.1865167354822743,2010
Tekirdağ,2010,6,2.905950602034084,2.1403790144241124,2010
Tekirdağ,2010,7,2.8109174503399714,2.04876731957578,2010
Tekirdağ,2010,8,2.8112896016328013,2.0656671383522087,2010
Tekirdağ,2010,9,2.3240904500835193,1.5191697718107258,2010
Tekirdağ,2010,10,2.548649867459122,1.9972942158517635,2010
Tekirdağ,2010,11,2.5877353682703066,1.7725063375949488,2010
Tekirdağ,2010,12,2.2028522905902364,1.4224498113495763,2010
Tekirdağ,2011,1,2.063689976096912,1.302330936822735,2010
Tekirdağ,2011,2,1.0775494506264194,0.18845739794876623,2010
Tekirdağ,2011,3,0.7977735733661963,-0.13970742047106846,2010
Tekirdağ,2011,4,1.1697884282431485,0.531505862916557,2010
Tekirdağ,2011,5,1.3379824883642968,0.8142173469633902,2010
Tekirdağ,2011,6,1.783497409525474,1.2690915379902732,2010
Tekirdağ,2011,7,1.5452003195686848,1.0043418924641956,2010
Tekirdağ,2011,8,1.6642347423634747,1.3685468441712076,2010
Tekirdağ,2011,9,2.5166337542521813,1.995607955263809,2010
Tekirdağ,2011,10,1.918370283502684,1.678066264793928,2010
Tekirdağ,2011,11,1.9513551948251142,1.7557710630002827,2010
Tekirdağ,2011,12,1.5235671094674115,1.3246830061802173,2010
Tekirdağ,2012,1,1.4817807217045031,1.3499789134032403,2010
Tekirdağ,2012,2,1.5389377918759481,1.4818192354176125,2010
Tekirdağ,2012,3,1.354564476544362,1.3781769657668608,2010
Tekirdağ,2012,4,1.1935729027600135,1.0189378206068764,2010
Tekirdağ,2012,5,1.3037525026300907,1.0848515781309909,2010
Tekirdağ,2012,6,0.5790386383936911,0.15105494804227315,2010
Tekirdağ,2012,7,0.5685821989157839,-0.01375544157092819,2010
Tekirdağ,2012,8,0.5110043780464385,-0.3037499605126781,2010
Tekirdağ,2012,9,-0.8281929833149678,-1.8413631301049478,2010
Tekirdağ,2012,10,-1.710853957843163,-2.8868595001030246,2010
Tekirdağ,2012,11,-1.7830524272400965,-3.324622292633216,2010
Tekirdağ,2012,12,-0.29642320502885083,-1.9373338188526161,2010
Tekirdağ,2013,1,0.3090103756433061,-1.2135793011559297,2010
Tekirdağ,2013,2,0.8507299597416653,-0.5914021950954336,2010
Tekirdağ,2013,3,1.0823322251670393,-0.2604609301712893,2010
Tekirdağ,2013,4,0.6756792269518449,-0.6285290524104153,2010
Tekirdağ,2013,5,0.2111002795875396,-1.2408947301472086,2010
Tekirdağ,2013,6,0.5158636285881998,-0.8243744844121084,2010
Tekirdağ,2013,7,0.46851961092083927,-0.6194536488359479,2010
Tekirdağ,2013,8,0.4049394265665681,-0.7256706093521612,2010
Tekirdağ,2013,9,0.4427327542672933,-0.728116348369649,2010
Tekirdağ,2013,10,0.5919893746358168,-0.17834520691756628,2010
Tekirdağ,2013,11,0.9252713408268636,0.1942273741150184,2010
Tekirdağ,2013,12,-1.197256138571305,-2.8698144322470855,2010
Tekirdağ,2014,1,-1.8205247858152092,-4.75,2010
Tekirdağ,2014,2,-3.1330420828926324,-4.439117974131743,2010
Tekirdağ,2014,3,-2.6638435752716774,-3.1313820098241636,2010
Tekirdağ,2014,4,-2.1858878503788386,-2.905982203101926,2010
Tekirdağ,2014,5,-1.4310273516672394,-1.9721182799488026,2010
Tekirdağ,2014,6,-1.259174498012407,-2.116924849102027,2010
Tekirdağ,2014,7,-0.3995186309832755,-1.1350017965491874,2010
Tekirdağ,2014,8,-0.3320891865646216,-1.011989105254267,2010
Tekirdağ,2014,9,0.45635815852711564,-0.04957157900727542,2010
Tekirdağ,2014,10,0.7008386971081227,0.2020708493443194,2010
Tekirdağ,2014,11,0.6869084958939093,0.2025797732773364,2010
Tekirdağ,2014,12,1.420119788116637,1.0083091592601072,2010
Tekirdağ,2015,1,1.566319125765247,1.2059879484654086,2010
Tekirdağ,2015,2,2.3354483181313026,1.9120366898217624,2010
Tekirdağ,2015,3,1.8527420506866972,1.6806539913304883,2010
Tekirdağ,2015,4,1.922234497813597,1.6860727035914458,2010
Tekirdağ,2015,5,1.4559347278402643,1.2369316243904411,2010
Tekirdağ,2015,6,1.5342207431256591,1.2824357333871401,2010
Tekirdağ,2015,7,0.8754074870464145,0.6197978010863938,2010
Tekirdağ,2015,8,0.8255218749076644,0.45379633800970215,2010
Tekirdağ,2015,9,0.32111473780721056,-0.3308350074901813,2010
Tekirdağ,2015,10,-0.12636917974800432,-0.9629600405013548,2010
Tekirdağ,2015,11,0.15288090435578788,-0.8168344859853847,2010
Tekirdağ,2015,12,-0.8696733792763229,-2.1654437174085515,2010
Tekirdağ,2016,1,-0.7082121037263654,-2.1853002872923315,2010
Tekirdağ,2016,2,-0.9635014151165067,-2.21022886476303,2010
Tekirdağ,2016,3,-0.8495893551248411,-1.914202044323866,2010
Tekirdağ,2016,4,-1.183941197390224,-2.3438617321755797,2010
Tekirdağ,2016,5,-0.9327523854592266,-1.866344333187273,2010
Tekirdağ,2016,6,-1.2927181917687984,-2.849582518993431,2010
Tekirdağ,2016,7,-1.3179852110527468,-2.8459548584862944,2010
Tekirdağ,2016,8,-1.308473673340956,-2.455940820397936,2010
Tekirdağ,2016,9,-1.8247674246746517,-3.1728879218391484,2010
Tekirdağ,2016,10,-1.8485971357466742,-3.1037755668898326,2010
Tekirdağ,2016,11,-1.5447447501388418,-2.955131528669507,2010
Tekirdağ,2016,12,-1.122881202498168,-3.111474761576245,2010
Tekirdağ,2017,1,-0.8337176410752842,-2.947845945883481,2010
Tekirdağ,2017,2,-1.2905970606835941,-2.553196571076785,2010
Tekirdağ,2017,3,-1.1916514427040659,-2.111016041807124,2010
Tekirdağ,2017,4,-0.8837228463561653,-1.542652856830456,2010
Tekirdağ,2017,5,-0.97735664954521,-1.4864209374276773,2010
Tekirdağ,2017,6,-1.1561978750591142,-1.6886136617923742,2010
Tekirdağ,2017,7,-0.6328747937463755,-0.9233884540313643,2010
Tekirdağ,2017,8,-0.510014684320077,-0.7748265299366585,2010
Tekirdağ,2017,9,-0.5113748015284975,-0.817218750927701,2010
Tekirdağ,2017,10,-0.41189600450205727,-0.7359265110388141,2010
Tekirdağ,2017,11,-0.6280297306246273,-1.0262848719855937,2010
Tekirdağ,2017,12,-0.15860447314562148,-0.5970069325496743,2010
Tekirdağ,2018,1,-0.41348577764509165,-1.2260687254984821,2010
Tekirdağ,2018,2,0.084461419694303,-0.5473247672087282,2010
Tekirdağ,2018,3,0.41846194449405794,-0.1236994711312288,2010
Tekirdağ,2018,4,0.11918735267480222,-0.5438025535559214,2010
Tekirdağ,2018,5,0.19046107410227273,-0.5722268642804036,2010
Tekirdağ,2018,6,0.5554056812082403,-0.09197550068466254,2010
Tekirdağ,2018,7,0.8899445024840589,0.2150336958323066,2010
Tekirdağ,2018,8,0.7962404575031719,-0.042765455516311016,2010
Tekirdağ,2018,9,0.9103635358595994,0.07893268177758789,2010
Tekirdağ,2018,10,0.519522894586848,-0.4933355335939812,2010
Tekirdağ,2018,11,0.38867110332308163,-0.7717559639959571,2010
Tekirdağ,2018,12,0.66466057979885,-0.05790689595284612,2010
Tekirdağ,2019,1,0.5771994946335031,-0.1614026140576222,2010
Tekirdağ,2019,2,0.23434336593254343,-0.7182104050785046,2010
Tekirdağ,2019,3,-0.11811929069653371,-1.0656576605321835,2010
Tekirdağ,2019,4,0.14901628736228403,-0.46710260220364813,2010
Tekirdağ,2019,5,0.18615397113635213,-0.39472040175170164,2010
Tekirdağ,2019,6,-0.39143065778800795,-1.239605119827759,2010
Tekirdağ,2019,7,-1.1794638065426075,-1.91282604370515,2010
Tekirdağ,2019,8,-1.171358795669247,-1.7266689026608844,2010
Tekirdağ,2019,9,-1.3824225645557346,-2.075556007321329,2010
Tekirdağ,2019,10,-1.2802524682065486,-2.0761195199650424,2010
Tekirdağ,2019,11,-1.7977700320516203,-2.791071283982071,2010
Tekirdağ,2019,12,-3.1108374048513636,-4.75,2010
Tekirdağ,2020,1,-3.6218549258869364,-4.75,2020
Tekirdağ,2020,2,-3.4356799190581047,-4.75,2020
Tekirdağ,2020,3,-3.2048173556644617,-3.4087092438546853,2020
Tekirdağ,2020,4,-2.9359047085935446,-3.3921604902614506,2020
Tekirdağ,2020,5,-2.0685046807547818,-2.3822001126838885,2020
Tekirdağ,2020,6,-1.3636900744468992,-2.061318834990561,2020
Tekirdağ,2020,7,-1.5550797694473908,-2.2568159486063224,2020
Tekirdağ,2020,8,-1.4901077609897677,-1.9956415928930822,2020
Tekirdağ,2020,9,-1.5772055230789899,-2.4244291717520148,2020
Tekirdağ,2020,10,-1.417799049007588,-2.364952665840952,2020
Tekirdağ,2020,11,-1.795092047026555,-2.623778515848697,2020
Tekirdağ,2020,12,-1.523117237002119,-3.084705902042968,2020
Tekirdağ,2021,1,-0.42551424263332577,-1.588936729924958,2020
Tekirdağ,2021,2,-0.48035032658843424,-1.4881448479744441,2020
Tekirdağ,2021,3,-0.2128065001607943,-0.9729741910846176,2020
Tekirdağ,2021,4,-0.12842887557992397,-0.7675633492920632,2020
Tekirdağ,2021,5,-0.35201453941306343,-1.0753027254287415,2020
Tekirdağ,2021,6,-0.6594239922707248,-1.4475913750209493,2020
Tekirdağ,2021,7,-0.635980397087873,-1.5180049930351949,2020
Tekirdağ,2021,8,-0.43914898307523587,-1.3471329541048631,2020
Tekirdağ,2021,9,-0.5880484518757191,-1.4364335408721534,2020
Tekirdağ,2021,10,-0.9767913318122885,-1.7123677958922157,2020
Tekirdağ,2021,11,-0.49101782192138865,-1.2944124037995026,2020
Tekirdağ,2021,12,-0.25304477178817064,-0.897974488351023,2020
Tekirdağ,2022,1,-1.3907318550230034,-2.997772690853405,2020
Tekirdağ,2022,2,-1.1996225173596904,-1.9617548357655958,2020
Tekirdağ,2022,3,-1.5091837770030057,-1.9699108147179019,2020
Tekirdağ,2022,4,-1.175273057216244,-1.71277887218726,2020
Tekirdağ,2022,5,-1.5687880490338815,-1.8284075088656004,2020
Tekirdağ,2022,6,-1.9448623060543024,-2.6630616928021853,2020
Tekirdağ,2022,7,-1.9050175059812413,-2.3584583890952246,2020
Tekirdağ,2022,8,-1.8278564961759687,-2.07213008483724,2020
Tekirdağ,2022,9,-1.9615750188479526,-2.473275395685645,2020
Tekirdağ,2022,10,-1.9303497521935764,-2.552026628312759,2020
Tekirdağ,2022,11,-2.4107469135573973,-3.10819483586966,2020
Tekirdağ,2022,12,-2.793773365940732,-4.75,2020
Tekirdağ,2023,1,-2.941497116561588,-4.75,2020
Tekirdağ,2023,2,-3.9586408459832625,-4.75,2020
Tekirdağ,2023,3,-2.991642081894926,-3.2364428654342094,2020
Tekirdağ,2023,4,-2.609235875056277,-3.067953819656568,2020
Tekirdağ,2023,5,-2.3491977086427966,-2.4375194651949688,2020
Tekirdağ,2023,6,-2.7536461651977224,-3.3639843135663923,2020
Tekirdağ,2023,7,-2.719997216547635,-3.3411373806003133,2020
Tekirdağ,2023,8,-3.117111215083414,-3.0851663445000232,2020
Tekirdağ,2023,9,-3.3591701782253565,-3.9164645526592543,2020
Tekirdağ,2023,10,-3.0452635624352333,-3.6823807158883683,2020
Tekirdağ,2023,11,-1.0455654507899672,-2.3112640930514883,2020
Tekirdağ,2023,12,-0.2858222990542605,-1.5063232225899004,2020
Tekirdağ,2024,1,0.1508632564295234,-0.8418247769455691,2020
Tekirdağ,2024,2,0.43741902656715675,-0.606690908941695,2020
Tekirdağ,2024,3,0.5873733188170764,-0.36981305085922184,2020
Tekirdağ,2024,4,0.35728207056329747,-0.7500545899362179,2020
Tekirdağ,2024,5,0.29308690180073177,-0.8104815080359992,2020
Tekirdağ,2024,6,0.17394084350860942,-1.3597475639988594,2020
Tekirdağ,2024,7,0.03932027147643675,-1.6779819244839984,2020
Tekirdağ,2024,8,0.03841758757109707,-1.535612666910254,2020
Tekirdağ,2024,9,0.13946622922720397,-1.5841639864466404,2020
Tekirdağ,2024,10,0.036461854678502326,-1.550076532505683,2020
Tekirdağ,2024,11,-2.0343523140111186,-3.5508968033545023,2020
Tekirdağ,2024,12,-2.431612598781437,-4.75,2020
Uzunköprü,1965,12,-0.07857147411185252,-0.36325651771577633,1960
Uzunköprü,1966,1,0.585625207056686,0.3531161334848699,1960
Uzunköprü,1966,2,-0.4465562815341174,-1.006363812009427,1960
Uzunköprü,1966,3,-0.25529884128208036,-0.7936028510590183,1960
Uzunköprü,1966,4,-0.10310615530143588,-0.37466521540904113,1960
Uzunköprü,1966,5,-0.3110170979298328,-0.8737999919412176,1960
Uzunköprü,1966,6,-0.1782634688787802,-0.6111702728799756,1960
Uzunköprü,1966,7,-0.05619496235711373,-0.18008233651095537,1960
Uzunköprü,1966,8,-0.0006826073589480651,-0.19704180788289924,1960
Uzunköprü,1966,9,0.15709012392626542,-0.069455784243611,1960
Uzunköprü,1966,10,0.6298692108771206,0.19673869523625087,1960
Uzunköprü,1966,11,1.3424075882644169,0.6098224244338951,1960
Uzunköprü,1966,12,1.7806486282747793,1.5025386158797285,1960
Uzunköprü,1967,1,1.6369837179393751,1.3932656764459725,1960
Uzunköprü,1967,2,1.7689529713542762,1.583403521394385,1960
Uzunköprü,1967,3,1.44015179941018,1.3461733485584297,1960
Uzunköprü,1967,4,1.3119302095216638,0.7368052318491285,1960
Uzunköprü,1967,5,1.2325983160322767,1.1211686414733206,1960
Uzunköprü,1967,6,1.3098306044065826,1.2238087463716856,1960
Uzunköprü,1967,7,1.343596040828293,0.7174599177980642,1960
Uzunköprü,1967,8,1.2979327976593422,0.6980181786071783,1960
Uzunköprü,1967,9,1.1156170342054064,0.6095417259703049,1960
Uzunköprü,1967,10,1.0732986481935087,0.699811122121812,1960
Uzunköprü,1967,11,-0.2594327026094785,-0.13611534969482383,1960
Uzunköprü,1967,12,-1.0885350033194363,-1.2080465713262325,1960
Uzunköprü,1968,1,-0.8807836371610154,-1.0522818323713568,1960
Uzunköprü,1968,2,-0.8171896017387466,-1.0594078081646123,1960
Uzunköprü,1968,3,-0.6668834673832539,-0.8916501759295069,1960
Uzunköprü,1968,4,-0.8990562125237429,-0.8413618973369161,1960
Uzunköprü,1968,5,-0.9818881647158696,-1.2961513023372766,1960
Uzunköprü,1968,6,-1.234803980680689,-1.5927711879514304,1960
Uzunköprü,1968,7,-1.3727964081475106,-1.962485444097351,1960
Uzunköprü,1968,8,-1.0924964687637504,-1.2304137093424063,1960
Uzunköprü,1968,9,-0.11610866407773107,-0.2886717717836542,1960
Uzunköprü,1968,10,-0.5139043303086643,-0.6051531691763616,1960
Uzunköprü,1968,11,-0.20087182799293118,-0.280138356637676,1960
Uzunköprü,1968,12,0.05459253941233273,-0.17706788858772113,1960
Uzunköprü,1969,1,-0.5154491829985851,-0.8619901110188567,1960
Uzunköprü,1969,2,0.1199059195132636,-0.11049010623840998,1960
Uzunköprü,1969,3,0.08194467184329401,-0.11431619970086071,1960
Uzunköprü,1969,4,0.4895056005477674,0.37391582970047516,1960
Uzunköprü,1969,5,0.5503079265917293,0.58900025794435,1960
Uzunköprü,1969,6,0.6652569942579047,0.6947446923599735,1960
Uzunköprü,1969,7,0.6719626941381487,0.5215774473646435,1960
Uzunköprü,1969,8,0.8611180624482432,0.5803228870835716,1960
Uzunköprü,1969,9,0.007425271304265496,0.08404257017239886,1960
Uzunköprü,1969,10,0.18150080406611035,0.21549627336284335,1960
Uzunköprü,1969,11,-0.02584158283991448,0.053265591447757554,1960
Uzunköprü,1969,12,0.18098086112268597,0.12920035636201527,1960
Uzunköprü,1970,1,0.3450882980310741,0.16413283492786618,1970
Uzunköprü,1970,2,0.47610498211024826,0.34232336033194793,1970
Uzunköprü,1970,3,0.5632000398931973,0.350387062604856,1970
Uzunköprü,1970,4,0.46473817116887545,0.15547054234615074,1970
Uzunköprü,1970,5,0.9325631711360848,0.7750257472251914,1970
Uzunköprü,1970,6,0.8415552101960698,0.7479915993288041,1970
Uzunköprü,1970,7,0.8649153529237098,0.4117642025241901,1970
Uzunköprü,1970,8,0.3856199794090098,0.11610023200487557,1970
Uzunköprü,1970,9,0.3390386057096134,0.07759973308870503,1970
Uzunköprü,1970,10,0.5074484532530771,0.2856966082846401,1970
Uzunköprü,1970,11,0.8994162399558931,0.5245492106455886,1970
Uzunköprü,1970,12,0.3641085583053047,0.27797613547247907,1970
Uzunköprü,1971,1,0.2901427273963732,0.10403057339757155,1970
Uzunköprü,1971,2,0.10413939988440961,-0.012318753617135593,1970
Uzunköprü,1971,3,0.744711032886477,0.7494629872674116,1970
Uzunköprü,1971,4,0.5343675096153635,0.43237214676274244,1970
Uzunköprü,1971,5,0.003053252243110445,-0.1628071271833439,1970
Uzunköprü,1971,6,0.32770987259951684,0.21110466868839983,1970
Uzunköprü,1971,7,0.49844044204276583,0.38628066910393033,1970
Uzunköprü,1971,8,0.5088291424113335,0.3882669306057282,1970
Uzunköprü,1971,9,0.8080765999838988,0.5667253275510511,1970
Uzunköprü,1971,10,0.5482456857260601,0.49072265698857664,1970
Uzunköprü,1971,11,0.8556023377602234,0.6194142342558788,1970
Uzunköprü,1971,12,1.032630288679223,1.2133472459976802,1970
Uzunköprü,1972,1,0.6507210371687023,0.8956261894068851,1970
Uzunköprü,1972,2,0.2612821399734518,0.5283803182675838,1970
Uzunköprü,1972,3,-0.5889523771447326,-0.48711752096916305,1970
Uzunköprü,1972,4,-0.3804976322865879,-0.1616007580445762,1970
Uzunköprü,1972,5,-0.12043162527631389,-0.10365072168014516,1970
Uzunköprü,1972,6,-0.2229203351005934,-0.2455944081933249,1970
Uzunköprü,1972,7,-0.09372731073852743,-0.042449090620351015,1970
Uzunköprü,1972,8,0.03711056689611199,0.040170321924470336,1970
Uzunköprü,1972,9,0.1563675550310942,0.08726127521838761,1970
Uzunköprü,1972,10,0.9766997376174852,0.6338524597514206,1970
Uzunköprü,1972,11,0.1341587798658641,0.10129214410734419,1970
Uzunköprü,1972,12,-0.4310581665078818,-0.5792067115575565,1970
Uzunköprü,1973,1,0.10372514394280136,-0.017444826003634336,1970
Uzunköprü,1973,2,0.6506570285886263,0.5794668834123734,1970
Uzunköprü,1973,3,1.1175417875227627,1.1294613469067767,1970
Uzunköprü,1973,4,1.4535127926280682,0.8528674199071162,1970
Uzunköprü,1973,5,1.2779106941340652,1.3080891871654605,1970
Uzunköprü,1973,6,1.437366077507865,1.5573211814121002,1970
Uzunköprü,1973,7,1.1498733180813976,0.7167805152021491,1970
Uzunköprü,1973,8,1.0098367822614103,0.684917592618426,1970
Uzunköprü,1973,9,1.1959963511482519,0.7785303627679779,1970
Uzunköprü,1973,10,0.6889947486607652,0.5453385979578244,1970
Uzunköprü,1973,11,0.769869738206589,0.5826741591575709,1970
Uzunköprü,1973,12,1.4186153954936975,1.5484104118482471,1970
Uzunköprü,1974,1,0.9507023015082916,1.1224050575914828,1970
Uzunköprü,1974,2,0.7034180599043915,0.8834271185872684,1970
Uzunköprü,1974,3,0.2644500816932965,0.3386716082670001,1970
Uzunköprü,1974,4,-0.07339095554842248,0.10938780233032144,1970
Uzunköprü,1974,5,0.23285886076852488,0.39366020866063184,1970
Uzunköprü,1974,6,-0.10473339663336084,0.0014072146982919758,1970
Uzunköprü,1974,7,-0.05763471903750386,0.153981860832994,1970
Uzunköprü,1974,8,0.14922452789184845,0.24365352865523662,1970
Uzunköprü,1974,9,-0.3364908558009933,-0.07889842479152358,1970
Uzunköprü,1974,10,-0.6088101727989982,-0.36676082645060165,1970
Uzunköprü,1974,11,0.1601228830339242,0.20787770452296098,1970
Uzunköprü,1974,12,-0.21423270571154965,-0.18503383079518038,1970
Uzunköprü,1975,1,0.6280706424510621,0.7117615169463783,1970
Uzunköprü,1975,2,0.42910498228499067,0.5779262440961166,1970
Uzunköprü,1975,3,0.43974689823186053,0.4428194366125912,1970
Uzunköprü,1975,4,0.18220160909855643,0.10651452691144889,1970
Uzunköprü,1975,5,0.19812948793547214,-0.08313111581249383,1970
Uzunköprü,1975,6,0.6735090626423879,0.46140696165817213,1970
Uzunköprü,1975,7,0.6420238896203541,0.2881862272115088,1970
Uzunköprü,1975,8,1.04610087637958,0.5341741291749583,1970
Uzunköprü,1975,9,1.0568708968746325,0.5199893252169041,1970
Uzunköprü,1975,10,1.4440861680843784,0.8385552837115955,1970
Uzunköprü,1975,11,1.210666657479266,0.698578882012034,1970
Uzunköprü,1975,12,1.3046786995714177,1.323230584421054,1970
Uzunköprü,1976,1,0.7332539277325113,0.6655516514521446,1970
Uzunköprü,1976,2,0.6288372490063109,0.586482082991462,1970
Uzunköprü,1976,3,0.2955157604689922,0.3383819602396965,1970
Uzunköprü,1976,4,0.2632956526223771,0.2717941156383959,1970
Uzunköprü,1976,5,0.22066033080125327,0.2400421920177523,1970
Uzunköprü,1976,6,-0.18975900712966934,-0.1121930782452477,1970
Uzunköprü,1976,7,-0.024596456267741915,0.17694446016563714,1970
Uzunköprü,1976,8,-0.39839290486045104,-0.009265502840606173,1970
Uzunköprü,1976,9,-0.2978608056683946,0.10884660924240744,1970
Uzunköprü,1976,10,-0.7289120067883479,-0.17748434010019276,1970
Uzunköprü,1976,11,-0.8567539313364991,-0.3571499161858648,1970
Uzunköprü,1976,12,-0.38890231853018,-0.13539607242174426,1970
Uzunköprü,1977,1,-0.14178251523346427,0.1463873287759934,1970
Uzunköprü,1977,2,0.38184155931131397,0.5855887238653936,1970
Uzunköprü,1977,3,0.41991930612303985,0.5309124938833146,1970
Uzunköprü,1977,4,0.4014621873697658,0.40206914063638144,1970
Uzunköprü,1977,5,0.25463116124306057,0.31046242875941465,1970
Uzunköprü,1977,6,0.8117429774339081,0.8997400149224216,1970
Uzunköprü,1977,7,0.6680645763408879,0.45587844558862,1970
Uzunköprü,1977,8,0.46603183833061546,0.24966213290152453,1970
Uzunköprü,1977,9,1.0730509388051033,0.5861577039793361,1970
Uzunköprü,1977,10,0.737764871697403,0.513354941485536,1970
Uzunköprü,1977,11,0.791241051966972,0.5069204680686709,1970
Uzunköprü,1977,12,1.0707492476670568,1.1164192101569879,1970
Uzunköprü,1978,1,1.0320269696674844,1.065908146927343,1970
Uzunköprü,1978,2,1.3101645484607793,1.390717635554455,1970
Uzunköprü,1978,3,1.5233247889836634,1.5904034065474373,1970
Uzunköprü,1978,4,1.6007809588752555,0.9053528558041453,1970
Uzunköprü,1978,5,1.6469978848506808,1.707626841929599,1970
Uzunköprü,1978,6,1.2603610665929592,1.3047422736282832,1970
Uzunköprü,1978,7,1.283516534987296,0.734934258390512,1970
Uzunköprü,1978,8,1.1649239082037517,0.7077091116235865,1970
Uzunköprü,1978,9,1.1524276052903724,0.7531568199188864,1970
Uzunköprü,1978,10,1.9309017040598209,1.103494504731986,1970
Uzunköprü,1978,11,1.5762576548153497,0.938528280365602,1970
Uzunköprü,1978,12,0.8401370637168418,1.0178338175344717,1970
Uzunköprü,1979,1,1.337152716591838,1.5234368045341897,1970
Uzunköprü,1979,2,1.236748638950026,1.3867917652562323,1970
Uzunköprü,1979,3,0.48487224907795384,0.5788559566014734,1970
Uzunköprü,1979,4,0.5939421181344275,0.477120546105109,1970
Uzunköprü,1979,5,0.37624464958799975,0.37622143526243984,1970
Uzunköprü,1979,6,0.5098718165306569,0.47445302055689226,1970
Uzunköprü,1979,7,1.1504825757267707,0.697700126756943,1970
Uzunköprü,1979,8,1.1116322336356146,0.6656501090658046,1970
Uzunköprü,1979,9,0.7000811806286812,0.45436408464518685,1970
Uzunköprü,1979,10,0.4447868888986294,0.3956578653520245,1970
Uzunköprü,1979,11,1.34795246832788,0.789127388983253,1970
Uzunköprü,1979,12,1.4098590955428183,1.4441503875521964,1970
Uzunköprü,1980,1,1.4999543459913673,1.5947830240302223,1980
Uzunköprü,1980,2,1.2658185202732664,1.3608795143396106,1980
Uzunköprü,1980,3,1.4488635241782646,1.6437688185430575,1980
Uzunköprü,1980,4,1.1265697648565458,0.7557179590703994,1980
Uzunköprü,1980,5,1.6745677912270425,1.871853366937435,1980
Uzunköprü,1980,6,1.8121642942127707,2.015442296973325,1980
Uzunköprü,1980,7,1.3322992764260266,0.8205765956424393,1980
Uzunköprü,1980,8,1.4263638730000117,0.8532084302534693,1980
Uzunköprü,1980,9,1.5855550431489878,1.0032061017245584,1980
Uzunköprü,1980,10,0.7382559224136666,0.6146607766012623,1980
Uzunköprü,1980,11,0.28078332475283396,0.33071932614827365,1980
Uzunköprü,1980,12,1.2006868922251623,1.3952349325859945,1980
Uzunköprü,1981,1,1.52929969381803,1.7544014587955616,1980
Uzunköprü,1981,2,1.9086747601742113,1.9537432268572905,1980
Uzunköprü,1981,3,1.6059471619985168,1.7040791773459163,1980
Uzunköprü,1981,4,1.2386878222187132,0.7673738240907636,1980
Uzunköprü,1981,5,0.6606886196391489,0.7332144199203572,1980
Uzunköprü,1981,6,0.31570656465477637,0.2135309392265861,1980
Uzunköprü,1981,7,0.27411236924064086,0.20934640322555792,1980
Uzunköprü,1981,8,0.09374165859561155,0.07445946566279592,1980
Uzunköprü,1981,9,0.009638180889577132,-0.07436290871433847,1980
Uzunköprü,1981,10,0.6611879939407533,0.4264943023952827,1980
Uzunköprü,1981,11,1.1616398143385216,0.7050136225811596,1980
Uzunköprü,1981,12,1.2518929427731276,1.2887348162199013,1980
Uzunköprü,1982,1,0.6121788419397441,0.5682674665483668,1980
Uzunköprü,1982,2,0.4171139843661005,0.3947349310231582,1980
Uzunköprü,1982,3,0.7031504128359791,0.799097482393338,1980
Uzunköprü,1982,4,1.0473425935194474,0.7002583978223966,1980
Uzunköprü,1982,5,1.1830920310809871,1.2194544183055545,1980
Uzunköprü,1982,6,1.2455442899365539,1.3421899139534195,1980
Uzunköprü,1982,7,1.2557618349715136,0.7492328385149057,1980
Uzunköprü,1982,8,1.2062378252161867,0.7182184704187011,1980
Uzunköprü,1982,9,1.2712005624406173,0.7653146211836456,1980
Uzunköprü,1982,10,0.7516971870575345,0.5851367517118222,1980
Uzunköprü,1982,11,-0.050264751689172806,0.061841449105738855,1980
Uzunköprü,1982,12,-0.9425507129679871,-0.9954254505406753,1980
Uzunköprü,1983,1,-1.4259553181182056,-1.4652534383646358,1980
Uzunköprü,1983,2,-1.0694525831586927,-1.190951699208974,1980
Uzunköprü,1983,3,-1.5437590707885578,-1.6383560627970766,1980
Uzunköprü,1983,4,-2.093271079843702,-4.411303931828826,1980
Uzunköprü,1983,5,-2.0707792467500274,-1.9683068312862795,1980
Uzunköprü,1983,6,-1.3583025177950758,-1.499375048000437,1980
Uzunköprü,1983,7,-0.6361305727361245,-0.6220250603653958,1980
Uzunköprü,1983,8,-0.5902271531740745,-0.4860374726685438,1980
Uzunköprü,1983,9,-0.27401768790962344,-0.22132448575874605,1980
Uzunköprü,1983,10,-0.395898275444995,-0.21930055011791788,1980
Uzunköprü,1983,11,-0.5782773313313877,-0.3394085585332385,1980
Uzunköprü,1983,12,-0.7243561083754894,-0.6962359545414524,1980
Uzunköprü,1984,1,-0.38917022363390824,-0.4287495266652751,1980
Uzunköprü,1984,2,-0.41903352702254887,-0.4088988053176499,1980
Uzunköprü,1984,3,0.862050167321354,1.0561735999125457,1980
Uzunköprü,1984,4,1.105100664082888,0.7968802888673115,1980
Uzunköprü,1984,5,0.9660257259830348,1.2722248284658484,1980
Uzunköprü,1984,6,0.5254347371406121,0.7672217329336731,1980
Uzunköprü,1984,7,0.04455601088959358,0.2725548611052571,1980
Uzunköprü,1984,8,0.12492257163995753,0.31377346356209773,1980
Uzunköprü,1984,9,-0.28477542302362213,0.005308232485674083,1980
Uzunköprü,1984,10,-0.43448479652681704,-0.2184096980981224,1980
Uzunköprü,1984,11,0.14787367757779896,0.17658095535728774,1980
Uzunköprü,1984,12,-0.3155345594552437,-0.3292243512133185,1980
Uzunköprü,1985,1,-0.12103126933227627,-0.11293835269307355,1980
Uzunköprü,1985,2,-0.27760972275412765,-0.1542984266776258,1980
Uzunköprü,1985,3,-1.592962429817713,-1.4620082260360305,1980
Uzunköprü,1985,4,-1.6488672982072918,-1.5149947630174165,1980
Uzunköprü,1985,5,-1.7751617276012865,-1.615421750724505,1980
Uzunköprü,1985,6,-1.6688228972174066,-1.6070807441927482,1980
Uzunköprü,1985,7,-1.8820764517198383,-2.031054422607831,1980
Uzunköprü,1985,8,-1.9262276569257322,-2.721149552370253,1980
Uzunköprü,1985,9,-1.9855034209376454,-2.1524152298033483,1980
Uzunköprü,1985,10,-1.685347420790365,-1.6689063605390164,1980
Uzunköprü,1985,11,-1.220260171756395,-1.0389670676596345,1980
Uzunköprü,1985,12,-1.1725300036871662,-1.2739331642101457,1980
Uzunköprü,1986,1,-1.2390040284481696,-1.3974573248651443,1980
Uzunköprü,1986,2,-0.7493945384828932,-0.9974507167029755,1980
Uzunköprü,1986,3,-0.6784432541554831,-0.9293483822078802,1980
Uzunköprü,1986,4,-0.7614170661147849,-0.7063656935301938,1980
Uzunköprü,1986,5,-0.5794940820788484,-0.7060752651886746,1980
Uzunköprü,1986,6,-0.1011845498084006,-0.2655372156625292,1980
Uzunköprü,1986,7,-0.0648380399143844,-0.045972355854232275,1980
Uzunköprü,1986,8,0.3497294257877565,0.219134180512996,1980
Uzunköprü,1986,9,0.32069325131420323,0.1564713461310963,1980
Uzunköprü,1986,10,0.4237829829664244,0.23721261578460257,1980
Uzunköprü,1986,11,-0.4162263389908173,-0.3094414076134746,1980
Uzunköprü,1986,12,-0.014318409568375087,0.009922576341071607,1980
Uzunköprü,1987,1,-0.46850143029373414,-0.4515476676613541,1980
Uzunköprü,1987,2,-1.1440781929822594,-1.1398882508827852,1980
Uzunköprü,1987,3,-0.6784432541554841,-0.6174848163953092,1980
Uzunköprü,1987,4,-0.24101171100995344,0.1086712045089095,1980
Uzunköprü,1987,5,-0.2436145754692465,0.007990220946696616,1980
Uzunköprü,1987,6,-0.7637400033363588,-0.45983361542768614,1980
Uzunköprü,1987,7,-0.8225009700824638,-0.3337510997143828,1980
Uzunköprü,1987,8,-1.104799976827756,-0.44283687150546996,1980
Uzunköprü,1987,9,-1.1576532394238457,-0.5621493843604044,1980
Uzunköprü,1987,10,-1.0194834618698703,-0.4346351774141069,1980
Uzunköprü,1987,11,-0.20087182799293118,0.10698136170204371,1980
Uzunköprü,1987,12,0.3769680776030246,0.6564814767771427,1980
Uzunköprü,1988,1,-0.05992469520941813,0.0745461310337283,1980
Uzunköprü,1988,2,0.15300032638391167,0.3968587563437458,1980
Uzunköprü,1988,3,0.16312785312230885,0.20347905656869963,1980
Uzunköprü,1988,4,0.030579812092831903,0.12476885812143965,1980
Uzunköprü,1988,5,-0.03427586550370188,-0.11718843788977087,1980
Uzunköprü,1988,6,-0.2526181953798664,-0.33157955583943455,1980
Uzunköprü,1988,7,-0.13874845400946254,-0.07878495827873616,1980
Uzunköprü,1988,8,-0.03038041850218695,-0.07073984376967027,1980
Uzunköprü,1988,9,0.13827980138628446,0.025435798621703008,1980
Uzunköprü,1988,10,-0.3935427610984544,-0.38903865068922494,1980
Uzunköprü,1988,11,0.10519983445964373,0.1530874418218652,1980
Uzunköprü,1988,12,-0.28811878515831246,-0.3034229101117876,1980
Uzunköprü,1989,1,-0.46763472868905037,-0.47135716034391234,1980
Uzunköprü,1989,2,-0.8255895239810515,-0.8204931636872252,1980
Uzunköprü,1989,3,-0.6999634094147438,-0.7952724569498282,1980
Uzunköprü,1989,4,-0.910077766586365,-0.8710233137859316,1980
Uzunköprü,1989,5,-0.5963077771071973,-0.823349582185053,1980
Uzunköprü,1989,6,0.045502274043068024,-0.04995812897002741,1980
Uzunköprü,1989,7,0.21967311296395767,0.2937111393021791,1980
Uzunköprü,1989,8,0.3103608717578467,0.3462641166951309,1980
Uzunköprü,1989,9,0.20605633831318942,0.29779297895165263,1980
Uzunköprü,1989,10,0.4831420470166208,0.5120423827613183,1980
Uzunköprü,1989,11,-0.3858263366128211,-0.10520111560948174,1980
Uzunköprü,1989,12,-0.6039058164925399,-0.5391695608583257,1980
Uzunköprü,1990,1,-0.6856439382923442,-0.6592629208261711,1990
Uzunköprü,1990,2,-0.5630342288057524,-0.47697321857513386,1990
Uzunköprü,1990,3,-0.8695205025168108,-0.8083414299230873,1990
Uzunköprü,1990,4,-0.28574399172538645,0.0572661924289431,1990
Uzunköprü,1990,5,-0.2775719495270385,-0.0970547881068937,1990
Uzunköprü,1990,6,-1.053366787207703,-0.8792142232400354,1990
Uzunköprü,1990,7,-1.4778692196184327,-1.1088383594586393,1990
Uzunköprü,1990,8,-1.8462713273545521,-1.5308998525661124,1990
Uzunköprü,1990,9,-1.69988507092537,-1.3030653064484627,1990
Uzunköprü,1990,10,-1.5241062220848138,-1.3519522534627373,1990
Uzunköprü,1990,11,-1.6131916960910708,-1.7498126944880097,1990
Uzunköprü,1990,12,-0.9632111822348297,-1.1224959195991218,1990
Uzunköprü,1991,1,-1.0259000716631665,-1.2208593232030673,1990
Uzunköprü,1991,2,-0.8162568453769569,-0.9523442587231318,1990
Uzunköprü,1991,3,-0.6438222540538047,-0.696613428239707,1990
Uzunköprü,1991,4,-0.8279025475049296,-0.49248705635146184,1990
Uzunköprü,1991,5,-0.7385352953473922,-0.7137003899204829,1990
Uzunköprü,1991,6,-0.8755693559185762,-0.887415040213609,1990
Uzunköprü,1991,7,-0.775801349706978,-0.4373386102915128,1990
Uzunköprü,1991,8,-0.19721659241299822,-0.0030056806094059508,1990
Uzunköprü,1991,9,-0.4269530722179812,-0.2450167986913459,1990
Uzunköprü,1991,10,0.050667026091064805,0.11558868849278878,1990
Uzunköprü,1991,11,0.6576284115500857,0.5116007035803808,1990
Uzunköprü,1991,12,-0.1802690514085354,-0.006414401812960962,1990
Uzunköprü,1992,1,-0.3030047721472674,-0.18679997303610876,1990
Uzunköprü,1992,2,-0.4358909266656063,-0.25146579682961945,1990
Uzunköprü,1992,3,-0.2685322196545649,-0.14669369244686772,1990
Uzunköprü,1992,4,-0.2573063821491791,-0.03359425601801034,1990
Uzunköprü,1992,5,-0.4509254823007113,-0.42411163038210264,1990
Uzunköprü,1992,6,-0.07144840221633199,0.07031823550515195,1990
Uzunköprü,1992,7,-0.035352356317521254,0.2192948202438314,1990
Uzunköprü,1992,8,-0.5834363575530085,-0.18216820983538934,1990
Uzunköprü,1992,9,-0.7336298323949695,-0.2971847929817261,1990
Uzunköprü,1992,10,-1.4307754839566433,-1.1190202684879318,1990
Uzunköprü,1992,11,-1.9390413023845665,-1.8822353479552412,1990
Uzunköprü,1992,12,-2.0208975076528857,-1.7878799474545595,1990
Uzunköprü,1993,1,-2.056307126966045,-1.7482568664011202,1990
Uzunköprü,1993,2,-1.7955266838871569,-1.5666594162512826,1990
Uzunköprü,1993,3,-1.2652744454178606,-1.0893907918181822,1990
Uzunköprü,1993,4,-1.3985268411159193,-0.8636141115174975,1990
Uzunköprü,1993,5,-0.9787633141673993,-0.8462322264366129,1990
Uzunköprü,1993,6,-1.589851072883475,-1.3630190447302988,1990
Uzunköprü,1993,7,-1.8724640051325379,-1.6558827868441646,1990
Uzunköprü,1993,8,-1.796068007727553,-1.4417143251435425,1990
Uzunköprü,1993,9,-1.8763119695769541,-1.5890571489330354,1990
Uzunköprü,1993,10,-2.392632066343407,-4.47741399150246,1990
Uzunköprü,1993,11,-2.380040096587106,-4.150920415994233,1990
Uzunköprü,1993,12,-2.0822607258881605,-1.8782156643449417,1990
Uzunköprü,1994,1,-2.146588306957035,-1.92704979736821,1990
Uzunköprü,1994,2,-2.4507414499069307,-2.2826538104206286,1990
Uzunköprü,1994,3,-2.3965412217328366,-2.1774919861989885,1990
Uzunköprü,1994,4,-1.949575571402711,-2.3391341619336843,1990
Uzunköprü,1994,5,-2.2344826252043335,-1.9363285194364306,1990
Uzunköprü,1994,6,-2.1066631539652696,-1.93898243431099,1990
Uzunköprü,1994,7,-2.0688309760259975,-4.256583690977333,1990
Uzunköprü,1994,8,-1.960444177563613,-4.219050362768805,1990
Uzunköprü,1994,9,-2.0844992198030035,-4.75,1990
Uzunköprü,1994,10,-1.1288587369243606,-1.8230936212948738,1990
Uzunköprü,1994,11,-1.2956628251621383,-2.313686217970304,1990
Uzunköprü,1994,12,-0.7744765617129019,-1.2937000243014114,1990
Uzunköprü,1995,1,0.36540309827374895,-0.053955037885031434,1990
Uzunköprü,1995,2,0.6599913856093668,0.24720563617208843,1990
Uzunköprü,1995,3,1.1388961784250329,0.8398893524209243,1990
Uzunköprü,1995,4,1.0449992383023705,0.5258631613979219,1990
Uzunköprü,1995,5,0.9163513042418902,0.6411939796759536,1990
Uzunköprü,1995,6,1.1039448874687678,0.7098991352930045,1990
Uzunköprü,1995,7,1.2845523276487654,0.5772968814620482,1990
Uzunköprü,1995,8,1.474107541191757,0.7160782223907033,1990
Uzunköprü,1995,9,1.9911053940594152,1.0469045010818698,1990
Uzunköprü,1995,10,1.2831443744524411,0.8312352806126996,1990
Uzunköprü,1995,11,1.7510031388358607,0.9685679905816674,1990
Uzunköprü,1995,12,1.469715488738918,1.5238507102794117,1990
Uzunköprü,1996,1,0.39267079466508087,0.39361857788600285,1990
Uzunköprü,1996,2,1.188575920629312,1.3461547130817486,1990
Uzunköprü,1996,3,0.5895932154770224,0.8657844473661263,1990
Uzunköprü,1996,4,0.7696709100403534,0.6381352609575932,1990
Uzunköprü,1996,5,0.7994395519464412,0.9151260740675868,1990
Uzunköprü,1996,6,0.4531666251034661,0.6186469213534848,1990
Uzunköprü,1996,7,0.42052246865968657,0.37352161714272497,1990
Uzunköprü,1996,8,0.4474985015161716,0.36271598298987007,1990
Uzunköprü,1996,9,0.45683531445694603,0.39980093130706457,1990
Uzunköprü,1996,10,0.39111001408651114,0.4056939438073416,1990
Uzunköprü,1996,11,0.029722851030739735,0.09805427144080989,1990
Uzunköprü,1996,12,0.34728654107143864,0.37215171434800276,1990
Uzunköprü,1997,1,0.5456356434313242,0.5169769269310609,1990
Uzunköprü,1997,2,-0.27108249123328726,-0.43138495395010973,1990
Uzunköprü,1997,3,0.3368555283808216,0.1692486802393498,1990
Uzunköprü,1997,4,0.5056515995249787,0.33857100280606284,1990
Uzunköprü,1997,5,0.49104112314472836,0.4299258468110059,1990
Uzunköprü,1997,6,0.6004977958964833,0.5664530762101609,1990
Uzunköprü,1997,7,0.5719044566435091,0.3842271698324574,1990
Uzunköprü,1997,8,0.6806164889168158,0.48566957907783675,1990
Uzunköprü,1997,9,0.21322943757167437,0.2517581316793429,1990
Uzunköprü,1997,10,0.7831921312673515,0.6377898034190767,1990
Uzunköprü,1997,11,0.5737012105717503,0.5002703628161442,1990
Uzunköprü,1997,12,0.8963796789371956,1.1514371992026509,1990
Uzunköprü,1998,1,0.7964809637285111,1.0606017421333955,1990
Uzunköprü,1998,2,1.3603694083650637,1.5543055015434368,1990
Uzunköprü,1998,3,1.5471604690190899,1.7688354806904432,1990
Uzunköprü,1998,4,0.9956124756832377,0.6531135569893773,1990
Uzunköprü,1998,5,1.5609787753660633,1.69964206808611,1990
Uzunköprü,1998,6,1.6429171097585509,1.7457890796847484,1990
Uzunköprü,1998,7,1.6853814558287379,0.9170573676054701,1990
Uzunköprü,1998,8,1.4533619488675378,0.7597400621470816,1990
Uzunköprü,1998,9,1.98824891517951,1.0128418009343705,1990
Uzunköprü,1998,10,2.2794142166449647,1.155002765493097,1990
Uzunköprü,1998,11,2.6573024663247162,1.2182873874701685,1990
Uzunköprü,1998,12,2.402144360916402,2.2062384185689146,1990
Uzunköprü,1999,1,3.0860095986062244,2.8678618950465786,1990
Uzunköprü,1999,2,3.0933401600613957,2.617375983046289,1990
Uzunköprü,1999,3,2.376467802581878,2.2219887529478664,1990
Uzunköprü,1999,4,2.1265270919259986,1.0736886137035353,1990
Uzunköprü,1999,5,1.5200620428097418,1.4374977684580414,1990
Uzunköprü,1999,6,1.6712870952709422,1.5198834531401313,1990
Uzunköprü,1999,7,1.581164709035333,0.7576797499588184,1990
Uzunköprü,1999,8,1.3504794897418546,0.6580842573212303,1990
Uzunköprü,1999,9,1.0773544223554554,0.5097177267539978,1990
Uzunköprü,1999,10,0.18729380396091258,-0.044125691620308584,1990
Uzunköprü,1999,11,0.09794187854751372,-0.10510698073224051,1990
Uzunköprü,1999,12,0.2524507587751193,-0.21267228424831358,1990
Uzunköprü,2000,1,-0.37545628927090613,-0.9599559901440621,2000
Uzunköprü,2000,2,-0.6346733759065568,-1.2634570665118585,2000
Uzunköprü,2000,3,-0.9335757082920281,-1.4560428941954484,2000
Uzunköprü,2000,4,-0.5646900579042586,-0.7819277227539357,2000
Uzunköprü,2000,5,-0.30612843876601364,-0.7820226272862191,2000
Uzunköprü,2000,6,-0.40761729193927015,-0.7743047020351401,2000
Uzunköprü,2000,7,-0.47713691906447353,-0.5587035263607174,2000
Uzunköprü,2000,8,-0.35168720352728383,-0.38074147734374797,2000
Uzunköprü,2000,9,-0.20905688283848678,-0.3077476889937561,2000
Uzunköprü,2000,10,-0.15885431243179643,-0.19344920596549287,2000
Uzunköprü,2000,11,-0.7566072616303844,-0.8656535641408374,2000
Uzunköprü,2000,12,-1.5905739431594221,-1.8670954609902821,2000
Uzunköprü,2001,1,-1.4516518028001193,-1.804677994332063,2000
Uzunköprü,2001,2,-1.8083216267868614,-2.180703231195528,2000
Uzunköprü,2001,3,-1.8291446841473726,-2.1862038650768776,2000
Uzunköprü,2001,4,-1.5486281923429484,-2.0974361515381443,2000
Uzunköprü,2001,5,-1.661026403349765,-1.7351688459906112,2000
Uzunköprü,2001,6,-1.8517751342371245,-1.9584806845774023,2000
Uzunköprü,2001,7,-1.8907413482052031,-4.75,2000
Uzunköprü,2001,8,-1.983374278411758,-4.75,2000
Uzunköprü,2001,9,-2.0216773445676806,-4.75,2000
Uzunköprü,2001,10,-2.456374885814189,-4.75,2000
Uzunköprü,2001,11,-2.2220367884861485,-4.75,2000
Uzunköprü,2001,12,-1.0151432174539259,-1.582764830872241,2000
Uzunköprü,2002,1,-1.4963475599304985,-1.8940288435387975,2000
Uzunköprü,2002,2,-1.3125290063360828,-1.8940669062853508,2000
Uzunköprü,2002,3,-0.7707955987344804,-1.266144186204822,2000
Uzunköprü,2002,4,-1.062504984535052,-1.2400513295270068,2000
Uzunköprü,2002,5,-1.138724821500343,-1.430139506811567,2000
Uzunköprü,2002,6,-1.0864055985048502,-1.4801048100952365,2000
Uzunköprü,2002,7,-0.19654899516643184,-0.3358089927951286,2000
Uzunköprü,2002,8,-0.10136404942855991,-0.14304034733647097,2000
Uzunköprü,2002,9,0.06034685730160457,-0.031986523926245895,2000
Uzunköprü,2002,10,0.33278742650103643,0.21811752787894295,2000
Uzunköprü,2002,11,1.0741448036031975,0.602074009660626,2000
Uzunköprü,2002,12,0.19342819066813946,-0.03944543676036505,2000
Uzunköprü,2003,1,0.7115736649228644,0.43257194448964204,2000
Uzunköprü,2003,2,0.8726978656096347,0.7993845463899576,2000
Uzunköprü,2003,3,0.31064035099460435,0.31353138804793507,2000
Uzunköprü,2003,4,0.666618001894473,0.49866717729256693,2000
Uzunköprü,2003,5,0.9337197222822826,0.9313816861519162,2000
Uzunköprü,2003,6,1.0432828398322347,0.988808566656139,2000
Uzunköprü,2003,7,0.35532607398009175,0.24568990199885435,2000
Uzunköprü,2003,8,0.29586222069014567,0.14097163403296015,2000
Uzunköprü,2003,9,-0.01622933795365065,-0.09150536601970816,2000
Uzunköprü,2003,10,0.3100345478675585,0.1979989180554077,2000
Uzunköprü,2003,11,-0.8234884686182761,-0.7594333349356981,2000
Uzunköprü,2003,12,-0.7644313395520391,-1.001208315711009,2000
Uzunköprü,2004,1,-0.8151796829958803,-1.0303679056378563,2000
Uzunköprü,2004,2,-1.2727906055227072,-1.5300227731241285,2000
Uzunköprü,2004,3,-0.646297616790669,-1.0363424205638248,2000
Uzunköprü,2004,4,-1.0738407488909107,-1.2838951729816688,2000
Uzunköprü,2004,5,-1.2261296361171186,-1.37307129110669,2000
Uzunköprü,2004,6,-1.2526557850017968,-1.3153751527240183,2000
Uzunköprü,2004,7,-1.2738532318677158,-0.985640332960309,2000
Uzunköprü,2004,8,-1.2242252733976164,-0.7922206242393328,2000
Uzunköprü,2004,9,-1.5591486298947632,-1.2827945537243672,2000
Uzunköprü,2004,10,-2.4563748858141885,-4.75,2000
Uzunköprü,2004,11,-2.1272102870448406,-4.75,2000
Uzunköprü,2004,12,-1.849321873717709,-1.9164947357588755,2000
Uzunköprü,2005,1,-2.475454372827682,-2.2689460639245147,2000
Uzunköprü,2005,2,-1.1168554604363141,-1.3230751553348346,2000
Uzunköprü,2005,3,-1.428871357029538,-1.5371947765485827,2000
Uzunköprü,2005,4,-1.0941147044354333,-0.9825448933643917,2000
Uzunköprü,2005,5,-0.8177781353991215,-1.0610189492719153,2000
Uzunköprü,2005,6,-0.9181298638608225,-1.1186278610547769,2000
Uzunköprü,2005,7,-1.037835991952617,-0.9982709456701382,2000
Uzunköprü,2005,8,-1.0354117832806138,-1.0424246760269262,2000
Uzunköprü,2005,9,-0.9983990920927729,-1.06657317063226,2000
Uzunköprü,2005,10,-0.862102300938896,-0.8783858582210864,2000
Uzunköprü,2005,11,-0.18498530824937245,-0.13762807078949027,2000
Uzunköprü,2005,12,-0.12198049634711397,-0.24512595176892713,2000
Uzunköprü,2006,1,-0.33445947623678574,-0.4820383421659387,2000
Uzunköprü,2006,2,-0.9167130723288283,-1.0513142497888406,2000
Uzunköprü,2006,3,0.36726456369832455,0.3127587364698742,2000
Uzunköprü,2006,4,0.265261381158916,0.20486089454050796,2000
Uzunköprü,2006,5,0.08428767792707077,-0.03581219202153762,2000
Uzunköprü,2006,6,0.3722076266003712,0.23224754554066177,2000
Uzunköprü,2006,7,0.5017657462049433,0.3237366275620611,2000
Uzunköprü,2006,8,0.5990363512232494,0.34280561874976595,2000
Uzunköprü,2006,9,1.1530607606598857,0.6585162405068598,2000
Uzunköprü,2006,10,1.532208909718691,0.8830894405270548,2000
Uzunköprü,2006,11,0.8713255691869347,0.5226723481472141,2000
Uzunköprü,2006,12,0.6047786222783412,0.5606560661901895,2000
Uzunköprü,2007,1,0.49931280230184205,0.26307943191329886,2000
Uzunköprü,2007,2,0.33188675397807976,0.03327025797771979,2000
Uzunköprü,2007,3,-0.9207156026550662,-1.29867655909187,2000
Uzunköprü,2007,4,-0.8794248703499267,-0.8125185186342097,2000
Uzunköprü,2007,5,-0.5867986236247043,-0.8665681085847481,2000
Uzunköprü,2007,6,-1.2432982050663237,-1.5759076896801962,2000
Uzunköprü,2007,7,-1.453665161872874,-2.589297458441929,2000
Uzunköprü,2007,8,-1.4898640841580106,-2.5900687325354057,2000
Uzunköprü,2007,9,-1.939598772683303,-3.579415979443027,2000
Uzunköprü,2007,10,-2.502182922949597,-4.75,2000
Uzunköprü,2007,11,-0.8234801710238252,-1.4286023745240803,2000
Uzunköprü,2007,12,-0.6350535155191914,-1.3079445440568964,2000
Uzunköprü,2008,1,-0.8106354915206749,-1.4116586327597185,2000
Uzunköprü,2008,2,-1.0540387186099622,-1.621858450892525,2000
Uzunköprü,2008,3,-0.4732799905446028,-1.0979935362705435,2000
Uzunköprü,2008,4,-0.2722203773614427,-0.6037484274445832,2000
Uzunköprü,2008,5,-0.6131685332497604,-1.1366047106483728,2000
Uzunköprü,2008,6,-0.5862513297935291,-1.0532321441446397,2000
Uzunköprü,2008,7,-0.381284414700811,-0.42298621288065613,2000
Uzunköprü,2008,8,-0.26645222793630696,-0.29628423491390815,2000
Uzunköprü,2008,9,-0.5321616611686087,-0.5928957011706711,2000
Uzunköprü,2008,10,-0.8168552882097955,-0.9750122390759086,2000
Uzunköprü,2008,11,-2.292078789234486,-4.75,2000
Uzunköprü,2008,12,-2.6604583456593778,-2.7077304711773653,2000
Uzunköprü,2009,1,-2.1784207858973317,-2.334569714417289,2000
Uzunköprü,2009,2,-1.5949092304210384,-2.114874736124209,2000
Uzunköprü,2009,3,-1.1048190431914462,-1.5266617461285685,2000
Uzunköprü,2009,4,-1.0077903188173054,-1.058332389426727,2000
Uzunköprü,2009,5,-0.9826696407378674,-1.2601925770310396,2000
Uzunköprü,2009,6,-1.175678469763242,-1.4660016413236678,2000
Uzunköprü,2009,7,-1.2254063037829135,-1.544702819618389,2000
Uzunköprü,2009,8,-1.2242252733976164,-1.3733356046587348,2000
Uzunköprü,2009,9,-0.651182170314714,-0.7966458560609416,2000
Uzunköprü,2009,10,0.09991366960016965,-0.12325075992783263,2000
Uzunköprü,2009,11,0.19674666805282304,-0.023053436786849114,2000
Uzunköprü,2009,12,1.0424604370921677,0.8006462262306102,2000
Uzunköprü,2010,1,1.040479686926756,0.7495454500533858,2010
Uzunköprü,2010,2,2.030334717252827,1.7027363031329594,2010
Uzunköprü,2010,3,1.6999931562388206,1.501028558594242,2010
Uzunköprü,2010,4,1.6142136281740842,0.7978000521030738,2010
Uzunköprü,2010,5,1.5699819026362167,1.3109678837548855,2010
Uzunköprü,2010,6,1.7469918621677423,1.4739164625200676,2010
Uzunköprü,2010,7,2.0278700781014685,0.9138097577096119,2010
Uzunköprü,2010,8,1.8882921797286685,0.7912844040236764,2010
Uzunköprü,2010,9,1.7682549992844567,0.7469267573591616,2010
Uzunköprü,2010,10,1.9893081372786838,0.9446106421506134,2010
Uzunköprü,2010,11,2.1291505705753577,0.9144227547961202,2010
Uzunköprü,2010,12,1.654018171051682,1.228838662747127,2010
Uzunköprü,2011,1,1.6564862171352868,1.1753982773402236,2010
Uzunköprü,2011,2,0.4267081468469217,-0.2492220521184243,2010
Uzunköprü,2011,3,-0.12582724301980536,-0.870330927482991,2010
Uzunköprü,2011,4,0.08330207537596604,-0.22232080039715432,2010
Uzunköprü,2011,5,0.3024041032358309,-0.1755313673854688,2010
Uzunköprü,2011,6,0.4262841462165812,-0.005941913025245492,2010
Uzunköprü,2011,7,-0.000992480446368184,-0.277643252014016,2010
Uzunköprü,2011,8,0.07196475472711224,-0.05483522585213649,2010
Uzunköprü,2011,9,0.01627279523384783,-0.2349772137666441,2010
Uzunköprü,2011,10,0.19018858988061946,-0.06969111944100907,2010
Uzunköprü,2011,11,-0.33391126439379737,-0.33193467482191735,2010
Uzunköprü,2011,12,0.1125128312717047,-0.07798864376626305,2010
Uzunköprü,2012,1,-0.06486177085398973,-0.3356897586356058,2010
Uzunköprü,2012,2,0.12736374947717702,-0.0186619975737912,2010
Uzunköprü,2012,3,0.18365020843818525,0.048761956553418584,2010
Uzunköprü,2012,4,0.3213701675482709,0.14074351907136748,2010
Uzunköprü,2012,5,1.3736735483520892,1.222957371274144,2010
Uzunköprü,2012,6,1.1966720867976148,0.8991524495940284,2010
Uzunköprü,2012,7,1.1602240904491428,0.46502738386044795,2010
Uzunköprü,2012,8,1.1010451932519814,0.39591975783544364,2010
Uzunköprü,2012,9,0.8470314787553371,0.2175968603876954,2010
Uzunköprü,2012,10,-0.1748182722620581,-0.8517038264820603,2010
Uzunköprü,2012,11,0.19101397984535592,-0.5129612208620422,2010
Uzunköprü,2012,12,1.145274723563778,0.4446762963459335,2010
Uzunköprü,2013,1,1.7766069497050936,1.059988651156036,2010
Uzunköprü,2013,2,2.509684232647618,1.6652891170185367,2010
Uzunköprü,2013,3,2.4181896867903654,1.6970603877118164,2010
Uzunköprü,2013,4,1.9028614918457794,0.7253046045602018,2010
Uzunköprü,2013,5,0.6377900740719993,-0.48542609711055124,2010
Uzunköprü,2013,6,1.3324926205282357,0.48521568606131804,2010
Uzunköprü,2013,7,1.3998347579398758,0.4748466557065561,2010
Uzunköprü,2013,8,1.362422444177163,0.46024184831193476,2010
Uzunköprü,2013,9,1.5156738503973268,0.5520971464534447,2010
Uzunköprü,2013,10,1.74254563618185,0.8034809994524881,2010
Uzunköprü,2013,11,2.0231551572025364,0.8815628442795601,2010
Uzunköprü,2013,12,0.4026213630284167,-0.22996969876448917,2010
Uzunköprü,2014,1,0.24671021677716032,-0.5803991995288621,2010
Uzunköprü,2014,2,-0.8978353713071368,-1.8116699358072283,2010
Uzunköprü,2014,3,-0.44925557768956215,-1.3210980418659313,2010
Uzunköprü,2014,4,-0.2580157859058362,-0.693884771640146,2010
Uzunköprü,2014,5,0.05930041061439297,-0.5519539936473301,2010
Uzunköprü,2014,6,-0.1161024043602695,-0.699018199591339,2010
Uzunköprü,2014,7,1.3797539023024965,0.616176809001457,2010
Uzunköprü,2014,8,1.3328146419244535,0.6272735075294322,2010
Uzunköprü,2014,9,2.0938649165855727,1.0285849078734952,2010
Uzunköprü,2014,10,2.4635732150518947,1.2064964995070335,2010
Uzunköprü,2014,11,2.395600783449071,1.1190014570805906,2010
Uzunköprü,2014,12,3.1130432093519937,2.5940765749046975,2010
Uzunköprü,2015,1,3.126395439067833,2.799957141054307,2010
Uzunköprü,2015,2,3.725805977321704,2.915362139141382,2010
Uzunköprü,2015,3,3.4604463678367137,2.9955118982920688,2010
Uzunköprü,2015,4,3.184405236098532,1.4192544598476158,2010
Uzunköprü,2015,5,2.9130309854101597,2.754781962516266,2010
Uzunköprü,2015,6,2.664603197602118,2.4217056658180347,2010
Uzunköprü,2015,7,1.4251572940097537,0.7154050108048132,2010
Uzunköprü,2015,8,1.3482024881101422,0.6593826883477736,2010
Uzunköprü,2015,9,0.6569890516789636,0.20902282437699177,2010
Uzunköprü,2015,10,0.21619045478551832,-0.0869421830793531,2010
Uzunköprü,2015,11,-0.11131902339020854,-0.4378036444109793,2010
Uzunköprü,2015,12,-1.2261374006568326,-1.7593745315391216,2010
Uzunköprü,2016,1,-1.2582527024735752,-1.7549482576048563,2010
Uzunköprü,2016,2,-0.9299554074400798,-1.6532350384188166,2010
Uzunköprü,2016,3,-1.4650752166234713,-2.032372637756363,2010
Uzunköprü,2016,4,-1.7518491664401765,-4.75,2010
Uzunköprü,2016,5,-1.2506396263415624,-1.659957437422565,2010
Uzunköprü,2016,6,-1.0665608201260828,-1.7373487631881992,2010
Uzunköprü,2016,7,-1.096637240160646,-2.172081588045015,2010
Uzunköprü,2016,8,-0.8847184482941386,-1.5940387272925638,2010
Uzunköprü,2016,9,-0.9252814096913047,-1.5359752211827473,2010
Uzunköprü,2016,10,-1.6396653942971957,-4.75,2010
Uzunköprü,2016,11,-1.5329784183933144,-4.75,2010
Uzunköprü,2016,12,-1.5019519791001004,-2.0880421947463614,2010
Uzunköprü,2017,1,-1.4269419291233867,-1.9706719911494694,2010
Uzunköprü,2017,2,-2.117032392765891,-2.4999359013406353,2010
Uzunköprü,2017,3,-1.8390185779685333,-2.1590397279801,2010
Uzunköprü,2017,4,-0.7629550279655111,-0.8166740504188449,2010
Uzunköprü,2017,5,-0.7625732774433586,-1.090665140274605,2010
Uzunköprü,2017,6,-0.6848444097626071,-1.0059990845212505,2010
Uzunköprü,2017,7,-0.31215885197222737,-0.3006025716741438,2010
Uzunköprü,2017,8,-0.3197728638730802,-0.27172120597837457,2010
Uzunköprü,2017,9,-0.06077341432655111,-0.17278606276269384,2010
Uzunköprü,2017,10,0.3121770456680965,0.15733141508669216,2010
Uzunköprü,2017,11,0.06227162409844108,-0.03467921323497217,2010
Uzunköprü,2017,12,0.8997147685475617,0.6645887160278241,2010
Uzunköprü,2018,1,0.6665399971269714,0.2529743529237509,2010
Uzunköprü,2018,2,1.206853728870294,0.9134265403261703,2010
Uzunköprü,2018,3,2.1121128803629174,1.8758427758456862,2010
Uzunköprü,2018,4,1.3119302095216658,0.6012283628015512,2010
Uzunköprü,2018,5,1.0170648222080492,0.4750683235820229,2010
Uzunköprü,2018,6,0.8024014962020567,0.23419898140593484,2010
Uzunköprü,2018,7,1.2965167326708207,0.4946127407676063,2010
Uzunköprü,2018,8,1.1899725245543051,0.4369276695351923,2010
Uzunköprü,2018,9,0.9957413921527897,0.3157432773458313,2010
Uzunköprü,2018,10,0.42518507654851645,-0.11534190552007283,2010
Uzunköprü,2018,11,0.8687072632225521,0.24278572301433152,2010
Uzunköprü,2018,12,0.3526593667532559,-0.2546546021999709,2010
Uzunköprü,2019,1,0.9317585269794296,0.3591136298048282,2010
Uzunköprü,2019,2,0.3448068372263708,-0.33006771787892386,2010
Uzunköprü,2019,3,-1.2724982490389012,-1.8790210399344711,2010
Uzunköprü,2019,4,-0.6516861483257947,-0.8059441998266114,2010
Uzunköprü,2019,5,-0.3250059885545389,-0.6835943171915554,2010
Uzunköprü,2019,6,-0.157478457985059,-0.5990272229275587,2010
Uzunköprü,2019,7,-1.0621294077367611,-1.193900538168037,2010
Uzunköprü,2019,8,-0.4454420073613478,-0.505544424267483,2010
Uzunköprü,2019,9,-0.28477542302362124,-0.4522713817013259,2010
Uzunköprü,2019,10,0.2836546139086959,0.03392016353090972,2010
Uzunköprü,2019,11,-0.06733673464824241,-0.3543564415190511,2010
Uzunköprü,2019,12,-0.33911847706876214,-0.98075127916742,2010
Uzunköprü,2020,1,-1.5083142325545118,-1.9950677018104779,2020
Uzunköprü,2020,2,-1.510471143132448,-2.142581611407715,2020
Uzunköprü,2020,3,-1.236459297617696,-1.8029830086927618,2020
Uzunköprü,2020,4,-0.8637656489639728,-1.182196561836363,2020
Uzunköprü,2020,5,-0.6146369213108299,-1.0787564835893337,2020
Uzunköprü,2020,6,-0.677086393252891,-1.0455249129268214,2020
Uzunköprü,2020,7,-0.610274084063712,-0.744819498782071,2020
Uzunköprü,2020,8,-1.065517435510074,-1.2855558224390244,2020
Uzunköprü,2020,9,-1.1795974446097273,-1.6438453557293742,2020
Uzunköprü,2020,10,-1.5380855014564947,-4.75,2020
Uzunköprü,2020,11,-1.7288040064466874,-4.75,2020
Uzunköprü,2020,12,-1.1202390209541093,-1.730941979461575,2020
Uzunköprü,2021,1,0.13348892805603424,-0.627987711511151,2020
Uzunköprü,2021,2,0.32380156531689747,-0.38404502830223125,2020
Uzunköprü,2021,3,0.6020634370188735,0.11483770956925449,2020
Uzunköprü,2021,4,0.36928043479259526,0.02898166604129378,2020
Uzunköprü,2021,5,0.24887495165456622,-0.32827743605095955,2020
Uzunköprü,2021,6,0.4118167993413527,-0.1132828318202159,2020
Uzunköprü,2021,7,0.23625613721757194,-0.16673719718427935,2020
Uzunköprü,2021,8,0.118156417787741,-0.2732203775985507,2020
Uzunköprü,2021,9,0.1332070976027248,-0.22889758670970148,2020
Uzunköprü,2021,10,0.11747350286359184,-0.09320822239167204,2020
Uzunköprü,2021,11,0.8595361628120377,0.3949275247119218,2020
Uzunköprü,2021,12,1.7506711684089618,1.5195696039158353,2020
Uzunköprü,2022,1,0.7235420795213133,0.4161567447462433,2020
Uzunköprü,2022,2,1.4801958746419996,1.2677861418609573,2020
Uzunköprü,2022,3,1.0276153547898916,0.8729479693880373,2020
Uzunköprü,2022,4,0.9707916879580817,0.4900204624573464,2020
Uzunköprü,2022,5,0.8481974479896204,0.5724836592314941,2020
Uzunköprü,2022,6,0.8048937344982059,0.45513979859259684,2020
Uzunköprü,2022,7,0.8484454520956142,0.40531422348981444,2020
Uzunköprü,2022,8,0.8750962855295797,0.4264435247975222,2020
Uzunköprü,2022,9,0.9373818896774894,0.43718942513633885,2020
Uzunköprü,2022,10,0.654390487368281,0.27334023423929243,2020
Uzunköprü,2022,11,0.24813842286173116,-0.04450107609796584,2020
Uzunköprü,2022,12,-1.155645172343267,-1.6536532134649224,2020
Uzunköprü,2023,1,-1.1997037521017115,-1.7317138867310171,2020
Uzunköprü,2023,2,-2.809332265027677,-2.9347135375641966,2020
Uzunköprü,2023,3,-2.2350421745861206,-2.463302089099781,2020
Uzunköprü,2023,4,-1.7921140881973723,-3.373814316922537,2020
Uzunköprü,2023,5,-1.4993504449543025,-1.611596872653267,2020
Uzunköprü,2023,6,-1.7804959008524683,-1.8212279947459609,2020
Uzunköprü,2023,7,-1.7961330469272867,-3.1552883976606,2020
Uzunköprü,2023,8,-1.8239027966497254,-4.75,2020
Uzunköprü,2023,9,-2.1665621590771513,-4.75,2020
Uzunköprü,2023,10,-2.184696641327438,-4.75,2020
Uzunköprü,2023,11,-2.357657562184538,-4.75,2020
Uzunköprü,2023,12,-2.2194966777463723,-2.7957232309139934,2020
Uzunköprü,2024,1,-2.2960843699127764,-2.6665347728605266,2020
Uzunköprü,2024,2,-2.039391514162933,-2.8574735213338696,2020
Uzunköprü,2024,3,-1.7370929260858423,-2.447521962274476,2020
Uzunköprü,2024,4,-1.9297601198599534,-4.75,2020
Uzunköprü,2024,5,-2.1061762104075274,-2.404426868371881,2020
Uzunköprü,2024,6,-2.5878492680394554,-2.9787859007513355,2020
Uzunköprü,2024,7,-2.720910815458981,-4.75,2020
Uzunköprü,2024,8,-2.5322793235361987,-4.75,2020
Uzunköprü,2024,9,-2.417774294139501,-4.75,2020
Uzunköprü,2024,10,-2.6015900323284296,-4.75,2020
Uzunköprü,2024,11,-2.645646027588749,-4.75,2020
Uzunköprü,2024,12,-2.377214617328927,-3.0182127275872825,2020
Çorlu,1965,12,1.2079165006909172,1.312493534141355,1960
Çorlu,1966,1,2.121597987604698,1.9133162540242161,1960
Çorlu,1966,2,2.0455759610253605,1.8686645489293165,1960
Çorlu,1966,3,2.2423384882423605,2.253087736480783,1960
Çorlu,1966,4,2.1393257175698355,1.9750382678064409,1960
Çorlu,1966,5,1.9745213040249046,0.9505851323040924,1960
Çorlu,1966,6,2.421315671760058,2.1823966685126845,1960
Çorlu,1966,7,2.402208245565572,2.160158199597596,1960
Çorlu,1966,8,2.3085490193772236,2.0424747229589695,1960
Çorlu,1966,9,2.5660188883790176,2.1326037247737135,1960
Çorlu,1966,10,2.345084632282557,2.035239212961112,1960
Çorlu,1966,11,2.238454921386564,1.8081886680551202,1960
Çorlu,1966,12,2.0887258131675535,1.6856366918979955,1960
Çorlu,1967,1,1.7787084466142753,1.4986782913302648,1960
Çorlu,1967,2,1.5851832241039416,1.49295756473692,1960
Çorlu,1967,3,0.9800521546262749,0.9789469276722632,1960
Çorlu,1967,4,0.9106000424019386,0.9157959958065578,1960
Çorlu,1967,5,0.6531904389302897,0.4051780340695144,1960
Çorlu,1967,6,0.0636576559121111,-0.08683279197050832,1960
Çorlu,1967,7,0.14879031915229612,0.06154048457189195,1960
Çorlu,1967,8,0.16590184668495367,0.06608962782130237,1960
Çorlu,1967,9,0.23872869784545028,0.13346363854007293,1960
Çorlu,1967,10,0.45822111467793103,0.5032168005645781,1960
Çorlu,1967,11,-0.5220198541795464,-0.4846768568094672,1960
Çorlu,1967,12,-0.9341173445210503,-0.9316430953811143,1960
Çorlu,1968,1,-0.45325751251379554,-0.393524856998099,1960
Çorlu,1968,2,-0.44739644011518964,-0.5460750450844796,1960
Çorlu,1968,3,-0.02789982297211933,-0.12175088390513925,1960
Çorlu,1968,4,-0.30306162539108866,-0.45720358964297847,1960
Çorlu,1968,5,-0.3016887854417327,-0.2996541626538213,1960
Çorlu,1968,6,-0.17416179819000424,-0.5064707211766308,1960
Çorlu,1968,7,-0.25711809063561986,-0.6131601671011955,1960
Çorlu,1968,8,-0.05812162513112687,-0.2677880439790092,1960
Çorlu,1968,9,0.45633898362188063,0.4030481579794447,1960
Çorlu,1968,10,0.3460923676759221,0.3485892121347918,1960
Çorlu,1968,11,0.6233047775580798,0.6623195962531196,1960
Çorlu,1968,12,0.8790686262470779,0.9364175418853565,1960
Çorlu,1969,1,0.18326863239815439,0.29415720235133386,1960
Çorlu,1969,2,0.7430461951012622,0.8431206816419319,1960
Çorlu,1969,3,0.4257769514290269,0.5149575229170494,1960
Çorlu,1969,4,0.7262383656306356,0.9823739804145695,1960
Çorlu,1969,5,0.6183159379603487,0.5533467439011969,1960
Çorlu,1969,6,0.6717235534138019,0.8876308126310362,1960
Çorlu,1969,7,0.6707537322902423,0.9793407946429527,1960
Çorlu,1969,8,0.663273658668498,0.9154812541351789,1960
Çorlu,1969,9,-0.05673810147294387,0.2247983874407636,1960
Çorlu,1969,10,-0.2609624229370754,-0.09372839677858218,1960
Çorlu,1969,11,-0.228514045599132,-0.03654097496719793,1960
Çorlu,1969,12,-0.16754217334924165,-0.03773194293993318,1960
Çorlu,1970,1,-0.5332122203238752,-0.6107020862759965,1970
Çorlu,1970,2,-0.25971684463676487,-0.34438646019579616,1970
Çorlu,1970,3,0.1481810438911196,-0.09221200725714268,1970
Çorlu,1970,4,0.31319912184002513,-0.07009150140669679,1970
Çorlu,1970,5,0.7134466592600249,0.40525979623733577,1970
Çorlu,1970,6,0.6012439537539562,0.574222209518002,1970
Çorlu,1970,7,0.6193260920260799,0.40689886913185336,1970
Çorlu,1970,8,0.38782871982424244,0.11228032563584608,1970
Çorlu,1970,9,0.3617030969434683,0.2522457244145189,1970
Çorlu,1970,10,0.9319891109888505,0.9071412006414592,1970
Çorlu,1970,11,1.5173206005936146,1.4391150470332086,1970
Çorlu,1970,12,1.0056666233732858,1.0432619687229485,1970
Çorlu,1971,1,1.1998585593958644,1.1783569192481065,1970
Çorlu,1971,2,0.4598022317867198,0.4913080233874167,1970
Çorlu,1971,3,0.8198309897537354,0.8963340753191635,1970
Çorlu,1971,4,0.43370301703137265,0.6049378672306978,1970
Çorlu,1971,5,0.38899450825188886,0.3335665060678064,1970
Çorlu,1971,6,0.43757352861328946,0.45938854146682695,1970
Çorlu,1971,7,0.5942365531205362,0.7520243549916028,1970
Çorlu,1971,8,0.630947519449184,0.7754146496517964,1970
Çorlu,1971,9,0.7611612787386283,0.9413799697837448,1970
Çorlu,1971,10,0.35340478587137486,0.5590730377845318,1970
Çorlu,1971,11,0.23238280224971777,0.47893850321369535,1970
Çorlu,1971,12,0.027856305653788705,0.2824877646748075,1970
Çorlu,1972,1,-0.6244229545747795,-0.30036113547110643,1970
Çorlu,1972,2,-0.8761043507069126,-0.5907662068276943,1970
Çorlu,1972,3,-2.0182525426222284,-1.682223998391981,1970
Çorlu,1972,4,-2.014093082287978,-1.7929078009198731,1970
Çorlu,1972,5,-2.015575951704133,-1.8782357415845394,1970
Çorlu,1972,6,-2.1171497385231457,-1.9017872280068016,1970
Çorlu,1972,7,-2.1017194050847414,-2.0046028108335676,1970
Çorlu,1972,8,-1.8906505583594537,-1.8585488751471373,1970
Çorlu,1972,9,-1.0997366948895462,-1.3166365074642155,1970
Çorlu,1972,10,-0.4850716103176682,-0.7331613408250373,1970
Çorlu,1972,11,-0.6403881301728388,-0.8929127370285522,1970
Çorlu,1972,12,-1.0443273345019035,-1.3305403955004127,1970
Çorlu,1973,1,-0.8756311949999769,-1.2271324815619225,1970
Çorlu,1973,2,0.007471742927610842,-0.2768869985651928,1970
Çorlu,1973,3,0.4542404181993839,0.2387072275869451,1970
Çorlu,1973,4,0.6689533698807139,0.6219406123451571,1970
Çorlu,1973,5,0.4693567111141972,0.2969799891244075,1970
Çorlu,1973,6,0.4413879204765498,0.492399457995937,1970
Çorlu,1973,7,0.39344048653269037,0.45968887176746664,1970
Çorlu,1973,8,0.624774050949391,0.854262310264755,1970
Çorlu,1973,9,0.03901216751790633,0.2990102693043164,1970
Çorlu,1973,10,-0.14417990245665538,-0.04304945361989285,1970
Çorlu,1973,11,-0.5363309428324702,-0.3621496640914861,1970
Çorlu,1973,12,-0.25717710739426863,-0.06756584318452107,1970
Çorlu,1974,1,-0.4941568323735147,-0.3237137051921316,1970
Çorlu,1974,2,-1.257246431099985,-1.1930474781869855,1970
Çorlu,1974,3,-1.2284322398943046,-1.2078842358440607,1970
Çorlu,1974,4,-1.2835841821231146,-1.118812251940814,1970
Çorlu,1974,5,-0.1287216649342883,0.20262778749536783,1970
Çorlu,1974,6,-0.10357444876206702,0.15546124024432625,1970
Çorlu,1974,7,-0.28298916152811737,0.0318083449654663,1970
Çorlu,1974,8,-0.7121280191483753,-0.47490956448099547,1970
Çorlu,1974,9,-0.7325868229770195,-0.4401470518238702,1970
Çorlu,1974,10,-1.0630270293865793,-1.0141161373721885,1970
Çorlu,1974,11,-0.5250842369219416,-0.44214355124965515,1970
Çorlu,1974,12,-0.5058186630394329,-0.37048795810878227,1970
Çorlu,1975,1,-0.1639479501623122,-0.03955672693594121,1970
Çorlu,1975,2,-0.3371249132230759,-0.21002327931543802,1970
Çorlu,1975,3,0.13947528991875052,0.05930973533367512,1970
Çorlu,1975,4,0.3099365034346136,0.09071452307054192,1970
Çorlu,1975,5,-0.07399249916565502,-0.13725989243869727,1970
Çorlu,1975,6,0.1834508917780722,-0.10910702955434512,1970
Çorlu,1975,7,0.4106509872009101,0.08240322818068452,1970
Çorlu,1975,8,0.5541832723310545,0.242099791800189,1970
Çorlu,1975,9,0.3667137666098372,0.06491814824399464,1970
Çorlu,1975,10,1.029824307112704,0.9695228037037991,1970
Çorlu,1975,11,1.3477215649366054,1.2716599265407653,1970
Çorlu,1975,12,1.5735090196494028,1.4446817962598366,1970
Çorlu,1976,1,1.3151936450281483,1.2526034357332465,1970
Çorlu,1976,2,1.4276085266862777,1.3653320278780159,1970
Çorlu,1976,3,0.7862738583284715,0.9322189593135204,1970
Çorlu,1976,4,0.5861252650476687,0.7499767794714596,1970
Çorlu,1976,5,0.4538230321290282,0.4387970899482248,1970
Çorlu,1976,6,0.6754137875047469,0.9751366410581661,1970
Çorlu,1976,7,0.6086926601956948,0.9316269139422899,1970
Çorlu,1976,8,1.0676137836038195,1.4285344342373825,1970
Çorlu,1976,9,1.4194088765905477,1.7062038780777018,1970
Çorlu,1976,10,0.9851685874896856,1.4493989198671535,1970
Çorlu,1976,11,0.6374315510916845,1.0794282536414497,1970
Çorlu,1976,12,0.6846841508694614,1.0663550824046146,1970
Çorlu,1977,1,0.9808337102165076,1.3146019549783525,1970
Çorlu,1977,2,1.3850696670638476,1.5035742861265295,1970
Çorlu,1977,3,1.3309830373408396,1.496120084000064,1970
Çorlu,1977,4,1.6126457553123064,1.6993632093362632,1970
Çorlu,1977,5,1.3610704965625713,0.7793615930414219,1970
Çorlu,1977,6,1.0932899438404813,1.1222768306179214,1970
Çorlu,1977,7,1.119546830596751,1.0888501499159944,1970
Çorlu,1977,8,0.5448236447332031,0.28073098557207604,1970
Çorlu,1977,9,0.395044497332631,0.2185274180146552,1970
Çorlu,1977,10,0.034635624210196274,-0.09012362134954112,1970
Çorlu,1977,11,0.03719003293476776,-0.07173248147009825,1970
Çorlu,1977,12,-0.15286507223705523,-0.2123008040359907,1970
Çorlu,1978,1,0.24517142946813927,0.2677867286244864,1970
Çorlu,1978,2,0.34758028701515503,0.4329501285119288,1970
Çorlu,1978,3,0.48592805001788947,0.48940484543714796,1970
Çorlu,1978,4,0.5031591645844653,0.5179809654894649,1970
Çorlu,1978,5,0.6675464485920813,0.46085130542656444,1970
Çorlu,1978,6,0.3647014066346284,0.3619570667884869,1970
Çorlu,1978,7,0.2286194784219011,0.21183045747645016,1970
Çorlu,1978,8,0.23956195321760815,0.3594204110727781,1970
Çorlu,1978,9,0.8799487127571313,1.054565148278376,1970
Çorlu,1978,10,1.4241564040309438,1.501970319812925,1970
Çorlu,1978,11,1.3501560039860352,1.473969918161377,1970
Çorlu,1978,12,1.1153499618594966,1.2070746402517991,1970
Çorlu,1979,1,1.1260538401886628,1.2317675741247232,1970
Çorlu,1979,2,0.7583125536162832,0.9379943243399409,1970
Çorlu,1979,3,0.34228902663362404,0.3719278928442971,1970
Çorlu,1979,4,0.051638357784421614,0.0700678588147761,1970
Çorlu,1979,5,0.00023896773668351625,0.10146485249171536,1970
Çorlu,1979,6,-0.062399691539785605,-0.15282253356963296,1970
Çorlu,1979,7,0.3376110673343379,0.356507620067914,1970
Çorlu,1979,8,0.6363450622347071,0.5943719911107957,1970
Çorlu,1979,9,-0.14392156445646598,-0.25048382473770636,1970
Çorlu,1979,10,-0.13460837376619003,-0.24247948987645868,1970
Çorlu,1979,11,0.3181410687799457,0.23772984155694554,1970
Çorlu,1979,12,0.3509312994288782,0.2926501678781998,1970
Çorlu,1980,1,0.38598726336962946,0.3948870705965157,1980
Çorlu,1980,2,0.5439242056407506,0.5774752406720636,1980
Çorlu,1980,3,0.9855200217825992,1.1680692046201435,1980
Çorlu,1980,4,0.9877355551960052,1.1393613038313042,1980
Çorlu,1980,5,0.9460174089272596,0.6422609987976652,1980
Çorlu,1980,6,1.515933459411605,1.6802689267669724,1980
Çorlu,1980,7,1.5813917749726976,1.6955710460407412,1980
Çorlu,1980,8,1.3568612847723505,1.547803042471209,1980
Çorlu,1980,9,1.4521836495535752,1.6316930857325214,1980
Çorlu,1980,10,0.6961262986500436,0.9556086786221091,1980
Çorlu,1980,11,0.8825669998035421,1.092360670583227,1980
Çorlu,1980,12,1.5703246461817464,1.5783836694451523,1980
Çorlu,1981,1,1.3472863962825792,1.4310213205786253,1980
Çorlu,1981,2,1.2672595600880825,1.3844039201699079,1980
Çorlu,1981,3,1.0407702525079021,1.1281550566623924,1980
Çorlu,1981,4,0.7239244722257824,0.7143692263605009,1980
Çorlu,1981,5,0.8132780077547739,0.5508909227229313,1980
Çorlu,1981,6,0.12301942597768874,0.017399881741276556,1980
Çorlu,1981,7,0.1601349542662203,0.08184674928034996,1980
Çorlu,1981,8,0.1847990322404707,0.09886397809874747,1980
Çorlu,1981,9,0.33408430700415126,0.25927097591817133,1980
Çorlu,1981,10,0.9078998323446691,0.8896862415698559,1980
Çorlu,1981,11,1.2547063069031748,1.294503462599039,1980
Çorlu,1981,12,1.72426689272982,1.582299745692739,1980
Çorlu,1982,1,1.258958379638961,1.2425130178037627,1980
Çorlu,1982,2,1.1264022510041278,1.153741743544198,1980
Çorlu,1982,3,0.6636179782394503,0.7759900665181633,1980
Çorlu,1982,4,1.239918048154852,1.383461156241538,1980
Çorlu,1982,5,1.2410787335134388,0.7346996978997667,1980
Çorlu,1982,6,1.3622099512019994,1.4762913063050003,1980
Çorlu,1982,7,1.1662249549365087,1.30530037937101,1980
Çorlu,1982,8,1.2864384496999743,1.4028262875859236,1980
Çorlu,1982,9,1.1349720898470048,1.2177615847960415,1980
Çorlu,1982,10,0.6103500326527813,0.7935610823733623,1980
Çorlu,1982,11,-0.043019395743267234,0.06781514296309282,1980
Çorlu,1982,12,-0.9601567920947861,-0.9389615896108263,1980
Çorlu,1983,1,-1.1043458404537723,-1.2138987188901103,1980
Çorlu,1983,2,-0.5866410858345331,-0.6308251467046283,1980
Çorlu,1983,3,-0.5851252764739866,-0.8019587808496316,1980
Çorlu,1983,4,-1.2475431110945383,-1.549250326590668,1980
Çorlu,1983,5,-1.569160644051964,-3.794385863253058,1980
Çorlu,1983,6,-1.4473814356993597,-1.7697733510526854,1980
Çorlu,1983,7,-0.9242489143012866,-1.3374690570241934,1980
Çorlu,1983,8,-0.7657126150590576,-1.0950742083220064,1980
Çorlu,1983,9,-0.6560979820652681,-0.8890440877508872,1980
Çorlu,1983,10,-0.5540469375942377,-0.6871276994525093,1980
Çorlu,1983,11,-0.6051980081596853,-0.6600707711712412,1980
Çorlu,1983,12,-1.272136874685159,-1.3561811933199381,1980
Çorlu,1984,1,-0.8939752253483729,-1.071554407619948,1980
Çorlu,1984,2,-1.0828371036221125,-1.3011869959441393,1980
Çorlu,1984,3,-0.0074362464624280105,-0.02731160524567007,1980
Çorlu,1984,4,0.4168389845215317,0.7031279533147413,1980
Çorlu,1984,5,0.47866075869388575,0.49797692124430565,1980
Çorlu,1984,6,0.32448795997901986,0.5784029331172551,1980
Çorlu,1984,7,-0.2039655344391224,0.10168100032447987,1980
Çorlu,1984,8,-0.24322309509139742,0.075550210304802,1980
Çorlu,1984,9,-0.399048590259536,-0.11282098709018469,1980
Çorlu,1984,10,-0.47775561387650173,-0.47104749918113836,1980
Çorlu,1984,11,-0.18441188299597688,-0.186360705776638,1980
Çorlu,1984,12,-0.41934652742459155,-0.38758524178048603,1980
Çorlu,1985,1,-0.12570535592484372,-0.003658893981251456,1980
Çorlu,1985,2,-0.18304771086169289,-0.030415847581971224,1980
Çorlu,1985,3,-0.9042491099469573,-0.9044727277351805,1980
Çorlu,1985,4,-1.0275493862936034,-1.1752712862337469,1980
Çorlu,1985,5,-1.2368623022354681,-1.1448088394038791,1980
Çorlu,1985,6,-1.0751524034045545,-1.2578479379692247,1980
Çorlu,1985,7,-1.2462419731140324,-1.3789693486217829,1980
Çorlu,1985,8,-1.5430270084960365,-1.7328176041799566,1980
Çorlu,1985,9,-1.4634806093137942,-1.6936228667467814,1980
Çorlu,1985,10,-1.31254807657152,-1.3190779704203943,1980
Çorlu,1985,11,-0.7881188811870108,-0.7595409322943568,1980
Çorlu,1985,12,-0.6629363968254338,-0.6845603701061509,1980
Çorlu,1986,1,-0.38118671490673894,-0.43685404405344186,1980
Çorlu,1986,2,-0.14098827343562662,-0.3110157971312418,1980
Çorlu,1986,3,-0.038599072303219024,-0.30410381637829476,1980
Çorlu,1986,4,-0.261370470088567,-0.5509345995353765,1980
Çorlu,1986,5,-0.17622967207863982,-0.011272956168436762,1980
Çorlu,1986,6,0.08939141509417335,0.06314716271679187,1980
Çorlu,1986,7,0.1276724422361178,0.036687765721793296,1980
Çorlu,1986,8,0.1072459544160742,-0.028315974979368844,1980
Çorlu,1986,9,0.21405824176739333,0.11313057790162383,1980
Çorlu,1986,10,0.3387726055102093,0.17576972011193326,1980
Çorlu,1986,11,-0.4125183253546977,-0.5346539689995754,1980
Çorlu,1986,12,-0.42238197199483996,-0.38402750731834323,1980
Çorlu,1987,1,-1.2400654592728808,-1.3115972678384116,1980
Çorlu,1987,2,-1.815463320904305,-1.9097769672411278,1980
Çorlu,1987,3,-1.7719139239160966,-1.6277941508744704,1980
Çorlu,1987,4,-1.490408099238271,-1.1539490931905372,1980
Çorlu,1987,5,-1.3146763221516222,-0.6648848429825766,1980
Çorlu,1987,6,-1.648539217199206,-1.3549963738698911,1980
Çorlu,1987,7,-1.6256500926451407,-1.3912752006637379,1980
Çorlu,1987,8,-1.538753804996498,-1.149144437353527,1980
Çorlu,1987,9,-1.92370936793937,-1.573775601670034,1980
Çorlu,1987,10,-2.0818674533609642,-1.712072648216661,1980
Çorlu,1987,11,-1.6585877590976355,-1.4893303113386884,1980
Çorlu,1987,12,-0.8095343974186722,-0.5945263735581285,1980
Çorlu,1988,1,-1.4560853395536673,-1.5628841664260331,1980
Çorlu,1988,2,-1.0144149815601124,-0.9573008003389059,1980
Çorlu,1988,3,-0.7055311210939044,-0.9016865674879079,1980
Çorlu,1988,4,-0.4541920407785037,-0.611340403334164,1980
Çorlu,1988,5,-0.42424792173908304,-0.2892782328617592,1980
Çorlu,1988,6,-0.1143216847059757,-0.2301690460728282,1980
Çorlu,1988,7,-0.1775459654790443,-0.326911402096268,1980
Çorlu,1988,8,-0.26507487874709784,-0.532320323935946,1980
Çorlu,1988,9,-0.0921958306991168,-0.24002049282803198,1980
Çorlu,1988,10,-0.1642356180796044,-0.37041261293410493,1980
Çorlu,1988,11,0.4048146954146727,0.5153287778333362,1980
Çorlu,1988,12,0.054565801914531975,0.16206881832163297,1980
Çorlu,1989,1,-0.05946125607578845,0.14880421104398875,1980
Çorlu,1989,2,-0.555016532900329,-0.5338261159758297,1980
Çorlu,1989,3,-0.37924530154039576,-0.49182202385559287,1980
Çorlu,1989,4,-0.8436864299738228,-1.185327189751031,1980
Çorlu,1989,5,-0.4419430445222396,-0.35793664525072516,1980
Çorlu,1989,6,-0.2946438410702497,-0.41867466248356544,1980
Çorlu,1989,7,-0.4041871989999694,-0.36201708928682086,1980
Çorlu,1989,8,-0.24235048049032532,-0.15235526667940902,1980
Çorlu,1989,9,-0.27945478835122506,-0.10580846851514786,1980
Çorlu,1989,10,-0.17734659114886103,-0.06562985526537633,1980
Çorlu,1989,11,-1.3225711037922796,-1.4008189149545682,1980
Çorlu,1989,12,-1.5027163120601301,-1.612974615010206,1980
Çorlu,1990,1,-1.5334861514282907,-1.8166456103462414,1990
Çorlu,1990,2,-1.5393806070887783,-1.7068780008840134,1990
Çorlu,1990,3,-1.8076751109752804,-1.7964734594843788,1990
Çorlu,1990,4,-1.2742967745927296,-1.1595213899562664,1990
Çorlu,1990,5,-1.3986553057978892,-0.893724170436548,1990
Çorlu,1990,6,-1.2055147389525542,-1.0889737830918595,1990
Çorlu,1990,7,-1.2221766144597734,-1.12491284168087,1990
Çorlu,1990,8,-1.4276460317794784,-1.2364178273829962,1990
Çorlu,1990,9,-1.111059477421979,-0.8918315012841963,1990
Çorlu,1990,10,-0.8827874749522466,-0.7873322153389,1990
Çorlu,1990,11,-0.8647059223253621,-0.9191721788156475,1990
Çorlu,1990,12,-0.31584690992204834,-0.3393156222806465,1990
Çorlu,1991,1,-0.18560210038824454,-0.21776234550069345,1990
Çorlu,1991,2,-0.022004981042169705,-0.011496330267832951,1990
Çorlu,1991,3,0.07561363788260386,0.13544618079119325,1990
Çorlu,1991,4,0.5522608454662682,0.7539095382126546,1990
Çorlu,1991,5,1.2130659986295642,0.7472366246832879,1990
Çorlu,1991,6,0.6931004603645019,0.8343400571088379,1990
Çorlu,1991,7,1.0253173074342665,1.13443512293363,1990
Çorlu,1991,8,1.1089839446155376,1.1877003043876087,1990
Çorlu,1991,9,0.8415999808972896,0.9161074622206311,1990
Çorlu,1991,10,1.3254431924653491,1.374153992828656,1990
Çorlu,1991,11,1.3265946643539104,1.3936084013577212,1990
Çorlu,1991,12,0.4340507163937439,0.7238962154532528,1990
Çorlu,1992,1,0.21709181023779375,0.5512889890875065,1990
Çorlu,1992,2,0.3485216659081994,0.6824363054060594,1990
Çorlu,1992,3,0.6652444076068157,0.9286650545659711,1990
Çorlu,1992,4,0.10471977335430967,0.2212119701386515,1990
Çorlu,1992,5,-0.9850154714539898,-0.5215020539989011,1990
Çorlu,1992,6,-0.6981326978706013,-0.6119137030130737,1990
Çorlu,1992,7,-0.677303933869939,-0.47101517819456745,1990
Çorlu,1992,8,-0.7713788563566655,-0.6619804799175955,1990
Çorlu,1992,9,-0.9714024339756224,-0.7756208692878704,1990
Çorlu,1992,10,-1.6982621988813524,-1.6612462974701028,1990
Çorlu,1992,11,-1.5884189934646264,-1.5523684275666163,1990
Çorlu,1992,12,-1.3772770776961036,-1.3817622148325364,1990
Çorlu,1993,1,-1.0622344330604458,-1.109415669039696,1990
Çorlu,1993,2,-0.5067715274918527,-0.4324405977921897,1990
Çorlu,1993,3,-0.7212199078170026,-0.7434824191092307,1990
Çorlu,1993,4,-0.8042676645911228,-0.7213888816945249,1990
Çorlu,1993,5,-0.23437115318934423,0.0028945825522812534,1990
Çorlu,1993,6,-0.5239785845125293,-0.4225705226433632,1990
Çorlu,1993,7,-1.0184287517549275,-0.9850823212165741,1990
Çorlu,1993,8,-0.9359606806460734,-0.7995442718573503,1990
Çorlu,1993,9,-0.818813009203699,-0.7462594586804988,1990
Çorlu,1993,10,-1.253613342987132,-1.256816912859826,1990
Çorlu,1993,11,-1.1270499055138181,-1.010821246202563,1990
Çorlu,1993,12,-0.8844633083533867,-0.8709785378315767,1990
Çorlu,1994,1,-0.9852817183785032,-1.1733010222877192,1990
Çorlu,1994,2,-1.4264024713405006,-1.7204567782932103,1990
Çorlu,1994,3,-1.3825377783091595,-1.6024682862022865,1990
Çorlu,1994,4,-1.2742967745927296,-1.5225039750277463,1990
Çorlu,1994,5,-1.6816484487475083,-3.0399057033401813,1990
Çorlu,1994,6,-1.5947001594941548,-1.8913714810850186,1990
Çorlu,1994,7,-1.45370479658369,-1.8175135799357933,1990
Çorlu,1994,8,-1.472901951022593,-1.8891765426713638,1990
Çorlu,1994,9,-1.7198737468302352,-2.5841104979128104,1990
Çorlu,1994,10,-1.0980799715921654,-1.8415152131070056,1990
Çorlu,1994,11,-1.1337039084905518,-2.009373557069372,1990
Çorlu,1994,12,-1.0421288323409916,-1.8393743129955986,1990
Çorlu,1995,1,0.4006714126371831,-0.01862595925315077,1990
Çorlu,1995,2,0.36732716383606073,-0.2242483336613531,1990
Çorlu,1995,3,0.6668704981494811,0.09380793543042418,1990
Çorlu,1995,4,0.7200664018651618,0.29126127919556183,1990
Çorlu,1995,5,0.5870901776158316,0.2125483277822025,1990
Çorlu,1995,6,0.7114777503425553,0.20679750444040598,1990
Çorlu,1995,7,0.9741406931177694,0.5135412932753356,1990
Çorlu,1995,8,1.0464796429047962,0.7078038444942764,1990
Çorlu,1995,9,1.507240992820086,1.3278871371646865,1990
Çorlu,1995,10,1.1469314319545851,1.1696026609617212,1990
Çorlu,1995,11,1.299705966157446,1.2854018456165224,1990
Çorlu,1995,12,1.1655081666137999,1.123854318000523,1990
Çorlu,1996,1,-0.3620125121116731,-0.43341548612788006,1990
Çorlu,1996,2,-0.097158839431106,-0.03611977032865861,1990
Çorlu,1996,3,-0.07437605728745392,0.08394462222136985,1990
Çorlu,1996,4,0.03385610055886029,0.30653513734800114,1990
Çorlu,1996,5,-0.0564043933353468,0.13430448731729622,1990
Çorlu,1996,6,-0.3116722082906917,-0.08226373590391381,1990
Çorlu,1996,7,-0.3428759284463278,-0.08530369060690059,1990
Çorlu,1996,8,-0.21970160528098467,0.008493002376934752,1990
Çorlu,1996,9,-0.13676480791938792,0.23159840493784228,1990
Çorlu,1996,10,-0.19574354739244512,0.10078521499471949,1990
Çorlu,1996,11,-0.5856045039098053,-0.42801373146155264,1990
Çorlu,1996,12,-0.1226188844052063,0.05236522644057244,1990
Çorlu,1997,1,0.0158565762378586,0.14166404231406893,1990
Çorlu,1997,2,-0.44117229358437426,-0.5062366787648019,1990
Çorlu,1997,3,-0.4724311253054611,-0.7046993621231602,1990
Çorlu,1997,4,-0.12736494187204023,-0.19660291002368366,1990
Çorlu,1997,5,-0.06226205798091449,0.11286282828064202,1990
Çorlu,1997,6,0.029732758898828975,0.11554009372878432,1990
Çorlu,1997,7,-0.022819220869945075,-0.03531050014603109,1990
Çorlu,1997,8,-0.08877052128560421,-0.03663093874970605,1990
Çorlu,1997,9,-0.7024701119699219,-0.5301330937475823,1990
Çorlu,1997,10,0.7463552120207163,0.9656718317599284,1990
Çorlu,1997,11,0.8025144383103955,1.040397763074351,1990
Çorlu,1997,12,0.9271911453500304,1.1566801696687228,1990
Çorlu,1998,1,0.9051439684969099,1.1542138758896714,1990
Çorlu,1998,2,0.9841569185887461,1.212564100634654,1990
Çorlu,1998,3,1.1478517908093426,1.4194801203394005,1990
Çorlu,1998,4,0.6611784994851319,0.6642658744894485,1990
Çorlu,1998,5,1.3300381717019136,0.7633059210743309,1990
Çorlu,1998,6,1.4835822356690787,1.5015376370882658,1990
Çorlu,1998,7,1.4056917115613887,1.4379217427438205,1990
Çorlu,1998,8,1.4043896709601116,1.3352148879000694,1990
Çorlu,1998,9,1.937795753640151,1.6669049226002497,1990
Çorlu,1998,10,1.3951666436619334,1.262207702586335,1990
Çorlu,1998,11,1.9774054821100453,1.687519356947084,1990
Çorlu,1998,12,1.6282625288969963,1.4415386622483217,1990
Çorlu,1999,1,1.545501264916281,1.4035297127267825,1990
Çorlu,1999,2,2.014376200362125,1.7935345472940898,1990
Çorlu,1999,3,1.583049851437468,1.5091004472757605,1990
Çorlu,1999,4,1.6057580031194425,1.4704230469804522,1990
Çorlu,1999,5,1.2898559240420646,0.6558776384100662,1990
Çorlu,1999,6,1.3608654006132876,1.202220560951738,1990
Çorlu,1999,7,1.4282124520086161,1.214797752195473,1990
Çorlu,1999,8,1.4280465708692613,1.2215170747822661,1990
Çorlu,1999,9,1.6560732336672666,1.3908100290677718,1990
Çorlu,1999,10,0.9176952450571969,0.7579225477364165,1990
Çorlu,1999,11,1.03033891575741,0.872824146224189,1990
Çorlu,1999,12,1.0968857370928513,0.8092237802319043,1990
Çorlu,2000,1,0.9893931112017051,0.781588228533944,2000
Çorlu,2000,2,0.8457994083822198,0.5557121304466498,2000
Çorlu,2000,3,0.6749958750108407,0.36869011812894364,2000
Çorlu,2000,4,0.89477762493584,0.6201640532872703,2000
Çorlu,2000,5,1.0277049742153541,0.5230620295784775,2000
Çorlu,2000,6,0.6849994943284246,0.5966258019020992,2000
Çorlu,2000,7,0.5904275088436252,0.4254971612658947,2000
Çorlu,2000,8,0.5432625411495687,0.4203892223426126,2000
Çorlu,2000,9,0.06079664924234429,-0.018027994293695112,2000
Çorlu,2000,10,0.32900146503241734,0.33941112464705225,2000
Çorlu,2000,11,-0.26002900569559256,-0.47643350249778904,2000
Çorlu,2000,12,-1.155105158140091,-1.4650704537114463,2000
Çorlu,2001,1,-1.054503150739868,-1.6258802474573129,2000
Çorlu,2001,2,-0.9002657849077373,-1.4241997510876918,2000
Çorlu,2001,3,-1.0242557038880793,-1.655102457470273,2000
Çorlu,2001,4,-0.9545554037443256,-1.443717204401012,2000
Çorlu,2001,5,-1.4131107290188587,-2.4364677135857087,2000
Çorlu,2001,6,-1.2153574520560761,-1.7788897396201724,2000
Çorlu,2001,7,-1.382385282277199,-1.884802281900538,2000
Çorlu,2001,8,-1.365053236981573,-1.8953334640563173,2000
Çorlu,2001,9,-1.195042247518838,-2.0469774544588915,2000
Çorlu,2001,10,-1.653090761657786,-2.4537684271300724,2000
Çorlu,2001,11,-0.9410179818185576,-1.776174067313473,2000
Çorlu,2001,12,0.6067239093057284,0.26873632091598026,2000
Çorlu,2002,1,0.5217412743517875,0.26999424866251764,2000
Çorlu,2002,2,0.16965565166375138,-0.3003090481398799,2000
Çorlu,2002,3,0.5472636723219007,0.2705254193838708,2000
Çorlu,2002,4,0.30667241884644325,0.12834382275932357,2000
Çorlu,2002,5,0.2511342146290579,0.13904745274230731,2000
Çorlu,2002,6,0.514979672436756,0.3204955577285166,2000
Çorlu,2002,7,0.7554199641863382,0.4956789318407463,2000
Çorlu,2002,8,1.1566093148020369,0.9447623015869857,2000
Çorlu,2002,9,1.676613643440275,1.4445123122445915,2000
Çorlu,2002,10,1.8850605216417629,1.6907205011414264,2000
Çorlu,2002,11,2.1572002500923455,1.7323951396292345,2000
Çorlu,2002,12,1.018393801891171,0.7032431646840318,2000
Çorlu,2003,1,1.5334410699627745,1.1418047071232618,2000
Çorlu,2003,2,2.11926853152797,1.7367920112411899,2000
Çorlu,2003,3,1.6610976702199218,1.639975501728954,2000
Çorlu,2003,4,1.7173073742298037,1.6520537993622546,2000
Çorlu,2003,5,1.6143069844610185,0.800877938113358,2000
Çorlu,2003,6,1.1764304039245865,1.020394010792759,2000
Çorlu,2003,7,1.0109366659690187,0.9518736713603894,2000
Çorlu,2003,8,0.5736441288625977,0.40704718112177596,2000
Çorlu,2003,9,-0.3389982462393096,-0.4824824872364437,2000
Çorlu,2003,10,0.2922423064705867,0.21665328925992605,2000
Çorlu,2003,11,-0.39442020266989564,-0.5116272693671731,2000
Çorlu,2003,12,-0.25915869348566556,-0.3891578732899851,2000
Çorlu,2004,1,-0.30476984985450867,-0.3739369092804591,2000
Çorlu,2004,2,-1.1303111152571927,-1.502395781599906,2000
Çorlu,2004,3,-0.6635419779710242,-1.1505279641660981,2000
Çorlu,2004,4,-0.9722350423396448,-1.5218843077254278,2000
Çorlu,2004,5,-0.7419813189095162,-0.7995157214928463,2000
Çorlu,2004,6,-0.17249225603565854,-0.3862528089601172,2000
Çorlu,2004,7,-0.19799076318388034,-0.2976316225199447,2000
Çorlu,2004,8,0.8423412254394362,0.9068851316113559,2000
Çorlu,2004,9,0.765123835935078,0.8200962795813228,2000
Çorlu,2004,10,-0.06022414257691739,-0.19100623946643572,2000
Çorlu,2004,11,-0.14250233564815634,-0.2699034994978356,2000
Çorlu,2004,12,-0.17636161298025332,-0.3182778245418747,2000
Çorlu,2005,1,-0.6693891192234483,-1.06164239793702,2000
Çorlu,2005,2,-0.41425734071849113,-0.7250027933260906,2000
Çorlu,2005,3,-0.6130995919258759,-0.949156148100853,2000
Çorlu,2005,4,-0.6339409288856388,-0.9559151476048418,2000
Çorlu,2005,5,-0.16262187561731792,-0.20023989910491355,2000
Çorlu,2005,6,-0.42692587708444835,-0.6648217137236725,2000
Çorlu,2005,7,-0.32285379379823864,-0.63294183724787,2000
Çorlu,2005,8,-0.9602374038697296,-1.3133872466540888,2000
Çorlu,2005,9,-0.94924660686995,-1.4028360668127648,2000
Çorlu,2005,10,-0.6424435352368617,-0.9472634698167688,2000
Çorlu,2005,11,-0.02959433486567173,-0.1394289599002604,2000
Çorlu,2005,12,0.2418760340271092,0.20770680639161734,2000
Çorlu,2006,1,-0.07694312544281866,-0.06314261978305193,2000
Çorlu,2006,2,-0.3197448315942481,-0.408211061388752,2000
Çorlu,2006,3,0.20365943860118488,0.10384132706989965,2000
Çorlu,2006,4,0.16240701882743364,0.08361183198321626,2000
Çorlu,2006,5,-0.27744551209856616,-0.14568251096864235,2000
Çorlu,2006,6,0.014329548003939053,-0.18234502347991446,2000
Çorlu,2006,7,0.6571759079128028,0.6127781170484398,2000
Çorlu,2006,8,0.36786277584320676,0.20228018786739918,2000
Çorlu,2006,9,0.6525926255841468,0.6282936193707659,2000
Çorlu,2006,10,0.5568273811793332,0.46684390829410116,2000
Çorlu,2006,11,0.17843229270062697,0.025123698251145413,2000
Çorlu,2006,12,-0.4011589350169039,-0.6184134850118876,2000
Çorlu,2007,1,-0.45325751251379554,-0.8957322412997999,2000
Çorlu,2007,2,-0.5036353623308321,-1.0450564929986312,2000
Çorlu,2007,3,-0.9976307938647038,-1.4921762937443976,2000
Çorlu,2007,4,-0.8833437337363637,-1.2049886484677685,2000
Çorlu,2007,5,-0.2964863871389573,-0.3325229769108646,2000
Çorlu,2007,6,-0.8373019975572147,-1.4238119457812592,2000
Çorlu,2007,7,-1.9718356754539306,-2.4666479402099264,2000
Çorlu,2007,8,-2.2277549108449044,-2.5500889269523097,2000
Çorlu,2007,9,-2.308006030513761,-3.1649041841293246,2000
Çorlu,2007,10,-2.2348444477002785,-2.8822157389350487,2000
Çorlu,2007,11,-0.5753125880529824,-1.4998182663468318,2000
Çorlu,2007,12,-0.34885646744207727,-1.1735589922886487,2000
Çorlu,2008,1,-0.3963575389003709,-1.1764730723610322,2000
Çorlu,2008,2,-0.43288103249783877,-1.1723321617967906,2000
Çorlu,2008,3,-0.061834289139406584,-0.8322715198485074,2000
Çorlu,2008,4,-0.007810225644443737,-0.8476399895926628,2000
Çorlu,2008,5,-0.19498529197720404,-0.5409540588850361,2000
Çorlu,2008,6,0.2582471165636414,-0.17880710703194994,2000
Çorlu,2008,7,0.3360320153110569,0.02127973632148976,2000
Çorlu,2008,8,0.33098000314446496,0.05577544595357064,2000
Çorlu,2008,9,0.3055214278702494,0.09488522690900575,2000
Çorlu,2008,10,0.21070958313544533,-0.0369011788358286,2000
Çorlu,2008,11,-1.397012470773736,-1.9772042294642467,2000
Çorlu,2008,12,-1.7447300942631687,-2.523977746361365,2000
Çorlu,2009,1,-1.1422292566016554,-2.1636746315347333,2000
Çorlu,2009,2,-0.482759408942634,-1.2545486170141302,2000
Çorlu,2009,3,-0.16640605264201344,-0.7189985317552594,2000
Çorlu,2009,4,0.053329584873095845,-0.22683264265931563,2000
Çorlu,2009,5,0.013499046444280757,-0.07264390092807402,2000
Çorlu,2009,6,-0.23539083187085752,-0.5949741448830416,2000
Çorlu,2009,7,0.18438279823420592,-0.19317857438677155,2000
Çorlu,2009,8,0.16836956192414818,-0.08354626306066308,2000
Çorlu,2009,9,0.5212305704638953,0.37046315905674815,2000
Çorlu,2009,10,1.1549683657926528,0.9959001725436294,2000
Çorlu,2009,11,1.422071942336383,1.2037964397526675,2000
Çorlu,2009,12,2.188254558275515,1.713678897215117,2000
Çorlu,2010,1,2.219227540611092,1.7557259411698394,2010
Çorlu,2010,2,2.6514711370329813,2.080619087833393,2010
Çorlu,2010,3,2.2255076460154,2.044233152471976,2010
Çorlu,2010,4,2.170281186244125,1.857713316551592,2010
Çorlu,2010,5,1.8977133328075872,0.8454117641121509,2010
Çorlu,2010,6,2.1180931035028836,1.7780169953326033,2010
Çorlu,2010,7,1.924709459880897,1.634536447923234,2010
Çorlu,2010,8,1.9634460594736385,1.477332342401121,2010
Çorlu,2010,9,1.8183074427025416,1.278135118523389,2010
Çorlu,2010,10,2.0114796934816117,1.64207332467226,2010
Çorlu,2010,11,2.3014926826463933,1.672163206964466,2010
Çorlu,2010,12,2.343289751039505,1.6599530059299543,2010
Çorlu,2011,1,2.0442826876891087,1.426816326600581,2010
Çorlu,2011,2,1.306138249668218,0.7850370684958675,2010
Çorlu,2011,3,0.9377453921814279,0.34826114694969657,2010
Çorlu,2011,4,1.2406393920390797,0.8425048344847302,2010
Çorlu,2011,5,1.6349352523443632,0.7400705796379135,2010
Çorlu,2011,6,1.5461808133603945,1.2662431790014554,2010
Çorlu,2011,7,1.4960620810748115,1.117217973555015,2010
Çorlu,2011,8,1.540487409398785,1.337427150202656,2010
Çorlu,2011,9,1.54254420365224,1.2671794352561627,2010
Çorlu,2011,10,1.331157913378901,1.1135029477902536,2010
Çorlu,2011,11,1.1855264118524858,1.127869031377519,2010
Çorlu,2011,12,0.7435581938711957,0.7154226966011601,2010
Çorlu,2012,1,0.6908371637262277,0.7483059233252445,2010
Çorlu,2012,2,0.7259518966054705,0.7957016366810045,2010
Çorlu,2012,3,0.682301494995329,0.740101313974425,2010
Çorlu,2012,4,0.444924220209405,0.27965859773124324,2010
Çorlu,2012,5,0.4031038972760628,0.21623461752573558,2010
Çorlu,2012,6,-0.05911665547827878,-0.4830143653261302,2010
Çorlu,2012,7,-0.18350262944686205,-0.717706590252401,2010
Çorlu,2012,8,-0.06577113431410561,-0.7260195217948257,2010
Çorlu,2012,9,-0.19602293857664504,-0.8179750667336042,2010
Çorlu,2012,10,-0.5531226108929451,-1.4933490671244765,2010
Çorlu,2012,11,-0.37836887915997724,-1.591371936430248,2010
Çorlu,2012,12,0.8098468366943619,0.022669203106568447,2010
Çorlu,2013,1,1.2929075655940494,0.5480436571036155,2010
Çorlu,2013,2,1.7167511664257888,0.8600133401618296,2010
Çorlu,2013,3,1.820013062858525,1.0160142630969304,2010
Çorlu,2013,4,1.496145286233036,0.6526301280560786,2010
Çorlu,2013,5,1.035609555086488,0.060551881682854046,2010
Çorlu,2013,6,1.381679262446441,0.5425493306726699,2010
Çorlu,2013,7,1.4104742971948023,0.7284019527485884,2010
Çorlu,2013,8,1.3785643220972994,0.702061043329105,2010
Çorlu,2013,9,1.3799049134466677,0.7378242451816335,2010
Çorlu,2013,10,1.6667778562709448,1.260923183275317,2010
Çorlu,2013,11,2.1051205534667354,1.5412657895391124,2010
Çorlu,2013,12,0.4784618013545592,-0.12186712547706978,2010
Çorlu,2014,1,-0.07888791366131691,-0.9902341510011539,2010
Çorlu,2014,2,-0.9024660695238845,-2.047821094650884,2010
Çorlu,2014,3,-0.6159998658889819,-1.593996734995271,2010
Çorlu,2014,4,-0.4915897228916491,-1.3925944181661343,2010
Çorlu,2014,5,-0.14904141485219286,-0.4602844023587852,2010
Çorlu,2014,6,0.4177050910582151,-0.050743795303713216,2010
Çorlu,2014,7,1.0568581909814803,0.664892769665362,2010
Çorlu,2014,8,1.4092660220015412,1.0528059643086298,2010
Çorlu,2014,9,2.207178291542967,1.7550903242048332,2010
Çorlu,2014,10,1.5938550908974993,1.326969602495187,2010
Çorlu,2014,11,1.6005215824024739,1.307725134795139,2010
Çorlu,2014,12,2.1434854773639995,1.6305822384208732,2010
Çorlu,2015,1,2.2594877278936822,1.7446351750505535,2010
Çorlu,2015,2,2.9725872128299824,2.273493883926447,2010
Çorlu,2015,3,2.3619236084260717,2.217233438641732,2010
Çorlu,2015,4,2.53018591000877,2.276048737601711,2010
Çorlu,2015,5,2.192650490797536,1.0123227053920167,2010
Çorlu,2015,6,1.783374290376368,1.64158719398307,2010
Çorlu,2015,7,1.232914351923263,1.1282312384064745,2010
Çorlu,2015,8,0.8857001019436122,0.7248013433751566,2010
Çorlu,2015,9,0.4513876874628128,0.1652585829811876,2010
Çorlu,2015,10,0.6774950846943865,0.39133240683215875,2010
Çorlu,2015,11,0.7947268337590925,0.40602179381294623,2010
Çorlu,2015,12,0.07833837894297141,-0.3539415481868276,2010
Çorlu,2016,1,-0.011099485839564273,-0.4762974127640255,2010
Çorlu,2016,2,-0.4018657841705972,-1.1705601841421607,2010
Çorlu,2016,3,-0.4724311253054611,-1.2625329283568978,2010
Çorlu,2016,4,-0.8533368050186709,-1.7675546214905142,2010
Çorlu,2016,5,-0.403076204558358,-0.8733139266152068,2010
Çorlu,2016,6,-0.5230976541496157,-1.5094440169184087,2010
Çorlu,2016,7,-0.5258569651452217,-1.4792886793492945,2010
Çorlu,2016,8,-0.4957170055328327,-1.3845518877930159,2010
Çorlu,2016,9,-1.0372965239766163,-1.9753374821189804,2010
Çorlu,2016,10,-1.6038954640729441,-2.421377486266815,2010
Çorlu,2016,11,-1.394710220735068,-2.3402510687650633,2010
Çorlu,2016,12,-1.1383806715092282,-2.0488056908379546,2010
Çorlu,2017,1,-0.6306814720230162,-1.5007331013754235,2010
Çorlu,2017,2,-0.9576804185842268,-1.7015726208953015,2010
Çorlu,2017,3,-0.6703601991984758,-1.285782960924403,2010
Çorlu,2017,4,-0.506240160170871,-0.8383284330510095,2010
Çorlu,2017,5,-0.6571844553416182,-0.5875040941496302,2010
Çorlu,2017,6,-0.31764263954619265,-0.4888817809608268,2010
Çorlu,2017,7,0.21095839893051258,0.1316093350069825,2010
Çorlu,2017,8,0.21182461838068617,0.16226823962657339,2010
Çorlu,2017,9,0.23787935869689003,0.17846910247974407,2010
Çorlu,2017,10,0.9432549399876761,0.9312960645782064,2010
Çorlu,2017,11,1.0168573280113644,0.961639641383043,2010
Çorlu,2017,12,1.3681982192709046,1.1308714977195915,2010
Çorlu,2018,1,1.1680642907834304,0.9004213626850107,2010
Çorlu,2018,2,1.7038396133435176,1.3683842244691555,2010
Çorlu,2018,3,1.9753396085971204,1.763388096647424,2010
Çorlu,2018,4,1.7002973641882195,1.331946589391225,2010
Çorlu,2018,5,1.716916059027125,0.711716681094645,2010
Çorlu,2018,6,1.932830700400201,1.4814220030183212,2010
Çorlu,2018,7,2.083197810201696,1.5673781759240837,2010
Çorlu,2018,8,2.078363166732255,1.52986295892096,2010
Çorlu,2018,9,2.4549121442504878,1.8015728042655765,2010
Çorlu,2018,10,1.9693323829683695,1.5033560309964837,2010
Çorlu,2018,11,2.2266799706518823,1.600753603957042,2010
Çorlu,2018,12,2.2594440429434792,1.637361657024978,2010
Çorlu,2019,1,2.029047903435246,1.49407286596719,2010
Çorlu,2019,2,1.5753625126221154,1.116246288044152,2010
Çorlu,2019,3,0.8285962573073709,0.34717126983390173,2010
Çorlu,2019,4,1.1652622180210253,0.9203516657837254,2010
Çorlu,2019,5,1.2675962425229592,0.6137655460672032,2010
Çorlu,2019,6,0.46042878167990364,0.053225955831742215,2010
Çorlu,2019,7,0.04090357136136972,-0.38696342977689935,2010
Çorlu,2019,8,0.052278502144500326,-0.36466003851038137,2010
Çorlu,2019,9,-0.40833281758876816,-0.8684884934181469,2010
Çorlu,2019,10,-0.4431120023778274,-0.9902297523537144,2010
Çorlu,2019,11,-1.2376375251329952,-2.1106633394195473,2010
Çorlu,2019,12,-2.0321219627291933,-3.2535945328638847,2010
Çorlu,2020,1,-2.483485467519462,-4.75,2020
Çorlu,2020,2,-2.7515306552425436,-3.891170729579938,2020
Çorlu,2020,3,-2.4714051470485847,-2.752963585361763,2020
Çorlu,2020,4,-2.74190965581037,-2.8900492989180977,2020
Çorlu,2020,5,-1.9574208352717026,-4.75,2020
Çorlu,2020,6,-0.8725853603490997,-1.2978926698426614,2020
Çorlu,2020,7,-1.200199548952509,-1.6237521865556055,2020
Çorlu,2020,8,-1.0731190012177345,-1.5490842650737264,2020
Çorlu,2020,9,-1.0505541379398509,-1.8901839110667493,2020
Çorlu,2020,10,-0.90809229255937,-1.9063453561164194,2020
Çorlu,2020,11,-0.8968536698753159,-1.9224522500762034,2020
Çorlu,2020,12,-0.7163924377686134,-1.8668674323040806,2020
Çorlu,2021,1,0.41899015958249364,-0.6096709888007602,2020
Çorlu,2021,2,1.0737600311604805,0.029819197231713928,2020
Çorlu,2021,3,1.0732757252774936,0.16880043877881817,2020
Çorlu,2021,4,0.8864765953690155,-0.025651596268288758,2020
Çorlu,2021,5,0.4608173630176091,-0.29284443330143967,2020
Çorlu,2021,6,0.4589074150364682,-0.4922636171697438,2020
Çorlu,2021,7,0.49994507571723723,-0.5597244070638714,2020
Çorlu,2021,8,0.6162770675682371,-0.45771348099602216,2020
Çorlu,2021,9,0.6009661529143914,-0.2099566221162977,2020
Çorlu,2021,10,0.24870789329845944,-0.38861205490842815,2020
Çorlu,2021,11,0.6497727617713724,0.08558426041034431,2020
Çorlu,2021,12,1.0226320155744353,0.6118013671880327,2020
Çorlu,2022,1,-0.26385159540562,-0.854255650590199,2020
Çorlu,2022,2,-0.1499826309184324,-0.584890577649517,2020
Çorlu,2022,3,-0.30019534045151275,-0.7482531930255503,2020
Çorlu,2022,4,0.1906626885667262,-0.2232199700395698,2020
Çorlu,2022,5,-0.1354881464569755,-0.2444639235709108,2020
Çorlu,2022,6,-0.8763111113771948,-1.417129455282843,2020
Çorlu,2022,7,-0.9462256654279589,-1.3387291736706581,2020
Çorlu,2022,8,-0.855058253459009,-1.2275764562620253,2020
Çorlu,2022,9,-0.9754386783844364,-1.5020295181521168,2020
Çorlu,2022,10,-1.15456708354687,-1.7597347331806192,2020
Çorlu,2022,11,-1.595522371323423,-2.3685139170161644,2020
Çorlu,2022,12,-2.2953473922386634,-3.361851782878589,2020
Çorlu,2023,1,-2.344094850141709,-4.75,2020
Çorlu,2023,2,-3.7112099224736266,-4.75,2020
Çorlu,2023,3,-3.160600423303048,-3.1570077823119966,2020
Çorlu,2023,4,-3.1117273586817396,-3.1565395077372274,2020
Çorlu,2023,5,-2.5378801635867227,-4.75,2020
Çorlu,2023,6,-2.4402391862607957,-2.69337246957838,2020
Çorlu,2023,7,-2.3916933372129825,-2.6511016196261386,2020
Çorlu,2023,8,-2.937040025667563,-2.913364586491255,2020
Çorlu,2023,9,-3.0873401540757848,-4.0284581382868305,2020
Çorlu,2023,10,-2.8700058502353842,-3.484067253672977,2020
Çorlu,2023,11,-1.3237104406187856,-2.544266288097771,2020
Çorlu,2023,12,-0.9884703689794958,-2.2347089015299018,2020
Çorlu,2024,1,-0.7230665558485835,-2.0600703817716832,2020
Çorlu,2024,2,-0.35249175986463355,-1.5884678976713729,2020
Çorlu,2024,3,-0.004771264780782268,-1.09281825376818,2020
Çorlu,2024,4,-0.261370470088567,-1.453622728464014,2020
Çorlu,2024,5,-0.616110266089454,-1.9970480021081043,2020
Çorlu,2024,6,-0.9324686847770842,-2.379165736688178,2020
Çorlu,2024,7,-1.0329700090198235,-2.442889247841441,2020
Çorlu,2024,8,-0.9088797058585171,-2.232583675836806,2020
Çorlu,2024,9,-0.2575954275186306,-1.8387455778726143,2020
Çorlu,2024,10,-0.3581645309516957,-1.7819353148690085,2020
Çorlu,2024,11,-1.9904694504061209,-3.608503785980877,2020
Çorlu,2024,12,-1.6891484954562241,-3.5274961577023864,2020
İpsala,1965,12,0.44972922984540387,0.7140040139380983,1960
İpsala,1966,1,1.3684714093891062,1.5462653381674634,1960
İpsala,1966,2,0.8356897387935986,0.9198030780836935,1960
İpsala,1966,3,0.8545448883512234,0.9393643060215745,1960
İpsala,1966,4,0.7739821738956051,0.7377621377664826,1960
İpsala,1966,5,0.5793996794164693,0.5187132419993323,1960
İpsala,1966,6,0.6307883856931241,0.6674303227799351,1960
İpsala,1966,7,0.7896769899355992,0.7545710567249678,1960
İpsala,1966,8,0.7411637058694646,0.5310833384310958,1960
İpsala,1966,9,1.1334590003892873,0.6040891101884056,1960
İpsala,1966,10,1.32006549770999,0.6047482223105564,1960
İpsala,1966,11,1.4951949219527636,0.6805649380356765,1960
İpsala,1966,12,1.9069192022300154,1.5971576104917782,1960
İpsala,1967,1,1.6620611662886016,1.348512197865178,1960
İpsala,1967,2,1.3471743125369495,1.2691814863647135,1960
İpsala,1967,3,1.1515074936200835,1.1011084535855227,1960
İpsala,1967,4,1.2376281549567714,1.1754263515773122,1960
İpsala,1967,5,1.2789346734378793,1.13227081699278,1960
İpsala,1967,6,1.5914540027262398,1.3793066843098307,1960
İpsala,1967,7,1.5675858827573457,1.382888992676339,1960
İpsala,1967,8,1.4964942346575425,1.3969273050545694,1960
İpsala,1967,9,1.5184856411160716,0.7703710084223198,1960
İpsala,1967,10,1.6544087729794448,0.8892061929615263,1960
İpsala,1967,11,0.5417576834744607,0.4209959510144088,1960
İpsala,1967,12,-0.591974639023726,-0.650791792279822,1960
İpsala,1968,1,-0.32620817761930265,-0.3652346786336303,1960
İpsala,1968,2,-0.12646299787278859,-0.2810217452568136,1960
İpsala,1968,3,0.11942644553685046,0.07204387737841786,1960
İpsala,1968,4,-0.18196001086239075,-0.3329048635061528,1960
İpsala,1968,5,-0.21857178785258682,-0.5737736912264181,1960
İpsala,1968,6,-0.5070800707899773,-0.9188468344384422,1960
İpsala,1968,7,-0.6949719037530091,-1.1298231810042536,1960
İpsala,1968,8,-0.25711036906882856,-0.5624371725768953,1960
İpsala,1968,9,0.01333748111047956,-0.09140330524989124,1960
İpsala,1968,10,-0.20412661212655014,-0.1989244154522988,1960
İpsala,1968,11,-0.010114485277326193,-0.031178808115170018,1960
İpsala,1968,12,0.3111566503454855,0.17881914984364575,1960
İpsala,1969,1,-0.2256953569604132,-0.38119725994420556,1960
İpsala,1969,2,0.4422857163071118,0.3328426705723627,1960
İpsala,1969,3,0.3778376046331313,0.3788798303920454,1960
İpsala,1969,4,0.5417800998214569,0.6544261526602805,1960
İpsala,1969,5,0.5146994071419498,0.7101539580798321,1960
İpsala,1969,6,0.719224298456871,0.8860099548032867,1960
İpsala,1969,7,0.711477389154592,1.0107054235180453,1960
İpsala,1969,8,0.4393053262929474,0.6777249552460658,1960
İpsala,1969,9,-0.06508476931163716,0.13709836101488238,1960
İpsala,1969,10,0.27649499375784226,0.32425784705524413,1960
İpsala,1969,11,0.18886819231407806,0.2562776431832942,1960
İpsala,1969,12,0.2048236692057693,0.19340104089066165,1960
İpsala,1970,1,0.49668248407147847,0.3833242830668341,1970
İpsala,1970,2,0.3415699614358447,0.19441186134751512,1970
İpsala,1970,3,0.14240305529274846,-0.06312279004109698,1970
İpsala,1970,4,0.012105393197411553,-0.39113011011036547,1970
İpsala,1970,5,0.318747067254732,0.1426655081430281,1970
İpsala,1970,6,0.14527782728941452,0.045383657735644,1970
İpsala,1970,7,0.13806787013346697,-0.19323506092413847,1970
İpsala,1970,8,0.08695980819756517,-0.2951222714177708,1970
İpsala,1970,9,0.06172442286486631,-0.08863311122380015,1970
İpsala,1970,10,0.40388309146613516,0.2016538744596973,1970
İpsala,1970,11,0.6641656535298238,0.389995856694039,1970
İpsala,1970,12,0.23323794149835764,0.08373540742575429,1970
İpsala,1971,1,-0.34111818879716344,-0.5864167996084213,1970
İpsala,1971,2,-0.2581363466083661,-0.46570556885168696,1970
İpsala,1971,3,0.3308664491737166,0.31235265599313405,1970
İpsala,1971,4,0.33275290498004395,0.4203295384055694,1970
İpsala,1971,5,0.07895214934849959,-0.022339457359244683,1970
İpsala,1971,6,0.21916459401313756,0.1637095639920285,1970
İpsala,1971,7,0.4839395784617837,0.5782215437350549,1970
İpsala,1971,8,0.44916607145951193,0.5296980984809132,1970
İpsala,1971,9,0.822295986540993,0.5705391201605406,1970
İpsala,1971,10,0.1010816196261525,0.23833248903836973,1970
İpsala,1971,11,0.12281467827506805,0.26551378754451466,1970
İpsala,1971,12,0.07432851647489462,0.24774106810185675,1970
İpsala,1972,1,-0.21097928673848712,0.06749829335248542,1970
İpsala,1972,2,-0.7869039472906921,-0.5442643769776837,1970
İpsala,1972,3,-1.2562578748221995,-1.03486814309416,1970
İpsala,1972,4,-0.8620034674655664,-0.767973967391327,1970
İpsala,1972,5,-0.6175732667507989,-0.46152288005437037,1970
İpsala,1972,6,-0.7461732785777743,-0.6587347309163873,1970
İpsala,1972,7,-1.014120489463388,-1.0543331124330724,1970
İpsala,1972,8,-0.8636736645513017,-0.9298410140049657,1970
İpsala,1972,9,-0.3308067242581757,-0.21181048959956025,1970
İpsala,1972,10,0.8577306384298294,0.51880123471201,1970
İpsala,1972,11,0.5541650030933113,0.3612597612821901,1970
İpsala,1972,12,0.0842821626869861,-0.03331668834518688,1970
İpsala,1973,1,0.5596119117717839,0.49493361573180716,1970
İpsala,1973,2,1.0852039303643852,0.9831987157270556,1970
İpsala,1973,3,1.3409172333650998,1.2799572509240569,1970
İpsala,1973,4,1.3725727377865031,1.3313610465065118,1970
İpsala,1973,5,1.227618427572347,1.1870088947092539,1970
İpsala,1973,6,1.622935301363135,1.5985493816197467,1970
İpsala,1973,7,1.663337528358602,1.6409599425174173,1970
İpsala,1973,8,1.537989814657351,1.67249203310632,1970
İpsala,1973,9,0.9931441460118078,0.6848670502174785,1970
İpsala,1973,10,-0.015564411935780247,0.13610167050929273,1970
İpsala,1973,11,-0.049283710615410176,0.16910993890921672,1970
İpsala,1973,12,0.3324659957980207,0.47647267247469643,1970
İpsala,1974,1,-0.24465209294150533,-0.13175280217330765,1970
İpsala,1974,2,-0.7380443246107294,-0.6533745518155503,1970
İpsala,1974,3,-0.9887263096412879,-0.9389179359502151,1970
İpsala,1974,4,-0.810898611231151,-0.6135689104421278,1970
İpsala,1974,5,-0.5516882045180866,-0.24830856676668797,1970
İpsala,1974,6,-0.9687728463513209,-0.7067081939828405,1970
İpsala,1974,7,-1.051403234821607,-0.7288541346987336,1970
İpsala,1974,8,-0.9879111908435624,-0.7796195843401332,1970
İpsala,1974,9,-0.842441810049452,-0.36614005832655877,1970
İpsala,1974,10,-0.766403272778717,-0.4275435648757099,1970
İpsala,1974,11,-0.07341873063389978,0.08730248045284392,1970
İpsala,1974,12,-0.04095519021257049,0.03550660921967578,1970
İpsala,1975,1,0.7392766053520895,0.810611371550134,1970
İpsala,1975,2,0.5318503623047868,0.6737300578649722,1970
İpsala,1975,3,0.42924568425109205,0.46606764860798366,1970
İpsala,1975,4,0.000839080656996346,-0.16432502019617676,1970
İpsala,1975,5,0.1784120106612885,-0.0737923971288261,1970
İpsala,1975,6,0.6346546555317492,0.4340272020811172,1970
İpsala,1975,7,0.774405329382672,0.4977118396008065,1970
İpsala,1975,8,1.1983759108635612,1.0060217084001464,1970
İpsala,1975,9,0.9317135562174585,0.42954115699874384,1970
İpsala,1975,10,1.0488583953477693,0.5836858169815425,1970
İpsala,1975,11,0.8821897697500775,0.5238646773309878,1970
İpsala,1975,12,1.2601337930961773,1.2174978917754253,1970
İpsala,1976,1,0.9090813229552747,0.7968465241649625,1970
İpsala,1976,2,0.9578443614313188,0.8866434716368817,1970
İpsala,1976,3,0.7472021748286065,0.915335127813219,1970
İpsala,1976,4,0.7209849074017831,0.8706840169262289,1970
İpsala,1976,5,0.6852570819650075,0.8926050753592579,1970
İpsala,1976,6,0.4174522937589323,0.732991497310551,1970
İpsala,1976,7,0.3283978717233207,0.6950123623178416,1970
İpsala,1976,8,0.02287586026774027,0.4773977513660449,1970
İpsala,1976,9,0.3116593830073454,0.5588318356213886,1970
İpsala,1976,10,0.04205903423512886,0.45397139185474666,1970
İpsala,1976,11,-0.011890581238485855,0.36487509714922456,1970
İpsala,1976,12,0.23323794149835764,0.7504933484490722,1970
İpsala,1977,1,0.20757444689599733,0.754001922467633,1970
İpsala,1977,2,0.5209325791177649,0.8327757599324829,1970
İpsala,1977,3,0.3952768442357505,0.5483358510938373,1970
İpsala,1977,4,0.38405361657046233,0.5512029757735201,1970
İpsala,1977,5,0.27253358958308505,0.3959116562462468,1970
İpsala,1977,6,-0.03853029994604686,0.0745058707160287,1970
İpsala,1977,7,-0.16040413537944462,-0.12744620617596228,1970
İpsala,1977,8,-0.4647333398505998,-0.6781879967248133,1970
İpsala,1977,9,-0.1922971758451033,-0.1810322840654697,1970
İpsala,1977,10,-0.5098999270604166,-0.30521545575219855,1970
İpsala,1977,11,-0.3729055361517536,-0.18771472963613658,1970
İpsala,1977,12,-0.9897771522010479,-1.0275741914406655,1970
İpsala,1978,1,-1.1508382721689134,-1.1615685928640722,1970
İpsala,1978,2,-1.0479599011549017,-0.9904485368234536,1970
İpsala,1978,3,-0.5404287503530946,-0.5217370726230852,1970
İpsala,1978,4,-0.10220645736399397,-0.06462087726811563,1970
İpsala,1978,5,-0.253753871581168,-0.2130492951990367,1970
İpsala,1978,6,-0.2916947500690552,-0.24268256056022794,1970
İpsala,1978,7,-0.3391757050152763,-0.2622036642174007,1970
İpsala,1978,8,-0.31518025087950285,0.0819450765534968,1970
İpsala,1978,9,-0.5352129210745227,0.005358206089299214,1970
İpsala,1978,10,0.06208440947613522,0.303146345221958,1970
İpsala,1978,11,0.6282107003402936,0.6219849978773857,1970
İpsala,1978,12,0.6284493173071726,1.0075513769453603,1970
İpsala,1979,1,1.1178662007527924,1.3907071532636297,1970
İpsala,1979,2,0.9595774521941648,1.3102797371449166,1970
İpsala,1979,3,0.4559962261089714,0.768676585940361,1970
İpsala,1979,4,0.9540986628169578,1.2159507012974884,1970
İpsala,1979,5,1.026918934161277,1.2719799042530782,1970
İpsala,1979,6,1.0405273195840974,1.2151734365464928,1970
İpsala,1979,7,1.0529879558325514,1.269575101103012,1970
İpsala,1979,8,1.0158245335801306,1.0345496389236821,1970
İpsala,1979,9,0.8651530204867358,0.5163996397360997,1970
İpsala,1979,10,1.4406367013888675,0.8249301564517229,1970
İpsala,1979,11,1.8263084097160918,0.9330576199309792,1970
İpsala,1979,12,2.0290842660576054,1.922039356857832,1970
İpsala,1980,1,2.1946335255952056,2.0022568749255965,1980
İpsala,1980,2,1.9354443464205313,1.9479425980039022,1980
İpsala,1980,3,2.021545017781641,1.987174578155897,1980
İpsala,1980,4,1.4032833608522033,1.4948778758972665,1980
İpsala,1980,5,1.6974219067667324,1.7855974314736152,1980
İpsala,1980,6,1.7906446734063812,1.847378556707645,1980
İpsala,1980,7,1.8990651854349951,1.8813871029274796,1980
İpsala,1980,8,1.852355139797292,1.9372130951885325,1980
İpsala,1980,9,1.8909525085161922,1.083843761095821,1980
İpsala,1980,10,0.7379577759820535,0.6018096204686714,1980
İpsala,1980,11,-0.3274024526899088,0.012550768772696484,1980
İpsala,1980,12,0.9965298408265214,1.2171530034087743,1980
İpsala,1981,1,1.1233239134887325,1.2869835989558336,1980
İpsala,1981,2,1.558197894409656,1.696390358964916,1980
İpsala,1981,3,1.0561805451269082,1.1339625311129429,1980
İpsala,1981,4,0.6764073296874978,0.7150449670676478,1980
İpsala,1981,5,0.5363282509045905,0.6163227394097582,1980
İpsala,1981,6,0.5553935896921798,0.5336048890349647,1980
İpsala,1981,7,0.5628920315198206,0.5827608796189213,1980
İpsala,1981,8,0.49827020672367645,0.46620695190050854,1980
İpsala,1981,9,0.6117253146067866,0.3555072837280862,1980
İpsala,1981,10,1.425944549180879,0.7722535920058684,1980
İpsala,1981,11,1.9428724550205358,0.9863817581989975,1980
İpsala,1981,12,1.582941026040308,1.5852551248252078,1980
İpsala,1982,1,0.8100063592423624,0.8105364662229124,1980
İpsala,1982,2,0.4899244789408475,0.5070105137384425,1980
İpsala,1982,3,0.7856564046210971,0.9470875042766048,1980
İpsala,1982,4,1.4371924913311211,1.5146972165967998,1980
İpsala,1982,5,1.3875042028109918,1.4140412061454053,1980
İpsala,1982,6,1.1953259610382054,1.316010362440785,1980
İpsala,1982,7,1.0942027552289861,1.2379589967956233,1980
İpsala,1982,8,1.0662335285212243,1.212881609853861,1980
İpsala,1982,9,1.0518373799188991,0.6616183664557815,1980
İpsala,1982,10,0.6799619129366633,0.5310066895341691,1980
İpsala,1982,11,-0.008338799153516232,0.13643647577565102,1980
İpsala,1982,12,-0.37106963250241454,-0.34520194076715804,1980
İpsala,1983,1,-0.4688902781884078,-0.47429506154223866,1980
İpsala,1983,2,-0.359552102505297,-0.4431977749893865,1980
İpsala,1983,3,-0.7855942382555392,-0.9360140654947893,1980
İpsala,1983,4,-1.523093209391641,-1.6834576814413802,1980
İpsala,1983,5,-1.4898886023811464,-1.734539953628476,1980
İpsala,1983,6,-0.9311578507101532,-1.1554548059132252,1980
İpsala,1983,7,-0.11467585994253994,-0.37317472886452147,1980
İpsala,1983,8,-0.12843487126968545,-0.31355230523611655,1980
İpsala,1983,9,0.2227891986378276,0.17484440367199894,1980
İpsala,1983,10,0.1452917587060847,0.21601355211188178,1980
İpsala,1983,11,0.21910076267911793,0.28185614818115345,1980
İpsala,1983,12,-0.03591122836623529,0.12616479991795515,1980
İpsala,1984,1,0.32708152062711887,0.45264581630814765,1980
İpsala,1984,2,0.418367998716665,0.54040386790126,1980
İpsala,1984,3,1.5595076062204627,1.639435064122412,1980
İpsala,1984,4,1.7104288749745402,1.8100461122393068,1980
İpsala,1984,5,1.6580649015927045,1.8127306226998385,1980
İpsala,1984,6,1.3025741514759739,1.457161859827534,1980
İpsala,1984,7,0.7598695732039681,1.070930206807218,1980
İpsala,1984,8,0.8675773225656329,1.1957659746507128,1980
İpsala,1984,9,0.5197421946300247,0.5063981266554021,1980
İpsala,1984,10,0.07661706432223128,0.19625223721598362,1980
İpsala,1984,11,0.22599471325397028,0.24820133285601298,1980
İpsala,1984,12,-0.2337913550645551,-0.22067753205191548,1980
İpsala,1985,1,-0.07238046114748914,0.014276371041117699,1980
İpsala,1985,2,-0.13825788079280807,0.0026313383890359597,1980
İpsala,1985,3,-1.5070816856576879,-1.3643017362761483,1980
İpsala,1985,4,-1.9681505193532725,-1.7779299045008532,1980
İpsala,1985,5,-2.1401177175935513,-1.9134912605077719,1980
İpsala,1985,6,-1.9011541627935167,-1.876941716983173,1980
İpsala,1985,7,-2.1347973121079606,-1.9988509283206404,1980
İpsala,1985,8,-2.258734012501389,-2.210779382139653,1980
İpsala,1985,9,-2.3614270896880907,-4.474587672310153,1980
İpsala,1985,10,-2.2917464485418586,-4.115772644631928,1980
İpsala,1985,11,-1.8624784251304,-2.114134212562478,1980
İpsala,1985,12,-2.23808969236363,-2.082705525153714,1980
İpsala,1986,1,-1.6735899675260648,-1.7653436386541488,1980
İpsala,1986,2,-0.7095051691329409,-1.0288927994383388,1980
İpsala,1986,3,-0.6743156850017261,-0.9699972520513247,1980
İpsala,1986,4,-0.6991525914035127,-0.9980367020963116,1980
İpsala,1986,5,-0.4306136945060864,-0.5983903786114473,1980
İpsala,1986,6,-0.5560606101578307,-0.7217997766421191,1980
İpsala,1986,7,-0.6243814493118792,-0.8607227013944507,1980
İpsala,1986,8,-0.5324804815879971,-0.7890158235881777,1980
İpsala,1986,9,-0.588641880390337,-0.6159007954370983,1980
İpsala,1986,10,-0.4972004330885184,-0.6626629187972181,1980
İpsala,1986,11,-1.2046873550965462,-1.3193830221435592,1980
İpsala,1986,12,-0.9402534786578226,-1.1189578949383359,1980
İpsala,1987,1,-1.6200150027465376,-1.606757867264537,1980
İpsala,1987,2,-2.5958220298685544,-2.3090189020739365,1980
İpsala,1987,3,-1.9787091369196288,-1.919188968231171,1980
İpsala,1987,4,-1.4451601949454633,-1.202112784973865,1980
İpsala,1987,5,-1.545087923087387,-1.2130265618216791,1980
İpsala,1987,6,-1.4035331929529407,-1.0972711459122706,1980
İpsala,1987,7,-1.3688015072057453,-1.1313363286032971,1980
İpsala,1987,8,-1.1596667324470085,-0.7944599679332514,1980
İpsala,1987,9,-1.2999599270872348,-0.6220283368663918,1980
İpsala,1987,10,-1.205843550650105,-0.5142776531204463,1980
İpsala,1987,11,-0.20526525212819308,0.10380287800035422,1980
İpsala,1987,12,1.0028279550677541,1.2127835505261109,1980
İpsala,1988,1,0.407858701942146,0.5259333744527586,1980
İpsala,1988,2,0.7580438648555928,0.9047112994477433,1980
İpsala,1988,3,0.8582713572876558,0.8676496845683469,1980
İpsala,1988,4,0.6462935713979927,0.6316511819571914,1980
İpsala,1988,5,0.5301549533184878,0.46192309446938346,1980
İpsala,1988,6,0.2728832654097493,0.21239704604567106,1980
İpsala,1988,7,0.34619811622010155,0.19389116448150978,1980
İpsala,1988,8,0.5910399155625231,0.34224558586214593,1980
İpsala,1988,9,0.8176068511648101,0.413953317868025,1980
İpsala,1988,10,0.5301946900779004,0.26431740715442387,1980
İpsala,1988,11,0.8956756570570621,0.5627644178000241,1980
İpsala,1988,12,-0.28449502250429926,-0.3668008720575466,1980
İpsala,1989,1,-0.4505220914691398,-0.4219132193976671,1980
İpsala,1989,2,-0.9158040499068766,-0.9329137451864171,1980
İpsala,1989,3,-0.6193516204919831,-0.6833089200484986,1980
İpsala,1989,4,-0.6697338075390814,-0.9307249400969372,1980
İpsala,1989,5,-0.46068255665494395,-0.6979861237572078,1980
İpsala,1989,6,-0.26282734874094876,-0.34247282091093384,1980
İpsala,1989,7,-0.3382883894303095,-0.2251411877577521,1980
İpsala,1989,8,-0.10052828571824297,0.0208437463185032,1980
İpsala,1989,9,-0.07560330462477964,0.1253767711194535,1980
İpsala,1989,10,0.5035352476610703,0.47230402711551867,1980
İpsala,1989,11,-0.7326761165111861,-0.3764845104259029,1980
İpsala,1989,12,-0.5565399721899811,-0.5501567420004552,1980
İpsala,1990,1,-0.5569473880218183,-0.5404469528354351,1990
İpsala,1990,2,-0.3101939449888831,-0.3338288324145026,1990
İpsala,1990,3,-0.7893352142082422,-0.791584499621878,1990
İpsala,1990,4,-0.48467798400654966,-0.32486608536161576,1990
İpsala,1990,5,-0.5131754015991129,-0.3791691773282729,1990
İpsala,1990,6,-0.6255886682359831,-0.49119164424582107,1990
İpsala,1990,7,-0.7202246894936792,-0.730932291651996,1990
İpsala,1990,8,-1.439040012525957,-1.3713800249749548,1990
İpsala,1990,9,-1.452817675690023,-1.0947095089210603,1990
İpsala,1990,10,-1.9458053238181374,-2.2180038989498856,1990
İpsala,1990,11,-1.920322828521913,-3.883735794211384,1990
İpsala,1990,12,-0.9335233958548608,-1.2009461243226744,1990
İpsala,1991,1,-0.8639575050073077,-1.1527744726247964,1990
İpsala,1991,2,-0.6495892435901323,-0.9141297006661102,1990
İpsala,1991,3,-0.4641829597682647,-0.580767083063501,1990
İpsala,1991,4,-0.24426790460784314,-0.27141865169865387,1990
İpsala,1991,5,-0.038569497066347457,-0.042194993207263574,1990
İpsala,1991,6,-0.17088582360685056,-0.3570182153023258,1990
İpsala,1991,7,-0.047044948532466574,-0.1905574910762187,1990
İpsala,1991,8,0.061396429483322315,-0.06211071750991598,1990
İpsala,1991,9,-0.2513397732098072,-0.2406866748312617,1990
İpsala,1991,10,-0.10046664048940925,-0.15476967236686315,1990
İpsala,1991,11,0.848776966224712,0.4937104636855053,1990
İpsala,1991,12,-0.5169864949411801,-0.6165408286095857,1990
İpsala,1992,1,-0.6558536556799774,-0.7543315054084574,1990
İpsala,1992,2,-0.8898546457351807,-0.9766090967191081,1990
İpsala,1992,3,-0.507136070664979,-0.537441802067739,1990
İpsala,1992,4,-0.6130527793471033,-0.6630915004172194,1990
İpsala,1992,5,-0.9847808446624133,-0.9430007007112446,1990
İpsala,1992,6,-0.6930399147289881,-0.45589382330901773,1990
İpsala,1992,7,-0.7918085317857682,-0.4617113803956627,1990
İpsala,1992,8,-0.776117316933297,-0.6328259352873906,1990
İpsala,1992,9,-0.839516954869907,-0.4055108482621944,1990
İpsala,1992,10,-1.2144329976984412,-0.8839022087253917,1990
İpsala,1992,11,-1.7335874633068624,-1.7158056985535532,1990
İpsala,1992,12,-2.047094069691462,-1.9475518902371607,1990
İpsala,1993,1,-1.9768590522965996,-1.9261630256225906,1990
İpsala,1993,2,-1.483041411286934,-1.5638403099395504,1990
İpsala,1993,3,-1.3421697413917748,-1.4578753714559725,1990
İpsala,1993,4,-1.781193224232843,-1.645695120000831,1990
İpsala,1993,5,-1.557654007053072,-1.4912322377772482,1990
İpsala,1993,6,-1.1471786234309436,-1.2275980181402755,1990
İpsala,1993,7,-1.2026550518188777,-1.2938573134379172,1990
İpsala,1993,8,-1.169293664552582,-1.2054015284385067,1990
İpsala,1993,9,-1.2615056081295815,-1.1657239397439483,1990
İpsala,1993,10,-1.7230203500386834,-2.284248864058879,1990
İpsala,1993,11,-1.5343754899391875,-1.6076511220681773,1990
İpsala,1993,12,-1.4258188476243947,-1.573193010582362,1990
İpsala,1994,1,-1.0866172191085928,-1.3362897980525936,1990
İpsala,1994,2,-1.1656102070754961,-1.4438529057383387,1990
İpsala,1994,3,-1.1734544977448982,-1.5217070268361215,1990
İpsala,1994,4,-0.8136261376151839,-1.2101441342272259,1990
İpsala,1994,5,-1.1625501163276706,-1.6248308586171527,1990
İpsala,1994,6,-1.8944447015024728,-2.2302433021553565,1990
İpsala,1994,7,-1.5679903104428299,-1.9397690670516212,1990
İpsala,1994,8,-1.4672822433330395,-1.83336375132165,1990
İpsala,1994,9,-1.6585933609156844,-2.980717337612864,1990
İpsala,1994,10,-0.8191701489103101,-1.315318509969419,1990
İpsala,1994,11,-0.9834803785324342,-1.5527067332482276,1990
İpsala,1994,12,-0.12205734839244355,-0.7162560904531398,1990
İpsala,1995,1,0.9997738676730884,0.5925423936577422,1990
İpsala,1995,2,1.3438518023345218,0.8915897259942688,1990
İpsala,1995,3,1.6538460997805853,1.2700126024547744,1990
İpsala,1995,4,1.5183792125685263,1.1841473061255972,1990
İpsala,1995,5,1.57472896544961,1.2614108277795109,1990
İpsala,1995,6,1.6488519933018266,1.1825018029274044,1990
İpsala,1995,7,1.667446168981978,1.2280485263712673,1990
İpsala,1995,8,1.5864564674441888,1.271179808747511,1990
İpsala,1995,9,2.27657418571339,1.06459748969382,1990
İpsala,1995,10,1.5428118516699207,0.8354698496403484,1990
İpsala,1995,11,2.2966174796755823,1.0771881775340628,1990
İpsala,1995,12,1.9396421843734735,1.7998757336357267,1990
İpsala,1996,1,0.7544100309909542,0.6818456352395438,1990
İpsala,1996,2,1.7160064546826113,1.7469774985334647,1990
İpsala,1996,3,1.2612996862564971,1.4343854182558797,1990
İpsala,1996,4,1.422582926279731,1.5430812100301718,1990
İpsala,1996,5,1.5082604146224834,1.5027160944279196,1990
İpsala,1996,6,1.3556698895108115,1.404850226502106,1990
İpsala,1996,7,1.2720789501164211,1.3131772204888343,1990
İpsala,1996,8,1.216190297064416,1.28180125065626,1990
İpsala,1996,9,1.0525968677001334,0.6951448634701209,1990
İpsala,1996,10,1.1404642283295707,0.7422089139747969,1990
İpsala,1996,11,0.43928745676356507,0.3593826656273725,1990
İpsala,1996,12,0.8065085520550337,0.8229471007774474,1990
İpsala,1997,1,0.966557837494775,0.906340785176872,1990
İpsala,1997,2,-0.462241029621942,-0.7223623012335086,1990
İpsala,1997,3,-0.04683776364244431,-0.3215572301586909,1990
İpsala,1997,4,0.2095166017745745,0.020995062638513962,1990
İpsala,1997,5,0.2099210170183556,0.1029581657932155,1990
İpsala,1997,6,0.5553935896921798,0.5042713126194859,1990
İpsala,1997,7,0.456908902857727,0.3964720089698541,1990
İpsala,1997,8,0.6502755768277023,0.7301210960096085,1990
İpsala,1997,9,0.25308683062586484,0.2926054730032042,1990
İpsala,1997,10,0.8585565378742012,0.6373550591932002,1990
İpsala,1997,11,0.6820835866292292,0.5617178799508343,1990
İpsala,1997,12,1.5846342412368508,1.7814099739192844,1990
İpsala,1998,1,1.8065391597037261,1.8947449514998227,1990
İpsala,1998,2,2.269882951869946,2.338728151563072,1990
İpsala,1998,3,1.8584914987693133,1.9745553821457533,1990
İpsala,1998,4,1.300667983179976,1.4444046781818982,1990
İpsala,1998,5,2.4828643929722274,2.3603556859188823,1990
İpsala,1998,6,2.2513406132710787,2.095058621394354,1990
İpsala,1998,7,2.3633756000797925,2.1696517824818202,1990
İpsala,1998,8,2.1794185375254767,1.99265129591541,1990
İpsala,1998,9,2.748275694881945,1.2307835979443436,1990
İpsala,1998,10,3.1102077966862485,1.297465462793745,1990
İpsala,1998,11,3.4499542612896867,1.3570916686471313,1990
İpsala,1998,12,3.0707691780112114,2.6040477106483877,1990
İpsala,1999,1,3.546556981122233,2.756037858258519,1990
İpsala,1999,2,3.182081940539983,2.7044315843299764,1990
İpsala,1999,3,3.0240422127990985,2.3980267620850935,1990
İpsala,1999,4,3.0582555066943744,2.414006947334129,1990
İpsala,1999,5,2.1109176956803353,1.7593635983810634,1990
İpsala,1999,6,2.309524956603709,1.857846983549403,1990
İpsala,1999,7,2.207260343245134,1.7866151695644614,1990
İpsala,1999,8,2.0286393045181597,1.7506455763211122,1990
İpsala,1999,9,1.8392083515884066,0.8683946129706825,1990
İpsala,1999,10,1.2136971001476085,0.6091120550748358,1990
İpsala,1999,11,1.1347565195116802,0.5660934095356913,1990
İpsala,1999,12,1.4979039882210454,1.1161045306272661,1990
İpsala,2000,1,0.6670594782620226,0.2589821731771645,2000
İpsala,2000,2,0.3962313640350086,-0.11365399108336685,2000
İpsala,2000,3,-0.05946306246335071,-0.5248951553619349,2000
İpsala,2000,4,-0.19934901245883954,-0.6792323292846926,2000
İpsala,2000,5,0.15001792218465662,-0.3183775436951579,2000
İpsala,2000,6,0.023814342315179794,-0.3259187258181246,2000
İpsala,2000,7,-0.013887397485192765,-0.3719438684702006,2000
İpsala,2000,8,0.00030721335299534034,-0.3178801043809782,2000
İpsala,2000,9,0.02719400587880015,-0.10465358902610632,2000
İpsala,2000,10,0.9120698152061347,0.49329828970904627,2000
İpsala,2000,11,-0.029674136636316465,-0.14675218914460858,2000
İpsala,2000,12,-0.6329640614275064,-1.057588011332235,2000
İpsala,2001,1,-0.00747258839841687,-0.5223232382408003,2000
İpsala,2001,2,-0.16189796265487927,-0.7224999434356247,2000
İpsala,2001,3,-0.5621102404054585,-1.239848116415038,2000
İpsala,2001,4,0.09999966368312967,-0.3290218961966765,2000
İpsala,2001,5,-0.06448452270477534,-0.4916513607682239,2000
İpsala,2001,6,-0.20717391535478344,-0.6142510289902949,2000
İpsala,2001,7,0.036832857388761776,-0.3974373445632372,2000
İpsala,2001,8,-0.01828605437492125,-0.5969972448078119,2000
İpsala,2001,9,0.06689040607748004,-0.3740020016457766,2000
İpsala,2001,10,-1.344512218113536,-4.75,2000
İpsala,2001,11,-0.5596622531583244,-1.0291437448695013,2000
İpsala,2001,12,0.3382688693407024,-0.254888939784224,2000
İpsala,2002,1,-0.2742215207275741,-0.8563929939885914,2000
İpsala,2002,2,-0.22526959304466243,-0.8853331202648532,2000
İpsala,2002,3,0.2027822834569144,-0.16843030916597548,2000
İpsala,2002,4,-0.47430719640439484,-0.8637067923108794,2000
İpsala,2002,5,-0.6868534987440468,-1.1197217869655933,2000
İpsala,2002,6,-0.6265081985006333,-1.155605747124984,2000
İpsala,2002,7,-0.7136687822078821,-1.2178186424100637,2000
İpsala,2002,8,-0.61063421133142,-0.9606703439558208,2000
İpsala,2002,9,-0.17272055656942067,-0.24845642496548082,2000
İpsala,2002,10,0.17313721379866084,0.04534391971301665,2000
İpsala,2002,11,0.8734518641396624,0.43830121083844265,2000
İpsala,2002,12,-0.1977560689460618,-0.6683936719436263,2000
İpsala,2003,1,0.6297843560318728,0.1738558092126388,2000
İpsala,2003,2,1.2209130640621908,1.0608352127527283,2000
İpsala,2003,3,0.5674773923328511,0.5592372366111668,2000
İpsala,2003,4,0.8817136842725277,0.9015621288989591,2000
İpsala,2003,5,1.1880266450479207,1.0654795579502914,2000
İpsala,2003,6,1.192446373826553,0.9823409928939753,2000
İpsala,2003,7,1.0411732245753684,0.8950558864459385,2000
İpsala,2003,8,0.9742674495322385,0.7373005417015606,2000
İpsala,2003,9,0.5018666303312915,0.21929497084651572,2000
İpsala,2003,10,1.1340670821402448,0.5726859475308484,2000
İpsala,2003,11,-0.20890987200303585,-0.23223127706528854,2000
İpsala,2003,12,-0.49249217591726285,-0.8919131221743425,2000
İpsala,2004,1,-0.5974713740925611,-0.9221056787101523,2000
İpsala,2004,2,-1.4053141013165975,-1.7514155206434638,2000
İpsala,2004,3,-0.4241543921978826,-0.9551675750381022,2000
İpsala,2004,4,-0.6298289772672383,-1.211558183364198,2000
İpsala,2004,5,-0.816374655776163,-1.166936043829883,2000
İpsala,2004,6,-0.8157779192429151,-0.9701775018107021,2000
İpsala,2004,7,-0.6068455580733342,-0.6521407141149838,2000
İpsala,2004,8,-0.6026889752788246,-0.4718460447542567,2000
İpsala,2004,9,-0.8326970328617086,-0.4633668853456579,2000
İpsala,2004,10,-2.177323602074009,-2.974784267987891,2000
İpsala,2004,11,-1.8682400241788992,-2.1544040921879075,2000
İpsala,2004,12,-1.4988612554842249,-1.5461009990144865,2000
İpsala,2005,1,-1.3790325839732043,-1.4904519810974923,2000
İpsala,2005,2,0.3257555671230362,0.2642253967821189,2000
İpsala,2005,3,-0.28539855323372393,-0.3174035707952114,2000
İpsala,2005,4,-0.4803548612476234,-0.5543028697134047,2000
İpsala,2005,5,-0.02273252857310861,-0.19135234395589193,2000
İpsala,2005,6,0.3358730354279606,0.29190444581537367,2000
İpsala,2005,7,0.42818322626658434,0.3260656740929452,2000
İpsala,2005,8,0.49149088888072223,0.2864641295514322,2000
İpsala,2005,9,0.610120779829574,0.28979709873088505,2000
İpsala,2005,10,0.7454932315482323,0.45680535815430984,2000
İpsala,2005,11,1.9267150909006694,0.9663583980194049,2000
İpsala,2005,12,2.1697655977497465,2.039990169304554,2000
İpsala,2006,1,1.901165232856881,1.8103345985162567,2000
İpsala,2006,2,1.0208875551158114,1.1044372670228961,2000
İpsala,2006,3,1.679450520754117,1.6345496065397014,2000
İpsala,2006,4,1.6305354983156086,1.558552742475865,2000
İpsala,2006,5,1.4529089409674696,1.4478466388708453,2000
İpsala,2006,6,1.333765716345902,1.2604658292702045,2000
İpsala,2006,7,1.2353723537290087,1.185291039093658,2000
İpsala,2006,8,1.1667574202106898,1.0955228643880586,2000
İpsala,2006,9,1.4911488252351637,0.8022756350906574,2000
İpsala,2006,10,1.9081335275101647,0.9564073711729619,2000
İpsala,2006,11,0.6085314463672494,0.39132947393478873,2000
İpsala,2006,12,0.24887611058668024,0.2043391148861464,2000
İpsala,2007,1,-0.3956488510297812,-0.6741065047272821,2000
İpsala,2007,2,-0.6747622311358541,-1.0531557179186553,2000
İpsala,2007,3,-1.2292057242673988,-1.5541224666676372,2000
İpsala,2007,4,-1.1372222472451656,-1.282555600378083,2000
İpsala,2007,5,-0.8698370940224426,-1.1341782089974908,2000
İpsala,2007,6,-0.9852356227928795,-1.4387049388890099,2000
İpsala,2007,7,-1.374998695906773,-1.9081751384467052,2000
İpsala,2007,8,-1.3076217588288106,-1.794371347449644,2000
İpsala,2007,9,-1.763957260349014,-2.933266003334582,2000
İpsala,2007,10,-1.796098463003184,-4.75,2000
İpsala,2007,11,-0.6422749734244944,-0.9954901469620592,2000
İpsala,2007,12,-0.5073933149936221,-1.204484977027642,2000
İpsala,2008,1,-0.462402956962587,-1.0109421971586268,2000
İpsala,2008,2,-0.5870007059170578,-1.0901083596059828,2000
İpsala,2008,3,-0.556683466175911,-1.1070246575721108,2000
İpsala,2008,4,-0.3071512240479705,-0.8734470583644981,2000
İpsala,2008,5,-0.6786120467579396,-1.1618511647924712,2000
İpsala,2008,6,-0.5587919201879389,-0.958349654775555,2000
İpsala,2008,7,-0.4789748670187132,-0.7198777741737711,2000
İpsala,2008,8,-0.4794402722919054,-0.7425464518013701,2000
İpsala,2008,9,-0.5221505463555902,-0.5455579203856532,2000
İpsala,2008,10,-1.2856866787696162,-1.5759453280511775,2000
İpsala,2008,11,-2.244336271579798,-4.75,2000
İpsala,2008,12,-3.1322896565350176,-2.933944145788304,2000
İpsala,2009,1,-2.089398580457327,-2.4482042665056243,2000
İpsala,2009,2,-1.2930440249490918,-1.8849050210316811,2000
İpsala,2009,3,-0.6275681052114408,-1.1382195042055359,2000
İpsala,2009,4,-0.6884395348244232,-1.0394521890728528,2000
İpsala,2009,5,-0.778183123055011,-1.1665613960780226,2000
İpsala,2009,6,-0.998823784805608,-1.36189982857425,2000
İpsala,2009,7,-1.1176495695275177,-1.5094572854685069,2000
İpsala,2009,8,-1.1558200901420435,-1.4039787937545396,2000
İpsala,2009,9,0.22531857600922145,0.029687054482354872,2000
İpsala,2009,10,0.831259613652534,0.4049953139832635,2000
İpsala,2009,11,0.9777030645705512,0.49145942769619183,2000
İpsala,2009,12,2.105696340095628,1.7608966463970803,2000
İpsala,2010,1,1.7418224830139095,1.3985712741753715,2010
İpsala,2010,2,2.816495670065003,2.3504798518748986,2010
İpsala,2010,3,2.194217443644469,1.8343679303203335,2010
İpsala,2010,4,2.153996454614704,1.7598146450629713,2010
İpsala,2010,5,2.2248170789514514,1.8068044326639674,2010
İpsala,2010,6,2.5660970414392237,1.986128140095862,2010
İpsala,2010,7,2.7490832839459225,2.1616320972989054,2010
İpsala,2010,8,2.616291819669429,2.0469691581260605,2010
İpsala,2010,9,1.9143093865474226,0.7939897258700411,2010
İpsala,2010,10,2.48240634743563,1.0496655530864263,2010
İpsala,2010,11,2.628144445787085,1.0514347719230968,2010
İpsala,2010,12,1.8683324164442012,1.34153995603299,2010
İpsala,2011,1,1.4716903830289725,0.8860154614991328,2010
İpsala,2011,2,-0.339369993357008,-1.0467046226438266,2010
İpsala,2011,3,-0.7641237635281302,-1.4119733465121544,2010
İpsala,2011,4,-0.9079782806806652,-1.3461357373454343,2010
İpsala,2011,5,-1.0998249635404629,-1.4237387261711911,2010
İpsala,2011,6,-1.9112321299047872,-2.158236340774238,2010
İpsala,2011,7,-2.2704349974832096,-2.382811455809483,2010
İpsala,2011,8,-2.0821853786676137,-1.9760435953134605,2010
İpsala,2011,9,-2.334440184989614,-4.75,2010
İpsala,2011,10,-2.945652993120829,-4.75,2010
İpsala,2011,11,-3.938744122411706,-4.75,2010
İpsala,2011,12,-2.427318982990817,-2.1918424373521894,2010
İpsala,2012,1,-2.002885885949035,-1.9095090147518248,2010
İpsala,2012,2,-1.3272363454609593,-1.3542106445368975,2010
İpsala,2012,3,-0.9665953082159318,-1.0036546105786084,2010
İpsala,2012,4,-0.6369054635694225,-0.7952089744309951,2010
İpsala,2012,5,0.9301027305738702,0.8318924494645062,2010
İpsala,2012,6,0.9527123490153369,0.7408136235587702,2010
İpsala,2012,7,0.9505056934978112,0.5931367365576686,2010
İpsala,2012,8,0.8632782148709556,0.42012755035329064,2010
İpsala,2012,9,0.7184966883931148,0.21935911043942502,2010
İpsala,2012,10,-0.04683607379109387,-0.5781321464801639,2010
İpsala,2012,11,0.7759139185135816,0.06111123322092305,2010
İpsala,2012,12,1.6150621821276088,0.8681644483396463,2010
İpsala,2013,1,2.5007087613667927,1.6266255057300874,2010
İpsala,2013,2,2.601394988418799,1.7469707941700194,2010
İpsala,2013,3,2.502752166689095,1.676488310405413,2010
İpsala,2013,4,2.3128460134536497,1.5176602967166084,2010
İpsala,2013,5,1.3006269451681645,0.2715395038367038,2010
İpsala,2013,6,2.399205726846194,1.5198112173183365,2010
İpsala,2013,7,2.4087356944733016,1.6473246826801913,2010
İpsala,2013,8,2.3000390864398694,1.6332669496378727,2010
İpsala,2013,9,2.5087168863330938,0.9866405119418535,2010
İpsala,2013,10,2.8762069327801405,1.1644973669974328,2010
İpsala,2013,11,3.4696877277317197,1.3041982480216845,2010
İpsala,2013,12,2.2935542107560014,1.77354512504359,2010
İpsala,2014,1,2.044798611861289,1.4484946848033509,2010
İpsala,2014,2,1.2637512655241094,0.6736137825350177,2010
İpsala,2014,3,1.217990544851947,0.7214496964587563,2010
İpsala,2014,4,1.4848174313420395,0.9990451532679453,2010
İpsala,2014,5,1.8386242071652568,1.433466621279078,2010
İpsala,2014,6,1.2168900439309143,0.868051576202419,2010
İpsala,2014,7,1.9203560219843099,1.4890293114092668,2010
İpsala,2014,8,2.1392316946126626,1.7875044837309726,2010
İpsala,2014,9,2.420978525082902,1.0827887940745786,2010
İpsala,2014,10,2.427004717358138,1.069549919008461,2010
İpsala,2014,11,1.559935767341208,0.7596786569035144,2010
İpsala,2014,12,2.5058896670400146,2.075860205155525,2010
İpsala,2015,1,2.329438732510037,1.8969051058523947,2010
İpsala,2015,2,2.594097209631051,2.261391395014294,2010
İpsala,2015,3,2.219507167831432,1.9615871783877845,2010
İpsala,2015,4,1.9535822644704213,1.8113795464083164,2010
İpsala,2015,5,1.5483420878947969,1.438102119552684,2010
İpsala,2015,6,1.421031328320042,1.3535936751051127,2010
İpsala,2015,7,0.6643328501841602,0.6356372407976548,2010
İpsala,2015,8,0.4506819213517963,0.3296532734441151,2010
İpsala,2015,9,0.6692732515081626,0.306558981579504,2010
İpsala,2015,10,1.0690301514352234,0.5341803734461148,2010
İpsala,2015,11,0.6388503585792078,0.2518569627234796,2010
İpsala,2015,12,-0.3021561394722097,-0.8130697828885756,2010
İpsala,2016,1,-0.212029623053447,-0.6995037291372015,2010
İpsala,2016,2,0.1716769719432374,-0.4210667596319891,2010
İpsala,2016,3,-0.22047903083965587,-0.837428504216848,2010
İpsala,2016,4,-0.4959312526483381,-1.2520364029286322,2010
İpsala,2016,5,-0.038569497066347457,-0.6047135326973195,2010
İpsala,2016,6,-0.3259630686583219,-1.1033168346269866,2010
İpsala,2016,7,-0.2457287966953929,-1.0090946318500766,2010
İpsala,2016,8,-0.434555681566679,-1.160569578136136,2010
İpsala,2016,9,-0.988277407293421,-1.506032377147454,2010
İpsala,2016,10,-2.458156004050889,-4.75,2010
İpsala,2016,11,-2.050595322546537,-4.75,2010
İpsala,2016,12,-2.3180211673890607,-2.53389572470461,2010
İpsala,2017,1,-2.774495359949386,-2.818002716620455,2010
İpsala,2017,2,-3.7609094965798016,-3.1781202212696895,2010
İpsala,2017,3,-3.298968902009162,-3.312333286770112,2010
İpsala,2017,4,-2.8316398235563707,-2.6025447171859666,2010
İpsala,2017,5,-3.2617167858885674,-2.782324329848624,2010
İpsala,2017,6,-3.320565273847328,-3.083887635877668,2010
İpsala,2017,7,-3.3102068674187004,-2.827777684764087,2010
İpsala,2017,8,-3.0205036850257363,-2.5281262397322033,2010
İpsala,2017,9,-3.188031396412667,-4.75,2010
İpsala,2017,10,-2.0164818929386,-4.75,2010
İpsala,2017,11,-2.6038048735273787,-4.75,2010
İpsala,2017,12,-2.413737215930802,-2.4809737724730314,2010
İpsala,2018,1,-2.883578254113097,-2.873719912618726,2010
İpsala,2018,2,-2.1094281612192964,-2.278271807069033,2010
İpsala,2018,3,-1.409679624490279,-1.7948703548003242,2010
İpsala,2018,4,-1.7377444045509784,-2.0844304930592457,2010
İpsala,2018,5,-1.9998394971222795,-2.361385839715493,2010
İpsala,2018,6,-1.7497454160878765,-2.33185169929275,2010
İpsala,2018,7,-1.7735933568643767,-2.29706774940862,2010
İpsala,2018,8,-1.581581158167483,-2.0948373975479333,2010
İpsala,2018,9,-1.4795299465942586,-2.6211833986535824,2010
İpsala,2018,10,-2.618344689117181,-4.75,2010
İpsala,2018,11,-1.9272985301811654,-4.75,2010
İpsala,2018,12,-2.053555321780244,-2.4792050656430713,2010
İpsala,2019,1,-1.9846579717792587,-2.482552291996209,2010
İpsala,2019,2,-1.9461646893562095,-2.390896238106124,2010
İpsala,2019,3,-2.1862190136443207,-2.682907957844996,2010
İpsala,2019,4,-1.6227211320335737,-1.8805758265484913,2010
İpsala,2019,5,-1.334220392962615,-1.5159978342599219,2010
İpsala,2019,6,-1.5119396597525228,-1.8455528011839681,2010
İpsala,2019,7,-1.2663728047115437,-1.4818303695518726,2010
İpsala,2019,8,-1.3650208331797682,-1.534995427415819,2010
İpsala,2019,9,-1.6289561247064732,-1.7805350177378323,2010
İpsala,2019,10,-1.521699625007467,-2.091485834587676,2010
İpsala,2019,11,-1.6605626635956003,-4.75,2010
İpsala,2019,12,-1.9025206372374963,-2.295574590538557,2010
İpsala,2020,1,-2.0867627363561674,-2.4578425790671425,2020
İpsala,2020,2,-2.0010094078687786,-2.389228971083881,2020
İpsala,2020,3,-1.6102522832456736,-2.2152941410833216,2020
İpsala,2020,4,-1.029083676917963,-1.5349827901267354,2020
İpsala,2020,5,-0.8641891440587015,-1.3465650711665789,2020
İpsala,2020,6,-1.039755536410324,-1.3734341387940432,2020
İpsala,2020,7,-1.4519216642495487,-1.7711646177213638,2020
İpsala,2020,8,-1.3313084290034074,-1.6335896923150883,2020
İpsala,2020,9,-1.5397589987922469,-2.131590398922043,2020
İpsala,2020,10,-1.650700504730468,-4.75,2020
İpsala,2020,11,-1.8532703326735147,-4.75,2020
İpsala,2020,12,-2.1708169727419544,-2.3972028151659073,2020
İpsala,2021,1,-0.8108892413675484,-1.4903615611809524,2020
İpsala,2021,2,-0.7954320969706407,-1.4789686716893113,2020
İpsala,2021,3,-0.3834726463333809,-0.8976806998928909,2020
İpsala,2021,4,-0.9990586456502765,-1.451637176241455,2020
İpsala,2021,5,-1.2338528855650632,-1.7120156391429044,2020
İpsala,2021,6,-1.029986991280978,-1.5838390218435183,2020
İpsala,2021,7,-1.0504194457942442,-1.6219877603169222,2020
İpsala,2021,8,-0.9106751077650733,-1.4851957960375706,2020
İpsala,2021,9,-1.0022324315021456,-1.2239543494950187,2020
İpsala,2021,10,-1.1396165818511168,-1.351361173931957,2020
İpsala,2021,11,-0.276654273246864,-0.38211705300399895,2020
İpsala,2021,12,0.5428362536105946,0.18194681348984246,2020
İpsala,2022,1,-1.0506374129986247,-1.353767145433655,2020
İpsala,2022,2,-0.1303927681122266,-0.43094881947718217,2020
İpsala,2022,3,-0.436583057061025,-0.6327115702276488,2020
İpsala,2022,4,-0.2501124539523961,-0.5157692512166707,2020
İpsala,2022,5,-0.5301659076132128,-0.8025334636471173,2020
İpsala,2022,6,-0.7677308662293607,-1.1447064783400749,2020
İpsala,2022,7,-0.6345540792269532,-0.8505740652878686,2020
İpsala,2022,8,-0.5159144651229416,-0.6916502232307674,2020
İpsala,2022,9,-0.5933476714150199,-0.5196460656711677,2020
İpsala,2022,10,-1.0466344917291714,-1.1658323077286967,2020
İpsala,2022,11,-1.689676926551782,-3.5982108519239397,2020
İpsala,2022,12,-3.4391519337643737,-2.979694805418763,2020
İpsala,2023,1,-3.161404561572756,-3.017553465354202,2020
İpsala,2023,2,-4.562869461390714,-3.4775303679412293,2020
İpsala,2023,3,-3.7205414642074843,-3.668543850575037,2020
İpsala,2023,4,-3.2549528180867107,-2.971425306334213,2020
İpsala,2023,5,-2.925413909576635,-2.6180917912938995,2020
İpsala,2023,6,-3.0727141078562785,-2.8968328313559075,2020
İpsala,2023,7,-3.2930566365648772,-2.998944150509073,2020
İpsala,2023,8,-3.5086238523520343,-2.9954693383366204,2020
İpsala,2023,9,-3.734223201104932,-4.75,2020
İpsala,2023,10,-3.9907555542241746,-4.75,2020
İpsala,2023,11,-1.4277466575047164,-4.75,2020
İpsala,2023,12,-1.446107059721474,-2.1781331769302397,2020
İpsala,2024,1,-1.4116390800602956,-2.1548829081989185,2020
İpsala,2024,2,-0.7677491119931653,-1.688980684781959,2020
İpsala,2024,3,-0.508931579076801,-1.3880326305290134,2020
İpsala,2024,4,-0.8300155211060743,-1.7388134382920881,2020
İpsala,2024,5,-1.1507427050155965,-1.9983135461999184,2020
İpsala,2024,6,-1.2503275804114664,-2.5299807867195687,2020
İpsala,2024,7,-1.2867305687582045,-2.584820201508173,2020
İpsala,2024,8,-1.0547306957198272,-2.260940828840738,2020
İpsala,2024,9,-0.662407386191275,-2.3094977703415474,2020
İpsala,2024,10,-0.8140802791419433,-4.75,2020
İpsala,2024,11,-2.8979840352594852,-4.75,2020
İpsala,2024,12,-2.3569663628761712,-3.1480902415094625,2020
