name,year,month,SPI12,SPEI12,SPEI12_ou,dekad
Edirne,1965,12,0.127,0.456,0.47958860016925187,1960
Edirne,1966,1,0.715,1.045,1.0623523652541655,1960
Edirne,1966,2,0.027,0.216,0.22254830720189073,1960
Edirne,1966,3,0.039,0.273,0.2620878652362059,1960
Edirne,1966,4,0.122,0.221,0.2141942225493013,1960
Edirne,1966,5,-0.026,0.03,-0.002352353763338797,1960
Edirne,1966,6,0.178,0.447,0.3365899284043871,1960
Edirne,1966,7,0.339,0.571,0.47093903575332685,1960
Edirne,1966,8,0.321,0.378,0.33313849994178113,1960
Edirne,1966,9,0.549,0.684,0.6042515105641462,1960
Edirne,1966,10,1.16,1.091,1.085117156057564,1960
Edirne,1966,11,1.843,1.731,1.7238874323200242,1960
Edirne,1966,12,1.928,1.73,1.707643116565062,1960
Edirne,1967,1,1.898,1.731,1.7203646423759145,1960
Edirne,1967,2,1.764,1.719,1.702470528709056,1960
Edirne,1967,3,1.579,1.541,1.5347214652574757,1960
Edirne,1967,4,1.531,1.551,1.5521633189220818,1960
Edirne,1967,5,1.542,1.505,1.540811105142462,1960
Edirne,1967,6,1.804,1.678,1.7125675355299588,1960
Edirne,1967,7,1.869,1.751,1.7839273742064767,1960
Edirne,1967,8,1.729,1.726,1.744966743393477,1960
Edirne,1967,9,1.805,1.739,1.7745694184676488,1960
Edirne,1967,10,1.513,1.605,1.6225314720405783,1960
Edirne,1967,11,0.217,0.428,0.4412622926663526,1960
Edirne,1967,12,-0.385,-0.075,-0.07514382578785792,1960
Edirne,1968,1,-0.173,0.149,0.14643033239673883,1960
Edirne,1968,2,0.099,0.333,0.33239107156056336,1960
Edirne,1968,3,-0.029,0.269,0.2524398646251454,1960
Edirne,1968,4,-0.334,-0.159,-0.17618600414631566,1960
Edirne,1968,5,-0.722,-0.781,-0.7512055845521578,1960
Edirne,1968,6,-1.036,-1.217,-1.1556327904474282,1960
Edirne,1968,7,-1.382,-1.536,-1.499511739642772,1960
Edirne,1968,8,-0.833,-0.922,-0.9117743944333433,1960
Edirne,1968,9,-0.756,-0.809,-0.8156832833761423,1960
Edirne,1968,10,-1.013,-0.958,-1.0207789814196961,1960
Edirne,1968,11,-0.778,-0.799,-0.8426223920586154,1960
Edirne,1968,12,-0.491,-0.466,-0.5158044282336477,1960
Edirne,1969,1,-0.997,-1.025,-1.0527718937648256,1960
Edirne,1969,2,-0.404,-0.381,-0.38524967072004856,1960
Edirne,1969,3,-0.152,-0.007,-0.0009339271730508771,1960
Edirne,1969,4,0.312,0.594,0.5801200440391698,1960
Edirne,1969,5,0.373,0.673,0.6506675606388237,1960
Edirne,1969,6,0.284,0.609,0.5878429081850987,1960
Edirne,1969,7,0.361,0.775,0.7145571383736884,1960
Edirne,1969,8,0.215,0.573,0.5277248166333923,1960
Edirne,1969,9,-0.04,0.275,0.25703316580692936,1960
Edirne,1969,10,-0.116,0.136,0.13985810389784417,1960
Edirne,1969,11,-0.331,-0.133,-0.13484133642166643,1960
Edirne,1969,12,0.096,0.311,0.34675293054698675,1960
Edirne,1970,1,-0.205,-0.064,-0.06559695826231444,1970
Edirne,1970,2,-0.398,-0.301,-0.30960171619745275,1970
Edirne,1970,3,-0.155,-0.075,-0.0655308165243574,1970
Edirne,1970,4,0.043,-0.052,0.0024959135376161515,1970
Edirne,1970,5,0.35,0.447,0.43916842292285263,1970
Edirne,1970,6,0.38,0.579,0.5374097731736391,1970
Edirne,1970,7,0.53,0.522,0.5609487836371266,1970
Edirne,1970,8,0.208,0.135,0.1827891276447549,1970
Edirne,1970,9,0.148,0.139,0.16137932388028478,1970
Edirne,1970,10,0.484,0.515,0.5166985414415108,1970
Edirne,1970,11,0.747,0.812,0.7912221779882073,1970
Edirne,1970,12,-0.126,0.019,-0.0482664514087272,1970
Edirne,1971,1,0.01,0.153,0.09877395211724108,1970
Edirne,1971,2,-0.123,0.027,-0.02960282943850421,1970
Edirne,1971,3,0.207,0.446,0.41243245921116145,1970
Edirne,1971,4,0.091,0.42,0.3661911006614527,1970
Edirne,1971,5,-0.088,0.037,0.04909218922818311,1970
Edirne,1971,6,0.529,0.71,0.7271374415117434,1970
Edirne,1971,7,0.727,0.982,0.9642206791762117,1970
Edirne,1971,8,0.716,0.966,0.9498010390132585,1970
Edirne,1971,9,1.315,1.493,1.4730997559941634,1970
Edirne,1971,10,1.24,1.449,1.433384719151891,1970
Edirne,1971,11,1.097,1.34,1.3277232797663039,1970
Edirne,1971,12,1.291,1.475,1.4703511785118708,1970
Edirne,1972,1,0.945,1.284,1.2598605850712827,1970
Edirne,1972,2,0.767,1.129,1.0959935129486666,1970
Edirne,1972,3,-0.047,0.406,0.3406651192797474,1970
Edirne,1972,4,-0.25,0.046,-0.004270015633974425,1970
Edirne,1972,5,-0.047,0.271,0.20781033056299067,1970
Edirne,1972,6,-0.846,-0.624,-0.6876673130972821,1970
Edirne,1972,7,-1.181,-1.08,-1.112715644652022,1970
Edirne,1972,8,-0.587,-0.524,-0.5347429686715944,1970
Edirne,1972,9,-0.719,-0.627,-0.6558679736964819,1970
Edirne,1972,10,0.245,0.309,0.31475178293998085,1970
Edirne,1972,11,0.074,0.108,0.09575392705465903,1970
Edirne,1972,12,-0.273,-0.156,-0.19317870780012328,1970
Edirne,1973,1,0.258,0.425,0.4048151542213433,1970
Edirne,1973,2,0.653,0.749,0.7542243220494461,1970
Edirne,1973,3,1.138,1.208,1.2227004557371381,1970
Edirne,1973,4,1.197,1.327,1.3316318821717825,1970
Edirne,1973,5,0.972,1.111,1.1318647382161626,1970
Edirne,1973,6,1.205,1.424,1.3990401508798884,1970
Edirne,1973,7,1.113,1.348,1.3273500429002103,1970
Edirne,1973,8,0.687,1.095,1.0280822673234777,1970
Edirne,1973,9,0.116,0.482,0.45015066218198624,1970
Edirne,1973,10,-0.71,-0.437,-0.44677951731423554,1970
Edirne,1973,11,-0.699,-0.405,-0.44322211130210626,1970
Edirne,1973,12,-0.29,0.074,0.05311814274756591,1970
Edirne,1974,1,-0.941,-0.582,-0.6319693437522932,1970
Edirne,1974,2,-1.245,-0.881,-0.9452433261842124,1970
Edirne,1974,3,-1.465,-1.126,-1.2002622016785542,1970
Edirne,1974,4,-1.762,-1.312,-1.4162239387747755,1970
Edirne,1974,5,-1.151,-0.565,-0.691446434357109,1970
Edirne,1974,6,-1.16,-0.571,-0.6970864020434973,1970
Edirne,1974,7,-1.184,-0.524,-0.67831551511561,1970
Edirne,1974,8,-1.115,-0.576,-0.6895415540011344,1970
Edirne,1974,9,-1.038,-0.494,-0.6009666142977178,1970
Edirne,1974,10,-1.075,-0.644,-0.6986083089257288,1970
Edirne,1974,11,-0.39,-0.111,-0.1258974263088895,1970
Edirne,1974,12,-0.626,-0.259,-0.282135005334652,1970
Edirne,1975,1,-0.341,0.019,0.0005548511487780319,1970
Edirne,1975,2,-0.603,-0.219,-0.2578226815532002,1970
Edirne,1975,3,-0.73,-0.406,-0.43070026647738746,1970
Edirne,1975,4,-0.196,-0.007,0.014699540963522844,1970
Edirne,1975,5,-0.022,0.032,0.0922078578462155,1970
Edirne,1975,6,0.333,0.427,0.4853557548966872,1970
Edirne,1975,7,0.28,0.26,0.3556758867722284,1970
Edirne,1975,8,1.012,1.041,1.096125965574711,1970
Edirne,1975,9,0.922,0.909,0.9872035253925787,1970
Edirne,1975,10,1.419,1.46,1.4703613917066698,1970
Edirne,1975,11,1.219,1.325,1.3275443852251512,1970
Edirne,1975,12,1.332,1.408,1.4064291605102683,1970
Edirne,1976,1,1.121,1.254,1.2580219817978229,1970
Edirne,1976,2,1.08,1.219,1.2278904128543628,1970
Edirne,1976,3,0.923,1.171,1.1710007434922178,1970
Edirne,1976,4,0.496,0.838,0.8404022338071805,1970
Edirne,1976,5,0.054,0.42,0.42852216003372795,1970
Edirne,1976,6,-0.491,0.012,-0.014283560418276988,1970
Edirne,1976,7,-0.375,0.171,0.13157462807084985,1970
Edirne,1976,8,-0.992,-0.373,-0.4532175036793472,1970
Edirne,1976,9,-0.95,-0.197,-0.30927144328303124,1970
Edirne,1976,10,-1.473,-0.686,-0.7908335784513445,1970
Edirne,1976,11,-1.521,-0.889,-0.9337447025616472,1970
Edirne,1976,12,-1.337,-0.705,-0.733587841271559,1970
Edirne,1977,1,-1.136,-0.53,-0.5611537327631587,1970
Edirne,1977,2,-0.528,-0.138,-0.12481232992359587,1970
Edirne,1977,3,-0.348,0.02,0.03375373369005265,1970
Edirne,1977,4,-0.115,0.277,0.2611277980574634,1970
Edirne,1977,5,-0.137,0.191,0.16910934525652302,1970
Edirne,1977,6,0.071,0.423,0.3916221508807826,1970
Edirne,1977,7,0.27,0.521,0.5167678565991825,1970
Edirne,1977,8,-0.016,0.007,0.06683536311059403,1970
Edirne,1977,9,0.576,0.624,0.6774214397908144,1970
Edirne,1977,10,0.22,0.348,0.33802463752697903,1970
Edirne,1977,11,0.191,0.291,0.262909314603511,1970
Edirne,1977,12,-0.125,0.082,0.022654830111234824,1970
Edirne,1978,1,-0.266,-0.051,-0.11978712042521635,1970
Edirne,1978,2,-0.346,-0.071,-0.1582813863368085,1970
Edirne,1978,3,-0.144,0.158,0.10347896037554585,1970
Edirne,1978,4,-0.118,0.189,0.14424479457031766,1970
Edirne,1978,5,0.07,0.384,0.3539461955151114,1970
Edirne,1978,6,-0.139,0.224,0.18844739419040554,1970
Edirne,1978,7,-0.48,-0.124,-0.16977605113084673,1970
Edirne,1978,8,-0.429,-0.014,-0.08846559083778088,1970
Edirne,1978,9,-0.231,0.213,0.15340546124928728,1970
Edirne,1978,10,-0.115,0.197,0.19923316632504026,1970
Edirne,1978,11,-0.272,0.098,0.044440701895760555,1970
Edirne,1978,12,-0.359,0.064,0.022197908671498297,1970
Edirne,1979,1,0.205,0.64,0.6096953791632652,1970
Edirne,1979,2,0.313,0.723,0.685419286349381,1970
Edirne,1979,3,-0.155,0.276,0.22079785710086533,1970
Edirne,1979,4,-0.43,0.004,-0.08787148781061314,1970
Edirne,1979,5,-0.578,-0.243,-0.3287455463989088,1970
Edirne,1979,6,-0.832,-0.567,-0.6394736203459862,1970
Edirne,1979,7,-0.156,0.197,0.11157000226449588,1970
Edirne,1979,8,-0.074,0.199,0.13082773553127075,1970
Edirne,1979,9,-1.059,-0.843,-0.9236450542627559,1970
Edirne,1979,10,-0.574,-0.334,-0.42851555756002174,1970
Edirne,1979,11,0.18,0.313,0.26585058106016884,1970
Edirne,1979,12,0.536,0.715,0.6782216128587408,1970
Edirne,1980,1,0.3,0.546,0.5002885701965428,1980
Edirne,1980,2,0.013,0.291,0.23639609298481207,1980
Edirne,1980,3,0.196,0.613,0.5622235574254218,1980
Edirne,1980,4,0.605,0.957,0.9346790589015147,1980
Edirne,1980,5,0.914,1.256,1.2359440322752353,1980
Edirne,1980,6,1.175,1.549,1.4995089468294733,1980
Edirne,1980,7,0.678,1.083,1.0645773733293664,1980
Edirne,1980,8,0.83,1.247,1.2159636105273213,1980
Edirne,1980,9,0.884,1.336,1.2916915250064642,1980
Edirne,1980,10,0.306,0.708,0.7272073999782848,1980
Edirne,1980,11,-0.082,0.29,0.30084214157134165,1980
Edirne,1980,12,0.4,0.818,0.8452898640333559,1980
Edirne,1981,1,0.996,1.345,1.3723053003501948,1980
Edirne,1981,2,1.044,1.344,1.3676757411840967,1980
Edirne,1981,3,1.27,1.427,1.4545361405242565,1980
Edirne,1981,4,0.804,1.073,1.0957250541821868,1980
Edirne,1981,5,0.52,0.849,0.8491719685390663,1980
Edirne,1981,6,0.306,0.557,0.5899574951778803,1980
Edirne,1981,7,0.373,0.635,0.6522164914990028,1980
Edirne,1981,8,0.235,0.433,0.46212478443628285,1980
Edirne,1981,9,0.188,0.322,0.37828096387903065,1980
Edirne,1981,10,0.453,0.556,0.6115708380700751,1980
Edirne,1981,11,0.646,0.819,0.823083080360001,1980
Edirne,1981,12,0.295,0.509,0.5120426194625366,1980
Edirne,1982,1,-0.801,-0.621,-0.6606973516090644,1980
Edirne,1982,2,-0.65,-0.448,-0.4758170271671924,1980
Edirne,1982,3,-0.656,-0.305,-0.343360711994862,1980
Edirne,1982,4,-0.03,0.366,0.34673257153842774,1980
Edirne,1982,5,-0.144,0.119,0.1415216756658215,1980
Edirne,1982,6,-0.029,0.411,0.38376078676046843,1980
Edirne,1982,7,-0.11,0.329,0.29869854860964606,1980
Edirne,1982,8,-0.101,0.316,0.28526327236153304,1980
Edirne,1982,9,-0.16,0.187,0.20047517780906016,1980
Edirne,1982,10,-0.226,0.149,0.14297161266270833,1980
Edirne,1982,11,-0.529,-0.23,-0.23619365837364134,1980
Edirne,1982,12,-0.489,-0.112,-0.107526112167126,1980
Edirne,1983,1,-0.686,-0.351,-0.34877583073803387,1980
Edirne,1983,2,-0.834,-0.565,-0.5671960667551968,1980
Edirne,1983,3,-1.292,-1.08,-1.0778037223605232,1980
Edirne,1983,4,-1.974,-1.893,-1.8628092856173377,1980
Edirne,1983,5,-2.091,-1.954,-1.9132795553511013,1980
Edirne,1983,6,-1.049,-0.95,-0.8876199901474535,1980
Edirne,1983,7,-0.934,-0.901,-0.8173276545692133,1980
Edirne,1983,8,-0.9,-0.792,-0.7426032153951204,1980
Edirne,1983,9,-0.054,0.128,0.18401788467605773,1980
Edirne,1983,10,-0.217,0.044,0.05400361553877128,1980
Edirne,1983,11,-0.337,-0.093,-0.10499978973701997,1980
Edirne,1983,12,-0.845,-0.424,-0.4890424977014301,1980
Edirne,1984,1,-0.253,0.144,0.10579229894311196,1980
Edirne,1984,2,-0.036,0.327,0.2944771595468469,1980
Edirne,1984,3,0.893,1.215,1.2002172348181568,1980
Edirne,1984,4,1.128,1.485,1.4504004826541714,1980
Edirne,1984,5,1.376,1.695,1.6522200292190197,1980
Edirne,1984,6,0.572,1.098,1.0308084547500718,1980
Edirne,1984,7,0.757,1.274,1.197778461309034,1980
Edirne,1984,8,0.864,1.392,1.2994007499681357,1980
Edirne,1984,9,0.112,0.692,0.6027361681887224,1980
Edirne,1984,10,-0.023,0.387,0.3650744270753088,1980
Edirne,1984,11,0.697,0.995,1.0005347483042615,1980
Edirne,1984,12,0.56,0.912,0.915065827269586,1980
Edirne,1985,1,0.343,0.799,0.7828687019206813,1980
Edirne,1985,2,0.614,1.044,1.0610246234838432,1980
Edirne,1985,3,-0.32,0.229,0.2281909607149559,1980
Edirne,1985,4,-0.38,0.018,0.045502055266327834,1980
Edirne,1985,5,-0.8,-0.513,-0.4674678151353896,1980
Edirne,1985,6,-0.505,-0.162,-0.11363080278581603,1980
Edirne,1985,7,-0.825,-0.533,-0.48677295003639304,1980
Edirne,1985,8,-0.856,-0.798,-0.6731752064527848,1980
Edirne,1985,9,-0.835,-0.662,-0.578634988413879,1980
Edirne,1985,10,-0.714,-0.353,-0.35755933794320516,1980
Edirne,1985,11,-0.968,-0.654,-0.664425819160265,1980
Edirne,1985,12,-1.125,-0.792,-0.7884379543627117,1980
Edirne,1986,1,-0.997,-0.791,-0.7575881179347137,1980
Edirne,1986,2,-0.713,-0.55,-0.5583252264011046,1980
Edirne,1986,3,-0.731,-0.538,-0.550240514655846,1980
Edirne,1986,4,-1.039,-0.94,-0.9495284246349305,1980
Edirne,1986,5,-0.948,-0.698,-0.7526485459120971,1980
Edirne,1986,6,-1.228,-1.063,-1.091896499160182,1980
Edirne,1986,7,-1.133,-0.965,-0.996134325038065,1980
Edirne,1986,8,-1.271,-1.138,-1.156579262026963,1980
Edirne,1986,9,-1.365,-1.258,-1.2667623642149106,1980
Edirne,1986,10,-0.913,-0.919,-0.8800147575416183,1980
Edirne,1986,11,-1.324,-1.169,-1.1921939844007827,1980
Edirne,1986,12,-1.134,-0.917,-0.970256609253159,1980
Edirne,1987,1,-1.327,-1.083,-1.1584562514664727,1980
Edirne,1987,2,-2.13,-1.841,-1.915372877502961,1980
Edirne,1987,3,-1.862,-1.567,-1.637210891577121,1980
Edirne,1987,4,-1.118,-0.609,-0.6938300135933695,1980
Edirne,1987,5,-1.176,-0.608,-0.6926018532359944,1980
Edirne,1987,6,-1.07,-0.465,-0.5446321960699783,1980
Edirne,1987,7,-1.174,-0.711,-0.7369053449284462,1980
Edirne,1987,8,-1.006,-0.411,-0.4950609541679229,1980
Edirne,1987,9,-1.022,-0.453,-0.5089413071916731,1980
Edirne,1987,10,-1.179,-0.576,-0.6389699816859895,1980
Edirne,1987,11,-0.346,0.001,0.02482510454653805,1980
Edirne,1987,12,0.202,0.597,0.6393509235253522,1980
Edirne,1988,1,-0.294,0.083,0.1263429690031492,1980
Edirne,1988,2,-0.128,0.241,0.2737086674541862,1980
Edirne,1988,3,0.374,0.637,0.6819513132030733,1980
Edirne,1988,4,-0.033,0.206,0.24663579211816705,1980
Edirne,1988,5,-0.017,0.157,0.20828523070829083,1980
Edirne,1988,6,-0.171,0.094,0.11582399954715819,1980
Edirne,1988,7,-0.196,-0.03,0.02266636607970074,1980
Edirne,1988,8,-0.417,-0.426,-0.3250312905253342,1980
Edirne,1988,9,-0.196,-0.139,-0.05145298823057484,1980
Edirne,1988,10,-0.499,-0.455,-0.38484516118356954,1980
Edirne,1988,11,-0.287,-0.109,-0.1141806854410208,1980
Edirne,1988,12,-0.893,-0.62,-0.6521450438823473,1980
Edirne,1989,1,-1.034,-0.742,-0.7899971086876458,1980
Edirne,1989,2,-1.202,-0.954,-0.9961342074945231,1980
Edirne,1989,3,-1.071,-0.885,-0.9021314876963483,1980
Edirne,1989,4,-1.235,-1.297,-1.2520690949646454,1980
Edirne,1989,5,-0.849,-0.82,-0.7829507142337345,1980
Edirne,1989,6,-0.466,-0.292,-0.2771205538565287,1980
Edirne,1989,7,-0.459,-0.058,-0.13948477247045885,1980
Edirne,1989,8,-0.261,0.127,0.04621850550231405,1980
Edirne,1989,9,-0.34,0.076,-0.008279889595946333,1980
Edirne,1989,10,-0.163,0.205,0.1385798293943225,1980
Edirne,1989,11,-0.694,-0.434,-0.4965479917152001,1980
Edirne,1989,12,-0.465,-0.119,-0.18246340984049242,1980
Edirne,1990,1,-0.483,-0.117,-0.18539373606825477,1990
Edirne,1990,2,-0.406,-0.069,-0.13924292262638668,1990
Edirne,1990,3,-1.39,-1.044,-1.1718495094776258,1990
Edirne,1990,4,-1.034,-0.543,-0.710772916743782,1990
Edirne,1990,5,-1.081,-0.635,-0.7969305750484108,1990
Edirne,1990,6,-1.509,-1.111,-1.2789249971540326,1990
Edirne,1990,7,-1.372,-1.026,-1.1677869327873878,1990
Edirne,1990,8,-1.511,-1.116,-1.272065770588113,1990
Edirne,1990,9,-1.234,-0.826,-1.000468238797719,1990
Edirne,1990,10,-0.796,-0.46,-0.6087843773703158,1990
Edirne,1990,11,-0.982,-0.782,-0.8816838964951993,1990
Edirne,1990,12,-0.691,-0.531,-0.6165371808360247,1990
Edirne,1991,1,-0.661,-0.555,-0.6489823001219699,1990
Edirne,1991,2,-0.377,-0.197,-0.27345162822236835,1990
Edirne,1991,3,-0.245,0.098,0.023546392825801746,1990
Edirne,1991,4,-0.432,-0.038,-0.12046119788444498,1990
Edirne,1991,5,-0.179,0.227,0.17144428325876607,1990
Edirne,1991,6,-0.364,0.048,0.006066267779583368,1990
Edirne,1991,7,-0.369,0.011,-0.019220635087107932,1990
Edirne,1991,8,-0.16,0.18,0.16629151091943334,1990
Edirne,1991,9,-0.508,-0.232,-0.20668827212647348,1990
Edirne,1991,10,-0.336,-0.125,-0.06132158886441469,1990
Edirne,1991,11,0.145,0.378,0.4182237345998629,1990
Edirne,1991,12,-0.712,-0.285,-0.2883441512574258,1990
Edirne,1992,1,-0.834,-0.413,-0.4230281266854164,1990
Edirne,1992,2,-0.845,-0.439,-0.45314426916392714,1990
Edirne,1992,3,-0.754,-0.323,-0.3334599005682864,1990
Edirne,1992,4,-0.771,-0.416,-0.41931997057077325,1990
Edirne,1992,5,-1.085,-0.714,-0.7369625791668186,1990
Edirne,1992,6,-0.26,0.229,0.1968328850175569,1990
Edirne,1992,7,-0.232,0.322,0.25777324418778685,1990
Edirne,1992,8,-0.352,0.047,0.028379407986251496,1990
Edirne,1992,9,-0.443,0.018,-0.020755959183992846,1990
Edirne,1992,10,-0.934,-0.554,-0.5707799722318587,1990
Edirne,1992,11,-0.762,-0.451,-0.46684850006413686,1990
Edirne,1992,12,-0.867,-0.491,-0.5146181214723197,1990
Edirne,1993,1,-0.851,-0.479,-0.5008372115546162,1990
Edirne,1993,2,-0.723,-0.347,-0.3588545028195718,1990
Edirne,1993,3,-0.733,-0.263,-0.2781462515756855,1990
Edirne,1993,4,-0.888,-0.42,-0.4429442187603231,1990
Edirne,1993,5,-0.46,-0.102,-0.07614405051033536,1990
Edirne,1993,6,-0.687,-0.282,-0.26160788011460495,1990
Edirne,1993,7,-0.786,-0.457,-0.41837763136300415,1990
Edirne,1993,8,-0.586,-0.202,-0.19457099651978157,1990
Edirne,1993,9,-0.625,-0.285,-0.24697189437140246,1990
Edirne,1993,10,-0.801,-0.435,-0.41599892761832336,1990
Edirne,1993,11,-0.933,-0.516,-0.5451885397997639,1990
Edirne,1993,12,-0.708,-0.306,-0.2960778675615619,1990
Edirne,1994,1,-0.651,-0.318,-0.30958418578744407,1990
Edirne,1994,2,-0.692,-0.428,-0.4453516708974136,1990
Edirne,1994,3,-0.744,-0.499,-0.5392493509749554,1990
Edirne,1994,4,-0.544,-0.375,-0.42703449061624105,1990
Edirne,1994,5,-1.151,-1.044,-1.1305659623511093,1990
Edirne,1994,6,-1.572,-1.486,-1.6016122851681363,1990
Edirne,1994,7,-1.347,-1.291,-1.3924906829745418,1990
Edirne,1994,8,-1.536,-1.525,-1.5947351010104724,1990
Edirne,1994,9,-1.605,-1.753,-1.769797397093011,1990
Edirne,1994,10,-0.924,-1.147,-1.15329470907772,1990
Edirne,1994,11,-0.954,-1.188,-1.1952322278586474,1990
Edirne,1994,12,-0.604,-0.826,-0.8572168843117388,1990
Edirne,1995,1,0.423,0.303,0.31174909027494224,1990
Edirne,1995,2,0.554,0.364,0.4021317756525554,1990
Edirne,1995,3,0.935,0.785,0.8411382752611813,1990
Edirne,1995,4,0.966,0.871,0.9285415429700855,1990
Edirne,1995,5,0.749,0.66,0.7328000319531345,1990
Edirne,1995,6,0.671,0.491,0.6174394776279301,1990
Edirne,1995,7,0.912,0.729,0.8508765240731118,1990
Edirne,1995,8,1.114,1.04,1.1057389055142735,1990
Edirne,1995,9,1.34,1.386,1.3782173460606253,1990
Edirne,1995,10,0.75,0.923,0.8949031912211786,1990
Edirne,1995,11,0.931,1.111,1.0829948723523712,1990
Edirne,1995,12,0.707,0.895,0.8809497854883915,1990
Edirne,1996,1,-0.308,-0.065,-0.11590997327734533,1990
Edirne,1996,2,0.401,0.738,0.6999743678007886,1990
Edirne,1996,3,0.196,0.688,0.6421359114496361,1990
Edirne,1996,4,0.391,0.862,0.8210725775775425,1990
Edirne,1996,5,0.543,0.828,0.8448517661630277,1990
Edirne,1996,6,0.327,0.741,0.719098287522874,1990
Edirne,1996,7,-0.181,0.176,0.1684946070762601,1990
Edirne,1996,8,-0.204,0.09,0.0958763221346629,1990
Edirne,1996,9,0.033,0.4,0.3903624509766203,1990
Edirne,1996,10,-0.1,0.227,0.22594374108607768,1990
Edirne,1996,11,0.177,0.355,0.3988959660439004,1990
Edirne,1996,12,0.43,0.654,0.7090315487112466,1990
Edirne,1997,1,0.414,0.643,0.7032082762462796,1990
Edirne,1997,2,-0.322,-0.18,-0.1265582733057221,1990
Edirne,1997,3,-0.327,-0.228,-0.1579623296310067,1990
Edirne,1997,4,-0.412,-0.252,-0.18578171489487139,1990
Edirne,1997,5,-0.392,-0.179,-0.12283732016182337,1990
Edirne,1997,6,-0.202,0.069,0.13142546159116095,1990
Edirne,1997,7,0.057,0.337,0.39350495166037963,1990
Edirne,1997,8,0.361,0.698,0.7248499921408608,1990
Edirne,1997,9,-0.116,0.269,0.29537111767698515,1990
Edirne,1997,10,0.383,0.751,0.7827816135047444,1990
Edirne,1997,11,-0.013,0.336,0.3560471259900441,1990
Edirne,1997,12,0.273,0.72,0.7374120083771318,1990
Edirne,1998,1,0.322,0.799,0.8093674129136001,1990
Edirne,1998,2,0.681,1.055,1.0643959487437267,1990
Edirne,1998,3,0.863,1.22,1.220016690732647,1990
Edirne,1998,4,0.62,0.885,0.9015597298392983,1990
Edirne,1998,5,1.511,1.636,1.6327191644323846,1990
Edirne,1998,6,1.483,1.617,1.5969336205405413,1990
Edirne,1998,7,1.556,1.636,1.6290859472225416,1990
Edirne,1998,8,1.496,1.504,1.5405257452077752,1990
Edirne,1998,9,2.296,2.058,2.0685730486386995,1990
Edirne,1998,10,2.547,2.246,2.2579901878354725,1990
Edirne,1998,11,2.729,2.495,2.498902460408896,1990
Edirne,1998,12,2.756,2.315,2.3227416304236823,1990
Edirne,1999,1,2.982,2.403,2.4218782777413197,1990
Edirne,1999,2,2.75,2.315,2.3362985978040314,1990
Edirne,1999,3,2.716,2.154,2.172541481723785,1990
Edirne,1999,4,2.734,2.225,2.240115677255038,1990
Edirne,1999,5,2.28,2.007,2.0142557857114753,1990
Edirne,1999,6,2.483,2.058,2.067570254417131,1990
Edirne,1999,7,2.755,2.231,2.2427385055401614,1990
Edirne,1999,8,2.633,2.292,2.271691524303657,1990
Edirne,1999,9,1.95,1.793,1.7810607890465202,1990
Edirne,1999,10,1.345,1.3,1.2990939584355652,1990
Edirne,1999,11,0.617,0.584,0.575916760122512,1990
Edirne,1999,12,0.399,0.319,0.32005858007868365,1990
Edirne,2000,1,0.143,0.096,0.0955946046435585,2000
Edirne,2000,2,-0.168,-0.287,-0.2976217204802578,2000
Edirne,2000,3,-0.46,-0.523,-0.5498414906297444,2000
Edirne,2000,4,-0.218,-0.344,-0.3412430702945958,2000
Edirne,2000,5,-0.424,-0.582,-0.5860027591415937,2000
Edirne,2000,6,-0.604,-0.67,-0.7180927897626089,2000
Edirne,2000,7,-1.555,-1.621,-1.6836242040222529,2000
Edirne,2000,8,-1.811,-1.773,-1.8444694031853623,2000
Edirne,2000,9,-1.495,-1.482,-1.5695702717111333,2000
Edirne,2000,10,-1.246,-1.194,-1.2900732157136683,2000
Edirne,2000,11,-0.986,-1.08,-1.1143679313337613,2000
Edirne,2000,12,-1.451,-1.497,-1.5653190201385716,2000
Edirne,2001,1,-1.38,-1.66,-1.726165374436966,2000
Edirne,2001,2,-1.282,-1.54,-1.5914570596321627,2000
Edirne,2001,3,-1.367,-1.859,-1.891041409039688,2000
Edirne,2001,4,-1.4,-1.676,-1.7626557104070328,2000
Edirne,2001,5,-1.684,-1.779,-1.8987574085063528,2000
Edirne,2001,6,-1.755,-1.993,-2.096228017038675,2000
Edirne,2001,7,-1.449,-1.602,-1.7139640847180515,2000
Edirne,2001,8,-1.616,-1.779,-1.8507091244224383,2000
Edirne,2001,9,-1.456,-1.711,-1.765858188250116,2000
Edirne,2001,10,-1.803,-1.936,-1.9892357615642475,2000
Edirne,2001,11,-1.633,-1.735,-1.7789238316158056,2000
Edirne,2001,12,-0.993,-1.265,-1.2742395219248426,2000
Edirne,2002,1,-1.247,-1.585,-1.5903719077089093,2000
Edirne,2002,2,-1.178,-1.519,-1.4959952482922163,2000
Edirne,2002,3,-0.556,-0.756,-0.7255156523447198,2000
Edirne,2002,4,-0.785,-0.969,-0.9438504921587635,2000
Edirne,2002,5,-0.883,-1.078,-1.0374122991561636,2000
Edirne,2002,6,-0.837,-1.147,-1.0414531065940449,2000
Edirne,2002,7,-0.779,-0.973,-0.9215936431216548,2000
Edirne,2002,8,-0.726,-0.776,-0.7926508228766771,2000
Edirne,2002,9,-0.276,-0.259,-0.2731359732097836,2000
Edirne,2002,10,0.26,0.291,0.2914938783781611,2000
Edirne,2002,11,0.606,0.581,0.6102848747237319,2000
Edirne,2002,12,0.268,0.258,0.25299947849306353,2000
Edirne,2003,1,0.999,0.957,0.9709529181911206,2000
Edirne,2003,2,1.094,1.14,1.15998490415776,2000
Edirne,2003,3,0.53,0.751,0.7565292608646368,2000
Edirne,2003,4,0.7,0.924,0.9331251925671317,2000
Edirne,2003,5,1.137,1.18,1.2367872102156061,2000
Edirne,2003,6,1.033,1.057,1.1290144497307786,2000
Edirne,2003,7,1.088,1.145,1.196722107019882,2000
Edirne,2003,8,1.075,1.056,1.1494596123300553,2000
Edirne,2003,9,0.431,0.454,0.5581862813170435,2000
Edirne,2003,10,0.67,0.681,0.7845260173934171,2000
Edirne,2003,11,-0.094,-0.095,-0.018489385473776487,2000
Edirne,2003,12,-0.132,-0.079,0.007710899562000683,2000
Edirne,2004,1,-0.721,-0.666,-0.5973684165706391,2000
Edirne,2004,2,-0.911,-0.932,-0.9026867930810649,2000
Edirne,2004,3,-0.732,-0.853,-0.801656892545241,2000
Edirne,2004,4,-1.084,-1.37,-1.304643475436336,2000
Edirne,2004,5,-1.286,-1.291,-1.3148621945264956,2000
Edirne,2004,6,-0.524,-0.336,-0.40813202962816036,2000
Edirne,2004,7,-0.607,-0.368,-0.4682529413472143,2000
Edirne,2004,8,-0.491,-0.149,-0.2999594367980002,2000
Edirne,2004,9,-0.713,-0.444,-0.5634193189584022,2000
Edirne,2004,10,-1.683,-1.329,-1.4534274459802354,2000
Edirne,2004,11,-1.35,-1.13,-1.2141148947323543,2000
Edirne,2004,12,-0.932,-0.796,-0.8690066820154116,2000
Edirne,2005,1,-0.771,-0.735,-0.7955573771147307,2000
Edirne,2005,2,0.35,0.485,0.4671364273149398,2000
Edirne,2005,3,0.32,0.515,0.49890855861782374,2000
Edirne,2005,4,0.342,0.506,0.4989552556734049,2000
Edirne,2005,5,0.318,0.362,0.3917307165959912,2000
Edirne,2005,6,-0.306,-0.192,-0.20241238245826612,2000
Edirne,2005,7,0.264,0.355,0.3731100066221963,2000
Edirne,2005,8,0.433,0.443,0.492698749621024,2000
Edirne,2005,9,0.778,0.794,0.8464076247217587,2000
Edirne,2005,10,1.143,1.202,1.2143041796292564,2000
Edirne,2005,11,1.447,1.523,1.5217027521103295,2000
Edirne,2005,12,1.448,1.48,1.4803701824869826,2000
Edirne,2006,1,1.274,1.404,1.4052960629906799,2000
Edirne,2006,2,0.616,0.839,0.8278654787559055,2000
Edirne,2006,3,1.223,1.32,1.3235002980997854,2000
Edirne,2006,4,1.265,1.344,1.3536977585659589,2000
Edirne,2006,5,1.166,1.266,1.273810813416238,2000
Edirne,2006,6,1.677,1.602,1.619112774068458,2000
Edirne,2006,7,1.366,1.406,1.4143299392762074,2000
Edirne,2006,8,1.296,1.325,1.351295628720629,2000
Edirne,2006,9,1.542,1.537,1.547898136005558,2000
Edirne,2006,10,1.561,1.54,1.5635488762679612,2000
Edirne,2006,11,1.067,1.124,1.1504200206568682,2000
Edirne,2006,12,0.76,0.86,0.8817757471447221,2000
Edirne,2007,1,1.013,1.047,1.070276962355538,2000
Edirne,2007,2,0.832,0.841,0.8543060468950973,2000
Edirne,2007,3,0.274,0.324,0.3092777870790378,2000
Edirne,2007,4,0.224,0.354,0.28772721744752827,2000
Edirne,2007,5,0.83,0.841,0.8105232703286372,2000
Edirne,2007,6,0.277,0.177,0.1719171430085735,2000
Edirne,2007,7,-0.202,-0.634,-0.5354543059934816,2000
Edirne,2007,8,-0.444,-0.898,-0.8151161379886953,2000
Edirne,2007,9,-0.805,-1.185,-1.1616674504258462,2000
Edirne,2007,10,-0.954,-1.28,-1.2873442518753389,2000
Edirne,2007,11,0.08,-0.313,-0.2754130127850556,2000
Edirne,2007,12,0.472,0.168,0.20863831450380707,2000
Edirne,2008,1,-0.011,-0.286,-0.26789941724109056,2000
Edirne,2008,2,-0.244,-0.498,-0.49052352536928123,2000
Edirne,2008,3,-0.322,-0.63,-0.5993028660014068,2000
Edirne,2008,4,-0.099,-0.492,-0.42428371919194435,2000
Edirne,2008,5,-0.823,-1.157,-1.1551878062841716,2000
Edirne,2008,6,-0.532,-0.753,-0.7838686076064407,2000
Edirne,2008,7,-0.252,-0.285,-0.3814118421088333,2000
Edirne,2008,8,-0.247,-0.327,-0.40920211309944793,2000
Edirne,2008,9,-0.057,-0.153,-0.20644780731899948,2000
Edirne,2008,10,-0.25,-0.364,-0.4287293452213292,2000
Edirne,2008,11,-1.169,-1.245,-1.3146069349319365,2000
Edirne,2008,12,-1.776,-1.849,-1.9491225201839568,2000
Edirne,2009,1,-1.34,-1.689,-1.7633398947309225,2000
Edirne,2009,2,-0.53,-0.838,-0.8719363982302152,2000
Edirne,2009,3,-0.379,-0.524,-0.57341859137295,2000
Edirne,2009,4,-0.622,-0.733,-0.8092551613998622,2000
Edirne,2009,5,-0.592,-0.779,-0.8186301753501396,2000
Edirne,2009,6,-0.815,-1.019,-1.061662295914757,2000
Edirne,2009,7,-0.334,-0.534,-0.5451212647111595,2000
Edirne,2009,8,-0.25,-0.367,-0.4200193318384985,2000
Edirne,2009,9,-0.244,-0.372,-0.4110531146124547,2000
Edirne,2009,10,0.686,0.546,0.5535711985428172,2000
Edirne,2009,11,0.806,0.692,0.6889893896836947,2000
Edirne,2009,12,1.472,1.304,1.3152725773624714,2000
Edirne,2010,1,1.575,1.408,1.419231692211837,2010
Edirne,2010,2,2.082,1.785,1.79960728891783,2010
Edirne,2010,3,2.209,1.811,1.8207696450010507,2010
Edirne,2010,4,2.323,1.901,1.9138201278019527,2010
Edirne,2010,5,2.211,1.848,1.8576472267764734,2010
Edirne,2010,6,2.468,1.973,1.973874756205304,2010
Edirne,2010,7,2.374,1.976,1.959136122912975,2010
Edirne,2010,8,2.343,1.944,1.9593462655409308,2010
Edirne,2010,9,2.17,1.776,1.7991216002670731,2010
Edirne,2010,10,1.962,1.686,1.684256840193159,2010
Edirne,2010,11,1.758,1.493,1.5360206515789296,2010
Edirne,2010,12,1.445,1.172,1.2086723233300218,2010
Edirne,2011,1,1.189,0.953,0.9948090527435534,2010
Edirne,2011,2,0.003,-0.249,-0.2206474897137741,2010
Edirne,2011,3,-0.454,-0.755,-0.7122961956096985,2010
Edirne,2011,4,-0.314,-0.507,-0.46178317602681573,2010
Edirne,2011,5,-0.266,-0.415,-0.36716792885831995,2010
Edirne,2011,6,-0.306,-0.426,-0.36790359311728504,2010
Edirne,2011,7,-0.814,-1.097,-0.9975481194597239,2010
Edirne,2011,8,-0.782,-0.862,-0.8621661871953341,2010
Edirne,2011,9,-0.881,-1.06,-1.002919211697543,2010
Edirne,2011,10,-0.394,-0.619,-0.5126011701027176,2010
Edirne,2011,11,-0.668,-0.692,-0.6888964611559307,2010
Edirne,2011,12,-0.546,-0.535,-0.517056821650156,2010
Edirne,2012,1,-0.135,-0.09,-0.06142087186330943,2010
Edirne,2012,2,0.047,0.13,0.1651175146108232,2010
Edirne,2012,3,-0.019,0.119,0.12163755933799149,2010
Edirne,2012,4,-0.004,-0.036,-0.03253069328294645,2010
Edirne,2012,5,0.632,0.592,0.5875644891748624,2010
Edirne,2012,6,0.3,0.135,0.167639433339785,2010
Edirne,2012,7,0.165,-0.215,-0.08772175053842346,2010
Edirne,2012,8,0.018,-0.552,-0.3565554677836013,2010
Edirne,2012,9,-0.185,-0.709,-0.562402607689887,2010
Edirne,2012,10,-0.974,-1.584,-1.4507407767788412,2010
Edirne,2012,11,-0.759,-1.486,-1.3107875532297368,2010
Edirne,2012,12,-0.073,-0.892,-0.6495028507514241,2010
Edirne,2013,1,0.106,-0.813,-0.5313385623401925,2010
Edirne,2013,2,0.556,-0.286,-0.044541150586491704,2010
Edirne,2013,3,0.942,0.182,0.42790295027501807,2010
Edirne,2013,4,0.805,-0.009,0.25932189749038165,2010
Edirne,2013,5,0.142,-1.044,-0.6888751093279998,2010
Edirne,2013,6,0.888,0.026,0.312467111709499,2010
Edirne,2013,7,0.954,0.356,0.49455455408710025,2010
Edirne,2013,8,0.965,0.388,0.5121079371944841,2010
Edirne,2013,9,1.003,0.468,0.5761391795304674,2010
Edirne,2013,10,0.88,0.489,0.5080062761062956,2010
Edirne,2013,11,1.294,0.963,0.9844927268820058,2010
Edirne,2013,12,0.261,-0.139,-0.13683818024355346,2010
Edirne,2014,1,-0.054,-0.557,-0.5556832152075895,2010
Edirne,2014,2,-0.827,-1.41,-1.414538851547848,2010
Edirne,2014,3,-0.341,-0.907,-0.8721490569713274,2010
Edirne,2014,4,-0.231,-0.734,-0.7007949661662297,2010
Edirne,2014,5,0.363,0.11,0.10022716918070519,2010
Edirne,2014,6,0.244,0.081,0.03559273619169188,2010
Edirne,2014,7,0.838,0.69,0.6660724784458724,2010
Edirne,2014,8,0.885,0.803,0.7433604730833081,2010
Edirne,2014,9,1.522,1.414,1.353868666695392,2010
Edirne,2014,10,2.024,1.807,1.760897118044318,2010
Edirne,2014,11,1.586,1.515,1.463634952048573,2010
Edirne,2014,12,2.488,2.061,2.0346929073442306,2010
Edirne,2015,1,2.382,1.994,1.9721912784859335,2010
Edirne,2015,2,2.574,2.145,2.1263703002618097,2010
Edirne,2015,3,2.404,1.985,1.9553001377254002,2010
Edirne,2015,4,2.339,2.019,1.9770365408930213,2010
Edirne,2015,5,1.938,1.722,1.6871806291366824,2010
Edirne,2015,6,1.888,1.668,1.6213900740336307,2010
Edirne,2015,7,1.286,1.139,1.1119013702119678,2010
Edirne,2015,8,1.395,1.211,1.2004060307857323,2010
Edirne,2015,9,1.217,0.933,0.9718279419383531,2010
Edirne,2015,10,0.965,0.654,0.6901602818059429,2010
Edirne,2015,11,0.937,0.577,0.6365986161416355,2010
Edirne,2015,12,0.03,-0.352,-0.3297626854227208,2010
Edirne,2016,1,0.718,0.431,0.4698288267539752,2010
Edirne,2016,2,0.776,0.431,0.4882511111809817,2010
Edirne,2016,3,0.43,0.033,0.09769015199629781,2010
Edirne,2016,4,0.926,0.417,0.5275205801444874,2010
Edirne,2016,5,1.297,0.923,0.9686459469543122,2010
Edirne,2016,6,0.974,0.482,0.578714907249892,2010
Edirne,2016,7,1.055,0.54,0.6455093662192909,2010
Edirne,2016,8,0.82,0.276,0.3836275582311874,2010
Edirne,2016,9,0.337,-0.222,-0.14456925607473292,2010
Edirne,2016,10,-0.297,-0.911,-0.8699294824820133,2010
Edirne,2016,11,-0.293,-0.818,-0.8133754920811819,2010
Edirne,2016,12,-0.311,-0.809,-0.8029637179957904,2010
Edirne,2017,1,-0.917,-1.523,-1.4870965735891286,2010
Edirne,2017,2,-1.281,-1.703,-1.702287677503475,2010
Edirne,2017,3,-1.219,-1.723,-1.714363941326144,2010
Edirne,2017,4,-1.719,-2.011,-2.0648702795352403,2010
Edirne,2017,5,-1.772,-1.965,-2.0094134383401867,2010
Edirne,2017,6,-1.069,-1.418,-1.4202865499629285,2010
Edirne,2017,7,-0.573,-0.795,-0.8258534081656163,2010
Edirne,2017,8,-0.47,-0.724,-0.7376542975036813,2010
Edirne,2017,9,-0.428,-0.726,-0.7112098615580794,2010
Edirne,2017,10,0.593,0.324,0.3787827162610155,2010
Edirne,2017,11,0.754,0.499,0.5506239622310388,2010
Edirne,2017,12,1.539,1.186,1.2543204356363935,2010
Edirne,2018,1,1.209,0.859,0.9004304617477349,2010
Edirne,2018,2,1.717,1.341,1.3783998019859687,2010
Edirne,2018,3,2.302,1.756,1.7798356679686664,2010
Edirne,2018,4,2.011,1.478,1.5389520780322226,2010
Edirne,2018,5,1.818,1.221,1.324251550755651,2010
Edirne,2018,6,1.872,1.301,1.3684381682941469,2010
Edirne,2018,7,1.777,1.236,1.3018266712231612,2010
Edirne,2018,8,1.711,1.22,1.2764287918324468,2010
Edirne,2018,9,1.73,1.252,1.2903293698000629,2010
Edirne,2018,10,1.162,0.595,0.6741120482124439,2010
Edirne,2018,11,1.679,1.211,1.266529283645517,2010
Edirne,2018,12,1.302,0.85,0.8839410871754033,2010
Edirne,2019,1,1.425,0.991,1.0214427588794517,2010
Edirne,2019,2,0.683,0.25,0.2645446458721755,2010
Edirne,2019,3,-0.395,-1.031,-1.045485603272958,2010
Edirne,2019,4,0.031,-0.276,-0.3620093214948669,2010
Edirne,2019,5,0.253,0.058,-0.06067690892296072,2010
Edirne,2019,6,-0.187,-0.55,-0.63740506176819,2010
Edirne,2019,7,-0.406,-0.767,-0.8682840607573484,2010
Edirne,2019,8,-0.109,-0.483,-0.5577736153302644,2010
Edirne,2019,9,-0.126,-0.506,-0.5774583156827104,2010
Edirne,2019,10,-0.259,-0.67,-0.7444851400311858,2010
Edirne,2019,11,-1.243,-1.585,-1.6378660641054978,2010
Edirne,2019,12,-1.501,-1.967,-2.0418045835126,2010
Edirne,2020,1,-2.178,-2.806,-2.897892503118029,2020
Edirne,2020,2,-1.915,-2.497,-2.539446026689767,2020
Edirne,2020,3,-1.553,-2.332,-2.381882593750541,2020
Edirne,2020,4,-1.188,-1.832,-1.8701815215724302,2020
Edirne,2020,5,-0.908,-1.419,-1.470721858677464,2020
Edirne,2020,6,-0.842,-1.223,-1.3562100578172023,2020
Edirne,2020,7,-1.177,-1.591,-1.6887798089582542,2020
Edirne,2020,8,-1.51,-1.842,-1.9330072989409555,2020
Edirne,2020,9,-1.662,-2.037,-2.1109980075067862,2020
Edirne,2020,10,-1.302,-1.775,-1.7880300423284818,2020
Edirne,2020,11,-1.507,-1.775,-1.8193111907923658,2020
Edirne,2020,12,-0.923,-1.499,-1.509935851222369,2020
Edirne,2021,1,0.674,0.105,0.18867992438181735,2020
Edirne,2021,2,0.759,0.246,0.3292757342121347,2020
Edirne,2021,3,0.753,0.378,0.45475612697989926,2020
Edirne,2021,4,0.519,0.094,0.18641191533448434,2020
Edirne,2021,5,0.114,-0.492,-0.3601100355796718,2020
Edirne,2021,6,0.303,-0.242,-0.10267921573677072,2020
Edirne,2021,7,0.472,-0.09,0.0625109269908265,2020
Edirne,2021,8,0.542,-0.037,0.1200561583208837,2020
Edirne,2021,9,0.608,0.191,0.2763148667520391,2020
Edirne,2021,10,0.703,0.423,0.43455599739859124,2020
Edirne,2021,11,0.847,0.546,0.5814378617141257,2020
Edirne,2021,12,1.275,1.001,1.0351460652388356,2020
Edirne,2022,1,-0.135,-0.44,-0.4563663685400619,2020
Edirne,2022,2,0.193,-0.015,-0.0333697778482264,2020
Edirne,2022,3,-0.022,-0.161,-0.193055794505145,2020
Edirne,2022,4,-0.167,-0.442,-0.47040270551203706,2020
Edirne,2022,5,-0.179,-0.459,-0.501603029126715,2020
Edirne,2022,6,-0.482,-0.934,-0.9288753646521148,2020
Edirne,2022,7,-0.661,-1.043,-1.0769064953988738,2020
Edirne,2022,8,-0.123,-0.514,-0.5119466285239441,2020
Edirne,2022,9,0.108,-0.298,-0.2715924632337645,2020
Edirne,2022,10,-0.47,-0.997,-0.9660047768459437,2020
Edirne,2022,11,-0.16,-0.736,-0.6712446403930598,2020
Edirne,2022,12,-1.164,-1.714,-1.7008131299840112,2020
Edirne,2023,1,-0.921,-1.74,-1.6810367178317678,2020
Edirne,2023,2,-1.581,-2.269,-2.238073688386054,2020
Edirne,2023,3,-1.183,-2.147,-2.112020978304344,2020
Edirne,2023,4,-0.673,-1.438,-1.428931649447668,2020
Edirne,2023,5,-0.376,-0.926,-0.9817438330579055,2020
Edirne,2023,6,-0.43,-0.938,-1.0360963015919844,2020
Edirne,2023,7,-0.32,-0.887,-0.9287783441413898,2020
Edirne,2023,8,-0.764,-1.354,-1.3909194077992046,2020
Edirne,2023,9,-1.059,-1.719,-1.731300684146206,2020
Edirne,2023,10,-1.083,-1.765,-1.744818582306061,2020
Edirne,2023,11,-0.586,-1.35,-1.2853915029388598,2020
Edirne,2023,12,-0.337,-1.194,-1.1152304959709876,2020
Edirne,2024,1,-0.634,-1.597,-1.5287400212614286,2020
Edirne,2024,2,-0.461,-1.401,-1.318635238688601,2020
Edirne,2024,3,-0.424,-1.4,-1.3177097226781784,2020
Edirne,2024,4,-0.972,-2.214,-2.0985807275125246,2020
Edirne,2024,5,-1.166,-2.226,-2.1689432508077098,2020
Edirne,2024,6,-1.467,-3.447,-2.9581450853188676,2020
Edirne,2024,7,-1.26,-2.83,-2.5231397114497796,2020
Edirne,2024,8,-1.395,-2.732,-2.489777579757303,2020
Edirne,2024,9,-1.041,-2.414,-2.204044007024123,2020
Edirne,2024,10,-1.088,-2.22,-2.0952462106855823,2020
Edirne,2024,11,-1.757,-2.436,-2.3652550251445237,2020
Edirne,2024,12,-1.455,-2.62,-2.511646040921825,2020
Kırklareli,1965,12,-0.428,-0.191,-0.1738696251459039,1960
Kırklareli,1966,1,0.288,0.598,0.6112104154681763,1960
Kırklareli,1966,2,-0.26,-0.201,-0.17739402547554295,1960
Kırklareli,1966,3,0.519,0.659,0.6808507816251932,1960
Kırklareli,1966,4,0.539,0.593,0.6242274508741941,1960
Kırklareli,1966,5,0.501,0.524,0.5181400043605525,1960
Kırklareli,1966,6,0.94,1.183,1.1260696776234045,1960
Kırklareli,1966,7,0.943,1.125,1.0851868264771687,1960
Kırklareli,1966,8,1.101,0.811,1.21606052469008,1960
Kırklareli,1966,9,1.498,1.693,1.6555183827630664,1960
Kırklareli,1966,10,1.981,1.282,2.0944365922718062,1960
Kırklareli,1966,11,2.274,2.237,2.2645081497958848,1960
Kırklareli,1966,12,2.481,2.139,2.139520049071552,1960
Kırklareli,1967,1,2.54,2.232,2.2426680470290874,1960
Kırklareli,1967,2,2.249,2.159,2.154221183302397,1960
Kırklareli,1967,3,1.731,1.745,1.7408903650976846,1960
Kırklareli,1967,4,1.539,1.614,1.6194550319092096,1960
Kırklareli,1967,5,1.263,1.403,1.450467028743997,1960
Kırklareli,1967,6,1.169,1.262,1.3164153773893994,1960
Kırklareli,1967,7,1.218,1.324,1.376558222679438,1960
Kırklareli,1967,8,1.29,0.946,1.5276085760153215,1960
Kırklareli,1967,9,1.182,1.267,1.3699869494369352,1960
Kırklareli,1967,10,0.981,0.793,1.24661227643089,1960
Kırklareli,1967,11,0.058,0.181,0.18868524498857525,1960
Kırklareli,1967,12,-0.482,-0.317,-0.3063670983929934,1960
Kırklareli,1968,1,-0.211,-0.03,-0.018312405973110107,1960
Kırklareli,1968,2,0.203,0.314,0.3334396705120543,1960
Kırklareli,1968,3,0.203,0.345,0.35907796488130367,1960
Kırklareli,1968,4,-0.026,0.007,0.03755630684872608,1960
Kırklareli,1968,5,0.012,-0.267,-0.18012020593789327,1960
Kırklareli,1968,6,-0.302,-0.638,-0.5323550612121302,1960
Kırklareli,1968,7,-0.395,-0.755,-0.652608272733866,1960
Kırklareli,1968,8,-0.282,-0.343,-0.4978998483853817,1960
Kırklareli,1968,9,-0.178,-0.364,-0.34486043046684817,1960
Kırklareli,1968,10,-0.421,-0.387,-0.6014714229966293,1960
Kırklareli,1968,11,-0.381,-0.513,-0.5363738109124875,1960
Kırklareli,1968,12,-0.139,-0.122,-0.15371644946494045,1960
Kırklareli,1969,1,-1.078,-1.191,-1.2209895892345275,1960
Kırklareli,1969,2,-0.389,-0.443,-0.46229487375820455,1960
Kırklareli,1969,3,-0.329,-0.295,-0.3109124682498369,1960
Kırklareli,1969,4,-0.045,0.213,0.16760886846311046,1960
Kırklareli,1969,5,-0.207,-0.0,-0.07892378443802747,1960
Kırklareli,1969,6,-0.158,0.08,0.023651416281894534,1960
Kırklareli,1969,7,0.064,0.474,0.37049692371520576,1960
Kırklareli,1969,8,-0.135,0.138,0.02995395314915077,1960
Kırklareli,1969,9,-0.529,-0.347,-0.40133775152158135,1960
Kırklareli,1969,10,-0.597,-0.298,-0.501221141737973,1960
Kırklareli,1969,11,-0.517,-0.416,-0.42683971745784416,1960
Kırklareli,1969,12,-0.539,-0.418,-0.3949885434820939,1960
Kırklareli,1970,1,-0.255,-0.22,-0.19005834789023096,1970
Kırklareli,1970,2,-0.567,-0.612,-0.5813377464380132,1970
Kırklareli,1970,3,-0.425,-0.545,-0.49768480871595705,1970
Kırklareli,1970,4,-0.316,-0.63,-0.5328547886902768,1970
Kırklareli,1970,5,-0.042,-0.161,-0.14725826839662234,1970
Kırklareli,1970,6,-0.011,0.009,6.43156710905839e-05,1970
Kırklareli,1970,7,-0.223,-0.423,-0.36382198359648,1970
Kırklareli,1970,8,-0.351,-0.412,-0.5631800189043019,1970
Kırklareli,1970,9,-0.41,-0.578,-0.5624647939980162,1970
Kırklareli,1970,10,0.074,0.075,0.020792799889443176,1970
Kırklareli,1970,11,0.403,0.469,0.4353093223353055,1970
Kırklareli,1970,12,-0.134,-0.003,-0.06042276970906349,1970
Kırklareli,1971,1,-0.52,-0.506,-0.5555446480267442,1970
Kırklareli,1971,2,-0.512,-0.458,-0.5069395024968173,1970
Kırklareli,1971,3,-0.173,-0.02,-0.057607099516102586,1970
Kırklareli,1971,4,-0.426,-0.148,-0.215677291991762,1970
Kırklareli,1971,5,-0.384,-0.4,-0.4026363779826057,1970
Kırklareli,1971,6,-0.167,-0.097,-0.08500642691917813,1970
Kırklareli,1971,7,0.214,0.455,0.43296789544754,1970
Kırklareli,1971,8,0.121,0.246,0.2575715450346706,1970
Kırklareli,1971,9,0.516,0.76,0.76615207381169,1970
Kırklareli,1971,10,0.292,0.392,0.5204286612573378,1970
Kırklareli,1971,11,0.564,0.806,0.804566748045817,1970
Kırklareli,1971,12,0.609,0.887,0.8847452759034605,1970
Kırklareli,1972,1,0.261,0.655,0.6125027277926771,1970
Kırklareli,1972,2,-0.207,0.119,0.06474589639232023,1970
Kırklareli,1972,3,-0.887,-0.577,-0.6541632599108842,1970
Kırklareli,1972,4,-0.681,-0.503,-0.5502813802418632,1970
Kırklareli,1972,5,-0.495,-0.354,-0.42518063102925935,1970
Kırklareli,1972,6,-0.74,-0.68,-0.7166705078680855,1970
Kırklareli,1972,7,-0.924,-0.97,-0.9741332688177974,1970
Kırklareli,1972,8,-0.491,-0.382,-0.5799071630820832,1970
Kırklareli,1972,9,-0.318,-0.35,-0.36144007346277657,1970
Kırklareli,1972,10,0.545,0.464,0.63710258783889,1970
Kırklareli,1972,11,-0.086,-0.11,-0.12411723786146363,1970
Kırklareli,1972,12,-0.273,-0.202,-0.22463635195773737,1970
Kırklareli,1973,1,0.058,0.157,0.1377843801428732,1970
Kırklareli,1973,2,0.631,0.687,0.7000985443324611,1970
Kırklareli,1973,3,0.948,1.043,1.0649797751875232,1970
Kırklareli,1973,4,0.92,1.097,1.112253503530988,1970
Kırklareli,1973,5,0.698,0.841,0.8706641723410337,1970
Kırklareli,1973,6,0.713,1.032,1.01165432922432,1970
Kırklareli,1973,7,0.823,1.141,1.1259965708807607,1970
Kırklareli,1973,8,0.51,0.658,0.8738877937720936,1970
Kırklareli,1973,9,0.213,0.536,0.507726957543015,1970
Kırklareli,1973,10,0.027,0.217,0.25402928457733776,1970
Kırklareli,1973,11,-0.028,0.223,0.20194920483610712,1970
Kırklareli,1973,12,0.632,0.931,0.9360444041206447,1970
Kırklareli,1974,1,0.293,0.636,0.6376416481769227,1970
Kırklareli,1974,2,-0.084,0.201,0.1948378981956378,1970
Kırklareli,1974,3,-0.265,-0.02,-0.02108370062514104,1970
Kırklareli,1974,4,-0.164,0.174,0.15852807566501587,1970
Kırklareli,1974,5,0.122,0.52,0.46255908691724523,1970
Kırklareli,1974,6,0.333,0.745,0.7118619372927691,1970
Kırklareli,1974,7,0.01,0.431,0.3785401640918316,1970
Kırklareli,1974,8,0.02,0.308,0.31637507230747186,1970
Kırklareli,1974,9,-0.119,0.267,0.20883412197567056,1970
Kırklareli,1974,10,-0.653,-0.271,-0.4507605627890973,1970
Kırklareli,1974,11,0.028,0.233,0.24877186345643265,1970
Kırklareli,1974,12,-0.377,-0.097,-0.09238902051759701,1970
Kırklareli,1975,1,-0.098,0.168,0.17511687458155553,1970
Kırklareli,1975,2,-0.355,-0.089,-0.09581253878129958,1970
Kırklareli,1975,3,-0.213,-0.017,-0.0014938795618403531,1970
Kırklareli,1975,4,-0.24,-0.206,-0.15885406224197576,1970
Kırklareli,1975,5,-0.183,-0.336,-0.28018268263926516,1970
Kırklareli,1975,6,-0.024,-0.107,-0.04518131692101375,1970
Kırklareli,1975,7,0.088,-0.051,0.034779522362007376,1970
Kırklareli,1975,8,0.349,0.217,0.29956422355106777,1970
Kırklareli,1975,9,0.185,-0.025,0.08076023423922714,1970
Kırklareli,1975,10,0.871,0.652,0.9777047462123967,1970
Kırklareli,1975,11,0.654,0.721,0.7145969361131707,1970
Kırklareli,1975,12,0.726,0.857,0.8427846583157885,1970
Kırklareli,1976,1,0.637,0.769,0.7595222246325927,1970
Kırklareli,1976,2,0.618,0.727,0.7278455289573428,1970
Kırklareli,1976,3,0.312,0.539,0.5320260699125555,1970
Kırklareli,1976,4,0.217,0.474,0.4880119605812783,1970
Kırklareli,1976,5,-0.097,0.057,0.07809704869261003,1970
Kırklareli,1976,6,-0.152,0.158,0.16725291366577658,1970
Kırklareli,1976,7,-0.051,0.304,0.3143915573242795,1970
Kırklareli,1976,8,0.322,0.597,0.8110728075832303,1970
Kırklareli,1976,9,0.459,1.134,1.0739950262304567,1970
Kırklareli,1976,10,-0.258,0.304,0.31606118438888564,1970
Kırklareli,1976,11,-0.29,0.171,0.17266829305718243,1970
Kırklareli,1976,12,0.088,0.584,0.6152846302412333,1970
Kırklareli,1977,1,0.304,0.82,0.8525902016097846,1970
Kırklareli,1977,2,0.756,1.063,1.1220722022362493,1970
Kırklareli,1977,3,0.829,1.084,1.1391432240848403,1970
Kırklareli,1977,4,0.903,1.185,1.220694917131294,1970
Kırklareli,1977,5,0.9,1.208,1.2337985551074082,1970
Kırklareli,1977,6,1.126,1.371,1.3929772432483885,1970
Kırklareli,1977,7,1.069,1.277,1.307327617797788,1970
Kırklareli,1977,8,0.477,0.371,0.5496309522837702,1970
Kırklareli,1977,9,0.764,0.816,0.8915359380664752,1970
Kırklareli,1977,10,0.577,0.517,0.7243144325852241,1970
Kırklareli,1977,11,0.652,0.768,0.7628462392287457,1970
Kırklareli,1977,12,0.195,0.395,0.3544839524098942,1970
Kırklareli,1978,1,-0.049,0.133,0.08081866756969225,1970
Kırklareli,1978,2,-0.136,0.074,0.0077742692062773115,1970
Kırklareli,1978,3,0.266,0.487,0.45490801771832545,1970
Kırklareli,1978,4,0.532,0.782,0.7695620436991444,1970
Kırklareli,1978,5,0.651,0.914,0.8992692487528897,1970
Kırklareli,1978,6,0.043,0.276,0.25747164286872065,1970
Kırklareli,1978,7,-0.138,0.075,0.05864759730911721,1970
Kırklareli,1978,8,-0.098,0.179,0.10997509231933382,1970
Kırklareli,1978,9,-0.187,0.131,0.0743718456972474,1970
Kırklareli,1978,10,-0.093,0.141,0.12924533911136418,1970
Kırklareli,1978,11,-0.51,-0.24,-0.2955130903246123,1970
Kırklareli,1978,12,-0.459,-0.153,-0.17738478782543898,1970
Kırklareli,1979,1,0.098,0.449,0.4280147149643604,1970
Kırklareli,1979,2,0.323,0.657,0.6334495927864943,1970
Kırklareli,1979,3,-0.233,0.062,0.025991386572261483,1970
Kırklareli,1979,4,-0.4,-0.083,-0.1422460593119169,1970
Kırklareli,1979,5,-0.373,-0.23,-0.28857294822118695,1970
Kırklareli,1979,6,-0.358,-0.266,-0.28873625914423445,1970
Kırklareli,1979,7,0.359,0.599,0.5626674992836136,1970
Kırklareli,1979,8,0.618,0.604,0.8186648150130517,1970
Kırklareli,1979,9,0.308,0.41,0.4058554233802613,1970
Kırklareli,1979,10,0.7,0.65,0.9018348356504022,1970
Kırklareli,1979,11,1.444,1.622,1.6174156920406775,1970
Kırklareli,1979,12,1.514,1.56,1.552343999459489,1970
Kırklareli,1980,1,1.378,1.506,1.498232388139798,1980
Kırklareli,1980,2,0.782,0.988,0.9699263912889253,1980
Kırklareli,1980,3,0.935,1.203,1.1838839581715466,1980
Kırklareli,1980,4,0.923,1.201,1.1963021298380898,1980
Kırklareli,1980,5,1.144,1.537,1.5290195508425073,1980
Kırklareli,1980,6,1.307,1.731,1.6913041110085554,1980
Kırklareli,1980,7,0.703,1.106,1.0896946197144766,1980
Kırklareli,1980,8,0.587,0.715,1.0118315034787235,1980
Kırklareli,1980,9,0.691,1.229,1.1821016075035238,1980
Kırklareli,1980,10,0.207,0.444,0.6079909573256194,1980
Kırklareli,1980,11,-0.695,-0.449,-0.43908283569601503,1980
Kırklareli,1980,12,0.171,0.536,0.5626695596088641,1980
Kırklareli,1981,1,0.295,0.678,0.7073705295610002,1980
Kırklareli,1981,2,0.461,0.781,0.8119497531108155,1980
Kırklareli,1981,3,0.663,0.9,0.9458712484887092,1980
Kırklareli,1981,4,0.512,0.717,0.7714237400136884,1980
Kırklareli,1981,5,0.522,0.755,0.7805283728223373,1980
Kırklareli,1981,6,0.218,0.293,0.3684608158552969,1980
Kırklareli,1981,7,0.298,0.412,0.472178983938712,1980
Kırklareli,1981,8,0.215,0.251,0.3281375274006789,1980
Kırklareli,1981,9,0.138,0.155,0.23030323333877045,1980
Kırklareli,1981,10,0.407,0.368,0.5476135001074015,1980
Kırklareli,1981,11,0.895,1.119,1.1207026634935098,1980
Kırklareli,1981,12,0.93,1.119,1.1230893717576667,1980
Kırklareli,1982,1,0.436,0.653,0.653607520972234,1980
Kırklareli,1982,2,0.47,0.673,0.6812183086484156,1980
Kırklareli,1982,3,0.312,0.613,0.6110752479319725,1980
Kırklareli,1982,4,0.549,0.894,0.8986691474362405,1980
Kırklareli,1982,5,0.257,0.431,0.46212582950124437,1980
Kırklareli,1982,6,0.416,0.753,0.7539296823297807,1980
Kırklareli,1982,7,0.438,0.796,0.7931826511523963,1980
Kırklareli,1982,8,0.358,0.515,0.6944756868919507,1980
Kırklareli,1982,9,0.323,0.601,0.6404161896269074,1980
Kırklareli,1982,10,0.302,0.486,0.6725460987859421,1980
Kırklareli,1982,11,-0.019,0.203,0.22483395119728278,1980
Kırklareli,1982,12,-0.547,-0.27,-0.2513473947050236,1980
Kırklareli,1983,1,-0.733,-0.504,-0.4811748911693562,1980
Kırklareli,1983,2,-0.706,-0.523,-0.5028561516793082,1980
Kırklareli,1983,3,-0.964,-0.823,-0.7955298234177002,1980
Kırklareli,1983,4,-1.499,-1.487,-1.4454003077306306,1980
Kırklareli,1983,5,-1.699,-1.643,-1.5813105302043633,1980
Kırklareli,1983,6,-0.856,-0.863,-0.813059955390016,1980
Kırklareli,1983,7,-0.764,-0.854,-0.7719402659991376,1980
Kırklareli,1983,8,-0.814,-0.683,-0.8382568960839527,1980
Kırklareli,1983,9,-0.646,-0.642,-0.6037008441409372,1980
Kırklareli,1983,10,-0.931,-0.636,-0.8519803234844242,1980
Kırklareli,1983,11,-1.064,-0.918,-0.9338886908138515,1980
Kırklareli,1983,12,-1.492,-1.275,-1.3096873510677585,1980
Kırklareli,1984,1,-0.98,-0.83,-0.8525034957219003,1980
Kırklareli,1984,2,-0.847,-0.721,-0.7410735691422965,1980
Kırklareli,1984,3,0.007,0.287,0.2710755275045248,1980
Kırklareli,1984,4,0.383,0.83,0.788362860662524,1980
Kırklareli,1984,5,0.377,0.812,0.7465432265531181,1980
Kırklareli,1984,6,-0.386,-0.015,-0.09044663268732941,1980
Kırklareli,1984,7,-0.508,-0.077,-0.1809480648149793,1980
Kırklareli,1984,8,-0.269,0.17,0.03259108278566025,1980
Kırklareli,1984,9,-0.512,-0.144,-0.23910262295797732,1980
Kırklareli,1984,10,-0.772,-0.406,-0.6159789776214398,1980
Kırklareli,1984,11,-0.114,0.033,0.048353731946643205,1980
Kırklareli,1984,12,-0.298,-0.039,-0.038657573389327654,1980
Kırklareli,1985,1,-0.497,-0.228,-0.24478356574616542,1980
Kırklareli,1985,2,-0.274,0.027,0.06067067758996398,1980
Kırklareli,1985,3,-1.106,-0.79,-0.7687091592104193,1980
Kırklareli,1985,4,-1.103,-0.913,-0.8670626226343952,1980
Kırklareli,1985,5,-1.256,-1.139,-1.085140483101756,1980
Kırklareli,1985,6,-0.918,-0.822,-0.7521612550329717,1980
Kırklareli,1985,7,-0.913,-0.788,-0.7292760826726381,1980
Kırklareli,1985,8,-1.199,-1.052,-1.1269353230819592,1980
Kırklareli,1985,9,-1.238,-1.168,-1.0982810916587615,1980
Kırklareli,1985,10,-1.173,-0.701,-0.9323780338210277,1980
Kırklareli,1985,11,-0.947,-0.745,-0.7352704590212951,1980
Kırklareli,1985,12,-0.944,-0.763,-0.7119462523363966,1980
Kırklareli,1986,1,-0.946,-0.836,-0.767872303567411,1980
Kırklareli,1986,2,-0.771,-0.719,-0.7040706614985491,1980
Kırklareli,1986,3,-0.899,-0.854,-0.8452384183861981,1980
Kırklareli,1986,4,-1.276,-1.293,-1.289404089731336,1980
Kırklareli,1986,5,-1.204,-1.092,-1.1268572748677919,1980
Kırklareli,1986,6,-1.252,-1.231,-1.2415880223294677,1980
Kırklareli,1986,7,-1.26,-1.226,-1.2421800535158178,1980
Kırklareli,1986,8,-1.259,-1.142,-1.2909561003063772,1980
Kırklareli,1986,9,-1.356,-1.434,-1.408018051767588,1980
Kırklareli,1986,10,-1.094,-1.09,-1.2248549296201108,1980
Kırklareli,1986,11,-1.818,-1.683,-1.6716405822400888,1980
Kırklareli,1986,12,-0.972,-0.921,-0.9480637455514662,1980
Kırklareli,1987,1,-1.47,-1.388,-1.4386599764117123,1980
Kırklareli,1987,2,-1.672,-1.54,-1.5801458572872293,1980
Kırklareli,1987,3,-1.335,-1.139,-1.174463070185534,1980
Kırklareli,1987,4,-0.909,-0.51,-0.5791286575792456,1980
Kırklareli,1987,5,-0.569,-0.244,-0.3002037068869215,1980
Kırklareli,1987,6,-0.563,-0.174,-0.2224523723764716,1980
Kırklareli,1987,7,-0.632,-0.413,-0.39250490348608186,1980
Kırklareli,1987,8,-0.287,0.122,0.033904613289341114,1980
Kırklareli,1987,9,-0.314,0.06,0.03797048255438388,1980
Kırklareli,1987,10,-0.471,-0.001,-0.10996717091883457,1980
Kırklareli,1987,11,0.21,0.514,0.5492449869542533,1980
Kırklareli,1987,12,0.161,0.506,0.5472408448546746,1980
Kırklareli,1988,1,-0.173,0.094,0.1623910568207316,1980
Kırklareli,1988,2,0.011,0.273,0.33172800071713837,1980
Kırklareli,1988,3,0.155,0.313,0.3796953822995538,1980
Kırklareli,1988,4,-0.19,-0.086,-0.016854306026779595,1980
Kırklareli,1988,5,-0.088,-0.131,-0.05890699153110153,1980
Kırklareli,1988,6,0.304,0.412,0.47600898486765386,1980
Kırklareli,1988,7,0.32,0.388,0.4672909021931666,1980
Kırklareli,1988,8,0.275,0.173,0.28977872626853646,1980
Kırklareli,1988,9,0.355,0.342,0.4491069819913277,1980
Kırklareli,1988,10,0.171,0.136,0.22147877282537898,1980
Kırklareli,1988,11,0.354,0.505,0.5135467284849694,1980
Kırklareli,1988,12,0.326,0.549,0.5530687217172485,1980
Kırklareli,1989,1,0.218,0.504,0.48668085717830073,1980
Kırklareli,1989,2,-0.137,0.041,0.027835723395510333,1980
Kırklareli,1989,3,-0.342,-0.239,-0.23494165998887193,1980
Kırklareli,1989,4,-0.392,-0.521,-0.4554756706782799,1980
Kırklareli,1989,5,-0.681,-0.837,-0.8043089336210375,1980
Kırklareli,1989,6,-0.532,-0.538,-0.5362657413846467,1980
Kırklareli,1989,7,-0.608,-0.407,-0.4874317001993629,1980
Kırklareli,1989,8,-0.712,-0.35,-0.636418080759493,1980
Kırklareli,1989,9,-0.801,-0.561,-0.6777594359655763,1980
Kırklareli,1989,10,-0.548,-0.194,-0.43998987880390256,1980
Kırklareli,1989,11,-1.075,-0.928,-0.9898903917338873,1980
Kırklareli,1989,12,-1.345,-1.186,-1.2486683470259134,1980
Kırklareli,1990,1,-1.517,-1.375,-1.4465662930980308,1990
Kırklareli,1990,2,-1.215,-1.071,-1.1395396471432888,1990
Kırklareli,1990,3,-1.583,-1.386,-1.4761929584671787,1990
Kırklareli,1990,4,-0.996,-0.666,-0.810255402976538,1990
Kırklareli,1990,5,-0.833,-0.606,-0.7391593845644656,1990
Kırklareli,1990,6,-1.575,-1.337,-1.4598856503826863,1990
Kırklareli,1990,7,-1.348,-1.16,-1.2727526299587884,1990
Kırklareli,1990,8,-1.533,-1.115,-1.4012401737756592,1990
Kırklareli,1990,9,-1.212,-0.971,-1.1280140445791549,1990
Kırklareli,1990,10,-1.015,-0.603,-0.9726676792587331,1990
Kırklareli,1990,11,-1.075,-0.996,-1.0689189383966875,1990
Kırklareli,1990,12,-0.584,-0.492,-0.5545674525082636,1990
Kırklareli,1991,1,-0.61,-0.566,-0.6285348582829143,1990
Kırklareli,1991,2,-0.495,-0.394,-0.4501586530602299,1990
Kırklareli,1991,3,-0.42,-0.175,-0.23411950237118695,1990
Kırklareli,1991,4,-0.784,-0.481,-0.5447105517562999,1990
Kırklareli,1991,5,-0.364,-0.077,-0.1264953396632449,1990
Kırklareli,1991,6,-0.594,-0.301,-0.3235792756895472,1990
Kırklareli,1991,7,-0.419,-0.136,-0.13587736498032227,1990
Kırklareli,1991,8,-0.409,-0.065,-0.17751098000969326,1990
Kırklareli,1991,9,-0.732,-0.563,-0.5150278807201067,1990
Kırklareli,1991,10,-0.827,-0.504,-0.6244214047801967,1990
Kırklareli,1991,11,-0.368,-0.16,-0.10686186620241218,1990
Kırklareli,1991,12,-0.985,-0.613,-0.589507020460257,1990
Kırklareli,1992,1,-1.213,-0.846,-0.8268935230649531,1990
Kırklareli,1992,2,-1.271,-0.891,-0.8795142543019145,1990
Kırklareli,1992,3,-0.95,-0.566,-0.5509513599196822,1990
Kırklareli,1992,4,-0.94,-0.601,-0.5813246904064968,1990
Kırklareli,1992,5,-1.595,-1.259,-1.2514020007042035,1990
Kırklareli,1992,6,-0.642,-0.369,-0.34840567138495304,1990
Kırklareli,1992,7,-0.855,-0.442,-0.4794909738839864,1990
Kırklareli,1992,8,-0.878,-0.459,-0.649770169033246,1990
Kırklareli,1992,9,-1.065,-0.743,-0.7625230412275508,1990
Kırklareli,1992,10,-1.161,-0.698,-0.8973077414741407,1990
Kırklareli,1992,11,-1.106,-0.835,-0.8315099344664902,1990
Kırklareli,1992,12,-1.046,-0.759,-0.7483288135940458,1990
Kırklareli,1993,1,-1.1,-0.82,-0.8121847752254924,1990
Kırklareli,1993,2,-0.895,-0.613,-0.6031634314832359,1990
Kırklareli,1993,3,-1.167,-0.816,-0.8197235221829653,1990
Kırklareli,1993,4,-1.381,-0.986,-1.01253673600272,1990
Kırklareli,1993,5,-0.179,0.076,0.08987360026117552,1990
Kırklareli,1993,6,-0.702,-0.394,-0.3997935732792093,1990
Kırklareli,1993,7,-0.788,-0.514,-0.5105177130691778,1990
Kırklareli,1993,8,-0.604,-0.148,-0.326949946591356,1990
Kırklareli,1993,9,-0.617,-0.337,-0.3418047744658472,1990
Kırklareli,1993,10,-1.075,-0.6,-0.8183656393310803,1990
Kırklareli,1993,11,-1.313,-0.97,-0.9972696240932902,1990
Kırklareli,1993,12,-1.034,-0.785,-0.7625707921554665,1990
Kırklareli,1994,1,-1.093,-0.939,-0.9121100679963807,1990
Kırklareli,1994,2,-1.052,-0.934,-0.9300070796423607,1990
Kırklareli,1994,3,-1.207,-1.114,-1.1381206970895001,1990
Kırklareli,1994,4,-0.996,-0.977,-1.0238998242767994,1990
Kırklareli,1994,5,-2.399,-2.006,-2.0508590220499823,1990
Kırklareli,1994,6,-2.61,-2.302,-2.389465743466248,1990
Kırklareli,1994,7,-2.599,-2.272,-2.3687391071835,1990
Kırklareli,1994,8,-2.848,-3.293,-2.3858174145049023,1990
Kırklareli,1994,9,-3.025,-2.649,-2.6526377690152447,1990
Kırklareli,1994,10,-2.376,-2.793,-2.3151404690787807,1990
Kırklareli,1994,11,-1.795,-1.972,-1.9488798536634433,1990
Kırklareli,1994,12,-1.335,-1.735,-1.7505092958025223,1990
Kırklareli,1995,1,-0.704,-1.114,-1.1289832912083035,1990
Kırklareli,1995,2,-0.412,-0.84,-0.8218182815494891,1990
Kırklareli,1995,3,-0.052,-0.415,-0.364090969462027,1990
Kırklareli,1995,4,-0.025,-0.279,-0.22158954170428755,1990
Kırklareli,1995,5,0.001,-0.296,-0.23433709260442545,1990
Kırklareli,1995,6,0.188,-0.163,-0.01708804902851454,1990
Kırklareli,1995,7,0.449,0.183,0.32056238586549524,1990
Kırklareli,1995,8,0.568,0.346,0.5106144621040769,1990
Kırklareli,1995,9,0.859,1.012,1.004839839588875,1990
Kırklareli,1995,10,0.464,0.485,0.6175350158088206,1990
Kırklareli,1995,11,0.906,1.128,1.100335222307501,1990
Kırklareli,1995,12,0.592,0.796,0.7813978636279171,1990
Kırklareli,1996,1,0.0,0.213,0.17569265286263855,1990
Kırklareli,1996,2,0.287,0.569,0.5280334983610938,1990
Kırklareli,1996,3,0.105,0.518,0.46985098674987663,1990
Kırklareli,1996,4,0.163,0.605,0.5570486442387601,1990
Kırklareli,1996,5,0.112,0.302,0.2935987043335546,1990
Kırklareli,1996,6,-0.251,-0.005,-0.03378246770055895,1990
Kırklareli,1996,7,-0.701,-0.558,-0.5692613058883587,1990
Kırklareli,1996,8,-0.702,-0.447,-0.6502685236021183,1990
Kırklareli,1996,9,-0.809,-0.654,-0.6888847718343456,1990
Kırklareli,1996,10,-0.983,-0.613,-0.8660025381809978,1990
Kırklareli,1996,11,-1.324,-1.229,-1.2081648119767092,1990
Kırklareli,1996,12,-1.088,-1.056,-1.0113005817913194,1990
Kırklareli,1997,1,-1.314,-1.374,-1.3098318992616436,1990
Kırklareli,1997,2,-1.66,-1.648,-1.5948805591405852,1990
Kırklareli,1997,3,-1.374,-1.484,-1.4189120673913833,1990
Kırklareli,1997,4,-1.254,-1.289,-1.2236395979556844,1990
Kırklareli,1997,5,-0.966,-0.985,-0.9221637258074089,1990
Kırklareli,1997,6,-0.841,-0.837,-0.7553727146550283,1990
Kırklareli,1997,7,-0.507,-0.41,-0.34436897051945137,1990
Kırklareli,1997,8,-0.142,0.118,0.0979395832476006,1990
Kırklareli,1997,9,-0.448,-0.182,-0.16401568029793745,1990
Kırklareli,1997,10,0.238,0.448,0.6475536411334558,1990
Kırklareli,1997,11,0.098,0.409,0.44175198063445603,1990
Kırklareli,1997,12,0.407,0.802,0.8275679688668618,1990
Kırklareli,1998,1,0.625,1.037,1.0622236970132042,1990
Kırklareli,1998,2,0.703,1.046,1.0709086244358599,1990
Kırklareli,1998,3,0.54,0.923,0.9355318170057805,1990
Kırklareli,1998,4,0.254,0.477,0.5125860341359814,1990
Kırklareli,1998,5,0.481,0.783,0.7608614630590473,1990
Kırklareli,1998,6,0.87,1.21,1.186417410125253,1990
Kırklareli,1998,7,0.706,0.995,0.9825486094417675,1990
Kırklareli,1998,8,0.529,0.462,0.6605942123978159,1990
Kırklareli,1998,9,1.161,1.261,1.3302729399855417,1990
Kırklareli,1998,10,1.543,1.04,1.7155643062599801,1990
Kırklareli,1998,11,1.61,1.676,1.7241213130640531,1990
Kırklareli,1998,12,1.495,1.511,1.5241329839309175,1990
Kırklareli,1999,1,1.83,1.792,1.81184709990085,1990
Kırklareli,1999,2,1.762,1.789,1.7989999905907532,1990
Kırklareli,1999,3,1.776,1.715,1.7232079142758807,1990
Kırklareli,1999,4,1.896,1.812,1.8131478014907756,1990
Kırklareli,1999,5,1.88,2.001,2.004337264249025,1990
Kırklareli,1999,6,1.846,1.85,1.841876771928614,1990
Kırklareli,1999,7,1.991,1.943,1.9436069478917648,1990
Kırklareli,1999,8,1.838,1.222,1.9711356383072858,1990
Kırklareli,1999,9,1.435,1.466,1.4698841606558204,1990
Kırklareli,1999,10,0.734,0.497,0.6589987522850027,1990
Kırklareli,1999,11,0.647,0.591,0.5499251501899255,1990
Kırklareli,1999,12,0.452,0.351,0.34078090121423243,1990
Kırklareli,2000,1,0.051,-0.098,-0.11461997627259977,2000
Kırklareli,2000,2,0.014,-0.193,-0.2027715452459675,2000
Kırklareli,2000,3,-0.091,-0.25,-0.2651373638228349,2000
Kırklareli,2000,4,-0.051,-0.271,-0.26286272011387607,2000
Kırklareli,2000,5,-0.334,-0.693,-0.6888576851528859,2000
Kırklareli,2000,6,-0.828,-1.118,-1.140653185116049,2000
Kırklareli,2000,7,-0.936,-1.259,-1.262846518352733,2000
Kırklareli,2000,8,-0.796,-0.924,-1.133482797775795,2000
Kırklareli,2000,9,-0.86,-1.129,-1.169444455463319,2000
Kırklareli,2000,10,-1.02,-1.013,-1.2861858878506962,2000
Kırklareli,2000,11,-1.468,-1.628,-1.6275783592295545,2000
Kırklareli,2000,12,-1.766,-2.017,-2.0261866831200632,2000
Kırklareli,2001,1,-2.119,-2.459,-2.460300120939916,2000
Kırklareli,2001,2,-2.175,-2.304,-2.32945420868836,2000
Kırklareli,2001,3,-2.392,-2.654,-2.6842368787008852,2000
Kırklareli,2001,4,-2.435,-2.569,-2.6852747239625967,2000
Kırklareli,2001,5,-2.622,-2.322,-2.3647514273779593,2000
Kırklareli,2001,6,-2.652,-2.627,-2.68987732198055,2000
Kırklareli,2001,7,-2.822,-2.578,-2.6850263506069285,2000
Kırklareli,2001,8,-3.12,-4.753,-2.62758739347649,2000
Kırklareli,2001,9,-2.816,-2.618,-2.658107840092081,2000
Kırklareli,2001,10,-3.13,-4.753,-2.780652215051693,2000
Kırklareli,2001,11,-2.536,-2.455,-2.439395117398066,2000
Kırklareli,2001,12,-2.008,-2.464,-2.458373413947097,2000
Kırklareli,2002,1,-2.303,-2.701,-2.694858183682151,2000
Kırklareli,2002,2,-2.051,-2.338,-2.33373730697965,2000
Kırklareli,2002,3,-1.86,-2.145,-2.1698880881574825,2000
Kırklareli,2002,4,-2.169,-2.332,-2.3919569405384022,2000
Kırklareli,2002,5,-1.987,-1.987,-1.981980736810033,2000
Kırklareli,2002,6,-1.869,-2.133,-2.0999362680041234,2000
Kırklareli,2002,7,-1.471,-1.696,-1.7126868824864445,2000
Kırklareli,2002,8,-1.207,-1.2,-1.4075858500613492,2000
Kırklareli,2002,9,-0.285,-0.403,-0.4845071302922898,2000
Kırklareli,2002,10,0.065,0.079,-0.05987740829609569,2000
Kırklareli,2002,11,0.338,0.259,0.23215097845344632,2000
Kırklareli,2002,12,0.149,0.109,0.07408177386538391,2000
Kırklareli,2003,1,0.962,0.914,0.9082718983878588,2000
Kırklareli,2003,2,1.031,1.087,1.094818093209491,2000
Kırklareli,2003,3,0.774,0.942,0.9429174469984626,2000
Kırklareli,2003,4,1.176,1.336,1.3471387621799384,2000
Kırklareli,2003,5,1.338,1.471,1.5326801840308912,2000
Kırklareli,2003,6,1.328,1.368,1.4416279929175198,2000
Kırklareli,2003,7,1.228,1.325,1.3765588128596264,2000
Kırklareli,2003,8,1.05,0.711,1.1691318385935592,2000
Kırklareli,2003,9,0.068,-0.088,0.03537362821220276,2000
Kırklareli,2003,10,0.392,0.246,0.4232118567319148,2000
Kırklareli,2003,11,-0.14,-0.245,-0.16703204618552192,2000
Kırklareli,2003,12,-0.08,-0.104,-0.01173133144063278,2000
Kırklareli,2004,1,-0.537,-0.609,-0.5217660008117759,2000
Kırklareli,2004,2,-0.813,-0.956,-0.9127014415256437,2000
Kırklareli,2004,3,-0.592,-0.835,-0.7692425051017904,2000
Kırklareli,2004,4,-1.113,-1.459,-1.392318017193657,2000
Kırklareli,2004,5,-1.252,-1.332,-1.324637948805634,2000
Kırklareli,2004,6,-0.391,-0.364,-0.39108443890542305,2000
Kırklareli,2004,7,-0.446,-0.31,-0.3793354867596533,2000
Kırklareli,2004,8,0.11,0.349,0.2956687173730677,2000
Kırklareli,2004,9,-0.025,0.23,0.1322399081518348,2000
Kırklareli,2004,10,-0.747,-0.441,-0.7093132075779782,2000
Kırklareli,2004,11,-0.49,-0.396,-0.442773827318833,2000
Kırklareli,2004,12,-0.33,-0.163,-0.18845472917137795,2000
Kırklareli,2005,1,-0.399,-0.295,-0.31748164408056395,2000
Kırklareli,2005,2,0.284,0.451,0.44502901093527814,2000
Kırklareli,2005,3,0.189,0.405,0.39551885865634184,2000
Kırklareli,2005,4,0.193,0.391,0.3937021479265226,2000
Kırklareli,2005,5,0.373,0.39,0.4282242741016808,2000
Kırklareli,2005,6,-0.379,-0.356,-0.3475628438127182,2000
Kırklareli,2005,7,-0.135,-0.197,-0.13870396840178426,2000
Kırklareli,2005,8,-0.433,-0.433,-0.5652224016980981,2000
Kırklareli,2005,9,-0.115,-0.277,-0.18686155812013228,2000
Kırklareli,2005,10,0.053,0.077,0.0676810077468658,2000
Kırklareli,2005,11,0.788,0.929,0.9383216281307288,2000
Kırklareli,2005,12,1.32,1.407,1.415438406859955,2000
Kırklareli,2006,1,1.083,1.277,1.2865738761711998,2000
Kırklareli,2006,2,0.642,0.825,0.8306130076527989,2000
Kırklareli,2006,3,1.344,1.429,1.4479828762353122,2000
Kırklareli,2006,4,1.37,1.427,1.4573622297825999,2000
Kırklareli,2006,5,1.087,1.272,1.2913868777574842,2000
Kırklareli,2006,6,1.416,1.523,1.5517836395856077,2000
Kırklareli,2006,7,1.512,1.67,1.6730964394754848,2000
Kırklareli,2006,8,1.401,1.03,1.6447812467558605,2000
Kırklareli,2006,9,1.694,1.883,1.9023315875101463,2000
Kırklareli,2006,10,1.706,1.194,1.9458982428984293,2000
Kırklareli,2006,11,0.947,1.072,1.0938163429823795,2000
Kırklareli,2006,12,0.159,0.294,0.2978997593233415,2000
Kırklareli,2007,1,0.455,0.507,0.5214094627145994,2000
Kırklareli,2007,2,0.437,0.422,0.4346367773743874,2000
Kırklareli,2007,3,-0.205,-0.276,-0.29023570217735384,2000
Kırklareli,2007,4,-0.291,-0.257,-0.3228109723139546,2000
Kırklareli,2007,5,0.247,0.168,0.11916632708459766,2000
Kırklareli,2007,6,-0.021,-0.217,-0.22652152166738562,2000
Kırklareli,2007,7,-0.633,-1.076,-1.028094676894177,2000
Kırklareli,2007,8,-0.508,-0.775,-0.9408261087466347,2000
Kırklareli,2007,9,-0.842,-1.255,-1.2494512838494152,2000
Kırklareli,2007,10,-0.597,-0.845,-1.0549168275800405,2000
Kırklareli,2007,11,-0.056,-0.437,-0.4312261124906745,2000
Kırklareli,2007,12,0.187,-0.017,-0.02265323141534319,2000
Kırklareli,2008,1,-0.224,-0.473,-0.5082124936692364,2000
Kırklareli,2008,2,-0.428,-0.673,-0.7067566246585164,2000
Kırklareli,2008,3,-0.41,-0.707,-0.7193680330582557,2000
Kırklareli,2008,4,-0.06,-0.4,-0.37404544973580284,2000
Kırklareli,2008,5,-0.664,-0.997,-1.016272210894159,2000
Kırklareli,2008,6,-0.45,-0.674,-0.7237043316682733,2000
Kırklareli,2008,7,-0.372,-0.444,-0.5521188690690996,2000
Kırklareli,2008,8,-0.241,-0.204,-0.46736606633767896,2000
Kırklareli,2008,9,-0.007,-0.068,-0.16881283703558986,2000
Kırklareli,2008,10,-0.423,-0.348,-0.6461571971957755,2000
Kırklareli,2008,11,-1.002,-1.124,-1.1886283807240754,2000
Kırklareli,2008,12,-1.11,-1.303,-1.3513394206297198,2000
Kırklareli,2009,1,-0.687,-0.95,-0.9958656022054602,2000
Kırklareli,2009,2,0.238,0.102,0.07639678393988483,2000
Kırklareli,2009,3,0.286,0.274,0.2316992988535289,2000
Kırklareli,2009,4,0.086,0.115,0.05298115647456798,2000
Kırklareli,2009,5,0.254,0.141,0.0957592218699875,2000
Kırklareli,2009,6,0.067,-0.008,-0.056941082122784335,2000
Kırklareli,2009,7,0.62,0.56,0.5523438041766905,2000
Kırklareli,2009,8,0.252,0.204,0.12697754534356084,2000
Kırklareli,2009,9,0.664,0.679,0.6321453588263873,2000
Kırklareli,2009,10,1.241,0.86,1.288374417427565,2000
Kırklareli,2009,11,1.225,1.251,1.2335765931956062,2000
Kırklareli,2009,12,1.594,1.498,1.4969480753807196,2000
Kırklareli,2010,1,1.498,1.455,1.4485533782844942,2010
Kırklareli,2010,2,1.611,1.546,1.5397136968516087,2010
Kırklareli,2010,3,1.672,1.568,1.5562437984763027,2010
Kırklareli,2010,4,1.79,1.643,1.6315864187158153,2010
Kırklareli,2010,5,1.605,1.6,1.5801929634082568,2010
Kırklareli,2010,6,1.645,1.6,1.5641397021147716,2010
Kırklareli,2010,7,1.396,1.365,1.3166649030047068,2010
Kırklareli,2010,8,1.392,0.79,1.243792503768295,2010
Kırklareli,2010,9,0.658,0.202,0.28422811625557964,2010
Kırklareli,2010,10,0.517,0.154,0.13875821558690846,2010
Kırklareli,2010,11,0.901,0.555,0.6003931794941946,2010
Kırklareli,2010,12,0.763,0.502,0.5249604926189632,2010
Kırklareli,2011,1,0.662,0.31,0.34835207957595804,2010
Kırklareli,2011,2,-0.236,-0.7,-0.6605625428375814,2010
Kırklareli,2011,3,-0.645,-1.142,-1.0813660085052936,2010
Kırklareli,2011,4,-0.665,-1.052,-0.9847119263955023,2010
Kırklareli,2011,5,-0.622,-0.992,-0.9154830437878602,2010
Kırklareli,2011,6,-0.795,-1.137,-1.0406728745369254,2010
Kırklareli,2011,7,-0.867,-1.229,-1.118214119203575,2010
Kırklareli,2011,8,-0.795,-0.704,-0.9308527865820094,2010
Kırklareli,2011,9,-0.67,-0.882,-0.8313519508056637,2010
Kırklareli,2011,10,-0.216,-0.289,-0.34864823456991306,2010
Kırklareli,2011,11,-0.927,-0.908,-0.9177651811761329,2010
Kırklareli,2011,12,-0.665,-0.595,-0.584177188003681,2010
Kırklareli,2012,1,0.017,0.19,0.19667958504568214,2010
Kırklareli,2012,2,-0.005,0.153,0.1625994187969468,2010
Kırklareli,2012,3,-0.053,0.132,0.11539936544971921,2010
Kırklareli,2012,4,0.028,0.084,0.06894804699025571,2010
Kırklareli,2012,5,0.775,0.843,0.813095498976996,2010
Kırklareli,2012,6,0.706,0.674,0.6780440232064926,2010
Kırklareli,2012,7,0.475,0.277,0.3310630679978666,2010
Kırklareli,2012,8,0.506,0.176,0.25553184194960715,2010
Kırklareli,2012,9,0.326,0.007,0.06028454783135881,2010
Kırklareli,2012,10,0.393,-0.063,-0.0244763729428743,2010
Kırklareli,2012,11,0.681,0.144,0.30231046823053354,2010
Kırklareli,2012,12,1.335,1.015,1.1063301309234352,2010
Kırklareli,2013,1,1.206,0.806,0.9221315066321977,2010
Kırklareli,2013,2,1.62,1.182,1.2865347053016625,2010
Kırklareli,2013,3,1.926,1.404,1.5138416654469005,2010
Kırklareli,2013,4,1.808,1.273,1.4084845462786881,2010
Kırklareli,2013,5,1.221,0.476,0.7257624749897125,2010
Kırklareli,2013,6,1.692,1.206,1.3575658183098098,2010
Kırklareli,2013,7,1.737,1.395,1.474560644330809,2010
Kırklareli,2013,8,1.664,0.925,1.5005707054059039,2010
Kırklareli,2013,9,1.734,1.512,1.5658992774207527,2010
Kırklareli,2013,10,1.347,0.831,1.229047785711887,2010
Kırklareli,2013,11,1.417,1.32,1.3005589439833252,2010
Kırklareli,2013,12,0.055,-0.135,-0.1865252457459752,2010
Kırklareli,2014,1,0.075,-0.227,-0.26775692821355795,2010
Kırklareli,2014,2,-0.546,-0.953,-0.9895483148688238,2010
Kırklareli,2014,3,-0.419,-0.851,-0.8780316747560287,2010
Kırklareli,2014,4,-0.058,-0.4,-0.4316031517322418,2010
Kırklareli,2014,5,0.424,0.248,0.16103831670208132,2010
Kırklareli,2014,6,0.886,0.864,0.7896240767098565,2010
Kırklareli,2014,7,0.97,0.896,0.8466527612182254,2010
Kırklareli,2014,8,0.994,0.655,0.8787421497487308,2010
Kırklareli,2014,9,1.59,1.596,1.5485877995617907,2010
Kırklareli,2014,10,1.992,1.252,1.978769629980718,2010
Kırklareli,2014,11,1.764,1.753,1.709831491442401,2010
Kırklareli,2014,12,2.448,2.059,2.0448520518130184,2010
Kırklareli,2015,1,2.354,2.059,2.0386235851832177,2010
Kırklareli,2015,2,2.545,2.264,2.23842833461766,2010
Kırklareli,2015,3,2.423,2.157,2.1180248830305772,2010
Kırklareli,2015,4,2.44,2.204,2.1546263132823937,2010
Kırklareli,2015,5,2.055,2.127,2.089891849728674,2010
Kırklareli,2015,6,1.44,1.467,1.4037592344130891,2010
Kırklareli,2015,7,1.351,1.316,1.2738506197225183,2010
Kırklareli,2015,8,1.419,0.932,1.3972933192198338,2010
Kırklareli,2015,9,0.991,0.796,0.8070283005077461,2010
Kırklareli,2015,10,0.765,0.386,0.5018187458383906,2010
Kırklareli,2015,11,0.526,0.168,0.1935648147680699,2010
Kırklareli,2015,12,-0.457,-0.86,-0.8558633354186876,2010
Kırklareli,2016,1,0.198,-0.143,-0.13557366598770226,2010
Kırklareli,2016,2,0.298,-0.126,-0.08950731578348196,2010
Kırklareli,2016,3,0.185,-0.317,-0.2680326363954341,2010
Kırklareli,2016,4,0.021,-0.741,-0.6362591856818522,2010
Kırklareli,2016,5,0.345,-0.26,-0.22051923184621758,2010
Kırklareli,2016,6,0.045,-0.715,-0.6129410415189274,2010
Kırklareli,2016,7,0.029,-0.723,-0.6311860019097622,2010
Kırklareli,2016,8,0.015,-0.55,-0.6873818259537139,2010
Kırklareli,2016,9,-0.107,-0.804,-0.7787644922403045,2010
Kırklareli,2016,10,-0.149,-0.674,-0.8656797250580289,2010
Kırklareli,2016,11,-0.068,-0.627,-0.6460635170461543,2010
Kırklareli,2016,12,-0.008,-0.398,-0.4264684810173502,2010
Kırklareli,2017,1,-0.521,-1.042,-1.0595588102163247,2010
Kırklareli,2017,2,-0.737,-1.121,-1.1653125898554073,2010
Kırklareli,2017,3,-0.69,-1.073,-1.1164456863669638,2010
Kırklareli,2017,4,-0.409,-0.594,-0.68419413824371,2010
Kırklareli,2017,5,-0.734,-1.026,-1.0907444240663866,2010
Kırklareli,2017,6,-0.637,-0.89,-0.974586297626687,2010
Kırklareli,2017,7,-0.145,-0.325,-0.4114310271860111,2010
Kırklareli,2017,8,-0.171,-0.259,-0.5109320537191104,2010
Kırklareli,2017,9,-0.042,-0.356,-0.3907994106475352,2010
Kırklareli,2017,10,0.296,0.063,-0.012826031967678085,2010
Kırklareli,2017,11,0.508,0.298,0.2802255637838378,2010
Kırklareli,2017,12,1.306,1.115,1.1362663717357928,2010
Kırklareli,2018,1,1.359,1.102,1.118742300665403,2010
Kırklareli,2018,2,1.329,1.081,1.0978053707073157,2010
Kırklareli,2018,3,2.235,1.859,1.8745330903325452,2010
Kırklareli,2018,4,1.829,1.404,1.4654154429990571,2010
Kırklareli,2018,5,1.855,1.445,1.5564599117381914,2010
Kırklareli,2018,6,2.437,1.977,2.0389696310998717,2010
Kırklareli,2018,7,2.663,2.195,2.2371446289745527,2010
Kırklareli,2018,8,2.603,1.434,2.4363962400208887,2010
Kırklareli,2018,9,2.557,2.295,2.3047494980829857,2010
Kırklareli,2018,10,2.218,1.235,2.0079856545594628,2010
Kırklareli,2018,11,2.175,1.898,1.924931584301824,2010
Kırklareli,2018,12,1.593,1.321,1.3085339462129784,2010
Kırklareli,2019,1,1.997,1.656,1.6519622861144196,2010
Kırklareli,2019,2,1.724,1.461,1.450939985096026,2010
Kırklareli,2019,3,0.629,0.297,0.2646687898318785,2010
Kırklareli,2019,4,0.874,0.785,0.7014017786012693,2010
Kırklareli,2019,5,0.906,0.892,0.7552147964839873,2010
Kırklareli,2019,6,0.311,0.109,0.005943707642576529,2010
Kırklareli,2019,7,0.055,-0.176,-0.2964729185846219,2010
Kırklareli,2019,8,0.273,0.103,-0.0834673834638688,2010
Kırklareli,2019,9,0.32,0.132,-0.008894334481901373,2010
Kırklareli,2019,10,0.676,0.397,0.39405978465593056,2010
Kırklareli,2019,11,0.111,-0.259,-0.3188535103745158,2010
Kırklareli,2019,12,0.083,-0.256,-0.286916446745163,2010
Kırklareli,2020,1,-0.664,-1.206,-1.246213341446926,2020
Kırklareli,2020,2,-0.463,-0.964,-0.9929683050007962,2020
Kırklareli,2020,3,-0.413,-0.904,-0.9286887205710317,2020
Kırklareli,2020,4,-0.377,-0.842,-0.8706277555533566,2020
Kırklareli,2020,5,-0.3,-0.791,-0.8161462845425388,2020
Kırklareli,2020,6,0.17,0.0,-0.10291951155288313,2020
Kırklareli,2020,7,-0.328,-0.632,-0.7169791439644104,2020
Kırklareli,2020,8,-0.533,-0.678,-0.9738542231232152,2020
Kırklareli,2020,9,-0.568,-1.016,-1.0552337814500115,2020
Kırklareli,2020,10,-0.747,-1.085,-1.276291468756647,2020
Kırklareli,2020,11,-0.965,-1.27,-1.3266215753394788,2020
Kırklareli,2020,12,-0.869,-1.232,-1.2805612400100994,2020
Kırklareli,2021,1,0.253,-0.05,-0.06971610030888283,2020
Kırklareli,2021,2,0.591,0.333,0.3350534685184098,2020
Kırklareli,2021,3,0.664,0.514,0.5174770983078039,2020
Kırklareli,2021,4,0.859,0.733,0.7557306001866262,2020
Kırklareli,2021,5,0.61,0.338,0.3825380286450149,2020
Kırklareli,2021,6,0.52,0.318,0.3606168193222834,2020
Kırklareli,2021,7,0.545,0.227,0.32319848454639294,2020
Kırklareli,2021,8,0.621,0.217,0.348974401648887,2020
Kırklareli,2021,9,0.563,0.322,0.38129109350305296,2020
Kırklareli,2021,10,0.463,0.305,0.3448214044008795,2020
Kırklareli,2021,11,1.045,1.002,1.0138701375227555,2020
Kırklareli,2021,12,1.852,1.695,1.702564776495853,2020
Kırklareli,2022,1,0.907,0.95,0.9317885814526724,2020
Kırklareli,2022,2,1.1,1.137,1.1200622425009938,2020
Kırklareli,2022,3,0.953,1.021,1.0008688751688903,2020
Kırklareli,2022,4,0.899,0.899,0.8942779494903205,2020
Kırklareli,2022,5,0.858,0.845,0.8222881714100831,2020
Kırklareli,2022,6,0.443,0.304,0.30781477812626157,2020
Kırklareli,2022,7,0.55,0.5,0.4698436722318345,2020
Kırklareli,2022,8,0.699,0.499,0.6293249959522799,2020
Kırklareli,2022,9,0.91,0.902,0.8722735261150654,2020
Kırklareli,2022,10,0.642,0.378,0.48381923834120194,2020
Kırklareli,2022,11,0.142,-0.111,-0.12049627192570597,2020
Kırklareli,2022,12,-0.596,-0.894,-0.8938614568792673,2020
Kırklareli,2023,1,-0.612,-1.058,-1.0446916026781263,2020
Kırklareli,2023,2,-1.715,-1.976,-1.9903950581301229,2020
Kırklareli,2023,3,-1.329,-1.782,-1.8133175509457555,2020
Kırklareli,2023,4,-0.965,-1.352,-1.428551693422983,2020
Kırklareli,2023,5,-0.817,-1.092,-1.1953319093292492,2020
Kırklareli,2023,6,-0.766,-0.967,-1.1264505100775795,2020
Kırklareli,2023,7,-0.763,-1.063,-1.1714838429356527,2020
Kırklareli,2023,8,-1.095,-1.306,-1.4956603487422366,2020
Kırklareli,2023,9,-1.377,-1.755,-1.7964355977197652,2020
Kırklareli,2023,10,-1.466,-1.951,-1.9013949790736544,2020
Kırklareli,2023,11,-0.168,-0.728,-0.714409248705185,2020
Kırklareli,2023,12,0.019,-0.412,-0.4057351708084051,2020
Kırklareli,2024,1,0.267,-0.137,-0.14952306294080392,2020
Kırklareli,2024,2,0.348,-0.113,-0.10783707897397055,2020
Kırklareli,2024,3,0.421,-0.042,-0.03438981611898327,2020
Kırklareli,2024,4,-0.078,-0.853,-0.8106469162071875,2020
Kırklareli,2024,5,0.102,-0.685,-0.6583820616395202,2020
Kırklareli,2024,6,-0.145,-1.21,-1.0616888457784637,2020
Kırklareli,2024,7,-0.267,-1.383,-1.2217645266181627,2020
Kırklareli,2024,8,-0.222,-1.151,-1.1750686219275797,2020
Kırklareli,2024,9,0.098,-0.985,-0.8467057386379325,2020
Kırklareli,2024,10,0.089,-0.718,-0.856113441434834,2020
Kırklareli,2024,11,-1.021,-1.743,-1.722161621240315,2020
Kırklareli,2024,12,-1.297,-2.161,-2.148927884284506,2020
Lüleburgaz,1965,12,1.371,0.986,1.003159051008772,1960
Lüleburgaz,1966,1,2.079,1.428,1.4325447260093664,1960
Lüleburgaz,1966,2,1.49,1.083,1.090360196329222,1960
Lüleburgaz,1966,3,1.516,1.096,1.0947184940250823,1960
Lüleburgaz,1966,4,1.309,0.894,0.9089332689706887,1960
Lüleburgaz,1966,5,1.418,0.923,0.8898777113597688,1960
Lüleburgaz,1966,6,1.426,1.567,1.5025400296798928,1960
Lüleburgaz,1966,7,1.419,1.513,1.4516241653117365,1960
Lüleburgaz,1966,8,1.497,1.501,1.4604506626594,1960
Lüleburgaz,1966,9,1.39,1.47,1.398578364298853,1960
Lüleburgaz,1966,10,1.752,1.064,1.0475444398433333,1960
Lüleburgaz,1966,11,1.808,1.005,0.9815278374713454,1960
Lüleburgaz,1966,12,1.824,1.077,1.065453069937948,1960
Lüleburgaz,1967,1,1.609,1.08,1.050201222037662,1960
Lüleburgaz,1967,2,1.607,1.126,1.0903902676911272,1960
Lüleburgaz,1967,3,1.345,0.988,0.9606173438600976,1960
Lüleburgaz,1967,4,1.35,0.951,0.9514573193653529,1960
Lüleburgaz,1967,5,1.119,0.758,0.7518400016907719,1960
Lüleburgaz,1967,6,1.419,1.447,1.4871774861113072,1960
Lüleburgaz,1967,7,1.539,1.566,1.5953664463849613,1960
Lüleburgaz,1967,8,1.598,1.672,1.6825855653182025,1960
Lüleburgaz,1967,9,1.575,1.612,1.6679915082150498,1960
Lüleburgaz,1967,10,1.431,1.007,1.0182017077056167,1960
Lüleburgaz,1967,11,0.557,0.546,0.5401537918743108,1960
Lüleburgaz,1967,12,0.157,0.319,0.32388581356274054,1960
Lüleburgaz,1968,1,0.499,0.565,0.567682638515242,1960
Lüleburgaz,1968,2,0.381,0.423,0.4276112061639311,1960
Lüleburgaz,1968,3,0.558,0.56,0.5583953450430893,1960
Lüleburgaz,1968,4,0.332,0.351,0.35900383650806983,1960
Lüleburgaz,1968,5,0.235,0.225,0.2465376517051241,1960
Lüleburgaz,1968,6,-0.085,-0.142,-0.09714387539144735,1960
Lüleburgaz,1968,7,-0.237,-0.338,-0.269892208171661,1960
Lüleburgaz,1968,8,-0.285,-0.336,-0.2978190320758728,1960
Lüleburgaz,1968,9,-0.094,-0.129,-0.11135979292546265,1960
Lüleburgaz,1968,10,-0.241,-0.103,-0.12425430820729659,1960
Lüleburgaz,1968,11,-0.285,-0.116,-0.1318147532216757,1960
Lüleburgaz,1968,12,-0.084,0.04,0.011220996204967675,1960
Lüleburgaz,1969,1,-0.825,-0.611,-0.6472378594449213,1960
Lüleburgaz,1969,2,-0.322,-0.196,-0.22331782910778658,1960
Lüleburgaz,1969,3,-0.46,-0.266,-0.29446290534489683,1960
Lüleburgaz,1969,4,-0.247,0.009,-0.034488205308448795,1960
Lüleburgaz,1969,5,-0.314,0.036,-0.009843232002359757,1960
Lüleburgaz,1969,6,-0.436,-0.19,-0.24877789609757867,1960
Lüleburgaz,1969,7,-0.183,0.238,0.14291496522113156,1960
Lüleburgaz,1969,8,-0.106,0.243,0.17660130076431838,1960
Lüleburgaz,1969,9,-0.416,-0.146,-0.19880013870780133,1960
Lüleburgaz,1969,10,-0.208,0.07,0.045732850767512614,1960
Lüleburgaz,1969,11,-0.247,0.058,0.0400194158448619,1960
Lüleburgaz,1969,12,-0.187,0.048,0.04739286794622864,1960
Lüleburgaz,1970,1,-0.164,-0.021,-0.010166060935393949,1970
Lüleburgaz,1970,2,-0.063,0.026,0.03776360451634186,1970
Lüleburgaz,1970,3,0.104,0.102,0.12391494977814235,1970
Lüleburgaz,1970,4,0.32,0.141,0.19218859081732956,1970
Lüleburgaz,1970,5,0.58,0.425,0.4333799189715027,1970
Lüleburgaz,1970,6,0.764,0.879,0.865142874251,1970
Lüleburgaz,1970,7,0.544,0.507,0.558703875175115,1970
Lüleburgaz,1970,8,0.614,0.539,0.6014472419410657,1970
Lüleburgaz,1970,9,0.516,0.498,0.5226810409037113,1970
Lüleburgaz,1970,10,0.72,0.531,0.5317304348480085,1970
Lüleburgaz,1970,11,1.353,0.865,0.8437795499352149,1970
Lüleburgaz,1970,12,0.735,0.591,0.5691749883876706,1970
Lüleburgaz,1971,1,0.829,0.669,0.6501317116356532,1970
Lüleburgaz,1971,2,0.822,0.672,0.6506804022486242,1970
Lüleburgaz,1971,3,1.298,0.981,0.9671963877963322,1970
Lüleburgaz,1971,4,1.095,0.877,0.8710783509321635,1970
Lüleburgaz,1971,5,1.448,0.967,0.9485516892738582,1970
Lüleburgaz,1971,6,1.446,1.536,1.562380925101313,1970
Lüleburgaz,1971,7,1.543,1.661,1.6615256970559897,1970
Lüleburgaz,1971,8,1.568,1.697,1.6937285608002999,1970
Lüleburgaz,1971,9,1.664,1.8,1.8060755903991375,1970
Lüleburgaz,1971,10,1.461,1.061,1.0556946806923713,1970
Lüleburgaz,1971,11,1.348,0.944,0.9294877340957372,1970
Lüleburgaz,1971,12,1.315,0.962,0.9718080868482766,1970
Lüleburgaz,1972,1,0.88,0.86,0.8399353936819433,1970
Lüleburgaz,1972,2,0.414,0.573,0.5402972036865148,1970
Lüleburgaz,1972,3,-0.415,-0.005,-0.05569913679109377,1970
Lüleburgaz,1972,4,-0.244,0.035,0.0038740629857796265,1970
Lüleburgaz,1972,5,-0.738,-0.253,-0.3002934276111903,1970
Lüleburgaz,1972,6,-0.908,-0.632,-0.6910842334913989,1970
Lüleburgaz,1972,7,-0.7,-0.516,-0.5398761747033158,1970
Lüleburgaz,1972,8,-0.889,-0.709,-0.7348072221177964,1970
Lüleburgaz,1972,9,-0.527,-0.403,-0.42578107979104285,1970
Lüleburgaz,1972,10,-0.043,0.082,0.07621379047729147,1970
Lüleburgaz,1972,11,-0.479,-0.215,-0.22288956015939584,1970
Lüleburgaz,1972,12,-0.836,-0.514,-0.5429889164237524,1970
Lüleburgaz,1973,1,-0.728,-0.48,-0.5029440912768102,1970
Lüleburgaz,1973,2,-0.151,-0.07,-0.07152734958854615,1970
Lüleburgaz,1973,3,0.125,0.185,0.18707480855894598,1970
Lüleburgaz,1973,4,-0.0,0.15,0.14395108930127193,1970
Lüleburgaz,1973,5,-0.073,0.101,0.11092857300782617,1970
Lüleburgaz,1973,6,0.171,0.496,0.4574217173837387,1970
Lüleburgaz,1973,7,-0.062,0.282,0.25541557409138543,1970
Lüleburgaz,1973,8,-0.207,0.244,0.17435659331260658,1970
Lüleburgaz,1973,9,-0.644,-0.289,-0.33514425599291015,1970
Lüleburgaz,1973,10,-0.952,-0.473,-0.4798669599509055,1970
Lüleburgaz,1973,11,-1.016,-0.437,-0.447499367671166,1970
Lüleburgaz,1973,12,-0.798,-0.321,-0.3296395667559262,1970
Lüleburgaz,1974,1,-1.147,-0.653,-0.657762666381412,1970
Lüleburgaz,1974,2,-1.75,-1.182,-1.1955457305472463,1970
Lüleburgaz,1974,3,-1.793,-1.276,-1.281601457942621,1970
Lüleburgaz,1974,4,-1.522,-0.892,-0.9323044072235336,1970
Lüleburgaz,1974,5,-0.965,-0.291,-0.31820465396938497,1970
Lüleburgaz,1974,6,-1.237,-0.726,-0.763567433234855,1970
Lüleburgaz,1974,7,-1.325,-0.683,-0.7575501081557284,1970
Lüleburgaz,1974,8,-1.184,-0.631,-0.6734408067999393,1970
Lüleburgaz,1974,9,-0.95,-0.459,-0.4978664662308212,1970
Lüleburgaz,1974,10,-1.201,-0.574,-0.5729790976050353,1970
Lüleburgaz,1974,11,-0.635,-0.139,-0.11106736597426285,1970
Lüleburgaz,1974,12,-0.522,-0.061,-0.049024443583716985,1970
Lüleburgaz,1975,1,-0.23,0.118,0.13427750088480564,1970
Lüleburgaz,1975,2,-0.308,0.072,0.07591749130284059,1970
Lüleburgaz,1975,3,-0.297,0.022,0.03636213960321165,1970
Lüleburgaz,1975,4,-0.538,-0.254,-0.22657569523283042,1970
Lüleburgaz,1975,5,-0.552,-0.281,-0.2256556700461123,1970
Lüleburgaz,1975,6,-0.008,0.108,0.160463193636932,1970
Lüleburgaz,1975,7,0.168,0.239,0.3250276895711706,1970
Lüleburgaz,1975,8,0.335,0.399,0.48039818027060355,1970
Lüleburgaz,1975,9,0.248,0.235,0.32808897713874535,1970
Lüleburgaz,1975,10,1.096,0.825,0.830587549056597,1970
Lüleburgaz,1975,11,1.064,0.778,0.7651531414157943,1970
Lüleburgaz,1975,12,1.161,0.861,0.8627252616207718,1970
Lüleburgaz,1976,1,0.939,0.802,0.7989714491684208,1970
Lüleburgaz,1976,2,0.86,0.747,0.7447178859132566,1970
Lüleburgaz,1976,3,0.72,0.72,0.7143247746297561,1970
Lüleburgaz,1976,4,0.871,0.78,0.7994039142382654,1970
Lüleburgaz,1976,5,0.578,0.633,0.6314044129115164,1970
Lüleburgaz,1976,6,0.574,1.026,1.0367368644410044,1970
Lüleburgaz,1976,7,0.812,1.269,1.2829253506642817,1970
Lüleburgaz,1976,8,0.71,1.262,1.25316933361054,1970
Lüleburgaz,1976,9,0.608,1.214,1.1913786878416364,1970
Lüleburgaz,1976,10,-0.009,0.458,0.45331331637001077,1970
Lüleburgaz,1976,11,-0.023,0.394,0.41318853415588425,1970
Lüleburgaz,1976,12,0.325,0.569,0.6042266481378761,1970
Lüleburgaz,1977,1,0.468,0.714,0.7438103003709209,1970
Lüleburgaz,1977,2,0.65,0.711,0.7574542879237541,1970
Lüleburgaz,1977,3,0.593,0.649,0.6909867293958665,1970
Lüleburgaz,1977,4,0.549,0.611,0.6497706062279457,1970
Lüleburgaz,1977,5,0.67,0.656,0.6633672296798854,1970
Lüleburgaz,1977,6,0.333,0.649,0.6732881542845274,1970
Lüleburgaz,1977,7,0.045,0.31,0.35410931725970785,1970
Lüleburgaz,1977,8,-0.19,-0.14,-0.038739603078522956,1970
Lüleburgaz,1977,9,0.126,0.166,0.24579488949675277,1970
Lüleburgaz,1977,10,-0.289,-0.033,-0.038594089297923934,1970
Lüleburgaz,1977,11,-0.562,-0.208,-0.21718650391770272,1970
Lüleburgaz,1977,12,-1.01,-0.566,-0.608570340868638,1970
Lüleburgaz,1978,1,-0.964,-0.601,-0.6335056036217277,1970
Lüleburgaz,1978,2,-0.693,-0.325,-0.37315756181487697,1970
Lüleburgaz,1978,3,-0.366,-0.079,-0.10699345912791011,1970
Lüleburgaz,1978,4,-0.078,0.139,0.12543306695250167,1970
Lüleburgaz,1978,5,-0.064,0.183,0.17648268995973163,1970
Lüleburgaz,1978,6,-0.185,0.062,0.05983996118536986,1970
Lüleburgaz,1978,7,-0.335,-0.036,-0.034931201418228454,1970
Lüleburgaz,1978,8,-0.315,0.075,0.04474424851509016,1970
Lüleburgaz,1978,9,-0.084,0.273,0.249475549968546,1970
Lüleburgaz,1978,10,0.232,0.384,0.3985061882440105,1970
Lüleburgaz,1978,11,0.021,0.319,0.29859091840420043,1970
Lüleburgaz,1978,12,-0.248,0.107,0.10163207700785051,1970
Lüleburgaz,1979,1,0.082,0.339,0.3327081888455389,1970
Lüleburgaz,1979,2,-0.022,0.257,0.2397857105323707,1970
Lüleburgaz,1979,3,-0.438,-0.082,-0.10212508966270598,1970
Lüleburgaz,1979,4,-0.443,-0.052,-0.08875769362936055,1970
Lüleburgaz,1979,5,-0.826,-0.314,-0.3484728992118338,1970
Lüleburgaz,1979,6,-0.858,-0.562,-0.612946097463486,1970
Lüleburgaz,1979,7,-0.538,-0.18,-0.24755190287405038,1970
Lüleburgaz,1979,8,-0.419,-0.161,-0.19935137880049908,1970
Lüleburgaz,1979,9,-0.924,-0.691,-0.7383138589946139,1970
Lüleburgaz,1979,10,-0.605,-0.234,-0.28590411468923027,1970
Lüleburgaz,1979,11,0.394,0.423,0.4016704155472867,1970
Lüleburgaz,1979,12,0.526,0.509,0.49481261126054016,1970
Lüleburgaz,1980,1,0.594,0.606,0.5816215431657876,1980
Lüleburgaz,1980,2,0.675,0.669,0.6429126172376969,1980
Lüleburgaz,1980,3,0.957,0.889,0.8624694606630284,1980
Lüleburgaz,1980,4,0.857,0.789,0.7843899902237064,1980
Lüleburgaz,1980,5,1.113,0.904,0.8735988686852217,1980
Lüleburgaz,1980,6,1.29,1.673,1.6418217029697053,1980
Lüleburgaz,1980,7,1.367,1.656,1.6447304265587812,1980
Lüleburgaz,1980,8,1.337,1.693,1.6596446310345996,1980
Lüleburgaz,1980,9,1.382,1.761,1.7289508618615257,1980
Lüleburgaz,1980,10,0.766,0.768,0.77063227369692,1980
Lüleburgaz,1980,11,0.403,0.53,0.5361233465118678,1980
Lüleburgaz,1980,12,0.615,0.65,0.6711904970664426,1980
Lüleburgaz,1981,1,0.597,0.698,0.7152555774601189,1980
Lüleburgaz,1981,2,0.559,0.649,0.6628813590666363,1980
Lüleburgaz,1981,3,0.446,0.531,0.5519767381806101,1980
Lüleburgaz,1981,4,0.159,0.311,0.3378701407595387,1980
Lüleburgaz,1981,5,-0.029,0.258,0.25967206235048773,1980
Lüleburgaz,1981,6,-0.399,-0.213,-0.16474564203301037,1980
Lüleburgaz,1981,7,-0.513,-0.263,-0.22775857279847925,1980
Lüleburgaz,1981,8,-0.571,-0.376,-0.32939476606099816,1980
Lüleburgaz,1981,9,-0.609,-0.496,-0.44076655602728854,1980
Lüleburgaz,1981,10,-0.085,0.083,0.11562325016052871,1980
Lüleburgaz,1981,11,0.406,0.479,0.4639711477452408,1980
Lüleburgaz,1981,12,0.886,0.735,0.7427247442178594,1980
Lüleburgaz,1982,1,0.336,0.435,0.4372276995536732,1980
Lüleburgaz,1982,2,0.07,0.237,0.2383560977650255,1980
Lüleburgaz,1982,3,0.063,0.293,0.28669600965936914,1980
Lüleburgaz,1982,4,0.562,0.608,0.6201931252267816,1980
Lüleburgaz,1982,5,0.762,0.676,0.6793818537464607,1980
Lüleburgaz,1982,6,1.036,1.357,1.3686919853276538,1980
Lüleburgaz,1982,7,0.906,1.25,1.261750511751812,1980
Lüleburgaz,1982,8,0.912,1.269,1.2750786686759863,1980
Lüleburgaz,1982,9,0.809,1.119,1.1503212139595975,1980
Lüleburgaz,1982,10,0.589,0.653,0.6613035005771111,1980
Lüleburgaz,1982,11,-0.24,0.124,0.14428182813019585,1980
Lüleburgaz,1982,12,-0.659,-0.174,-0.16051321859697515,1980
Lüleburgaz,1983,1,-0.832,-0.355,-0.3329251894874593,1980
Lüleburgaz,1983,2,-0.315,0.013,0.033283162268950596,1980
Lüleburgaz,1983,3,-0.551,-0.21,-0.1794027981853485,1980
Lüleburgaz,1983,4,-1.175,-0.814,-0.7636168278300656,1980
Lüleburgaz,1983,5,-1.419,-1.131,-0.9923633848839816,1980
Lüleburgaz,1983,6,-1.204,-0.958,-0.9018781207399388,1980
Lüleburgaz,1983,7,-0.953,-0.815,-0.7236440981710608,1980
Lüleburgaz,1983,8,-0.83,-0.682,-0.5958565132251269,1980
Lüleburgaz,1983,9,-0.645,-0.486,-0.4210760034874722,1980
Lüleburgaz,1983,10,-0.868,-0.417,-0.4002625130345671,1980
Lüleburgaz,1983,11,-0.82,-0.32,-0.3015094029474521,1980
Lüleburgaz,1983,12,-1.357,-0.75,-0.7647417777595493,1980
Lüleburgaz,1984,1,-0.787,-0.38,-0.369566389716766,1980
Lüleburgaz,1984,2,-0.962,-0.581,-0.5678835395618281,1980
Lüleburgaz,1984,3,0.089,0.302,0.3033371953096138,1980
Lüleburgaz,1984,4,0.494,0.623,0.61847427040547,1980
Lüleburgaz,1984,5,0.467,0.614,0.5851916561934355,1980
Lüleburgaz,1984,6,0.19,0.63,0.5953394354431031,1980
Lüleburgaz,1984,7,0.074,0.633,0.5709967534669776,1980
Lüleburgaz,1984,8,-0.053,0.532,0.4513687816789718,1980
Lüleburgaz,1984,9,-0.072,0.397,0.3428425304047106,1980
Lüleburgaz,1984,10,-0.169,0.176,0.17145932362390842,1980
Lüleburgaz,1984,11,0.217,0.384,0.3927798420003418,1980
Lüleburgaz,1984,12,-0.015,0.256,0.2601872663609457,1980
Lüleburgaz,1985,1,-0.172,0.16,0.16011710738098728,1980
Lüleburgaz,1985,2,-0.127,0.22,0.25953237589232175,1980
Lüleburgaz,1985,3,-0.965,-0.411,-0.36254352559420416,1980
Lüleburgaz,1985,4,-1.315,-0.783,-0.7094426295204471,1980
Lüleburgaz,1985,5,-1.541,-0.991,-0.8495963275745124,1980
Lüleburgaz,1985,6,-1.352,-0.969,-0.8660793951502044,1980
Lüleburgaz,1985,7,-1.348,-0.902,-0.8155469147404335,1980
Lüleburgaz,1985,8,-1.356,-1.064,-0.9253166363910333,1980
Lüleburgaz,1985,9,-1.342,-0.953,-0.8665332422077384,1980
Lüleburgaz,1985,10,-1.175,-0.472,-0.44743476010894473,1980
Lüleburgaz,1985,11,-0.755,-0.147,-0.10382868861011782,1980
Lüleburgaz,1985,12,-0.585,-0.107,-0.04371090012005772,1980
Lüleburgaz,1986,1,0.293,0.476,0.543987518678234,1980
Lüleburgaz,1986,2,0.549,0.565,0.595710745922414,1980
Lüleburgaz,1986,3,0.594,0.592,0.6186878669185292,1980
Lüleburgaz,1986,4,0.522,0.505,0.5428362222523418,1980
Lüleburgaz,1986,5,0.549,0.604,0.5929173714502308,1980
Lüleburgaz,1986,6,0.3,0.579,0.5955563688577378,1980
Lüleburgaz,1986,7,0.128,0.319,0.3766451686475533,1980
Lüleburgaz,1986,8,0.241,0.35,0.43362055431165214,1980
Lüleburgaz,1986,9,0.198,0.219,0.3164592687843632,1980
Lüleburgaz,1986,10,0.401,0.295,0.37072298420109884,1980
Lüleburgaz,1986,11,-0.315,-0.103,-0.06525708383529406,1980
Lüleburgaz,1986,12,-0.102,0.133,0.12116445043267662,1980
Lüleburgaz,1987,1,-1.326,-0.81,-0.8623340499567977,1980
Lüleburgaz,1987,2,-1.826,-1.255,-1.3112237556742898,1980
Lüleburgaz,1987,3,-1.673,-1.027,-1.0731012097486523,1980
Lüleburgaz,1987,4,-1.443,-0.622,-0.6986017811292149,1980
Lüleburgaz,1987,5,-1.315,-0.485,-0.5069924033528964,1980
Lüleburgaz,1987,6,-1.123,-0.555,-0.5674081457500433,1980
Lüleburgaz,1987,7,-0.912,-0.439,-0.4000612359847641,1980
Lüleburgaz,1987,8,-0.918,-0.258,-0.2816332630523798,1980
Lüleburgaz,1987,9,-0.852,-0.279,-0.2813639649210248,1980
Lüleburgaz,1987,10,-0.668,0.008,0.002260621680177538,1980
Lüleburgaz,1987,11,0.04,0.4,0.42153511031303215,1980
Lüleburgaz,1987,12,0.345,0.556,0.5903349750155314,1980
Lüleburgaz,1988,1,-0.16,0.239,0.29026283596640795,1980
Lüleburgaz,1988,2,-0.039,0.317,0.3568384517911094,1980
Lüleburgaz,1988,3,0.112,0.342,0.384153798322052,1980
Lüleburgaz,1988,4,0.067,0.298,0.34376920491838414,1980
Lüleburgaz,1988,5,0.051,0.286,0.32525142453297784,1980
Lüleburgaz,1988,6,0.076,0.473,0.5093720743554774,1980
Lüleburgaz,1988,7,0.076,0.442,0.5045002842995395,1980
Lüleburgaz,1988,8,0.045,0.247,0.3622533623406916,1980
Lüleburgaz,1988,9,0.241,0.441,0.5357954812717608,1980
Lüleburgaz,1988,10,-0.22,0.032,0.09281431256331925,1980
Lüleburgaz,1988,11,0.128,0.357,0.36494876630234,1980
Lüleburgaz,1988,12,-0.049,0.242,0.253568601820418,1980
Lüleburgaz,1989,1,-0.14,0.231,0.2307336218630941,1980
Lüleburgaz,1989,2,-0.307,0.063,0.06587508448541943,1980
Lüleburgaz,1989,3,-0.312,0.005,0.022666486466595782,1980
Lüleburgaz,1989,4,-0.631,-0.403,-0.3444416256611182,1980
Lüleburgaz,1989,5,-0.506,-0.223,-0.15672805820747845,1980
Lüleburgaz,1989,6,-0.462,-0.201,-0.16703883753491114,1980
Lüleburgaz,1989,7,-0.601,-0.127,-0.15115913244277612,1980
Lüleburgaz,1989,8,-0.62,-0.157,-0.17891043624336175,1980
Lüleburgaz,1989,9,-0.746,-0.301,-0.33387319191673687,1980
Lüleburgaz,1989,10,-0.589,-0.058,-0.08128428563962721,1980
Lüleburgaz,1989,11,-1.135,-0.467,-0.4690993496432202,1980
Lüleburgaz,1989,12,-1.205,-0.573,-0.5837337782599958,1980
Lüleburgaz,1990,1,-1.33,-0.748,-0.7536099418736807,1990
Lüleburgaz,1990,2,-1.133,-0.632,-0.6398705676588953,1990
Lüleburgaz,1990,3,-1.449,-0.868,-0.9015553540397393,1990
Lüleburgaz,1990,4,-0.843,-0.232,-0.30346747219824083,1990
Lüleburgaz,1990,5,-0.667,-0.059,-0.12239354458584246,1990
Lüleburgaz,1990,6,-0.733,-0.255,-0.3582435381396809,1990
Lüleburgaz,1990,7,-0.674,-0.265,-0.3374476985558797,1990
Lüleburgaz,1990,8,-0.584,-0.186,-0.26256923913332203,1990
Lüleburgaz,1990,9,-0.081,0.31,0.21928389304644555,1990
Lüleburgaz,1990,10,0.28,0.479,0.4234253901190062,1990
Lüleburgaz,1990,11,-0.224,0.08,0.053328473657070746,1990
Lüleburgaz,1990,12,0.183,0.313,0.3008636622686301,1990
Lüleburgaz,1991,1,0.251,0.355,0.34230444089248935,1990
Lüleburgaz,1991,2,0.428,0.491,0.473808210016173,1990
Lüleburgaz,1991,3,0.515,0.589,0.5694324392875603,1990
Lüleburgaz,1991,4,0.554,0.615,0.6057445374113843,1990
Lüleburgaz,1991,5,0.508,0.585,0.560351327830354,1990
Lüleburgaz,1991,6,0.295,0.613,0.6023421355736543,1990
Lüleburgaz,1991,7,0.223,0.528,0.5409695378962924,1990
Lüleburgaz,1991,8,0.159,0.401,0.4360718338719808,1990
Lüleburgaz,1991,9,-0.259,-0.142,-0.07773939418111186,1990
Lüleburgaz,1991,10,0.085,0.16,0.22372489796758843,1990
Lüleburgaz,1991,11,0.593,0.521,0.5452807868396874,1990
Lüleburgaz,1991,12,-0.049,0.194,0.20451154076773612,1990
Lüleburgaz,1992,1,-0.068,0.182,0.19261371532890145,1990
Lüleburgaz,1992,2,-0.09,0.16,0.16872003732922783,1990
Lüleburgaz,1992,3,0.215,0.369,0.3805370386640031,1990
Lüleburgaz,1992,4,-0.081,0.109,0.13441593896258291,1990
Lüleburgaz,1992,5,-0.411,-0.08,-0.05111286066018833,1990
Lüleburgaz,1992,6,0.019,0.282,0.3054321682695519,1990
Lüleburgaz,1992,7,0.349,0.733,0.7323179070355841,1990
Lüleburgaz,1992,8,0.449,0.767,0.7870707971559289,1990
Lüleburgaz,1992,9,0.411,0.758,0.7542343688457477,1990
Lüleburgaz,1992,10,0.066,0.283,0.29844573961464116,1990
Lüleburgaz,1992,11,-0.049,0.231,0.23543564959179622,1990
Lüleburgaz,1992,12,-0.067,0.195,0.20456875331004945,1990
Lüleburgaz,1993,1,-0.09,0.187,0.19501322492918954,1990
Lüleburgaz,1993,2,0.014,0.251,0.25818310121898536,1990
Lüleburgaz,1993,3,-0.096,0.196,0.19538340373177238,1990
Lüleburgaz,1993,4,-0.353,0.035,0.022042040413148275,1990
Lüleburgaz,1993,5,0.294,0.438,0.43240910943275623,1990
Lüleburgaz,1993,6,-0.181,0.174,0.14738090872991358,1990
Lüleburgaz,1993,7,-0.6,-0.323,-0.31497415110139904,1990
Lüleburgaz,1993,8,-0.474,-0.195,-0.1926372260022916,1990
Lüleburgaz,1993,9,-0.448,-0.284,-0.25809719105154366,1990
Lüleburgaz,1993,10,-1.141,-0.694,-0.6994078994215718,1990
Lüleburgaz,1993,11,-1.442,-0.868,-0.8818093809480942,1990
Lüleburgaz,1993,12,-0.948,-0.566,-0.5541301157860538,1990
Lüleburgaz,1994,1,-0.979,-0.742,-0.7147813232553251,1990
Lüleburgaz,1994,2,-1.081,-0.911,-0.9041207755008515,1990
Lüleburgaz,1994,3,-1.301,-1.164,-1.1828673674156553,1990
Lüleburgaz,1994,4,-1.195,-1.079,-1.1447298204788832,1990
Lüleburgaz,1994,5,-2.003,-2.212,-2.348127930333725,1990
Lüleburgaz,1994,6,-1.644,-1.653,-1.7120790677666222,1990
Lüleburgaz,1994,7,-1.599,-1.75,-1.807116345740575,1990
Lüleburgaz,1994,8,-1.853,-1.971,-2.0002728380870316,1990
Lüleburgaz,1994,9,-1.52,-1.83,-1.799127908979613,1990
Lüleburgaz,1994,10,-0.303,-0.727,-0.6646436755232472,1990
Lüleburgaz,1994,11,-0.295,-0.653,-0.6020796920123304,1990
Lüleburgaz,1994,12,-0.017,-0.307,-0.3184217545257229,1990
Lüleburgaz,1995,1,0.849,0.364,0.36400016397422047,1990
Lüleburgaz,1995,2,1.075,0.491,0.5094099797136835,1990
Lüleburgaz,1995,3,1.366,0.701,0.7320054978724589,1990
Lüleburgaz,1995,4,1.49,0.748,0.7991782546627239,1990
Lüleburgaz,1995,5,1.371,0.658,0.6890056594142931,1990
Lüleburgaz,1995,6,1.273,0.713,0.879842328235867,1990
Lüleburgaz,1995,7,1.624,1.122,1.260826988755165,1990
Lüleburgaz,1995,8,1.704,1.331,1.4079501450389438,1990
Lüleburgaz,1995,9,1.759,1.577,1.582173759916254,1990
Lüleburgaz,1995,10,0.943,0.618,0.5850062728331377,1990
Lüleburgaz,1995,11,1.178,0.735,0.6966375609050448,1990
Lüleburgaz,1995,12,0.721,0.487,0.4639968482989139,1990
Lüleburgaz,1996,1,-0.149,-0.132,-0.18638077804359718,1990
Lüleburgaz,1996,2,0.119,0.149,0.09376475915819465,1990
Lüleburgaz,1996,3,-0.051,0.15,0.09853749078351087,1990
Lüleburgaz,1996,4,-0.042,0.204,0.16660737499368455,1990
Lüleburgaz,1996,5,0.085,0.245,0.2461385336872153,1990
Lüleburgaz,1996,6,-0.04,0.371,0.3113054867675429,1990
Lüleburgaz,1996,7,-0.227,0.275,0.20934172642329726,1990
Lüleburgaz,1996,8,-0.045,0.449,0.3955792638266155,1990
Lüleburgaz,1996,9,-0.147,0.329,0.28053307522922394,1990
Lüleburgaz,1996,10,-0.183,0.24,0.2223750319128202,1990
Lüleburgaz,1996,11,-0.38,0.068,0.08279120250451225,1990
Lüleburgaz,1996,12,0.331,0.481,0.5106138824649998,1990
Lüleburgaz,1997,1,0.227,0.433,0.46848810403464164,1990
Lüleburgaz,1997,2,-0.211,0.098,0.13373010415863912,1990
Lüleburgaz,1997,3,-0.284,0.003,0.03662014573268908,1990
Lüleburgaz,1997,4,0.016,0.257,0.28404485947556113,1990
Lüleburgaz,1997,5,0.136,0.395,0.3972937548945851,1990
Lüleburgaz,1997,6,0.255,0.613,0.64001677382731,1990
Lüleburgaz,1997,7,0.076,0.334,0.41333615314627653,1990
Lüleburgaz,1997,8,0.247,0.531,0.5923517384949322,1990
Lüleburgaz,1997,9,0.468,0.759,0.8003968404224396,1990
Lüleburgaz,1997,10,1.299,0.994,1.0079924371239746,1990
Lüleburgaz,1997,11,1.244,0.894,0.9021707052767919,1990
Lüleburgaz,1997,12,0.937,0.78,0.8049045378617805,1990
Lüleburgaz,1998,1,0.983,0.873,0.888138424268946,1990
Lüleburgaz,1998,2,1.1,0.896,0.9017192495789516,1990
Lüleburgaz,1998,3,1.402,1.05,1.0422988176435666,1990
Lüleburgaz,1998,4,1.097,0.716,0.7278944456157579,1990
Lüleburgaz,1998,5,1.349,0.826,0.79247749529989,1990
Lüleburgaz,1998,6,1.555,1.452,1.4214787485413503,1990
Lüleburgaz,1998,7,1.649,1.487,1.4625658585107497,1990
Lüleburgaz,1998,8,1.557,1.232,1.2740619282476777,1990
Lüleburgaz,1998,9,1.673,1.262,1.3330264443005986,1990
Lüleburgaz,1998,10,1.82,0.881,0.917247067328483,1990
Lüleburgaz,1998,11,2.005,0.937,0.9387670547817698,1990
Lüleburgaz,1998,12,2.031,1.023,1.0349762280893537,1990
Lüleburgaz,1999,1,2.377,1.28,1.2819223547106624,1990
Lüleburgaz,1999,2,2.371,1.3,1.2937365795673965,1990
Lüleburgaz,1999,3,2.077,1.145,1.1323332832585051,1990
Lüleburgaz,1999,4,2.197,1.146,1.1456903549031674,1990
Lüleburgaz,1999,5,2.178,1.065,1.020037967044004,1990
Lüleburgaz,1999,6,2.351,1.836,1.8205168952919801,1990
Lüleburgaz,1999,7,2.754,2.051,2.055922181503866,1990
Lüleburgaz,1999,8,2.592,1.956,1.9576752515429026,1990
Lüleburgaz,1999,9,2.397,1.813,1.840436666950875,1990
Lüleburgaz,1999,10,1.807,0.787,0.8075673753973002,1990
Lüleburgaz,1999,11,1.771,0.717,0.7244623432044053,1990
Lüleburgaz,1999,12,1.423,0.498,0.5394937801058202,1990
Lüleburgaz,2000,1,1.161,0.277,0.3322135478872715,2000
Lüleburgaz,2000,2,1.044,0.133,0.20918515049602937,2000
Lüleburgaz,2000,3,0.881,-0.004,0.10376781372632152,2000
Lüleburgaz,2000,4,0.929,-0.122,0.05541174521583497,2000
Lüleburgaz,2000,5,1.214,0.051,0.2583071333476182,2000
Lüleburgaz,2000,6,0.863,-0.514,-0.15703868468275278,2000
Lüleburgaz,2000,7,0.51,-0.917,-0.5627495324330175,2000
Lüleburgaz,2000,8,0.367,-0.642,-0.4933570861475358,2000
Lüleburgaz,2000,9,0.242,-0.55,-0.491328167367587,2000
Lüleburgaz,2000,10,0.242,-0.219,-0.23966613673266976,2000
Lüleburgaz,2000,11,-0.097,-0.445,-0.4669363138627174,2000
Lüleburgaz,2000,12,-0.633,-0.865,-0.9424060317549809,2000
Lüleburgaz,2001,1,-0.304,-0.678,-0.7254959385715916,2000
Lüleburgaz,2001,2,-0.495,-0.793,-0.8441076738580182,2000
Lüleburgaz,2001,3,-0.608,-0.906,-0.9256185708452341,2000
Lüleburgaz,2001,4,-0.252,-0.258,-0.33840939786764257,2000
Lüleburgaz,2001,5,-0.655,-0.339,-0.45871337350634217,2000
Lüleburgaz,2001,6,-0.736,-0.289,-0.5576704837837914,2000
Lüleburgaz,2001,7,-1.197,-0.574,-0.8945795668392031,2000
Lüleburgaz,2001,8,-1.252,-0.889,-1.069679104155635,2000
Lüleburgaz,2001,9,-1.529,-1.221,-1.3281186954572202,2000
Lüleburgaz,2001,10,-1.887,-1.59,-1.6551793306030527,2000
Lüleburgaz,2001,11,-1.226,-0.924,-0.918691536682286,2000
Lüleburgaz,2001,12,0.192,0.248,0.2656721513687042,2000
Lüleburgaz,2002,1,-0.163,0.008,0.017387258439524024,2000
Lüleburgaz,2002,2,-0.024,0.059,0.0658743440317709,2000
Lüleburgaz,2002,3,0.131,0.229,0.21209700281226607,2000
Lüleburgaz,2002,4,-0.314,-0.106,-0.15218379619444924,2000
Lüleburgaz,2002,5,-0.658,-0.393,-0.4373394898106133,2000
Lüleburgaz,2002,6,-0.382,-0.452,-0.4801167023053358,2000
Lüleburgaz,2002,7,0.287,0.166,0.2009504622563952,2000
Lüleburgaz,2002,8,0.362,0.194,0.24130226092189513,2000
Lüleburgaz,2002,9,0.464,0.3,0.32769398747702233,2000
Lüleburgaz,2002,10,0.665,0.385,0.39298280185952816,2000
Lüleburgaz,2002,11,0.887,0.475,0.4882667322155541,2000
Lüleburgaz,2002,12,-0.423,-0.547,-0.5539490650984698,2000
Lüleburgaz,2003,1,-0.142,-0.459,-0.4491773908610787,2000
Lüleburgaz,2003,2,-0.08,-0.307,-0.3047161383787426,2000
Lüleburgaz,2003,3,-0.287,-0.364,-0.3817547108603355,2000
Lüleburgaz,2003,4,0.133,0.01,-0.020927460829729707,2000
Lüleburgaz,2003,5,0.282,0.044,0.04775641343704985,2000
Lüleburgaz,2003,6,-0.058,-0.525,-0.47825117018699986,2000
Lüleburgaz,2003,7,-0.711,-1.175,-1.134939693298608,2000
Lüleburgaz,2003,8,-0.796,-1.396,-1.2843807683317916,2000
Lüleburgaz,2003,9,-1.101,-1.57,-1.4974485545394862,2000
Lüleburgaz,2003,10,-0.607,-1.151,-0.9948263478599351,2000
Lüleburgaz,2003,11,-1.455,-2.344,-2.0422566099769854,2000
Lüleburgaz,2003,12,-1.123,-1.805,-1.5849467265190054,2000
Lüleburgaz,2004,1,-1.106,-1.802,-1.6106070521439728,2000
Lüleburgaz,2004,2,-1.429,-2.314,-2.114363117348575,2000
Lüleburgaz,2004,3,-1.104,-2.07,-1.8874360556195366,2000
Lüleburgaz,2004,4,-1.753,-3.436,-3.0492374854056803,2000
Lüleburgaz,2004,5,-1.71,-4.753,-4.130373835476811,2000
Lüleburgaz,2004,6,-1.241,-1.879,-1.8514035328751144,2000
Lüleburgaz,2004,7,-1.004,-1.55,-1.6332824391560465,2000
Lüleburgaz,2004,8,-0.86,-1.283,-1.4181367646458731,2000
Lüleburgaz,2004,9,-0.862,-1.352,-1.4288590504261716,2000
Lüleburgaz,2004,10,-1.624,-2.308,-2.448585711174633,2000
Lüleburgaz,2004,11,-1.571,-2.572,-2.6315985415632146,2000
Lüleburgaz,2004,12,-1.453,-2.274,-2.265647084692808,2000
Lüleburgaz,2005,1,-1.478,-2.34,-2.3212266439250158,2000
Lüleburgaz,2005,2,-0.822,-1.474,-1.478015411158612,2000
Lüleburgaz,2005,3,-0.92,-1.564,-1.5831788221730685,2000
Lüleburgaz,2005,4,-0.949,-1.656,-1.6929558248797358,2000
Lüleburgaz,2005,5,-0.539,-1.46,-1.3576882894356468,2000
Lüleburgaz,2005,6,-0.756,-1.675,-1.6336775995149508,2000
Lüleburgaz,2005,7,-0.466,-1.564,-1.471564759786773,2000
Lüleburgaz,2005,8,-0.417,-1.611,-1.456572051796347,2000
Lüleburgaz,2005,9,-0.122,-1.306,-1.13935519147046,2000
Lüleburgaz,2005,10,0.007,-0.947,-0.8122016767626995,2000
Lüleburgaz,2005,11,0.58,-0.284,-0.18294253158709645,2000
Lüleburgaz,2005,12,0.916,0.072,0.1396622671752336,2000
Lüleburgaz,2006,1,0.389,-0.535,-0.42080596669083026,2000
Lüleburgaz,2006,2,0.312,-0.64,-0.49681226535299416,2000
Lüleburgaz,2006,3,0.794,-0.169,0.002706952905449778,2000
Lüleburgaz,2006,4,0.799,-0.275,-0.04114711983168797,2000
Lüleburgaz,2006,5,0.404,-0.588,-0.29835312097196287,2000
Lüleburgaz,2006,6,0.908,-0.15,0.1631174591174257,2000
Lüleburgaz,2006,7,0.59,-0.081,0.049082939252539926,2000
Lüleburgaz,2006,8,0.514,0.094,0.08863288907033938,2000
Lüleburgaz,2006,9,0.545,0.363,0.265065036987221,2000
Lüleburgaz,2006,10,0.807,0.483,0.43240252598373957,2000
Lüleburgaz,2006,11,0.595,0.363,0.30943003822979187,2000
Lüleburgaz,2006,12,-0.039,-0.046,-0.11490617835253521,2000
Lüleburgaz,2007,1,-0.023,-0.104,-0.17555131716599545,2000
Lüleburgaz,2007,2,-0.201,-0.255,-0.33563303431084857,2000
Lüleburgaz,2007,3,-0.158,-0.092,-0.1956699330450522,2000
Lüleburgaz,2007,4,-0.183,0.073,-0.07819641924671668,2000
Lüleburgaz,2007,5,-0.041,0.187,0.054016914100052556,2000
Lüleburgaz,2007,6,-0.827,-0.691,-0.868728361929253,2000
Lüleburgaz,2007,7,-1.041,-1.096,-1.1890275711476086,2000
Lüleburgaz,2007,8,-1.059,-1.16,-1.2227233299889062,2000
Lüleburgaz,2007,9,-0.986,-1.126,-1.1719636220772953,2000
Lüleburgaz,2007,10,-1.462,-1.474,-1.5421568515419362,2000
Lüleburgaz,2007,11,-1.147,-1.176,-1.1830412085195054,2000
Lüleburgaz,2007,12,-0.842,-0.86,-0.8852302981358905,2000
Lüleburgaz,2008,1,-0.891,-0.941,-0.971746741191066,2000
Lüleburgaz,2008,2,-1.038,-1.055,-1.0910387208632095,2000
Lüleburgaz,2008,3,-1.625,-1.782,-1.7907632092959034,2000
Lüleburgaz,2008,4,-1.175,-1.391,-1.384415512946624,2000
Lüleburgaz,2008,5,-1.186,-1.315,-1.2955249019196753,2000
Lüleburgaz,2008,6,-0.498,-0.692,-0.731152910435771,2000
Lüleburgaz,2008,7,-0.252,-0.304,-0.3865887506690234,2000
Lüleburgaz,2008,8,-0.285,-0.339,-0.42073375361123494,2000
Lüleburgaz,2008,9,-0.411,-0.479,-0.5586920024166849,2000
Lüleburgaz,2008,10,-0.551,-0.42,-0.5043053337718767,2000
Lüleburgaz,2008,11,-1.1,-0.914,-0.9806424581572275,2000
Lüleburgaz,2008,12,-1.219,-1.102,-1.1650620154740787,2000
Lüleburgaz,2009,1,-0.873,-0.897,-0.9399511503753424,2000
Lüleburgaz,2009,2,-0.023,-0.206,-0.21943936374051717,2000
Lüleburgaz,2009,3,0.253,0.122,0.09546244207591818,2000
Lüleburgaz,2009,4,0.041,-0.0,-0.045418184226101145,2000
Lüleburgaz,2009,5,-0.191,-0.189,-0.2167277221512743,2000
Lüleburgaz,2009,6,-0.77,-0.89,-0.9503534543807979,2000
Lüleburgaz,2009,7,-0.75,-0.892,-0.9441708948195617,2000
Lüleburgaz,2009,8,-0.785,-0.81,-0.9073828880581811,2000
Lüleburgaz,2009,9,0.069,0.017,-0.06004590432014168,2000
Lüleburgaz,2009,10,0.958,0.647,0.6131466512795883,2000
Lüleburgaz,2009,11,0.987,0.645,0.6011172770002929,2000
Lüleburgaz,2009,12,1.149,0.739,0.7218574450861698,2000
Lüleburgaz,2010,1,1.091,0.77,0.7357770063850924,2010
Lüleburgaz,2010,2,1.515,1.039,1.0007369720267505,2010
Lüleburgaz,2010,3,1.314,0.939,0.8945629916646302,2010
Lüleburgaz,2010,4,1.436,0.94,0.913500478196216,2010
Lüleburgaz,2010,5,1.474,0.898,0.8431904845772272,2010
Lüleburgaz,2010,6,1.605,1.534,1.472066937910267,2010
Lüleburgaz,2010,7,1.793,1.662,1.6046113750502526,2010
Lüleburgaz,2010,8,1.82,1.561,1.5615532035518842,2010
Lüleburgaz,2010,9,1.127,0.839,0.869277406442379,2010
Lüleburgaz,2010,10,1.138,0.644,0.6267716812495102,2010
Lüleburgaz,2010,11,1.503,0.769,0.7644259433177112,2010
Lüleburgaz,2010,12,1.792,0.972,0.979575731243262,2010
Lüleburgaz,2011,1,1.726,1.0,1.0035474602839654,2010
Lüleburgaz,2011,2,0.686,0.322,0.3266193278500773,2010
Lüleburgaz,2011,3,0.528,0.213,0.23814822929077098,2010
Lüleburgaz,2011,4,0.773,0.411,0.45523377119871417,2010
Lüleburgaz,2011,5,0.859,0.503,0.5340573262414395,2010
Lüleburgaz,2011,6,1.014,0.92,0.9927424498946744,2010
Lüleburgaz,2011,7,0.594,0.447,0.5610346715016149,2010
Lüleburgaz,2011,8,0.548,0.598,0.6218033406629958,2010
Lüleburgaz,2011,9,0.653,0.633,0.6981564587514667,2010
Lüleburgaz,2011,10,0.556,0.406,0.45410964216448807,2010
Lüleburgaz,2011,11,-0.03,0.143,0.14153705765001168,2010
Lüleburgaz,2011,12,-0.527,-0.222,-0.2226373199247139,2010
Lüleburgaz,2012,1,-0.524,-0.239,-0.24531064105669176,2010
Lüleburgaz,2012,2,-0.335,-0.084,-0.09615387459631908,2010
Lüleburgaz,2012,3,-0.4,-0.108,-0.14577006014625918,2010
Lüleburgaz,2012,4,-0.471,-0.252,-0.3045476342316773,2010
Lüleburgaz,2012,5,0.053,0.164,0.11099342286548249,2010
Lüleburgaz,2012,6,-0.208,-0.208,-0.283179168164631,2010
Lüleburgaz,2012,7,-0.188,-0.272,-0.29909952223159514,2010
Lüleburgaz,2012,8,-0.158,-0.373,-0.35558657217182915,2010
Lüleburgaz,2012,9,-0.382,-0.578,-0.5997577910436904,2010
Lüleburgaz,2012,10,-0.399,-0.574,-0.5462450074667027,2010
Lüleburgaz,2012,11,-0.231,-0.53,-0.43416331891161153,2010
Lüleburgaz,2012,12,0.361,0.031,0.07189347172683717,2010
Lüleburgaz,2013,1,0.713,0.232,0.2842198588678451,2010
Lüleburgaz,2013,2,0.991,0.395,0.4458343053845099,2010
Lüleburgaz,2013,3,1.454,0.719,0.7720003399017464,2010
Lüleburgaz,2013,4,1.437,0.668,0.738789730288245,2010
Lüleburgaz,2013,5,1.454,0.608,0.6731797320769624,2010
Lüleburgaz,2013,6,1.81,1.347,1.4476748189680186,2010
Lüleburgaz,2013,7,1.845,1.479,1.522184472308655,2010
Lüleburgaz,2013,8,1.806,1.47,1.5065859822485268,2010
Lüleburgaz,2013,9,1.715,1.44,1.4751378892660458,2010
Lüleburgaz,2013,10,1.494,0.885,0.8671583189427307,2010
Lüleburgaz,2013,11,1.748,0.967,0.9354768396126605,2010
Lüleburgaz,2013,12,0.749,0.467,0.44070334767374725,2010
Lüleburgaz,2014,1,0.574,0.319,0.2902467950020182,2010
Lüleburgaz,2014,2,-0.013,-0.186,-0.219052501005599,2010
Lüleburgaz,2014,3,-0.152,-0.292,-0.32334434892781944,2010
Lüleburgaz,2014,4,-0.225,-0.348,-0.3900514875490434,2010
Lüleburgaz,2014,5,-0.364,-0.347,-0.39967361326804757,2010
Lüleburgaz,2014,6,-0.567,-0.706,-0.7968594453440082,2010
Lüleburgaz,2014,7,0.372,0.295,0.22782105285983775,2010
Lüleburgaz,2014,8,0.504,0.454,0.3775664625315282,2010
Lüleburgaz,2014,9,1.194,1.199,1.1231507868250126,2010
Lüleburgaz,2014,10,0.912,0.608,0.5629913993895979,2010
Lüleburgaz,2014,11,0.788,0.535,0.4734988089860458,2010
Lüleburgaz,2014,12,1.256,0.787,0.7610619857551899,2010
Lüleburgaz,2015,1,1.162,0.817,0.7639224503736936,2010
Lüleburgaz,2015,2,1.495,1.025,0.9741568938001598,2010
Lüleburgaz,2015,3,1.287,0.932,0.8745725574060322,2010
Lüleburgaz,2015,4,1.471,0.999,0.959802563155601,2010
Lüleburgaz,2015,5,1.079,0.717,0.6535350788067921,2010
Lüleburgaz,2015,6,1.053,1.081,0.9802161556702916,2010
Lüleburgaz,2015,7,0.181,0.146,0.03931831133181384,2010
Lüleburgaz,2015,8,0.059,-0.088,-0.15492280727824398,2010
Lüleburgaz,2015,9,-0.359,-0.66,-0.6785105254797885,2010
Lüleburgaz,2015,10,0.168,-0.056,-0.06082193247142247,2010
Lüleburgaz,2015,11,0.072,-0.144,-0.1275063336825171,2010
Lüleburgaz,2015,12,-0.598,-0.658,-0.6851506548070581,2010
Lüleburgaz,2016,1,-0.402,-0.556,-0.5774291769464575,2010
Lüleburgaz,2016,2,-0.275,-0.517,-0.5158676422288593,2010
Lüleburgaz,2016,3,-0.517,-0.774,-0.763192892844666,2010
Lüleburgaz,2016,4,-0.906,-1.317,-1.2818704445782414,2010
Lüleburgaz,2016,5,-0.618,-0.886,-0.8521069412655642,2010
Lüleburgaz,2016,6,-0.664,-1.251,-1.1839638448454854,2010
Lüleburgaz,2016,7,-0.645,-1.205,-1.1600036937945142,2010
Lüleburgaz,2016,8,-0.637,-1.128,-1.1083713811682339,2010
Lüleburgaz,2016,9,-1.049,-1.339,-1.378344140891203,2010
Lüleburgaz,2016,10,-1.837,-2.119,-2.2392080546844175,2010
Lüleburgaz,2016,11,-1.576,-1.799,-1.8887125241283704,2010
Lüleburgaz,2016,12,-1.472,-1.605,-1.6769411133433962,2010
Lüleburgaz,2017,1,-1.351,-1.514,-1.5317087249683328,2010
Lüleburgaz,2017,2,-1.527,-1.611,-1.6522508608492266,2010
Lüleburgaz,2017,3,-1.229,-1.306,-1.3311457332378087,2010
Lüleburgaz,2017,4,-1.104,-0.958,-1.0358584322773852,2010
Lüleburgaz,2017,5,-1.311,-1.137,-1.1765831885553322,2010
Lüleburgaz,2017,6,-1.36,-1.255,-1.3159423432892938,2010
Lüleburgaz,2017,7,-0.575,-0.48,-0.5639717013594017,2010
Lüleburgaz,2017,8,-0.502,-0.394,-0.4783909290073737,2010
Lüleburgaz,2017,9,-0.244,-0.214,-0.26163793574480504,2010
Lüleburgaz,2017,10,0.233,0.269,0.2323357823587601,2010
Lüleburgaz,2017,11,0.421,0.383,0.3542533304135544,2010
Lüleburgaz,2017,12,1.108,0.732,0.7397488293443015,2010
Lüleburgaz,2018,1,0.949,0.655,0.6414325811616448,2010
Lüleburgaz,2018,2,1.196,0.808,0.7911308594600591,2010
Lüleburgaz,2018,3,1.484,0.995,0.9747942577231284,2010
Lüleburgaz,2018,4,1.326,0.788,0.7922032134670434,2010
Lüleburgaz,2018,5,1.263,0.667,0.6585453146380487,2010
Lüleburgaz,2018,6,1.917,1.633,1.640284057998509,2010
Lüleburgaz,2018,7,1.684,1.383,1.3915685089947556,2010
Lüleburgaz,2018,8,1.608,1.288,1.3062647197960233,2010
Lüleburgaz,2018,9,1.491,1.215,1.221485503574258,2010
Lüleburgaz,2018,10,1.215,0.605,0.6127071022385862,2010
Lüleburgaz,2018,11,1.119,0.525,0.519178349948566,2010
Lüleburgaz,2018,12,0.744,0.366,0.33995930297138083,2010
Lüleburgaz,2019,1,0.538,0.198,0.16110283318120747,2010
Lüleburgaz,2019,2,0.192,-0.075,-0.1171266706408094,2010
Lüleburgaz,2019,3,-0.462,-0.63,-0.6800600623059287,2010
Lüleburgaz,2019,4,-0.209,-0.243,-0.32166642841031706,2010
Lüleburgaz,2019,5,0.02,0.035,-0.03636489044055648,2010
Lüleburgaz,2019,6,-1.159,-1.289,-1.3426153610879836,2010
Lüleburgaz,2019,7,-1.69,-1.625,-1.7374597582273592,2010
Lüleburgaz,2019,8,-1.665,-1.533,-1.6548732861855384,2010
Lüleburgaz,2019,9,-1.839,-1.607,-1.718125365611934,2010
Lüleburgaz,2019,10,-2.205,-1.931,-2.2015682930559235,2010
Lüleburgaz,2019,11,-2.596,-3.17,-3.689053846950566,2010
Lüleburgaz,2019,12,-2.892,-4.753,-4.75,2010
Lüleburgaz,2020,1,-3.517,-4.753,-4.75,2020
Lüleburgaz,2020,2,-3.427,-4.753,-4.75,2020
Lüleburgaz,2020,3,-3.217,-4.753,-4.75,2020
Lüleburgaz,2020,4,-3.261,-4.753,-4.75,2020
Lüleburgaz,2020,5,-2.657,-3.821,-4.75,2020
Lüleburgaz,2020,6,-1.52,-1.317,-1.3941731800541546,2020
Lüleburgaz,2020,7,-1.53,-1.289,-1.397705664016074,2020
Lüleburgaz,2020,8,-1.466,-1.167,-1.2892285064833953,2020
Lüleburgaz,2020,9,-1.333,-1.112,-1.1986522036621794,2020
Lüleburgaz,2020,10,-0.835,-0.684,-0.680925640254333,2020
Lüleburgaz,2020,11,-0.969,-0.631,-0.6730454112582162,2020
Lüleburgaz,2020,12,-0.91,-0.649,-0.6783237332293706,2020
Lüleburgaz,2021,1,0.185,0.156,0.15143133288961222,2020
Lüleburgaz,2021,2,0.174,0.132,0.12314768663481518,2020
Lüleburgaz,2021,3,0.43,0.39,0.372074729615425,2020
Lüleburgaz,2021,4,0.425,0.365,0.3487144547692254,2020
Lüleburgaz,2021,5,-0.128,-0.038,-0.05870929480515936,2020
Lüleburgaz,2021,6,-0.451,-0.398,-0.4753120424101143,2020
Lüleburgaz,2021,7,-0.37,-0.348,-0.40013297362518346,2020
Lüleburgaz,2021,8,-0.409,-0.507,-0.5112920459775645,2020
Lüleburgaz,2021,9,-0.385,-0.417,-0.46474320029632854,2020
Lüleburgaz,2021,10,-0.262,-0.122,-0.1897159749085984,2020
Lüleburgaz,2021,11,0.383,0.279,0.2605740843824425,2020
Lüleburgaz,2021,12,1.328,0.837,0.8391858683306898,2020
Lüleburgaz,2022,1,0.426,0.3,0.2800365442089893,2020
Lüleburgaz,2022,2,0.699,0.476,0.45667643191893703,2020
Lüleburgaz,2022,3,0.335,0.232,0.20281653674436903,2020
Lüleburgaz,2022,4,0.551,0.293,0.27956755902978825,2020
Lüleburgaz,2022,5,0.666,0.364,0.3404698947003671,2020
Lüleburgaz,2022,6,0.498,0.111,0.13418597744991348,2020
Lüleburgaz,2022,7,0.433,0.258,0.19911198658820572,2020
Lüleburgaz,2022,8,0.565,0.326,0.2992423762620585,2020
Lüleburgaz,2022,9,0.911,0.639,0.6391577207814513,2020
Lüleburgaz,2022,10,0.434,0.095,0.09128587497147946,2020
Lüleburgaz,2022,11,-0.064,-0.281,-0.28922037458425737,2020
Lüleburgaz,2022,12,-1.336,-1.516,-1.5898178781749395,2020
Lüleburgaz,2023,1,-1.531,-1.829,-1.9003910984210206,2020
Lüleburgaz,2023,2,-2.121,-2.438,-2.570279099689147,2020
Lüleburgaz,2023,3,-1.586,-1.939,-2.0808183473494175,2020
Lüleburgaz,2023,4,-1.595,-1.731,-1.9838581593148952,2020
Lüleburgaz,2023,5,-1.632,-1.668,-2.0764952693934107,2020
Lüleburgaz,2023,6,-1.69,-1.536,-1.8082518360647495,2020
Lüleburgaz,2023,7,-1.606,-1.762,-1.9525767771313216,2020
Lüleburgaz,2023,8,-1.757,-1.896,-2.033395310141169,2020
Lüleburgaz,2023,9,-2.208,-2.244,-2.28678214100837,2020
Lüleburgaz,2023,10,-2.282,-4.753,-4.75,2020
Lüleburgaz,2023,11,-1.039,-1.979,-1.7702253038851767,2020
Lüleburgaz,2023,12,-0.699,-1.413,-1.2943209578946293,2020
Lüleburgaz,2024,1,-0.373,-1.146,-1.034176027068439,2020
Lüleburgaz,2024,2,-0.215,-1.04,-0.920981490735479,2020
Lüleburgaz,2024,3,-0.223,-1.048,-0.9219423927573575,2020
Lüleburgaz,2024,4,-0.569,-1.678,-1.4831588340698276,2020
Lüleburgaz,2024,5,-0.549,-1.897,-1.5552464632609002,2020
Lüleburgaz,2024,6,-0.731,-2.217,-1.8927818808851173,2020
Lüleburgaz,2024,7,-0.799,-2.377,-2.051207337605953,2020
Lüleburgaz,2024,8,-0.809,-2.165,-1.937627829958168,2020
Lüleburgaz,2024,9,-0.728,-1.822,-1.6993948535359886,2020
Lüleburgaz,2024,10,-0.661,-1.679,-1.601281091418534,2020
Lüleburgaz,2024,11,-1.607,-4.753,-4.75,2020
Lüleburgaz,2024,12,-1.562,-3.258,-3.066424996634246,2020
Sarıyer,1965,12,0.513,0.75,0.7719084021629585,1960
Sarıyer,1966,1,1.423,1.636,1.6381761915987354,1960
Sarıyer,1966,2,0.79,0.703,0.7061766093602204,1960
Sarıyer,1966,3,1.034,1.191,1.184853548229216,1960
Sarıyer,1966,4,0.476,0.558,0.5283136187774046,1960
Sarıyer,1966,5,0.424,0.524,0.4643275399533297,1960
Sarıyer,1966,6,0.489,0.716,0.597205704490878,1960
Sarıyer,1966,7,0.254,0.381,0.27123465049057605,1960
Sarıyer,1966,8,0.193,0.111,0.058628408776640314,1960
Sarıyer,1966,9,0.289,0.237,0.1467839465856191,1960
Sarıyer,1966,10,0.055,-0.122,-0.14191925283592957,1960
Sarıyer,1966,11,-0.821,-1.071,-1.0805229813256296,1960
Sarıyer,1966,12,-0.78,-0.995,-1.0427409512452515,1960
Sarıyer,1967,1,-1.268,-1.46,-1.5011959342684156,1960
Sarıyer,1967,2,-0.832,-0.799,-0.8576826656376206,1960
Sarıyer,1967,3,-1.223,-1.286,-1.3269510680800556,1960
Sarıyer,1967,4,-1.134,-1.141,-1.1706265863673444,1960
Sarıyer,1967,5,-1.068,-1.086,-1.0852473611140603,1960
Sarıyer,1967,6,-1.138,-1.182,-1.1484473265328625,1960
Sarıyer,1967,7,-1.093,-1.082,-1.0609655074989424,1960
Sarıyer,1967,8,-0.965,-0.957,-0.9341616890792563,1960
Sarıyer,1967,9,-0.707,-0.8,-0.7378657719919085,1960
Sarıyer,1967,10,-0.312,-0.296,-0.2534201858145972,1960
Sarıyer,1967,11,-0.604,-0.482,-0.4815731262048757,1960
Sarıyer,1967,12,-1.019,-0.925,-0.9029404606034822,1960
Sarıyer,1968,1,-0.658,-0.619,-0.597953378972222,1960
Sarıyer,1968,2,-0.814,-0.66,-0.6255657032587879,1960
Sarıyer,1968,3,-0.778,-0.808,-0.7761879238137712,1960
Sarıyer,1968,4,-0.974,-0.989,-0.9530072033210029,1960
Sarıyer,1968,5,-1.112,-1.181,-1.1146816850403058,1960
Sarıyer,1968,6,-1.106,-1.232,-1.1374173905195155,1960
Sarıyer,1968,7,-1.184,-1.212,-1.155596000816686,1960
Sarıyer,1968,8,-0.926,-0.849,-0.8475627550982172,1960
Sarıyer,1968,9,-0.606,-0.573,-0.5689990826654135,1960
Sarıyer,1968,10,-0.67,-0.544,-0.5625491602969166,1960
Sarıyer,1968,11,-0.347,-0.229,-0.23099416885901464,1960
Sarıyer,1968,12,0.072,0.217,0.20696259443260664,1960
Sarıyer,1969,1,0.006,0.132,0.11540407658459212,1960
Sarıyer,1969,2,0.254,0.337,0.32600982801623,1960
Sarıyer,1969,3,0.362,0.556,0.536666812044145,1960
Sarıyer,1969,4,0.967,1.19,1.1716634327911368,1960
Sarıyer,1969,5,1.033,1.265,1.2375281763527308,1960
Sarıyer,1969,6,1.242,1.381,1.374290596076655,1960
Sarıyer,1969,7,1.299,1.481,1.4581313164923149,1960
Sarıyer,1969,8,1.093,1.285,1.272879911009075,1960
Sarıyer,1969,9,0.74,0.936,0.9336142129448308,1960
Sarıyer,1969,10,0.474,0.655,0.6614874116381928,1960
Sarıyer,1969,11,0.092,0.3,0.2924062745172476,1960
Sarıyer,1969,12,0.082,0.237,0.2526271125177589,1960
Sarıyer,1970,1,-0.453,-0.419,-0.38738542217547123,1970
Sarıyer,1970,2,-0.153,-0.036,-0.009695003520759988,1970
Sarıyer,1970,3,-0.13,-0.189,-0.1490883019745204,1970
Sarıyer,1970,4,-0.22,-0.414,-0.3513911182105173,1970
Sarıyer,1970,5,0.08,0.004,0.04247611707271003,1970
Sarıyer,1970,6,-0.153,-0.111,-0.12051440253908034,1970
Sarıyer,1970,7,-0.216,-0.359,-0.3098029398388807,1970
Sarıyer,1970,8,-0.408,-0.601,-0.5518863713363908,1970
Sarıyer,1970,9,0.18,0.038,0.06480122097737723,1970
Sarıyer,1970,10,0.78,0.744,0.7576347680355998,1970
Sarıyer,1970,11,1.304,1.252,1.2419802666788693,1970
Sarıyer,1970,12,1.015,1.05,1.0116125660285622,1970
Sarıyer,1971,1,0.836,0.851,0.8303644491534856,1970
Sarıyer,1971,2,0.652,0.527,0.5094254374716707,1970
Sarıyer,1971,3,1.076,1.148,1.1329308633938981,1970
Sarıyer,1971,4,0.577,0.728,0.6924827406172456,1970
Sarıyer,1971,5,0.283,0.389,0.3776328363979271,1970
Sarıyer,1971,6,0.26,0.35,0.35854371203027313,1970
Sarıyer,1971,7,0.28,0.44,0.4189008428403154,1970
Sarıyer,1971,8,0.31,0.428,0.4138919603838217,1970
Sarıyer,1971,9,-0.441,-0.366,-0.38548363334805374,1970
Sarıyer,1971,10,-0.184,-0.068,-0.07112564504080769,1970
Sarıyer,1971,11,-0.353,-0.209,-0.22045521451946523,1970
Sarıyer,1971,12,-0.328,-0.193,-0.20135520622042902,1970
Sarıyer,1972,1,-0.651,-0.476,-0.5263969527871102,1970
Sarıyer,1972,2,-0.922,-0.544,-0.5952998814728584,1970
Sarıyer,1972,3,-1.873,-1.506,-1.560111801117511,1970
Sarıyer,1972,4,-1.737,-1.455,-1.4889796876126276,1970
Sarıyer,1972,5,-1.58,-1.299,-1.346262567026618,1970
Sarıyer,1972,6,-1.535,-1.299,-1.337360756515093,1970
Sarıyer,1972,7,-1.035,-0.879,-0.8967911856663523,1970
Sarıyer,1972,8,-0.735,-0.609,-0.6261238765849142,1970
Sarıyer,1972,9,-0.165,-0.09,-0.09180045678301194,1970
Sarıyer,1972,10,-0.022,0.075,0.09134296743327967,1970
Sarıyer,1972,11,0.105,0.239,0.2417325685571352,1970
Sarıyer,1972,12,-0.367,-0.258,-0.25563508123412115,1970
Sarıyer,1973,1,-0.162,-0.076,-0.07276435275920885,1970
Sarıyer,1973,2,-0.054,0.033,0.05286282347335845,1970
Sarıyer,1973,3,0.249,0.33,0.3585307680289783,1970
Sarıyer,1973,4,0.359,0.54,0.5534486541247993,1970
Sarıyer,1973,5,0.238,0.417,0.44448938438110536,1970
Sarıyer,1973,6,0.492,0.799,0.795599949311291,1970
Sarıyer,1973,7,0.097,0.423,0.41421767592080616,1970
Sarıyer,1973,8,-0.064,0.291,0.25502260406161176,1970
Sarıyer,1973,9,-0.623,-0.302,-0.33685912799765566,1970
Sarıyer,1973,10,-0.644,-0.384,-0.36811607943503494,1970
Sarıyer,1973,11,-1.014,-0.681,-0.6732058677826318,1970
Sarıyer,1973,12,-0.579,-0.314,-0.287514787247284,1970
Sarıyer,1974,1,-0.519,-0.271,-0.2523678316568419,1970
Sarıyer,1974,2,-0.667,-0.248,-0.24297604904817022,1970
Sarıyer,1974,3,-0.616,-0.355,-0.3506861043778561,1970
Sarıyer,1974,4,-0.711,-0.384,-0.3902644630624211,1970
Sarıyer,1974,5,0.258,0.647,0.6434191193403337,1970
Sarıyer,1974,6,-0.077,0.359,0.35100276609331627,1970
Sarıyer,1974,7,0.036,0.506,0.48129539492820717,1970
Sarıyer,1974,8,0.738,1.096,1.096321931134832,1970
Sarıyer,1974,9,1.349,1.657,1.6692541041376865,1970
Sarıyer,1974,10,0.572,0.868,0.9015816038748035,1970
Sarıyer,1974,11,0.647,0.93,0.9765995159665563,1970
Sarıyer,1974,12,0.649,0.946,0.9806656469045698,1970
Sarıyer,1975,1,0.712,0.993,1.037493433153945,1970
Sarıyer,1975,2,1.087,0.933,0.9507266409957352,1970
Sarıyer,1975,3,1.172,1.346,1.3895544702844316,1970
Sarıyer,1975,4,1.18,1.224,1.2850771386545086,1970
Sarıyer,1975,5,0.576,0.654,0.6989050397736609,1970
Sarıyer,1975,6,0.835,0.87,0.9194291900618808,1970
Sarıyer,1975,7,0.706,0.609,0.7041699390856571,1970
Sarıyer,1975,8,0.912,0.745,0.8546226145105075,1970
Sarıyer,1975,9,0.146,-0.087,0.020159304934225037,1970
Sarıyer,1975,10,0.651,0.619,0.6559159198975907,1970
Sarıyer,1975,11,0.759,0.768,0.7675354905631682,1970
Sarıyer,1975,12,0.703,0.756,0.7338061090142816,1970
Sarıyer,1976,1,0.264,0.267,0.2573598840045598,1970
Sarıyer,1976,2,-0.186,-0.106,-0.10712658965870347,1970
Sarıyer,1976,3,-0.617,-0.526,-0.5388589802891646,1970
Sarıyer,1976,4,-0.687,-0.504,-0.5107898286956181,1970
Sarıyer,1976,5,-1.1,-0.821,-0.8146303206687917,1970
Sarıyer,1976,6,-1.344,-0.962,-0.9589112201359286,1970
Sarıyer,1976,7,-0.898,-0.459,-0.47253750803686356,1970
Sarıyer,1976,8,-1.69,-1.053,-1.107263415482271,1970
Sarıyer,1976,9,-1.265,-0.663,-0.7274735999153149,1970
Sarıyer,1976,10,-1.321,-0.752,-0.7795425201533659,1970
Sarıyer,1976,11,-1.446,-0.877,-0.8527728837858282,1970
Sarıyer,1976,12,-1.063,-0.643,-0.5713753586275825,1970
Sarıyer,1977,1,-0.93,-0.556,-0.492627297611724,1970
Sarıyer,1977,2,-1.037,-0.64,-0.5417179581095176,1970
Sarıyer,1977,3,-0.613,-0.45,-0.36026148405569625,1970
Sarıyer,1977,4,-0.333,-0.12,-0.053800739096707496,1970
Sarıyer,1977,5,-0.322,-0.123,-0.06214959089908887,1970
Sarıyer,1977,6,-0.189,0.043,0.092221018697729,1970
Sarıyer,1977,7,0.166,0.383,0.4241927435423052,1970
Sarıyer,1977,8,-0.202,-0.18,-0.09508515320736337,1970
Sarıyer,1977,9,-0.374,-0.386,-0.31182426360069904,1970
Sarıyer,1977,10,-0.629,-0.483,-0.4745633173955405,1970
Sarıyer,1977,11,-0.473,-0.331,-0.31556371439736386,1970
Sarıyer,1977,12,-0.648,-0.477,-0.49302610804151237,1970
Sarıyer,1978,1,0.139,0.339,0.31668337768157506,1970
Sarıyer,1978,2,0.583,0.634,0.6102797987690519,1970
Sarıyer,1978,3,0.548,0.797,0.7724997181707041,1970
Sarıyer,1978,4,0.761,0.971,0.9639525683473066,1970
Sarıyer,1978,5,0.901,1.079,1.0843393077815187,1970
Sarıyer,1978,6,0.662,0.87,0.8808495430652143,1970
Sarıyer,1978,7,-0.003,0.237,0.23696926420204273,1970
Sarıyer,1978,8,0.253,0.545,0.5164949669183871,1970
Sarıyer,1978,9,0.67,0.963,0.944628411246524,1970
Sarıyer,1978,10,1.238,1.373,1.3958114498391818,1970
Sarıyer,1978,11,1.131,1.356,1.3441145154469254,1970
Sarıyer,1978,12,1.087,1.296,1.2975921442138028,1970
Sarıyer,1979,1,0.688,0.947,0.9489937682656815,1970
Sarıyer,1979,2,0.519,0.588,0.580605249436184,1970
Sarıyer,1979,3,0.123,0.33,0.31459388106091823,1970
Sarıyer,1979,4,-0.125,0.057,0.02708264708105393,1970
Sarıyer,1979,5,-0.235,0.008,-0.04665362488018075,1970
Sarıyer,1979,6,-0.144,0.119,0.058098394793178604,1970
Sarıyer,1979,7,0.388,0.607,0.5595826209003658,1970
Sarıyer,1979,8,0.8,0.9,0.8861962526318112,1970
Sarıyer,1979,9,0.325,0.361,0.3514768863854114,1970
Sarıyer,1979,10,-0.093,-0.006,-0.040478263936104916,1970
Sarıyer,1979,11,0.456,0.543,0.5120981547969576,1970
Sarıyer,1979,12,0.685,0.779,0.7444984715805671,1970
Sarıyer,1980,1,0.851,0.991,0.947961958537874,1980
Sarıyer,1980,2,1.089,0.866,0.8433583123387584,1980
Sarıyer,1980,3,1.786,1.891,1.8711883168566517,1980
Sarıyer,1980,4,1.776,1.877,1.8656625865213061,1980
Sarıyer,1980,5,1.968,1.927,1.9296723067969004,1980
Sarıyer,1980,6,2.02,1.946,1.9488723330081696,1980
Sarıyer,1980,7,1.725,1.788,1.792440709239661,1980
Sarıyer,1980,8,1.32,1.516,1.5210551755112496,1980
Sarıyer,1980,9,1.418,1.697,1.6882979690475894,1980
Sarıyer,1980,10,0.907,1.145,1.1634071721165864,1980
Sarıyer,1980,11,1.085,1.303,1.327448271653966,1980
Sarıyer,1980,12,0.886,1.131,1.1599661692831362,1980
Sarıyer,1981,1,1.448,1.641,1.677415488348145,1980
Sarıyer,1981,2,1.611,1.164,1.1843637145314423,1980
Sarıyer,1981,3,1.486,1.596,1.6478976602647175,1980
Sarıyer,1981,4,1.361,1.448,1.506357564956232,1980
Sarıyer,1981,5,1.448,1.529,1.5677365490380102,1980
Sarıyer,1981,6,1.557,1.567,1.6144994699369404,1980
Sarıyer,1981,7,1.763,1.735,1.784163233450832,1980
Sarıyer,1981,8,1.549,1.621,1.6698218240543556,1980
Sarıyer,1981,9,1.759,1.829,1.890807018861696,1980
Sarıyer,1981,10,1.865,1.834,1.8697855465849615,1980
Sarıyer,1981,11,1.823,1.867,1.869782021988962,1980
Sarıyer,1981,12,2.328,2.204,2.2097182723612736,1980
Sarıyer,1982,1,1.599,1.756,1.7734048716228803,1980
Sarıyer,1982,2,1.0,0.87,0.8773449894907356,1980
Sarıyer,1982,3,0.601,0.925,0.9309137470458982,1980
Sarıyer,1982,4,1.096,1.386,1.3986566596518246,1980
Sarıyer,1982,5,0.956,1.237,1.2500553402927261,1980
Sarıyer,1982,6,0.886,1.201,1.2100433174591059,1980
Sarıyer,1982,7,0.852,1.175,1.1868770004881646,1980
Sarıyer,1982,8,0.928,1.236,1.2506415678839764,1980
Sarıyer,1982,9,0.457,0.725,0.7731343718922539,1980
Sarıyer,1982,10,0.319,0.614,0.649646317983283,1980
Sarıyer,1982,11,-0.132,0.165,0.21651807150297503,1980
Sarıyer,1982,12,-0.857,-0.579,-0.5300342984353551,1980
Sarıyer,1983,1,-0.941,-0.688,-0.6490673268480928,1980
Sarıyer,1983,2,-0.326,-0.016,0.01585563809757121,1980
Sarıyer,1983,3,-0.666,-0.515,-0.4711768405573297,1980
Sarıyer,1983,4,-1.13,-1.046,-0.9887814055191597,1980
Sarıyer,1983,5,-1.326,-1.368,-1.2703382470045543,1980
Sarıyer,1983,6,-1.003,-1.039,-0.944636830181322,1980
Sarıyer,1983,7,-1.184,-1.276,-1.1675970526864052,1980
Sarıyer,1983,8,-1.338,-1.332,-1.2613608608865055,1980
Sarıyer,1983,9,-1.11,-1.087,-1.0495070337407202,1980
Sarıyer,1983,10,-0.407,-0.361,-0.33467851967138845,1980
Sarıyer,1983,11,-0.073,0.025,0.03479700186573123,1980
Sarıyer,1983,12,-0.722,-0.6,-0.6204440454709811,1980
Sarıyer,1984,1,-0.694,-0.677,-0.6750319308153466,1980
Sarıyer,1984,2,-1.136,-0.951,-0.9424734189625997,1980
Sarıyer,1984,3,-0.541,-0.471,-0.4791408209952066,1980
Sarıyer,1984,4,-0.39,-0.134,-0.1757093852079074,1980
Sarıyer,1984,5,-0.383,-0.086,-0.12664489275815888,1980
Sarıyer,1984,6,-0.56,-0.225,-0.2720742038432864,1980
Sarıyer,1984,7,0.107,0.486,0.43104399612398675,1980
Sarıyer,1984,8,0.371,0.725,0.6698743569005704,1980
Sarıyer,1984,9,0.138,0.431,0.39268719886191905,1980
Sarıyer,1984,10,-0.028,0.197,0.20438004749636463,1980
Sarıyer,1984,11,-0.195,0.001,0.030612509801724603,1980
Sarıyer,1984,12,-0.304,-0.1,-0.08309341242160997,1980
Sarıyer,1985,1,0.066,0.291,0.29705748594724474,1980
Sarıyer,1985,2,0.291,0.464,0.4657584797020738,1980
Sarıyer,1985,3,-0.108,0.204,0.20499495166499337,1980
Sarıyer,1985,4,-0.287,-0.11,-0.07818283947445143,1980
Sarıyer,1985,5,-0.361,-0.145,-0.10953567794189176,1980
Sarıyer,1985,6,-0.503,-0.265,-0.22184968552518905,1980
Sarıyer,1985,7,-1.441,-1.148,-1.1222220835840853,1980
Sarıyer,1985,8,-1.803,-1.494,-1.445736862934856,1980
Sarıyer,1985,9,-1.733,-1.376,-1.356929084317578,1980
Sarıyer,1985,10,-0.228,0.036,0.052435727021029575,1980
Sarıyer,1985,11,0.185,0.475,0.4940730224395363,1980
Sarıyer,1985,12,0.357,0.603,0.6403455866778635,1980
Sarıyer,1986,1,0.188,0.396,0.4460191911197305,1980
Sarıyer,1986,2,0.425,0.447,0.4795135613915618,1980
Sarıyer,1986,3,0.367,0.493,0.5426011176697976,1980
Sarıyer,1986,4,0.452,0.597,0.6371948439026978,1980
Sarıyer,1986,5,0.41,0.684,0.6861215028713104,1980
Sarıyer,1986,6,0.62,0.859,0.874252929142657,1980
Sarıyer,1986,7,0.593,0.738,0.7839421281461306,1980
Sarıyer,1986,8,0.582,0.645,0.7140618630338286,1980
Sarıyer,1986,9,0.6,0.6,0.6956989136647653,1980
Sarıyer,1986,10,-0.645,-0.651,-0.5705325296113362,1980
Sarıyer,1986,11,-1.205,-1.073,-1.0350824862950008,1980
Sarıyer,1986,12,-0.995,-0.86,-0.8480174788276758,1980
Sarıyer,1987,1,-1.165,-1.02,-1.0245923886276502,1980
Sarıyer,1987,2,-1.852,-1.622,-1.6018623836077635,1980
Sarıyer,1987,3,-0.893,-0.73,-0.7227558814081172,1980
Sarıyer,1987,4,-0.938,-0.694,-0.6879751352305936,1980
Sarıyer,1987,5,-0.849,-0.612,-0.5814203154711053,1980
Sarıyer,1987,6,-0.79,-0.438,-0.4259361213110975,1980
Sarıyer,1987,7,-0.05,0.255,0.2927953535611358,1980
Sarıyer,1987,8,0.838,1.16,1.172930548291439,1980
Sarıyer,1987,9,0.764,1.128,1.1401623603174633,1980
Sarıyer,1987,10,0.821,1.154,1.1656172668249902,1980
Sarıyer,1987,11,1.089,1.356,1.3913182606174415,1980
Sarıyer,1987,12,1.405,1.603,1.63750905375879,1980
Sarıyer,1988,1,0.638,0.947,1.0041612774985123,1980
Sarıyer,1988,2,0.683,0.712,0.7403085563936054,1980
Sarıyer,1988,3,0.141,0.312,0.37223075889506096,1980
Sarıyer,1988,4,0.206,0.373,0.4247944851276823,1980
Sarıyer,1988,5,0.308,0.512,0.548054952236945,1980
Sarıyer,1988,6,0.061,0.287,0.3179155787807822,1980
Sarıyer,1988,7,-0.573,-0.457,-0.40568146869394517,1980
Sarıyer,1988,8,-1.595,-1.454,-1.3947078704176576,1980
Sarıyer,1988,9,-1.28,-1.216,-1.1622030097362583,1980
Sarıyer,1988,10,-1.452,-1.356,-1.3129701483260106,1980
Sarıyer,1988,11,-0.637,-0.515,-0.5027816749397659,1980
Sarıyer,1988,12,-0.406,-0.292,-0.28633707460282387,1980
Sarıyer,1989,1,-0.354,-0.211,-0.23428885365825453,1980
Sarıyer,1989,2,-0.487,-0.226,-0.24354709021232124,1980
Sarıyer,1989,3,-0.592,-0.477,-0.5004145859217859,1980
Sarıyer,1989,4,-0.838,-0.845,-0.8351394666966999,1980
Sarıyer,1989,5,-0.594,-0.61,-0.5893981616751074,1980
Sarıyer,1989,6,-0.383,-0.274,-0.28672131088105673,1980
Sarıyer,1989,7,-0.495,-0.301,-0.3573121646738955,1980
Sarıyer,1989,8,-0.425,-0.244,-0.30714291410503697,1980
Sarıyer,1989,9,-0.562,-0.412,-0.4747945114563504,1980
Sarıyer,1989,10,-0.214,-0.04,-0.08621606311672153,1980
Sarıyer,1989,11,-1.114,-0.938,-0.9734879733320044,1980
Sarıyer,1989,12,-1.853,-1.595,-1.6203212833745306,1980
Sarıyer,1990,1,-1.869,-1.645,-1.6696435974005732,1990
Sarıyer,1990,2,-1.609,-1.395,-1.428365863845088,1990
Sarıyer,1990,3,-1.537,-1.364,-1.4053923667501755,1990
Sarıyer,1990,4,-1.314,-1.078,-1.1468526704173125,1990
Sarıyer,1990,5,-1.432,-1.101,-1.1960046848041912,1990
Sarıyer,1990,6,-1.309,-1.036,-1.125060723988159,1990
Sarıyer,1990,7,-1.315,-1.017,-1.1120178047964948,1990
Sarıyer,1990,8,-0.895,-0.615,-0.7191628060943771,1990
Sarıyer,1990,9,-0.308,-0.029,-0.14994025244778886,1990
Sarıyer,1990,10,-0.609,-0.331,-0.43458569028603755,1990
Sarıyer,1990,11,-0.555,-0.379,-0.4225216701181203,1990
Sarıyer,1990,12,-0.092,0.038,0.018771074663296597,1990
Sarıyer,1991,1,-0.072,-0.01,-0.01247276268115509,1990
Sarıyer,1991,2,0.056,0.176,0.17338819677388148,1990
Sarıyer,1991,3,0.055,0.249,0.24220160556844555,1990
Sarıyer,1991,4,0.478,0.757,0.7540965483878588,1990
Sarıyer,1991,5,0.789,0.999,1.0256544502879315,1990
Sarıyer,1991,6,0.497,0.777,0.8040033704545555,1990
Sarıyer,1991,7,0.95,1.129,1.1794729683253804,1990
Sarıyer,1991,8,0.678,0.82,0.8984304293571336,1990
Sarıyer,1991,9,0.949,1.054,1.1609855181833661,1990
Sarıyer,1991,10,1.331,1.37,1.4616134413085966,1990
Sarıyer,1991,11,1.076,1.215,1.2865778087292061,1990
Sarıyer,1991,12,1.001,1.232,1.266023872014837,1990
Sarıyer,1992,1,0.771,1.076,1.1058988915418295,1990
Sarıyer,1992,2,0.702,0.729,0.7440444174317525,1990
Sarıyer,1992,3,1.059,1.299,1.3324323949230221,1990
Sarıyer,1992,4,0.671,0.86,0.9056583959190194,1990
Sarıyer,1992,5,0.19,0.492,0.5070051859239557,1990
Sarıyer,1992,6,0.454,0.744,0.7663830836722906,1990
Sarıyer,1992,7,0.338,0.698,0.691160167486982,1990
Sarıyer,1992,8,0.335,0.619,0.6286966609981413,1990
Sarıyer,1992,9,-0.662,-0.394,-0.40251377789551723,1990
Sarıyer,1992,10,-1.086,-0.839,-0.8185098710788098,1990
Sarıyer,1992,11,-1.002,-0.725,-0.7030158065055493,1990
Sarıyer,1992,12,-1.156,-0.923,-0.8914420153590996,1990
Sarıyer,1993,1,-0.851,-0.677,-0.6470324677118408,1990
Sarıyer,1993,2,-0.605,-0.278,-0.2522955936814063,1990
Sarıyer,1993,3,-1.033,-0.822,-0.8016207234254066,1990
Sarıyer,1993,4,-1.217,-0.915,-0.9077735094744573,1990
Sarıyer,1993,5,-1.042,-0.815,-0.7838815966486434,1990
Sarıyer,1993,6,-1.501,-1.258,-1.213901780012475,1990
Sarıyer,1993,7,-1.793,-1.472,-1.4406575279831557,1990
Sarıyer,1993,8,-1.724,-1.291,-1.3047725715658518,1990
Sarıyer,1993,9,-1.448,-1.091,-1.1030977537839024,1990
Sarıyer,1993,10,-1.865,-1.399,-1.431019661926681,1990
Sarıyer,1993,11,-1.478,-1.064,-1.0797142321163335,1990
Sarıyer,1993,12,-1.726,-1.401,-1.3681717014423045,1990
Sarıyer,1994,1,-1.949,-1.653,-1.613925127975032,1990
Sarıyer,1994,2,-2.214,-2.104,-2.0240813303097576,1990
Sarıyer,1994,3,-2.295,-1.934,-1.9222129617473747,1990
Sarıyer,1994,4,-2.191,-1.851,-1.8581123595609603,1990
Sarıyer,1994,5,-2.162,-1.942,-1.9554326256497123,1990
Sarıyer,1994,6,-1.64,-1.531,-1.5838986292329607,1990
Sarıyer,1994,7,-1.712,-1.608,-1.6519426320638915,1990
Sarıyer,1994,8,-1.329,-1.298,-1.333860607484517,1990
Sarıyer,1994,9,-1.704,-1.683,-1.6769557704618352,1990
Sarıyer,1994,10,-0.875,-1.084,-1.0627488109238563,1990
Sarıyer,1994,11,-1.231,-1.409,-1.387910266555648,1990
Sarıyer,1994,12,-0.743,-0.922,-0.9428385045439664,1990
Sarıyer,1995,1,-0.001,-0.177,-0.2031849668371455,1990
Sarıyer,1995,2,0.131,-0.008,-0.009373046610404988,1990
Sarıyer,1995,3,0.482,0.285,0.3029901364356052,1990
Sarıyer,1995,4,0.56,0.412,0.4320658088738057,1990
Sarıyer,1995,5,0.324,0.211,0.2367644909891992,1990
Sarıyer,1995,6,-0.113,-0.342,-0.2676045617016608,1990
Sarıyer,1995,7,0.533,0.329,0.4087509900441925,1990
Sarıyer,1995,8,0.305,0.092,0.15973766517364216,1990
Sarıyer,1995,9,0.744,0.66,0.6844475545926643,1990
Sarıyer,1995,10,0.194,0.238,0.20742777433480408,1990
Sarıyer,1995,11,0.163,0.252,0.19854525770557355,1990
Sarıyer,1995,12,-0.279,-0.257,-0.28525300052073754,1990
Sarıyer,1996,1,-0.936,-0.928,-0.9669318453957629,1990
Sarıyer,1996,2,-0.298,-0.112,-0.1513584993388835,1990
Sarıyer,1996,3,-0.082,0.141,0.08665172267763097,1990
Sarıyer,1996,4,0.099,0.409,0.3581402189833619,1990
Sarıyer,1996,5,0.366,0.62,0.6108915993995254,1990
Sarıyer,1996,6,0.266,0.643,0.6070746587994097,1990
Sarıyer,1996,7,-0.52,-0.135,-0.18543188880162653,1990
Sarıyer,1996,8,-0.457,-0.128,-0.16633847116730952,1990
Sarıyer,1996,9,-0.301,0.041,-0.004437083137902385,1990
Sarıyer,1996,10,-0.041,0.322,0.29596851128517443,1990
Sarıyer,1996,11,-0.489,-0.186,-0.1665146124979732,1990
Sarıyer,1996,12,0.09,0.329,0.3819232764326888,1990
Sarıyer,1997,1,-0.113,0.045,0.12234184643052419,1990
Sarıyer,1997,2,-0.684,-0.409,-0.337243208777961,1990
Sarıyer,1997,3,-1.043,-0.963,-0.8873395293356783,1990
Sarıyer,1997,4,-0.762,-0.678,-0.5981145444494268,1990
Sarıyer,1997,5,-1.005,-0.831,-0.7619836217395355,1990
Sarıyer,1997,6,-0.761,-0.588,-0.500584316073725,1990
Sarıyer,1997,7,-0.136,0.01,0.10791027356697833,1990
Sarıyer,1997,8,0.95,1.094,1.1695146072645373,1990
Sarıyer,1997,9,0.414,0.632,0.6923310489757046,1990
Sarıyer,1997,10,1.371,1.484,1.5353638259777007,1990
Sarıyer,1997,11,1.379,1.514,1.5587596095732352,1990
Sarıyer,1997,12,1.356,1.53,1.5564877078019599,1990
Sarıyer,1998,1,1.503,1.722,1.74128869347952,1990
Sarıyer,1998,2,1.497,1.139,1.1446735218520145,1990
Sarıyer,1998,3,1.845,1.969,1.9803276127380605,1990
Sarıyer,1998,4,1.448,1.513,1.5349992618045836,1990
Sarıyer,1998,5,1.842,1.801,1.799503030433207,1990
Sarıyer,1998,6,1.892,1.772,1.7747474410413797,1990
Sarıyer,1998,7,1.575,1.577,1.5666593354458416,1990
Sarıyer,1998,8,0.344,0.343,0.3502370910006341,1990
Sarıyer,1998,9,0.538,0.418,0.4638675861865759,1990
Sarıyer,1998,10,-0.142,-0.308,-0.25662578149236337,1990
Sarıyer,1998,11,0.199,0.058,0.09147945436574359,1990
Sarıyer,1998,12,0.098,0.013,0.007383242394426586,1990
Sarıyer,1999,1,-0.056,-0.199,-0.20894634766573036,1990
Sarıyer,1999,2,0.438,0.298,0.2918653002409362,1990
Sarıyer,1999,3,0.015,-0.195,-0.204224732893075,1990
Sarıyer,1999,4,0.006,-0.167,-0.1950784081448586,1990
Sarıyer,1999,5,-0.577,-0.769,-0.8008445316236893,1990
Sarıyer,1999,6,-0.264,-0.39,-0.44541713713416925,1990
Sarıyer,1999,7,0.012,-0.185,-0.2086652292152665,1990
Sarıyer,1999,8,0.557,0.392,0.36319735975102263,1990
Sarıyer,1999,9,0.572,0.402,0.36428539790465936,1990
Sarıyer,1999,10,0.026,-0.084,-0.15071608325409386,1990
Sarıyer,1999,11,0.372,0.294,0.20551169521480464,1990
Sarıyer,1999,12,0.24,0.077,0.03015035381528704,1990
Sarıyer,2000,1,0.688,0.605,0.5453202083909964,2000
Sarıyer,2000,2,0.473,0.318,0.28044884592357705,2000
Sarıyer,2000,3,0.597,0.533,0.4872916774943957,2000
Sarıyer,2000,4,0.951,0.872,0.8490727174584801,2000
Sarıyer,2000,5,1.129,1.054,1.0417607433637341,2000
Sarıyer,2000,6,0.816,0.85,0.8078089069168854,2000
Sarıyer,2000,7,0.433,0.473,0.4192510837815748,2000
Sarıyer,2000,8,0.145,0.172,0.10305140983457294,2000
Sarıyer,2000,9,0.783,0.789,0.7557372897842131,2000
Sarıyer,2000,10,0.988,1.014,0.9879909010085576,2000
Sarıyer,2000,11,0.565,0.555,0.5424254261165997,2000
Sarıyer,2000,12,0.327,0.337,0.3167694572988326,2000
Sarıyer,2001,1,-0.172,-0.329,-0.3281127743503016,2000
Sarıyer,2001,2,-0.208,-0.242,-0.24290467038397232,2000
Sarıyer,2001,3,-0.483,-0.802,-0.7815884918978446,2000
Sarıyer,2001,4,-0.583,-0.829,-0.8410921900327712,2000
Sarıyer,2001,5,-0.71,-0.918,-0.9490782644222379,2000
Sarıyer,2001,6,-0.897,-1.168,-1.1909350945177741,2000
Sarıyer,2001,7,-0.888,-1.192,-1.1993712508938565,2000
Sarıyer,2001,8,-0.442,-0.831,-0.8093359694983502,2000
Sarıyer,2001,9,-1.002,-1.342,-1.3305225695630494,2000
Sarıyer,2001,10,-1.423,-1.701,-1.6950885852322475,2000
Sarıyer,2001,11,-0.596,-0.985,-0.9803434698073487,2000
Sarıyer,2001,12,1.034,0.84,0.8024080191106902,2000
Sarıyer,2002,1,1.188,1.064,1.009847301490464,2000
Sarıyer,2002,2,0.939,0.587,0.5588301542885991,2000
Sarıyer,2002,3,1.122,1.06,1.0119965583788726,2000
Sarıyer,2002,4,1.022,1.016,0.9640986726287768,2000
Sarıyer,2002,5,1.01,1.0,0.9629493949790237,2000
Sarıyer,2002,6,1.35,1.266,1.252630039336764,2000
Sarıyer,2002,7,1.539,1.396,1.3991735356537052,2000
Sarıyer,2002,8,1.638,1.54,1.531360116041707,2000
Sarıyer,2002,9,2.002,1.938,1.922573868985186,2000
Sarıyer,2002,10,1.953,1.829,1.8032097356160497,2000
Sarıyer,2002,11,1.772,1.648,1.6365211351661506,2000
Sarıyer,2002,12,0.129,0.089,0.08017777534790498,2000
Sarıyer,2003,1,-0.028,-0.192,-0.16832713515340877,2000
Sarıyer,2003,2,0.661,0.523,0.5272662037337983,2000
Sarıyer,2003,3,0.421,0.554,0.5557434276290193,2000
Sarıyer,2003,4,0.655,0.802,0.8183920504197432,2000
Sarıyer,2003,5,0.545,0.642,0.6870500872814406,2000
Sarıyer,2003,6,0.202,0.322,0.37714562431909543,2000
Sarıyer,2003,7,-0.027,0.159,0.17920925416767186,2000
Sarıyer,2003,8,-0.844,-0.733,-0.7006536225672955,2000
Sarıyer,2003,9,-1.505,-1.262,-1.250290796109795,2000
Sarıyer,2003,10,-0.628,-0.534,-0.47699246279603436,2000
Sarıyer,2003,11,-0.997,-0.823,-0.7788923380375654,2000
Sarıyer,2003,12,-0.728,-0.632,-0.5616832069152033,2000
Sarıyer,2004,1,-0.156,-0.016,0.025926947496384363,2000
Sarıyer,2004,2,-0.802,-0.584,-0.539330363817449,2000
Sarıyer,2004,3,-0.56,-0.626,-0.5788543963378575,2000
Sarıyer,2004,4,-1.001,-1.137,-1.082396981802533,2000
Sarıyer,2004,5,-0.803,-0.886,-0.8483663395790275,2000
Sarıyer,2004,6,-0.32,-0.28,-0.2779122199167106,2000
Sarıyer,2004,7,-0.229,-0.103,-0.14349561113047504,2000
Sarıyer,2004,8,0.919,1.065,1.02455161182334,2000
Sarıyer,2004,9,0.674,0.797,0.7615760764468545,2000
Sarıyer,2004,10,0.565,0.684,0.6573183794832871,2000
Sarıyer,2004,11,0.939,1.033,1.0046516293742165,2000
Sarıyer,2004,12,0.532,0.631,0.6063082405773564,2000
Sarıyer,2005,1,0.473,0.529,0.5155017937925104,2000
Sarıyer,2005,2,1.103,0.825,0.8195827402173093,2000
Sarıyer,2005,3,1.022,1.126,1.1163270506931549,2000
Sarıyer,2005,4,1.175,1.24,1.238208295185543,2000
Sarıyer,2005,5,1.07,1.14,1.1342761864375825,2000
Sarıyer,2005,6,0.788,0.933,0.9106970885625073,2000
Sarıyer,2005,7,0.958,0.994,1.008293276467194,2000
Sarıyer,2005,8,-0.113,-0.195,-0.1538258083167047,2000
Sarıyer,2005,9,0.487,0.382,0.4475217223085201,2000
Sarıyer,2005,10,0.108,0.102,0.12761595582526356,2000
Sarıyer,2005,11,0.84,0.89,0.8880129336145278,2000
Sarıyer,2005,12,1.317,1.341,1.3351696510007538,2000
Sarıyer,2006,1,1.237,1.35,1.330433792115155,2000
Sarıyer,2006,2,0.945,0.771,0.754860291434716,2000
Sarıyer,2006,3,1.096,1.188,1.1758573220596449,2000
Sarıyer,2006,4,1.013,1.109,1.0930793919613007,2000
Sarıyer,2006,5,0.978,1.037,1.029348990193766,2000
Sarıyer,2006,6,1.031,1.053,1.0577612443950535,2000
Sarıyer,2006,7,0.759,0.807,0.8052806709864337,2000
Sarıyer,2006,8,0.699,0.705,0.7134427576732737,2000
Sarıyer,2006,9,1.185,1.218,1.2224348839871724,2000
Sarıyer,2006,10,1.409,1.353,1.3754519512460386,2000
Sarıyer,2006,11,1.409,1.355,1.3664988239887808,2000
Sarıyer,2006,12,0.615,0.651,0.649540721143173,2000
Sarıyer,2007,1,-0.072,-0.192,-0.16933149142634502,2000
Sarıyer,2007,2,-0.755,-0.77,-0.744628101321269,2000
Sarıyer,2007,3,-1.145,-1.27,-1.27059842004043,2000
Sarıyer,2007,4,-1.162,-1.197,-1.2280197545235239,2000
Sarıyer,2007,5,-0.866,-0.959,-0.9916576617949192,2000
Sarıyer,2007,6,-0.862,-1.102,-1.0884461796328069,2000
Sarıyer,2007,7,-0.808,-1.098,-1.0687097156424008,2000
Sarıyer,2007,8,-0.693,-0.968,-0.9511022112239592,2000
Sarıyer,2007,9,-1.988,-1.888,-1.9066479882063108,2000
Sarıyer,2007,10,-1.953,-1.921,-1.9637631626728154,2000
Sarıyer,2007,11,-2.447,-2.289,-2.294191088906095,2000
Sarıyer,2007,12,-1.665,-1.785,-1.79960262647808,2000
Sarıyer,2008,1,-1.479,-1.599,-1.6432032326911634,2000
Sarıyer,2008,2,-1.069,-1.099,-1.162398360039179,2000
Sarıyer,2008,3,-0.636,-0.885,-0.925939456847514,2000
Sarıyer,2008,4,-0.687,-1.066,-1.0710210144534007,2000
Sarıyer,2008,5,-0.983,-1.281,-1.3027260026340046,2000
Sarıyer,2008,6,-1.099,-1.347,-1.4026535443583028,2000
Sarıyer,2008,7,-0.708,-0.848,-0.9512549628240415,2000
Sarıyer,2008,8,-0.641,-0.76,-0.8694137197201931,2000
Sarıyer,2008,9,0.287,0.133,0.0423924986023923,2000
Sarıyer,2008,10,0.416,0.332,0.2515016994354995,2000
Sarıyer,2008,11,0.368,0.215,0.14631218090474596,2000
Sarıyer,2008,12,0.44,0.263,0.2177814709047264,2000
Sarıyer,2009,1,0.757,0.536,0.5088695315615652,2000
Sarıyer,2009,2,1.692,1.001,0.9949219840479963,2000
Sarıyer,2009,3,1.896,1.716,1.7041410561554744,2000
Sarıyer,2009,4,2.041,1.897,1.8704022312387192,2000
Sarıyer,2009,5,2.067,1.833,1.8140449636858518,2000
Sarıyer,2009,6,2.054,1.764,1.75673431703565,2000
Sarıyer,2009,7,1.918,1.647,1.6565592584866944,2000
Sarıyer,2009,8,1.856,1.68,1.6730255888737569,2000
Sarıyer,2009,9,1.852,1.743,1.7321321880943408,2000
Sarıyer,2009,10,1.43,1.304,1.3020615841113394,2000
Sarıyer,2009,11,1.516,1.383,1.3626513454428215,2000
Sarıyer,2009,12,1.859,1.669,1.6594625816347692,2000
Sarıyer,2010,1,2.14,1.97,1.959393931666823,2010
Sarıyer,2010,2,1.364,0.893,0.8799041710149437,2010
Sarıyer,2010,3,0.869,0.806,0.7714102605214476,2010
Sarıyer,2010,4,0.905,0.793,0.7555985185694178,2010
Sarıyer,2010,5,0.924,0.791,0.7558344204906204,2010
Sarıyer,2010,6,1.916,1.635,1.610399677046126,2010
Sarıyer,2010,7,2.049,1.741,1.7198216983285795,2010
Sarıyer,2010,8,1.859,1.509,1.5451083239695746,2010
Sarıyer,2010,9,1.62,1.289,1.3389006329638689,2010
Sarıyer,2010,10,2.458,2.039,2.0272923617564835,2010
Sarıyer,2010,11,2.205,1.775,1.7829308925547789,2010
Sarıyer,2010,12,1.853,1.535,1.531230064351305,2010
Sarıyer,2011,1,1.4,1.153,1.1626765271162876,2010
Sarıyer,2011,2,1.084,0.635,0.644344274360202,2010
Sarıyer,2011,3,1.0,0.767,0.8111326391567277,2010
Sarıyer,2011,4,1.311,1.087,1.156338615253935,2010
Sarıyer,2011,5,1.38,1.214,1.2775123100704946,2010
Sarıyer,2011,6,0.556,0.461,0.5441874915374599,2010
Sarıyer,2011,7,0.416,0.258,0.37062564772701456,2010
Sarıyer,2011,8,0.498,0.506,0.5327227306162163,2010
Sarıyer,2011,9,-0.142,-0.227,-0.17263036332280815,2010
Sarıyer,2011,10,-1.099,-1.104,-1.0485182752351092,2010
Sarıyer,2011,11,-1.301,-1.137,-1.1262128794662374,2010
Sarıyer,2011,12,-1.508,-1.338,-1.3170450860763143,2010
Sarıyer,2012,1,-1.38,-1.235,-1.237681310227556,2010
Sarıyer,2012,2,-0.824,-0.502,-0.5174428318989852,2010
Sarıyer,2012,3,-0.741,-0.532,-0.5836291135030055,2010
Sarıyer,2012,4,-0.664,-0.593,-0.6381941487713145,2010
Sarıyer,2012,5,-0.388,-0.329,-0.38955090319716346,2010
Sarıyer,2012,6,-0.396,-0.372,-0.4335232437224358,2010
Sarıyer,2012,7,-0.629,-0.705,-0.7388792416036228,2010
Sarıyer,2012,8,-0.266,-0.444,-0.4463261680868659,2010
Sarıyer,2012,9,-0.307,-0.48,-0.511275102202925,2010
Sarıyer,2012,10,0.076,-0.194,-0.14607401743548742,2010
Sarıyer,2012,11,0.711,0.331,0.43386964399366146,2010
Sarıyer,2012,12,1.358,1.072,1.1234292395532128,2010
Sarıyer,2013,1,1.231,0.916,0.9908629242865094,2010
Sarıyer,2013,2,0.962,0.441,0.4965960813200708,2010
Sarıyer,2013,3,1.028,0.547,0.6538720676673832,2010
Sarıyer,2013,4,0.697,0.186,0.29279187083924524,2010
Sarıyer,2013,5,0.515,-0.11,0.0485134460282262,2010
Sarıyer,2013,6,0.682,0.149,0.2831705805414866,2010
Sarıyer,2013,7,0.73,0.316,0.3863228825502174,2010
Sarıyer,2013,8,0.387,-0.101,-0.022854976191638572,2010
Sarıyer,2013,9,0.409,-0.075,-0.006664446610655009,2010
Sarıyer,2013,10,-0.138,-0.402,-0.43065530322124107,2010
Sarıyer,2013,11,-0.71,-0.956,-1.0053011337118383,2010
Sarıyer,2013,12,-1.86,-1.911,-1.9551305775599386,2010
Sarıyer,2014,1,-2.522,-2.384,-2.410490800013346,2010
Sarıyer,2014,2,-2.621,-4.753,-4.75,2010
Sarıyer,2014,3,-2.438,-2.333,-2.374689844968781,2010
Sarıyer,2014,4,-2.434,-2.254,-2.3184427276331423,2010
Sarıyer,2014,5,-2.256,-2.194,-2.2946413239538055,2010
Sarıyer,2014,6,-2.308,-2.418,-2.509233087149523,2010
Sarıyer,2014,7,-2.111,-2.158,-2.252960639610922,2010
Sarıyer,2014,8,-1.782,-1.806,-1.9014223539523798,2010
Sarıyer,2014,9,-0.815,-1.12,-1.2084817186612389,2010
Sarıyer,2014,10,-0.899,-1.243,-1.308443293347694,2010
Sarıyer,2014,11,-0.738,-1.101,-1.1798784861982243,2010
Sarıyer,2014,12,-0.495,-0.929,-0.9861705651080448,2010
Sarıyer,2015,1,-0.027,-0.449,-0.5263824848004398,2010
Sarıyer,2015,2,0.497,0.199,0.14292797898703902,2010
Sarıyer,2015,3,0.298,0.045,-0.04206608698816367,2010
Sarıyer,2015,4,0.401,0.213,0.12106443528088975,2010
Sarıyer,2015,5,0.075,-0.082,-0.18020806709909534,2010
Sarıyer,2015,6,0.132,0.044,-0.0739375355091688,2010
Sarıyer,2015,7,-0.067,-0.183,-0.30648279060703815,2010
Sarıyer,2015,8,0.042,-0.134,-0.2312191525564303,2010
Sarıyer,2015,9,-0.311,-0.613,-0.6661874615193276,2010
Sarıyer,2015,10,0.312,0.076,0.052712538165756766,2010
Sarıyer,2015,11,0.101,-0.24,-0.23392064139104427,2010
Sarıyer,2015,12,-0.386,-0.732,-0.7302862738258893,2010
Sarıyer,2016,1,-0.418,-0.799,-0.8088056373453624,2010
Sarıyer,2016,2,-0.69,-0.99,-0.9734064613598494,2010
Sarıyer,2016,3,-0.525,-1.031,-1.0178835811964793,2010
Sarıyer,2016,4,-0.82,-1.408,-1.3708620723465517,2010
Sarıyer,2016,5,-0.423,-1.021,-0.9886059408775751,2010
Sarıyer,2016,6,-0.364,-1.128,-1.0342762043875442,2010
Sarıyer,2016,7,-0.266,-1.02,-0.9348564138694917,2010
Sarıyer,2016,8,-0.447,-1.124,-1.073214088400324,2010
Sarıyer,2016,9,-0.764,-1.334,-1.3296004119168952,2010
Sarıyer,2016,10,-1.691,-2.002,-2.0410023091589915,2010
Sarıyer,2016,11,-1.172,-1.652,-1.669384579949925,2010
Sarıyer,2016,12,-0.279,-0.793,-0.8304587039301936,2010
Sarıyer,2017,1,0.302,-0.167,-0.20979666078274292,2010
Sarıyer,2017,2,0.025,-0.251,-0.2973704021899156,2010
Sarıyer,2017,3,-0.085,-0.451,-0.5024638770830774,2010
Sarıyer,2017,4,-0.084,-0.279,-0.3576275628810375,2010
Sarıyer,2017,5,-0.136,-0.249,-0.32434405705700287,2010
Sarıyer,2017,6,-0.269,-0.309,-0.4082089129201075,2010
Sarıyer,2017,7,0.397,0.421,0.3225817319803011,2010
Sarıyer,2017,8,0.438,0.466,0.35754392545648844,2010
Sarıyer,2017,9,0.993,0.981,0.9183014816911869,2010
Sarıyer,2017,10,1.206,1.192,1.1456373106765534,2010
Sarıyer,2017,11,1.095,1.083,1.0293468834894206,2010
Sarıyer,2017,12,0.881,0.789,0.7883430574254807,2010
Sarıyer,2018,1,0.048,-0.194,-0.18969294410883789,2010
Sarıyer,2018,2,0.333,0.159,0.1530675291384878,2010
Sarıyer,2018,3,0.6,0.41,0.39687487306763475,2010
Sarıyer,2018,4,0.697,0.448,0.4301984597650181,2010
Sarıyer,2018,5,0.586,0.283,0.2709007614562419,2010
Sarıyer,2018,6,0.603,0.295,0.277607944848834,2010
Sarıyer,2018,7,0.185,-0.279,-0.2650662605450377,2010
Sarıyer,2018,8,0.002,-0.588,-0.533830995726019,2010
Sarıyer,2018,9,0.552,-0.004,0.04030124545972469,2010
Sarıyer,2018,10,0.252,-0.31,-0.24869807428857818,2010
Sarıyer,2018,11,0.895,0.341,0.39571706707309606,2010
Sarıyer,2018,12,1.529,1.129,1.1259051358712244,2010
Sarıyer,2019,1,1.823,1.443,1.4417576631513525,2010
Sarıyer,2019,2,2.018,1.1,1.0992674906045008,2010
Sarıyer,2019,3,1.642,1.317,1.3188578382057154,2010
Sarıyer,2019,4,1.74,1.416,1.4163975887709055,2010
Sarıyer,2019,5,1.876,1.495,1.4993708831723649,2010
Sarıyer,2019,6,1.768,1.352,1.3690169358906916,2010
Sarıyer,2019,7,2.195,1.755,1.7484224113057785,2010
Sarıyer,2019,8,2.205,1.896,1.8542539270869383,2010
Sarıyer,2019,9,1.084,0.939,0.8454107496105461,2010
Sarıyer,2019,10,1.16,1.011,0.9436668843924515,2010
Sarıyer,2019,11,0.618,0.363,0.3135562367919078,2010
Sarıyer,2019,12,-0.28,-0.661,-0.6776464004836491,2010
Sarıyer,2020,1,-0.001,-0.41,-0.4312674855367052,2020
Sarıyer,2020,2,-0.361,-0.645,-0.6567606289505413,2020
Sarıyer,2020,3,-0.294,-0.742,-0.759998635170787,2020
Sarıyer,2020,4,-0.312,-0.744,-0.768163404186868,2020
Sarıyer,2020,5,-0.354,-0.672,-0.7284725889928406,2020
Sarıyer,2020,6,-0.241,-0.417,-0.538623412214155,2020
Sarıyer,2020,7,-1.155,-1.403,-1.4837630808208824,2020
Sarıyer,2020,8,-1.209,-1.416,-1.482882475113347,2020
Sarıyer,2020,9,-1.282,-1.533,-1.5671370157944429,2020
Sarıyer,2020,10,-0.981,-1.36,-1.365698440660587,2020
Sarıyer,2020,11,-1.113,-1.426,-1.4621437486030002,2020
Sarıyer,2020,12,-1.597,-1.862,-1.877617797238666,2020
Sarıyer,2021,1,-1.517,-1.877,-1.8680217839336763,2020
Sarıyer,2021,2,-1.493,-2.099,-2.043225688942991,2020
Sarıyer,2021,3,-1.024,-1.419,-1.4050389260260667,2020
Sarıyer,2021,4,-0.912,-1.293,-1.2704562519413969,2020
Sarıyer,2021,5,-1.134,-1.563,-1.501243490857304,2020
Sarıyer,2021,6,-0.775,-1.2,-1.1448852400633989,2020
Sarıyer,2021,7,-0.642,-1.052,-0.9998040979208174,2020
Sarıyer,2021,8,-0.681,-1.097,-1.0369416883890172,2020
Sarıyer,2021,9,-0.56,-0.894,-0.8844323107011793,2020
Sarıyer,2021,10,-0.626,-0.792,-0.840141795144303,2020
Sarıyer,2021,11,-0.613,-0.83,-0.8480587598718894,2020
Sarıyer,2021,12,0.118,-0.051,-0.07228864595620596,2020
Sarıyer,2022,1,-0.73,-0.923,-0.9710629900028138,2020
Sarıyer,2022,2,-0.217,-0.231,-0.2771690218460387,2020
Sarıyer,2022,3,-0.509,-0.619,-0.6766774577036774,2020
Sarıyer,2022,4,-0.496,-0.645,-0.691172869937493,2020
Sarıyer,2022,5,-0.55,-0.572,-0.6488714185468899,2020
Sarıyer,2022,6,-1.0,-1.093,-1.1459186342170415,2020
Sarıyer,2022,7,-0.357,-0.33,-0.4298229902729183,2020
Sarıyer,2022,8,0.353,0.38,0.2944592410737498,2020
Sarıyer,2022,9,0.361,0.333,0.2635132605419425,2020
Sarıyer,2022,10,0.155,0.111,0.07124743251331726,2020
Sarıyer,2022,11,-0.107,-0.204,-0.23315849573554748,2020
Sarıyer,2022,12,-0.719,-0.881,-0.8822815521154277,2020
Sarıyer,2023,1,-1.057,-1.302,-1.2886694112416863,2020
Sarıyer,2023,2,-1.526,-1.743,-1.7254555402615848,2020
Sarıyer,2023,3,-1.269,-1.534,-1.5430063905745468,2020
Sarıyer,2023,4,-0.854,-1.099,-1.1426226371532273,2020
Sarıyer,2023,5,-0.758,-0.908,-0.9986460105983763,2020
Sarıyer,2023,6,-0.981,-1.091,-1.2215265183398498,2020
Sarıyer,2023,7,-1.517,-1.62,-1.7125216014136302,2020
Sarıyer,2023,8,-2.181,-1.979,-2.0702362506882666,2020
Sarıyer,2023,9,-2.475,-2.157,-2.220402020847013,2020
Sarıyer,2023,10,-2.126,-2.137,-2.182423858335315,2020
Sarıyer,2023,11,-0.424,-0.86,-0.8505441121819644,2020
Sarıyer,2023,12,0.243,-0.127,-0.13352082170679744,2020
Sarıyer,2024,1,0.789,0.489,0.46623032410931853,2020
Sarıyer,2024,2,0.554,0.185,0.176939939971413,2020
Sarıyer,2024,3,0.367,-0.034,-0.048445053018598715,2020
Sarıyer,2024,4,-0.073,-0.665,-0.6480691244399849,2020
Sarıyer,2024,5,-0.042,-0.649,-0.6210370457348037,2020
Sarıyer,2024,6,-0.115,-0.946,-0.8262051156905623,2020
Sarıyer,2024,7,-0.211,-1.116,-0.9726253709632575,2020
Sarıyer,2024,8,-0.234,-1.082,-0.9667119152500543,2020
Sarıyer,2024,9,0.114,-0.722,-0.6246543033792312,2020
Sarıyer,2024,10,-0.067,-0.717,-0.6845397012787546,2020
Sarıyer,2024,11,-1.516,-1.95,-1.9657349841379108,2020
Sarıyer,2024,12,-1.374,-1.847,-1.8714577874851506,2020
Tekirdağ,1965,12,1.531,1.66,1.6814705228442666,1960
Tekirdağ,1966,1,2.103,2.125,2.1448656747244117,1960
Tekirdağ,1966,2,1.397,1.531,1.555763538908943,1960
Tekirdağ,1966,3,1.622,1.728,1.7489307230218234,1960
Tekirdağ,1966,4,1.574,1.582,1.5929100529818563,1960
Tekirdağ,1966,5,1.38,1.383,1.3632069464128622,1960
Tekirdağ,1966,6,1.499,1.553,1.4969279122817387,1960
Tekirdağ,1966,7,1.573,1.579,1.529902005443119,1960
Tekirdağ,1966,8,1.462,1.433,1.4066639105316414,1960
Tekirdağ,1966,9,1.472,1.542,1.482500720776447,1960
Tekirdağ,1966,10,1.351,0.842,0.8424137608948101,1960
Tekirdağ,1966,11,1.2,1.01,1.0082926398975574,1960
Tekirdağ,1966,12,0.814,0.689,0.6403455415870559,1960
Tekirdağ,1967,1,0.713,0.622,0.5734549818435795,1960
Tekirdağ,1967,2,0.785,0.825,0.7698249341438211,1960
Tekirdağ,1967,3,0.461,0.46,0.4133694885545836,1960
Tekirdağ,1967,4,0.367,0.405,0.3750089480517019,1960
Tekirdağ,1967,5,0.469,0.476,0.48834380890577767,1960
Tekirdağ,1967,6,0.5,0.516,0.5501229566439987,1960
Tekirdağ,1967,7,0.542,0.554,0.6045174305294368,1960
Tekirdağ,1967,8,0.538,0.556,0.6047276024166567,1960
Tekirdağ,1967,9,0.529,0.509,0.5985992589102278,1960
Tekirdağ,1967,10,0.705,0.564,0.5906600834570553,1960
Tekirdağ,1967,11,-0.158,-0.002,0.004189228532262075,1960
Tekirdağ,1967,12,-0.313,-0.179,-0.16600716699076437,1960
Tekirdağ,1968,1,-0.066,0.073,0.08791537348753065,1960
Tekirdağ,1968,2,0.029,0.082,0.09967340537854058,1960
Tekirdağ,1968,3,0.413,0.475,0.4962054583821249,1960
Tekirdağ,1968,4,0.139,0.166,0.1898898341096662,1960
Tekirdağ,1968,5,-0.042,-0.117,-0.058001292965837656,1960
Tekirdağ,1968,6,-0.033,-0.148,-0.06709525886112692,1960
Tekirdağ,1968,7,-0.065,-0.155,-0.08289205496167339,1960
Tekirdağ,1968,8,0.1,0.085,0.11843095045860891,1960
Tekirdağ,1968,9,0.671,0.753,0.7755736685543837,1960
Tekirdağ,1968,10,0.638,0.535,0.5363450594035923,1960
Tekirdağ,1968,11,1.007,1.093,1.0936766372833764,1960
Tekirdağ,1968,12,1.181,1.273,1.264374259326989,1960
Tekirdağ,1969,1,0.836,1.002,0.9887810102813083,1960
Tekirdağ,1969,2,1.238,1.389,1.3874675842973545,1960
Tekirdağ,1969,3,0.928,1.119,1.109602047533162,1960
Tekirdağ,1969,4,1.202,1.427,1.4157152467853047,1960
Tekirdağ,1969,5,1.183,1.434,1.4073807769240638,1960
Tekirdağ,1969,6,1.364,1.536,1.5275169973161689,1960
Tekirdağ,1969,7,1.468,1.677,1.6514995296365824,1960
Tekirdağ,1969,8,1.273,1.551,1.5197125861762237,1960
Tekirdağ,1969,9,0.645,0.965,0.9381853002654797,1960
Tekirdağ,1969,10,0.4,0.485,0.47689207636764047,1960
Tekirdağ,1969,11,0.256,0.522,0.5198362590895031,1960
Tekirdağ,1969,12,0.202,0.391,0.41442172144235634,1960
Tekirdağ,1970,1,-0.276,-0.193,-0.15282848038235938,1970
Tekirdağ,1970,2,-0.138,-0.101,-0.06302691490069622,1970
Tekirdağ,1970,3,0.144,0.091,0.1367192367997302,1970
Tekirdağ,1970,4,0.112,-0.064,0.008127118647466824,1970
Tekirdağ,1970,5,0.369,0.32,0.3587717916159157,1970
Tekirdağ,1970,6,0.073,0.115,0.11289437793717735,1970
Tekirdağ,1970,7,-0.085,-0.203,-0.1463989647400519,1970
Tekirdağ,1970,8,-0.057,-0.245,-0.17243877357997242,1970
Tekirdağ,1970,9,-0.032,-0.15,-0.11352135771559677,1970
Tekirdağ,1970,10,0.423,0.317,0.32780003209667236,1970
Tekirdağ,1970,11,0.802,0.828,0.8189931279220772,1970
Tekirdağ,1970,12,0.263,0.337,0.28497007526661783,1970
Tekirdağ,1971,1,0.488,0.556,0.524391211218016,1970
Tekirdağ,1971,2,-0.004,0.059,0.006803014432831099,1970
Tekirdağ,1971,3,0.3,0.408,0.3647135529283771,1970
Tekirdağ,1971,4,0.114,0.342,0.2784613426713709,1970
Tekirdağ,1971,5,0.017,0.19,0.15735659907532082,1970
Tekirdağ,1971,6,-0.088,0.051,0.04194210889080018,1970
Tekirdağ,1971,7,0.048,0.286,0.2514920192724667,1970
Tekirdağ,1971,8,0.094,0.261,0.24909077258605364,1970
Tekirdağ,1971,9,0.272,0.457,0.4540087756997061,1970
Tekirdağ,1971,10,0.073,0.229,0.22145632259364184,1970
Tekirdağ,1971,11,0.272,0.507,0.5003429901115526,1970
Tekirdağ,1971,12,0.078,0.287,0.28211556178330593,1970
Tekirdağ,1972,1,-0.426,-0.138,-0.1863572164705096,1970
Tekirdağ,1972,2,-0.612,-0.331,-0.3924495752536143,1970
Tekirdağ,1972,3,-1.525,-1.126,-1.1882136271678159,1970
Tekirdağ,1972,4,-1.576,-1.267,-1.303466685927014,1970
Tekirdağ,1972,5,-1.458,-1.13,-1.181724808615107,1970
Tekirdağ,1972,6,-1.147,-0.921,-0.9600756247925788,1970
Tekirdağ,1972,7,-1.131,-0.974,-0.9910436421525534,1970
Tekirdağ,1972,8,-0.978,-0.873,-0.883333631445195,1970
Tekirdağ,1972,9,-0.74,-0.691,-0.7027558370292556,1970
Tekirdağ,1972,10,0.005,0.076,0.08842027053205494,1970
Tekirdağ,1972,11,-0.272,-0.213,-0.19737325946239548,1970
Tekirdağ,1972,12,-0.592,-0.513,-0.5203911071585083,1970
Tekirdağ,1973,1,-0.44,-0.377,-0.38429506211514514,1970
Tekirdağ,1973,2,0.133,0.133,0.14792909286330538,1970
Tekirdağ,1973,3,0.315,0.329,0.34858191675128936,1970
Tekirdağ,1973,4,0.383,0.519,0.5209379700985429,1970
Tekirdağ,1973,5,0.236,0.37,0.3787782122012621,1970
Tekirdağ,1973,6,0.005,0.305,0.2603769022751264,1970
Tekirdağ,1973,7,0.02,0.318,0.2829520936866607,1970
Tekirdağ,1973,8,-0.116,0.253,0.17454592247169967,1970
Tekirdağ,1973,9,-0.316,-0.027,-0.0792021137805301,1970
Tekirdağ,1973,10,-1.063,-0.642,-0.6511501898106745,1970
Tekirdağ,1973,11,-1.543,-1.1,-1.1348917036202903,1970
Tekirdağ,1973,12,-1.179,-0.875,-0.8841773367266607,1970
Tekirdağ,1974,1,-1.519,-1.184,-1.2036906910709477,1970
Tekirdağ,1974,2,-1.866,-1.433,-1.4578023615988949,1970
Tekirdağ,1974,3,-1.68,-1.294,-1.3188180889792833,1970
Tekirdağ,1974,4,-1.621,-1.18,-1.2227449516604445,1970
Tekirdağ,1974,5,-0.991,-0.595,-0.6554355857341333,1970
Tekirdağ,1974,6,-0.672,-0.318,-0.36732572073418834,1970
Tekirdağ,1974,7,-0.934,-0.469,-0.5575060094934506,1970
Tekirdağ,1974,8,-0.934,-0.571,-0.630524600140839,1970
Tekirdağ,1974,9,-0.989,-0.658,-0.7215680122133126,1970
Tekirdağ,1974,10,-1.117,-0.661,-0.6716882396060386,1970
Tekirdağ,1974,11,-0.728,-0.475,-0.4559737907448585,1970
Tekirdağ,1974,12,-0.568,-0.339,-0.327861443675992,1970
Tekirdağ,1975,1,-0.211,-0.033,-0.01003992989463853,1970
Tekirdağ,1975,2,-0.319,-0.135,-0.13095310026633042,1970
Tekirdağ,1975,3,-0.176,-0.097,-0.08261458684675374,1970
Tekirdağ,1975,4,-0.144,-0.162,-0.12505524593150041,1970
Tekirdağ,1975,5,-0.313,-0.334,-0.29865114162063156,1970
Tekirdağ,1975,6,0.157,0.131,0.1799564813850743,1970
Tekirdağ,1975,7,0.261,0.149,0.23683228761578995,1970
Tekirdağ,1975,8,0.506,0.409,0.4872126582962765,1970
Tekirdağ,1975,9,0.392,0.24,0.3424841738183832,1970
Tekirdağ,1975,10,0.774,0.558,0.5772417714023823,1970
Tekirdağ,1975,11,1.106,1.124,1.1285348494828986,1970
Tekirdağ,1975,12,1.114,1.164,1.1525576468633856,1970
Tekirdağ,1976,1,0.893,0.958,0.9604259424895485,1970
Tekirdağ,1976,2,0.744,0.818,0.8226814989013395,1970
Tekirdağ,1976,3,0.394,0.516,0.5123626415892929,1970
Tekirdağ,1976,4,0.391,0.57,0.5771451298804045,1970
Tekirdağ,1976,5,0.242,0.46,0.47658044439324415,1970
Tekirdağ,1976,6,-0.449,-0.181,-0.16983383390316342,1970
Tekirdağ,1976,7,-0.416,-0.071,-0.07349800140995379,1970
Tekirdağ,1976,8,-0.1,0.3,0.27907460857581046,1970
Tekirdağ,1976,9,0.021,0.527,0.4727931351418357,1970
Tekirdağ,1976,10,0.133,0.454,0.43450232070114203,1970
Tekirdağ,1976,11,-0.162,0.321,0.3309128711173836,1970
Tekirdağ,1976,12,0.136,0.537,0.5705286460835309,1970
Tekirdağ,1977,1,0.271,0.702,0.7275038146034883,1970
Tekirdağ,1977,2,0.396,0.673,0.7222588661832152,1970
Tekirdağ,1977,3,0.598,0.816,0.861361564375022,1970
Tekirdağ,1977,4,0.552,0.799,0.822223402044784,1970
Tekirdağ,1977,5,0.436,0.681,0.6874844723252774,1970
Tekirdağ,1977,6,0.756,0.985,0.9887028047258605,1970
Tekirdağ,1977,7,0.692,0.896,0.9093404226207976,1970
Tekirdağ,1977,8,0.162,0.178,0.2446079642787608,1970
Tekirdağ,1977,9,0.498,0.57,0.6212081203540487,1970
Tekirdağ,1977,10,-0.025,0.108,0.10362007773636045,1970
Tekirdağ,1977,11,-0.195,-0.068,-0.07349376031322188,1970
Tekirdağ,1977,12,-0.536,-0.376,-0.41792418663628134,1970
Tekirdağ,1978,1,-0.192,-0.025,-0.06658481296217553,1970
Tekirdağ,1978,2,0.082,0.309,0.2506425996893395,1970
Tekirdağ,1978,3,-0.072,0.079,0.031748796389934344,1970
Tekirdağ,1978,4,0.502,0.687,0.6667386368231177,1970
Tekirdağ,1978,5,0.739,0.898,0.897841094897055,1970
Tekirdağ,1978,6,0.337,0.514,0.5114339442006495,1970
Tekirdağ,1978,7,0.293,0.499,0.494595061375218,1970
Tekirdağ,1978,8,0.573,0.857,0.8211250466672577,1970
Tekirdağ,1978,9,0.899,1.224,1.190688439010995,1970
Tekirdağ,1978,10,1.361,1.012,1.0191685527807797,1970
Tekirdağ,1978,11,1.295,1.528,1.4972755801635735,1970
Tekirdağ,1978,12,1.017,1.237,1.2290866787521222,1970
Tekirdağ,1979,1,0.898,1.153,1.1456064513786703,1970
Tekirdağ,1979,2,0.669,0.944,0.9228684432583936,1970
Tekirdağ,1979,3,0.534,0.758,0.7327305509225268,1970
Tekirdağ,1979,4,0.169,0.411,0.36270089526944554,1970
Tekirdağ,1979,5,0.17,0.438,0.37807058432776197,1970
Tekirdağ,1979,6,0.316,0.549,0.5060699659487007,1970
Tekirdağ,1979,7,0.678,0.928,0.8851610905560978,1970
Tekirdağ,1979,8,0.473,0.668,0.633625809796062,1970
Tekirdağ,1979,9,-0.346,-0.26,-0.29055249804584166,1970
Tekirdağ,1979,10,-0.179,0.012,-0.02130533356691935,1970
Tekirdağ,1979,11,0.442,0.595,0.5676882905945079,1970
Tekirdağ,1979,12,0.565,0.709,0.6773093935456985,1970
Tekirdağ,1980,1,0.624,0.817,0.7825832335263647,1980
Tekirdağ,1980,2,0.728,0.96,0.9246244762872418,1980
Tekirdağ,1980,3,0.963,1.262,1.2296419603706905,1980
Tekirdağ,1980,4,0.881,1.182,1.1549178758572713,1980
Tekirdağ,1980,5,0.818,1.141,1.1106562699720945,1980
Tekirdağ,1980,6,0.817,1.216,1.1656582943755507,1980
Tekirdağ,1980,7,0.657,1.043,1.0103407999843128,1980
Tekirdağ,1980,8,0.567,0.96,0.924384453319586,1980
Tekirdağ,1980,9,0.557,1.016,0.9663337885208486,1980
Tekirdağ,1980,10,-0.227,0.113,0.10860881209845359,1980
Tekirdağ,1980,11,-0.504,-0.165,-0.13712001477145286,1980
Tekirdağ,1980,12,-0.145,0.153,0.18616257452022852,1980
Tekirdağ,1981,1,0.143,0.449,0.48561656675448717,1980
Tekirdağ,1981,2,0.182,0.448,0.4771392714862119,1980
Tekirdağ,1981,3,0.002,0.148,0.18169654497556015,1980
Tekirdağ,1981,4,-0.252,-0.117,-0.0875821974427431,1980
Tekirdağ,1981,5,-0.188,0.059,0.05964546012600053,1980
Tekirdağ,1981,6,-0.401,-0.239,-0.20849609445749526,1980
Tekirdağ,1981,7,-0.283,-0.076,-0.05986717741411902,1980
Tekirdağ,1981,8,-0.279,-0.121,-0.10228187559667105,1980
Tekirdağ,1981,9,-0.154,-0.06,-0.017767291271184142,1980
Tekirdağ,1981,10,0.256,0.292,0.32579799808018745,1980
Tekirdağ,1981,11,0.884,1.101,1.09710311593622,1980
Tekirdağ,1981,12,1.451,1.564,1.574998021275292,1980
Tekirdağ,1982,1,0.925,1.112,1.129994530424719,1980
Tekirdağ,1982,2,0.67,0.878,0.889944598975894,1980
Tekirdağ,1982,3,0.699,0.943,0.9503744446904345,1980
Tekirdağ,1982,4,1.278,1.501,1.5215626468919443,1980
Tekirdağ,1982,5,1.347,1.505,1.5328556569472942,1980
Tekirdağ,1982,6,1.432,1.599,1.6141206454201982,1980
Tekirdağ,1982,7,1.334,1.547,1.5572510088058786,1980
Tekirdağ,1982,8,1.422,1.66,1.667450407393874,1980
Tekirdağ,1982,9,1.252,1.505,1.5357308874282343,1980
Tekirdağ,1982,10,1.066,0.883,0.8968893926867424,1980
Tekirdağ,1982,11,0.282,0.544,0.5865003111256231,1980
Tekirdağ,1982,12,-0.584,-0.316,-0.293724457637872,1980
Tekirdağ,1983,1,-0.848,-0.594,-0.5735481452824971,1980
Tekirdağ,1983,2,-0.385,-0.187,-0.1668784130302083,1980
Tekirdağ,1983,3,-0.674,-0.545,-0.5234523194137913,1980
Tekirdağ,1983,4,-1.417,-1.257,-1.2143512144641115,1980
Tekirdağ,1983,5,-1.846,-1.717,-1.619470361158621,1980
Tekirdağ,1983,6,-1.641,-1.53,-1.4509079715761355,1980
Tekirdağ,1983,7,-1.083,-1.151,-1.044763023265559,1980
Tekirdağ,1983,8,-1.064,-1.098,-1.0171688054919799,1980
Tekirdağ,1983,9,-0.516,-0.556,-0.4944351140745085,1980
Tekirdağ,1983,10,-0.646,-0.41,-0.39396074497905786,1980
Tekirdağ,1983,11,-0.707,-0.534,-0.5363038243601914,1980
Tekirdağ,1983,12,-0.922,-0.71,-0.7384019863661613,1980
Tekirdağ,1984,1,-0.337,-0.211,-0.21930945998981455,1980
Tekirdağ,1984,2,-0.554,-0.487,-0.49949016733761276,1980
Tekirdağ,1984,3,0.129,0.261,0.24488547194767707,1980
Tekirdağ,1984,4,0.563,0.832,0.8037123636000597,1980
Tekirdağ,1984,5,0.64,0.949,0.9081256988923838,1980
Tekirdağ,1984,6,0.539,0.824,0.791153376112112,1980
Tekirdağ,1984,7,0.407,0.799,0.7291194009444677,1980
Tekirdağ,1984,8,0.366,0.784,0.6930277197634332,1980
Tekirdağ,1984,9,-0.082,0.292,0.20140215156168365,1980
Tekirdağ,1984,10,-0.154,0.104,0.08482198977489183,1980
Tekirdağ,1984,11,-0.008,0.208,0.2175623858157635,1980
Tekirdağ,1984,12,-0.267,-0.053,-0.061338605155362935,1980
Tekirdağ,1985,1,-0.341,-0.109,-0.12834969905947685,1980
Tekirdağ,1985,2,-0.191,0.094,0.0760984794727145,1980
Tekirdağ,1985,3,-0.732,-0.452,-0.477244208660363,1980
Tekirdağ,1985,4,-0.859,-0.656,-0.6521662939611791,1980
Tekirdağ,1985,5,-1.072,-0.855,-0.8359397833926933,1980
Tekirdağ,1985,6,-1.013,-0.786,-0.7673736869546741,1980
Tekirdağ,1985,7,-1.53,-1.205,-1.199161715708198,1980
Tekirdağ,1985,8,-1.55,-1.359,-1.299838195478769,1980
Tekirdağ,1985,9,-1.45,-1.279,-1.2436614650947067,1980
Tekirdağ,1985,10,-1.188,-0.701,-0.7263737802903519,1980
Tekirdağ,1985,11,-0.622,-0.317,-0.326440883409358,1980
Tekirdağ,1985,12,-0.489,-0.281,-0.2587132776056619,1980
Tekirdağ,1986,1,-0.246,-0.08,-0.04049094414963463,1980
Tekirdağ,1986,2,-0.002,0.062,0.09483571770284503,1980
Tekirdağ,1986,3,0.111,0.139,0.1708509131964031,1980
Tekirdağ,1986,4,-0.26,-0.219,-0.19589741393205687,1980
Tekirdağ,1986,5,-0.273,-0.058,-0.08156057477488005,1980
Tekirdağ,1986,6,0.227,0.4,0.40693140621260593,1980
Tekirdağ,1986,7,0.193,0.286,0.32827850719836665,1980
Tekirdağ,1986,8,0.158,0.176,0.2382227018744304,1980
Tekirdağ,1986,9,0.179,0.163,0.2421396456362521,1980
Tekirdağ,1986,10,0.262,0.19,0.25556668890701606,1980
Tekirdağ,1986,11,-0.39,-0.338,-0.29416010036594914,1980
Tekirdağ,1986,12,0.023,0.172,0.16216740186767054,1980
Tekirdağ,1987,1,-0.204,-0.002,-0.03502767380622164,1980
Tekirdağ,1987,2,-0.577,-0.424,-0.4563296159244601,1980
Tekirdağ,1987,3,-0.441,-0.219,-0.24226859369398346,1980
Tekirdağ,1987,4,-0.267,0.106,0.07298910589085679,1980
Tekirdağ,1987,5,-0.001,0.404,0.3891030462492119,1980
Tekirdağ,1987,6,-0.551,-0.066,-0.09892185621569881,1980
Tekirdağ,1987,7,-0.533,-0.089,-0.09257660774337356,1980
Tekirdağ,1987,8,-0.468,0.043,0.001057066741887177,1980
Tekirdağ,1987,9,-0.505,-0.051,-0.0707231928311268,1980
Tekirdağ,1987,10,-0.593,-0.044,-0.05569501662018096,1980
Tekirdağ,1987,11,-0.205,0.25,0.2921872958444663,1980
Tekirdağ,1987,12,0.109,0.487,0.5452378393376555,1980
Tekirdağ,1988,1,-0.773,-0.426,-0.3560074372674177,1980
Tekirdağ,1988,2,-0.449,-0.129,-0.07444007770964453,1980
Tekirdağ,1988,3,-0.219,-0.063,-0.006303464968216219,1980
Tekirdağ,1988,4,-0.146,0.025,0.07594356381069486,1980
Tekirdağ,1988,5,-0.155,0.009,0.05880483794506229,1980
Tekirdağ,1988,6,-0.015,0.161,0.20825302495040543,1980
Tekirdağ,1988,7,0.094,0.212,0.28713755795723367,1980
Tekirdağ,1988,8,0.223,0.215,0.33026049015814557,1980
Tekirdağ,1988,9,0.395,0.448,0.542814824013623,1980
Tekirdağ,1988,10,0.285,0.26,0.3201329484294182,1980
Tekirdağ,1988,11,0.798,0.968,0.9932160780700349,1980
Tekirdağ,1988,12,0.697,0.88,0.8908356004688314,1980
Tekirdağ,1989,1,0.606,0.874,0.8644562844454534,1980
Tekirdağ,1989,2,0.283,0.51,0.49287205348697527,1980
Tekirdağ,1989,3,0.109,0.258,0.24228548619069754,1980
Tekirdağ,1989,4,-0.193,-0.2,-0.1814633422952521,1980
Tekirdağ,1989,5,0.033,0.064,0.08027948345793828,1980
Tekirdağ,1989,6,0.279,0.415,0.4046966397189085,1980
Tekirdağ,1989,7,0.18,0.43,0.3754687292874182,1980
Tekirdağ,1989,8,0.28,0.509,0.45480064113260754,1980
Tekirdağ,1989,9,0.13,0.357,0.2970772546352718,1980
Tekirdağ,1989,10,0.226,0.343,0.30924175373098256,1980
Tekirdağ,1989,11,-0.7,-0.505,-0.5523510946597227,1980
Tekirdağ,1989,12,-0.995,-0.799,-0.8477308803538371,1980
Tekirdağ,1990,1,-1.026,-0.86,-0.9191138444645207,1990
Tekirdağ,1990,2,-0.935,-0.809,-0.8687809974265547,1990
Tekirdağ,1990,3,-1.332,-1.104,-1.172678748051942,1990
Tekirdağ,1990,4,-0.942,-0.66,-0.7705732931557626,1990
Tekirdağ,1990,5,-1.258,-0.898,-1.0190416135694704,1990
Tekirdağ,1990,6,-1.416,-1.047,-1.1697939821168215,1990
Tekirdağ,1990,7,-1.375,-1.039,-1.158005506152243,1990
Tekirdağ,1990,8,-1.586,-1.204,-1.3218829648568529,1990
Tekirdağ,1990,9,-1.242,-0.934,-1.0804904576941683,1990
Tekirdağ,1990,10,-0.952,-0.512,-0.6311269284733264,1990
Tekirdağ,1990,11,-0.984,-0.775,-0.8498675403750338,1990
Tekirdağ,1990,12,-0.315,-0.222,-0.2655734749348378,1990
Tekirdağ,1991,1,-0.237,-0.181,-0.21225940987241407,1990
Tekirdağ,1991,2,-0.023,0.068,0.035688548548969946,1990
Tekirdağ,1991,3,0.086,0.219,0.19134691263087134,1990
Tekirdağ,1991,4,0.23,0.448,0.42755304384087456,1990
Tekirdağ,1991,5,0.714,0.923,0.9327721077147516,1990
Tekirdağ,1991,6,0.372,0.578,0.6012009226273899,1990
Tekirdağ,1991,7,0.43,0.634,0.671075534536399,1990
Tekirdağ,1991,8,0.371,0.534,0.5863291903170841,1990
Tekirdağ,1991,9,0.2,0.313,0.3965760734070477,1990
Tekirdağ,1991,10,0.64,0.54,0.5996035559185128,1990
Tekirdağ,1991,11,0.523,0.696,0.7743771274163378,1990
Tekirdağ,1991,12,-0.37,-0.091,-0.06592916879043703,1990
Tekirdağ,1992,1,-0.546,-0.256,-0.240142028194257,1990
Tekirdağ,1992,2,-0.657,-0.376,-0.3724723190702311,1990
Tekirdağ,1992,3,-0.315,-0.07,-0.06604442440840445,1990
Tekirdağ,1992,4,-0.594,-0.325,-0.3265741982039334,1990
Tekirdağ,1992,5,-1.381,-0.96,-0.9781447161154604,1990
Tekirdağ,1992,6,-0.478,-0.112,-0.13413477598855797,1990
Tekirdağ,1992,7,-0.613,-0.109,-0.18065190601627748,1990
Tekirdağ,1992,8,-0.531,-0.166,-0.19635232194465635,1990
Tekirdağ,1992,9,-0.529,-0.188,-0.22125070505970532,1990
Tekirdağ,1992,10,-1.193,-0.716,-0.7003450557481427,1990
Tekirdağ,1992,11,-1.093,-0.738,-0.7214395133034305,1990
Tekirdağ,1992,12,-0.868,-0.596,-0.5711862897755978,1990
Tekirdağ,1993,1,-0.646,-0.396,-0.37172050298321413,1990
Tekirdağ,1993,2,0.051,0.302,0.3293378666350894,1990
Tekirdağ,1993,3,-0.03,0.209,0.23157589820891317,1990
Tekirdağ,1993,4,-0.155,0.107,0.13052371570736138,1990
Tekirdağ,1993,5,0.119,0.342,0.3893646693864152,1990
Tekirdağ,1993,6,-0.638,-0.415,-0.365189542857005,1990
Tekirdağ,1993,7,-0.756,-0.561,-0.4950629500761734,1990
Tekirdağ,1993,8,-0.667,-0.422,-0.39327448733632714,1990
Tekirdağ,1993,9,-0.647,-0.435,-0.40307482478857104,1990
Tekirdağ,1993,10,-0.973,-0.515,-0.5008205039048367,1990
Tekirdağ,1993,11,-0.905,-0.473,-0.4922092708523156,1990
Tekirdağ,1993,12,-0.657,-0.382,-0.3508400610760878,1990
Tekirdağ,1994,1,-0.638,-0.444,-0.4023698985249286,1990
Tekirdağ,1994,2,-0.699,-0.593,-0.5674448057229586,1990
Tekirdağ,1994,3,-0.786,-0.732,-0.7240795957599662,1990
Tekirdağ,1994,4,-0.708,-0.664,-0.6738514619435068,1990
Tekirdağ,1994,5,-0.805,-0.767,-0.7907320748688773,1990
Tekirdağ,1994,6,-0.522,-0.388,-0.4672754156198602,1990
Tekirdağ,1994,7,-0.53,-0.496,-0.5458639431752583,1990
Tekirdağ,1994,8,-0.582,-0.638,-0.6669276689593896,1990
Tekirdağ,1994,9,-0.363,-0.639,-0.5851368552725366,1990
Tekirdağ,1994,10,0.216,0.064,0.08955861563537264,1990
Tekirdağ,1994,11,0.305,0.108,0.13777832313201588,1990
Tekirdağ,1994,12,0.45,0.347,0.324758587570539,1990
Tekirdağ,1995,1,1.612,1.53,1.5264255769961366,1990
Tekirdağ,1995,2,1.245,1.184,1.1893451840202216,1990
Tekirdağ,1995,3,1.486,1.405,1.4310649956687573,1990
Tekirdağ,1995,4,1.512,1.424,1.4522984444221843,1990
Tekirdağ,1995,5,1.39,1.282,1.314308850290335,1990
Tekirdağ,1995,6,1.437,1.206,1.287611385432124,1990
Tekirdağ,1995,7,1.978,1.66,1.7433487560690122,1990
Tekirdağ,1995,8,2.14,1.901,1.9646032586079654,1990
Tekirdağ,1995,9,2.195,2.113,2.127691502439325,1990
Tekirdağ,1995,10,1.854,1.187,1.1837882413767244,1990
Tekirdağ,1995,11,2.136,2.018,1.990603490288876,1990
Tekirdağ,1995,12,1.938,1.853,1.8462151618489806,1990
Tekirdağ,1996,1,0.863,0.959,0.9341012207751416,1990
Tekirdağ,1996,2,1.184,1.338,1.315669437137978,1990
Tekirdağ,1996,3,1.034,1.278,1.2521525883410078,1990
Tekirdağ,1996,4,1.138,1.399,1.3786358356541342,1990
Tekirdağ,1996,5,1.134,1.309,1.3139310102000596,1990
Tekirdağ,1996,6,0.886,1.157,1.1355115910871205,1990
Tekirdağ,1996,7,0.754,1.055,1.0339434645897498,1990
Tekirdağ,1996,8,0.608,0.918,0.8937983108364134,1990
Tekirdağ,1996,9,0.501,0.88,0.8369083463387388,1990
Tekirdağ,1996,10,0.515,0.599,0.5847363375014315,1990
Tekirdağ,1996,11,0.304,0.562,0.5896181738689312,1990
Tekirdağ,1996,12,0.31,0.51,0.5573065741424303,1990
Tekirdağ,1997,1,0.132,0.278,0.3541595591368026,1990
Tekirdağ,1997,2,-0.385,-0.321,-0.24884175168414646,1990
Tekirdağ,1997,3,-0.449,-0.452,-0.37795010099570536,1990
Tekirdağ,1997,4,-0.169,-0.119,-0.03392422298227429,1990
Tekirdağ,1997,5,-0.238,-0.092,-0.02051822043236005,1990
Tekirdağ,1997,6,-0.094,0.074,0.1522016623369567,1990
Tekirdağ,1997,7,-0.279,-0.137,-0.039912229457737994,1990
Tekirdağ,1997,8,-0.205,-0.02,0.049274653995336266,1990
Tekirdağ,1997,9,-0.539,-0.325,-0.27616184286646245,1990
Tekirdağ,1997,10,1.005,0.837,0.8720577692665435,1990
Tekirdağ,1997,11,1.094,1.331,1.3803050816581943,1990
Tekirdağ,1997,12,1.634,1.795,1.8270048139967514,1990
Tekirdağ,1998,1,1.745,1.917,1.9456995589818757,1990
Tekirdağ,1998,2,1.903,2.056,2.092495464540898,1990
Tekirdağ,1998,3,2.202,2.318,2.364796429299662,1990
Tekirdağ,1998,4,1.915,1.94,1.9822374064302082,1990
Tekirdağ,1998,5,2.286,2.179,2.2044705227076875,1990
Tekirdağ,1998,6,2.213,2.078,2.0977293018298555,1990
Tekirdağ,1998,7,2.272,2.121,2.1346389883511914,1990
Tekirdağ,1998,8,2.132,2.042,2.073738058941407,1990
Tekirdağ,1998,9,2.77,2.558,2.5873926886112892,1990
Tekirdağ,1998,10,2.189,1.292,1.322197351719863,1990
Tekirdağ,1998,11,2.957,2.496,2.513841857105246,1990
Tekirdağ,1998,12,2.312,2.1,2.114076107705612,1990
Tekirdağ,1999,1,2.256,2.075,2.095712087545404,1990
Tekirdağ,1999,2,2.336,2.209,2.238544371492031,1990
Tekirdağ,1999,3,2.048,1.97,2.0007341801160283,1990
Tekirdağ,1999,4,2.055,1.913,1.9354976192335052,1990
Tekirdağ,1999,5,1.946,1.769,1.7793958470752114,1990
Tekirdağ,1999,6,1.933,1.739,1.7440752359395024,1990
Tekirdağ,1999,7,1.74,1.542,1.56009524422599,1990
Tekirdağ,1999,8,1.611,1.52,1.5118237561208152,1990
Tekirdağ,1999,9,0.903,0.858,0.8355698105935395,1990
Tekirdağ,1999,10,0.463,0.29,0.26608487871302067,1990
Tekirdağ,1999,11,0.331,0.22,0.16241077795951897,1990
Tekirdağ,1999,12,0.462,0.268,0.2479605828680286,1990
Tekirdağ,2000,1,0.367,0.226,0.1945549916632895,2000
Tekirdağ,2000,2,0.057,-0.142,-0.1735705613020807,2000
Tekirdağ,2000,3,-0.165,-0.363,-0.39330356879592315,2000
Tekirdağ,2000,4,0.06,-0.135,-0.14073683279891633,2000
Tekirdağ,2000,5,0.256,0.117,0.11981260557725927,2000
Tekirdağ,2000,6,0.215,0.188,0.1589452395412638,2000
Tekirdağ,2000,7,0.252,0.286,0.23808887525998135,2000
Tekirdağ,2000,8,0.347,0.358,0.3180124171419294,2000
Tekirdağ,2000,9,0.254,0.276,0.23508001406266918,2000
Tekirdağ,2000,10,0.415,0.371,0.34091024350339505,2000
Tekirdağ,2000,11,-0.194,-0.21,-0.22801373600417402,2000
Tekirdağ,2000,12,-1.094,-1.054,-1.080572675350534,2000
Tekirdağ,2001,1,-0.915,-1.037,-1.0474045992201222,2000
Tekirdağ,2001,2,-0.667,-0.845,-0.853878569103744,2000
Tekirdağ,2001,3,-0.88,-1.182,-1.1617959091316803,2000
Tekirdağ,2001,4,-0.734,-0.956,-0.9715083312292024,2000
Tekirdağ,2001,5,-0.83,-1.036,-1.058127008219795,2000
Tekirdağ,2001,6,-0.849,-1.068,-1.0945000676369883,2000
Tekirdağ,2001,7,-0.779,-1.074,-1.077873264208901,2000
Tekirdağ,2001,8,-0.826,-1.175,-1.15481260667117,2000
Tekirdağ,2001,9,-0.552,-1.016,-0.97045526834696,2000
Tekirdağ,2001,10,-1.207,-1.561,-1.4726155829549812,2000
Tekirdağ,2001,11,-0.453,-0.857,-0.8359173200387671,2000
Tekirdağ,2001,12,1.018,0.83,0.8177537132365016,2000
Tekirdağ,2002,1,0.766,0.648,0.613593187121272,2000
Tekirdağ,2002,2,0.402,0.226,0.18969345434015009,2000
Tekirdağ,2002,3,0.601,0.525,0.4722913189670361,2000
Tekirdağ,2002,4,0.411,0.391,0.32467238220363,2000
Tekirdağ,2002,5,0.059,0.023,-0.04487537369847633,2000
Tekirdağ,2002,6,0.305,0.243,0.2073654899297591,2000
Tekirdağ,2002,7,0.465,0.38,0.36486696883239017,2000
Tekirdağ,2002,8,0.613,0.579,0.5411985138979252,2000
Tekirdağ,2002,9,1.144,1.208,1.1659186002380595,2000
Tekirdağ,2002,10,1.341,0.917,0.8944448841933257,2000
Tekirdağ,2002,11,1.321,1.243,1.230209038851181,2000
Tekirdağ,2002,12,0.023,-0.13,-0.1484188685084859,2000
Tekirdağ,2003,1,0.587,0.396,0.4190096280041638,2000
Tekirdağ,2003,2,1.005,0.981,1.0014615509494422,2000
Tekirdağ,2003,3,0.773,0.839,0.8545347262959653,2000
Tekirdağ,2003,4,1.023,1.122,1.1518806149382412,2000
Tekirdağ,2003,5,1.045,1.081,1.1363269836765233,2000
Tekirdağ,2003,6,0.832,0.851,0.9246618608845858,2000
Tekirdağ,2003,7,0.799,0.889,0.9402264563842018,2000
Tekirdağ,2003,8,0.905,0.952,1.026080712666234,2000
Tekirdağ,2003,9,0.208,0.258,0.33111736824225846,2000
Tekirdağ,2003,10,0.664,0.523,0.5767346202180591,2000
Tekirdağ,2003,11,0.347,0.454,0.526279981959528,2000
Tekirdağ,2003,12,0.525,0.604,0.682377854675243,2000
Tekirdağ,2004,1,0.866,1.023,1.0802752009601135,2000
Tekirdağ,2004,2,0.38,0.452,0.5002172944282502,2000
Tekirdağ,2004,3,0.644,0.613,0.6708806562829541,2000
Tekirdağ,2004,4,0.359,0.209,0.28038006717002356,2000
Tekirdağ,2004,5,0.511,0.473,0.5149617197050111,2000
Tekirdağ,2004,6,1.13,1.174,1.1875900119404794,2000
Tekirdağ,2004,7,1.058,1.157,1.153510666063915,2000
Tekirdağ,2004,8,1.095,1.3,1.2534378468267837,2000
Tekirdağ,2004,9,0.836,1.068,1.022040116892501,2000
Tekirdağ,2004,10,0.25,0.315,0.2908000004368253,2000
Tekirdağ,2004,11,0.348,0.496,0.46710428761715056,2000
Tekirdağ,2004,12,0.203,0.307,0.28655768110709146,2000
Tekirdağ,2005,1,-0.609,-0.585,-0.6023237235950292,2000
Tekirdağ,2005,2,-0.325,-0.283,-0.30570125447075763,2000
Tekirdağ,2005,3,-0.573,-0.525,-0.5539146059425418,2000
Tekirdağ,2005,4,-0.728,-0.652,-0.6796824731455076,2000
Tekirdağ,2005,5,-0.331,-0.28,-0.29006164610843727,2000
Tekirdağ,2005,6,-1.102,-0.976,-0.9989397051642475,2000
Tekirdağ,2005,7,-1.26,-1.145,-1.1580456974821527,2000
Tekirdağ,2005,8,-1.768,-1.61,-1.5899299711565105,2000
Tekirdağ,2005,9,-1.609,-1.599,-1.5590461999670084,2000
Tekirdağ,2005,10,-1.33,-1.124,-1.1114164397290012,2000
Tekirdağ,2005,11,-0.869,-0.782,-0.7931667706187555,2000
Tekirdağ,2005,12,-0.606,-0.546,-0.559993245604447,2000
Tekirdağ,2006,1,-0.996,-0.861,-0.9058017978792648,2000
Tekirdağ,2006,2,-0.938,-0.838,-0.8814672500566115,2000
Tekirdağ,2006,3,-0.422,-0.364,-0.40533741523316735,2000
Tekirdağ,2006,4,-0.46,-0.378,-0.4204840480005268,2000
Tekirdağ,2006,5,-0.996,-0.868,-0.908144860793071,2000
Tekirdağ,2006,6,-0.864,-0.81,-0.8260092349260043,2000
Tekirdağ,2006,7,-0.916,-0.822,-0.8562270365560399,2000
Tekirdağ,2006,8,-0.82,-0.822,-0.8236827469370289,2000
Tekirdağ,2006,9,-0.032,-0.016,-0.0205784388433993,2000
Tekirdağ,2006,10,-0.046,-0.012,0.002753223183655034,2000
Tekirdağ,2006,11,-0.491,-0.496,-0.4815415361077669,2000
Tekirdağ,2006,12,-0.858,-0.834,-0.8349918879086733,2000
Tekirdağ,2007,1,-0.833,-0.962,-0.9413486121166459,2000
Tekirdağ,2007,2,-1.076,-1.235,-1.2189510044687393,2000
Tekirdağ,2007,3,-1.797,-1.715,-1.7128088212893982,2000
Tekirdağ,2007,4,-1.791,-1.637,-1.6730864775462555,2000
Tekirdağ,2007,5,-1.628,-1.587,-1.6188240615735612,2000
Tekirdağ,2007,6,-1.888,-1.981,-1.9408117308239012,2000
Tekirdağ,2007,7,-1.978,-2.119,-2.065820435945245,2000
Tekirdağ,2007,8,-1.995,-2.027,-1.999748405826264,2000
Tekirdağ,2007,9,-3.06,-2.556,-2.583374444660585,2000
Tekirdağ,2007,10,-3.018,-4.753,-4.75,2000
Tekirdağ,2007,11,-1.153,-1.431,-1.4289396890410122,2000
Tekirdağ,2007,12,-0.842,-1.152,-1.1590756386071805,2000
Tekirdağ,2008,1,-0.906,-1.173,-1.214390710125609,2000
Tekirdağ,2008,2,-0.893,-1.117,-1.1600037653186055,2000
Tekirdağ,2008,3,-0.515,-0.829,-0.8540503817606818,2000
Tekirdağ,2008,4,-0.464,-0.886,-0.8795231672976238,2000
Tekirdağ,2008,5,-0.585,-0.929,-0.9397109779950704,2000
Tekirdağ,2008,6,-0.25,-0.457,-0.5237272069976903,2000
Tekirdağ,2008,7,-0.163,-0.282,-0.38821689896349926,2000
Tekirdağ,2008,8,-0.154,-0.297,-0.40035024622678744,2000
Tekirdağ,2008,9,-0.034,-0.249,-0.31661563402938697,2000
Tekirdağ,2008,10,0.12,0.015,-0.03954529110698398,2000
Tekirdağ,2008,11,-1.662,-1.667,-1.7381141008001562,2000
Tekirdağ,2008,12,-1.887,-1.866,-1.902865868760328,2000
Tekirdağ,2009,1,-1.495,-1.735,-1.76464480599278,2000
Tekirdağ,2009,2,-0.98,-1.341,-1.3571141264380897,2000
Tekirdağ,2009,3,-0.886,-1.139,-1.1753809370640411,2000
Tekirdağ,2009,4,-0.824,-0.968,-1.0323047859646106,2000
Tekirdağ,2009,5,-0.895,-1.042,-1.092777568558155,2000
Tekirdağ,2009,6,-1.167,-1.272,-1.3255288954792765,2000
Tekirdağ,2009,7,-0.778,-0.959,-1.0020857236492486,2000
Tekirdağ,2009,8,-0.754,-0.872,-0.9476863429487455,2000
Tekirdağ,2009,9,0.087,-0.035,-0.09597864884081218,2000
Tekirdağ,2009,10,0.739,0.474,0.4609214188311375,2000
Tekirdağ,2009,11,1.046,0.943,0.9136471185807761,2000
Tekirdağ,2009,12,1.67,1.501,1.4989263406466962,2000
Tekirdağ,2010,1,1.704,1.575,1.5676684396434322,2010
Tekirdağ,2010,2,2.136,1.97,1.9779888131438115,2010
Tekirdağ,2010,3,2.0,1.879,1.8808651538286851,2010
Tekirdağ,2010,4,2.019,1.803,1.8004226164237427,2010
Tekirdağ,2010,5,2.067,1.771,1.7639847832142725,2010
Tekirdağ,2010,6,2.245,1.867,1.8658149657515806,2010
Tekirdağ,2010,7,2.197,1.82,1.8176379518342807,2010
Tekirdağ,2010,8,2.136,1.722,1.7763652671599919,2010
Tekirdağ,2010,9,1.592,1.214,1.291888103723005,2010
Tekirdağ,2010,10,1.871,1.005,1.0240987516202649,2010
Tekirdağ,2010,11,1.926,1.401,1.4587056611273468,2010
Tekirdağ,2010,12,1.651,1.208,1.2433172233852483,2010
Tekirdağ,2011,1,1.512,1.06,1.1169039840972985,2010
Tekirdağ,2011,2,0.725,0.255,0.3134141467674983,2010
Tekirdağ,2011,3,0.572,0.07,0.14969510306529565,2010
Tekirdağ,2011,4,0.889,0.511,0.6076692269823833,2010
Tekirdağ,2011,5,1.08,0.782,0.8776223610393526,2010
Tekirdağ,2011,6,1.373,1.101,1.1944320275030176,2010
Tekirdağ,2011,7,1.201,0.908,1.023375729331342,2010
Tekirdağ,2011,8,1.26,1.157,1.1858809366389282,2010
Tekirdağ,2011,9,1.723,1.617,1.6713767315702621,2010
Tekirdağ,2011,10,1.412,0.859,0.9038372669455264,2010
Tekirdağ,2011,11,1.453,1.388,1.4000390780167145,2010
Tekirdağ,2011,12,1.151,1.115,1.1395364660110052,2010
Tekirdağ,2012,1,1.081,1.106,1.117804792303281,2010
Tekirdağ,2012,2,1.036,1.115,1.117005310091439,2010
Tekirdağ,2012,3,0.976,1.047,1.0272226858700062,2010
Tekirdağ,2012,4,0.908,0.877,0.8493393701936935,2010
Tekirdağ,2012,5,1.051,0.974,0.9386610553525805,2010
Tekirdağ,2012,6,0.437,0.261,0.23450557072067413,2010
Tekirdağ,2012,7,0.432,0.144,0.16837673226949776,2010
Tekirdağ,2012,8,0.378,-0.051,0.024991817560260268,2010
Tekirdağ,2012,9,-0.558,-1.018,-0.9899066875094712,2010
Tekirdağ,2012,10,-1.227,-1.745,-1.6013196279882678,2010
Tekirdağ,2012,11,-1.328,-1.897,-1.7707213157472914,2010
Tekirdağ,2012,12,-0.19,-0.886,-0.7569583912981855,2010
Tekirdağ,2013,1,0.213,-0.559,-0.40061152109567844,2010
Tekirdağ,2013,2,0.572,-0.192,-0.036234806494389656,2010
Tekirdağ,2013,3,0.779,-0.005,0.16172056351301176,2010
Tekirdağ,2013,4,0.504,-0.306,-0.1378020024553821,2010
Tekirdağ,2013,5,0.145,-0.808,-0.5915238055782335,2010
Tekirdağ,2013,6,0.387,-0.405,-0.2329047624684476,2010
Tekirdağ,2013,7,0.353,-0.282,-0.1961646203311805,2010
Tekirdağ,2013,8,0.297,-0.352,-0.2703892857188168,2010
Tekirdağ,2013,9,0.309,-0.31,-0.23522516706109167,2010
Tekirdağ,2013,10,0.448,0.087,0.07196311927240061,2010
Tekirdağ,2013,11,0.689,0.294,0.27056337069714853,2010
Tekirdağ,2013,12,-0.854,-1.251,-1.2887607333468565,2010
Tekirdağ,2014,1,-1.364,-1.767,-1.7984455498743905,2010
Tekirdağ,2014,2,-2.113,-2.247,-2.2517159528683606,2010
Tekirdağ,2014,3,-1.939,-2.061,-2.0619535537732796,2010
Tekirdağ,2014,4,-1.729,-1.955,-1.9606309148515795,2010
Tekirdağ,2014,5,-1.218,-1.506,-1.5533168652402385,2010
Tekirdağ,2014,6,-0.992,-1.289,-1.360643684771627,2010
Tekirdağ,2014,7,-0.331,-0.644,-0.7285615700465166,2010
Tekirdağ,2014,8,-0.266,-0.561,-0.6574807275336861,2010
Tekirdağ,2014,9,0.318,0.113,0.007670602778359663,2010
Tekirdağ,2014,10,0.527,0.245,0.20103608875842077,2010
Tekirdağ,2014,11,0.511,0.299,0.19605561776809824,2010
Tekirdağ,2014,12,1.075,0.836,0.7827888826885184,2010
Tekirdağ,2015,1,1.144,0.969,0.9024181337412298,2010
Tekirdağ,2015,2,1.573,1.461,1.40942632268631,2010
Tekirdağ,2015,3,1.337,1.263,1.1968528568890964,2010
Tekirdağ,2015,4,1.476,1.419,1.3535066541658876,2010
Tekirdağ,2015,5,1.177,1.083,1.0117465951488438,2010
Tekirdağ,2015,6,1.179,1.112,1.0327571918543905,2010
Tekirdağ,2015,7,0.673,0.608,0.5078677601169858,2010
Tekirdağ,2015,8,0.619,0.48,0.40585792343804383,2010
Tekirdağ,2015,9,0.226,-0.063,-0.09031427359252142,2010
Tekirdağ,2015,10,-0.075,-0.276,-0.28742037202063153,2010
Tekirdağ,2015,11,0.114,-0.32,-0.2839700174286908,2010
Tekirdağ,2015,12,-0.613,-0.984,-0.9842615785448393,2010
Tekirdağ,2016,1,-0.54,-0.959,-0.9667786062850084,2010
Tekirdağ,2016,2,-0.65,-1.131,-1.1220179679415376,2010
Tekirdağ,2016,3,-0.623,-1.126,-1.1158883685013596,2010
Tekirdağ,2016,4,-0.947,-1.55,-1.5005647658623178,2010
Tekirdağ,2016,5,-0.804,-1.4,-1.3645885890858889,2010
Tekirdağ,2016,6,-1.018,-1.766,-1.6562596146200217,2010
Tekirdağ,2016,7,-1.054,-1.821,-1.7163363403572487,2010
Tekirdağ,2016,8,-1.012,-1.691,-1.6209246984680838,2010
Tekirdağ,2016,9,-1.238,-1.851,-1.8168979226149315,2010
Tekirdağ,2016,10,-1.327,-2.001,-1.938499118333441,2010
Tekirdağ,2016,11,-1.15,-1.676,-1.6870405026109865,2010
Tekirdağ,2016,12,-0.8,-1.327,-1.3473444511105452,2010
Tekirdağ,2017,1,-0.633,-1.198,-1.2192969214922031,2010
Tekirdağ,2017,2,-0.871,-1.33,-1.353447000437869,2010
Tekirdağ,2017,3,-0.871,-1.274,-1.285952857470019,2010
Tekirdağ,2017,4,-0.713,-0.96,-1.0027796175236756,2010
Tekirdağ,2017,5,-0.841,-1.033,-1.0635381178298193,2010
Tekirdağ,2017,6,-0.912,-0.997,-1.0627667335278064,2010
Tekirdağ,2017,7,-0.514,-0.495,-0.6141229413974977,2010
Tekirdağ,2017,8,-0.402,-0.387,-0.5083494672729668,2010
Tekirdağ,2017,9,-0.342,-0.365,-0.4679407884017067,2010
Tekirdağ,2017,10,-0.282,-0.163,-0.23411714730339794,2010
Tekirdağ,2017,11,-0.468,-0.449,-0.524620716441689,2010
Tekirdağ,2017,12,-0.089,-0.224,-0.22839862901528035,2010
Tekirdağ,2018,1,-0.322,-0.564,-0.5687210563196962,2010
Tekirdağ,2018,2,0.056,-0.167,-0.18073101737323818,2010
Tekirdağ,2018,3,0.297,0.08,0.05435348979324189,2010
Tekirdağ,2018,4,0.07,-0.246,-0.2717690536882492,2010
Tekirdağ,2018,5,0.128,-0.242,-0.25694170728769644,2010
Tekirdağ,2018,6,0.418,0.093,0.07329099774758778,2010
Tekirdağ,2018,7,0.685,0.308,0.32319444749610055,2010
Tekirdağ,2018,8,0.596,0.131,0.17562031591668384,2010
Tekirdağ,2018,9,0.628,0.194,0.23004814775277552,2010
Tekirdağ,2018,10,0.395,-0.05,-0.014134216607961027,2010
Tekirdağ,2018,11,0.289,-0.293,-0.2543801570991589,2010
Tekirdağ,2018,12,0.518,0.084,0.06573152233374992,2010
Tekirdağ,2019,1,0.411,-0.023,-0.05249520987934074,2010
Tekirdağ,2019,2,0.157,-0.264,-0.30677614492047856,2010
Tekirdağ,2019,3,-0.092,-0.523,-0.5728386736701958,2010
Tekirdağ,2019,4,0.093,-0.193,-0.2724353361298398,2010
Tekirdağ,2019,5,0.124,-0.102,-0.19666053663370398,2010
Tekirdağ,2019,6,-0.318,-0.688,-0.72784408835252,2010
Tekirdağ,2019,7,-0.945,-1.192,-1.2878813757602168,2010
Tekirdağ,2019,8,-0.907,-1.108,-1.221988576145856,2010
Tekirdağ,2019,9,-0.936,-1.169,-1.2875551823433211,2010
Tekirdağ,2019,10,-0.914,-0.987,-1.092835212251827,2010
Tekirdağ,2019,11,-1.339,-1.574,-1.6217087088014632,2010
Tekirdağ,2019,12,-2.265,-2.219,-2.2322624999738814,2010
Tekirdağ,2020,1,-2.698,-2.588,-2.600337206791761,2020
Tekirdağ,2020,2,-2.317,-2.37,-2.3484840262553406,2020
Tekirdağ,2020,3,-2.331,-2.274,-2.246455821756252,2020
Tekirdağ,2020,4,-2.315,-2.288,-2.258680273418907,2020
Tekirdağ,2020,5,-1.747,-1.93,-1.9141282926046268,2020
Tekirdağ,2020,6,-1.074,-1.251,-1.328248324708352,2020
Tekirdağ,2020,7,-1.241,-1.431,-1.4951642040398467,2020
Tekirdağ,2020,8,-1.151,-1.322,-1.3912378040633748,2020
Tekirdağ,2020,9,-1.069,-1.393,-1.4144831396443547,2020
Tekirdağ,2020,10,-1.014,-1.228,-1.2117749977613221,2020
Tekirdağ,2020,11,-1.337,-1.469,-1.5297919068300239,2020
Tekirdağ,2020,12,-1.095,-1.319,-1.3502298379571946,2020
Tekirdağ,2021,1,-0.331,-0.724,-0.7322744863386298,2020
Tekirdağ,2021,2,-0.325,-0.706,-0.7144995624416517,2020
Tekirdağ,2021,3,-0.161,-0.461,-0.4761962462791994,2020
Tekirdağ,2021,4,-0.124,-0.403,-0.4109912758483059,2020
Tekirdağ,2021,5,-0.322,-0.661,-0.6369030629338179,2020
Tekirdağ,2021,6,-0.526,-0.831,-0.8124028431591147,2020
Tekirdağ,2021,7,-0.517,-0.914,-0.8547431427500309,2020
Tekirdağ,2021,8,-0.348,-0.814,-0.7264783303885325,2020
Tekirdağ,2021,9,-0.394,-0.757,-0.7304483214185061,2020
Tekirdağ,2021,10,-0.693,-0.72,-0.7488714398531015,2020
Tekirdağ,2021,11,-0.366,-0.616,-0.6180452692229803,2020
Tekirdağ,2021,12,-0.159,-0.384,-0.3950125013835298,2020
Tekirdağ,2022,1,-1.046,-1.211,-1.257281889129339,2020
Tekirdağ,2022,2,-0.81,-0.985,-1.0333929374295767,2020
Tekirdağ,2022,3,-1.101,-1.168,-1.2167405011051802,2020
Tekirdağ,2022,4,-0.941,-1.085,-1.1265953800981652,2020
Tekirdağ,2022,5,-1.332,-1.362,-1.4150611249369487,2020
Tekirdağ,2022,6,-1.525,-1.649,-1.6519960800013165,2020
Tekirdağ,2022,7,-1.516,-1.5,-1.5827290771214073,2020
Tekirdağ,2022,8,-1.409,-1.383,-1.4695573148480265,2020
Tekirdağ,2022,9,-1.331,-1.424,-1.4901544740442785,2020
Tekirdağ,2022,10,-1.387,-1.4,-1.4443132057193369,2020
Tekirdağ,2022,11,-1.795,-1.769,-1.7992221713345697,2020
Tekirdağ,2022,12,-2.031,-1.955,-1.9573589379802323,2020
Tekirdağ,2023,1,-2.194,-2.214,-2.2066925874962826,2020
Tekirdağ,2023,2,-2.67,-2.427,-2.4056029561651777,2020
Tekirdağ,2023,3,-2.177,-2.142,-2.129033504217595,2020
Tekirdağ,2023,4,-2.06,-2.068,-2.0800684717333495,2020
Tekirdağ,2023,5,-1.98,-1.989,-2.0315179053455936,2020
Tekirdağ,2023,6,-2.154,-2.068,-2.157246934408646,2020
Tekirdağ,2023,7,-2.158,-2.121,-2.2040907109426526,2020
Tekirdağ,2023,8,-2.394,-2.193,-2.25971745833932,2020
Tekirdağ,2023,9,-2.285,-2.253,-2.300315023179574,2020
Tekirdağ,2023,10,-2.198,-2.912,-2.902216682891012,2020
Tekirdağ,2023,11,-0.779,-1.269,-1.2605693707017072,2020
Tekirdağ,2023,12,-0.183,-0.687,-0.6849020742312719,2020
Tekirdağ,2024,1,0.096,-0.382,-0.39798096325319826,2020
Tekirdağ,2024,2,0.294,-0.201,-0.2068578974216962,2020
Tekirdağ,2024,3,0.42,-0.073,-0.0825706922104609,2020
Tekirdağ,2024,4,0.255,-0.391,-0.3675976142365588,2020
Tekirdağ,2024,5,0.213,-0.436,-0.4147227751637699,2020
Tekirdağ,2024,6,0.122,-0.771,-0.6361817137701967,2020
Tekirdağ,2024,7,0.015,-1.027,-0.8326798143136563,2020
Tekirdağ,2024,8,0.017,-0.959,-0.8043353532407773,2020
Tekirdağ,2024,9,0.102,-0.852,-0.7086152519291247,2020
Tekirdağ,2024,10,0.044,-0.613,-0.527118018756264,2020
Tekirdağ,2024,11,-1.515,-2.025,-2.03119585115,2020
Tekirdağ,2024,12,-1.764,-2.156,-2.1570251145140755,2020
Uzunköprü,1965,12,-0.038,-0.129,-0.11809668124009975,1960
Uzunköprü,1966,1,0.491,0.447,0.463625640838891,1960
Uzunköprü,1966,2,-0.328,-0.529,-0.5120869805780826,1960
Uzunköprü,1966,3,-0.201,-0.405,-0.3980170712766387,1960
Uzunköprü,1966,4,-0.101,-0.405,-0.39067002788104793,1960
Uzunköprü,1966,5,-0.31,-0.634,-0.6378419232269538,1960
Uzunköprü,1966,6,-0.168,-0.391,-0.4540319747402253,1960
Uzunköprü,1966,7,-0.059,-0.117,-0.177142244898023,1960
Uzunköprü,1966,8,-0.013,-0.151,-0.18036375430433085,1960
Uzunköprü,1966,9,0.123,0.026,-0.03691019091224721,1960
Uzunköprü,1966,10,0.537,0.237,0.22929603963977713,1960
Uzunköprü,1966,11,1.102,0.646,0.6347774776191527,1960
Uzunköprü,1966,12,1.477,1.336,1.3079386668699597,1960
Uzunköprü,1967,1,1.35,1.242,1.2157915797352388,1960
Uzunköprü,1967,2,1.334,1.288,1.2621746978379111,1960
Uzunköprü,1967,3,1.156,1.128,1.1141112601942005,1960
Uzunköprü,1967,4,1.145,1.152,1.1493851987342167,1960
Uzunköprü,1967,5,1.119,1.096,1.1232621825042357,1960
Uzunköprü,1967,6,1.152,1.176,1.2013080905122377,1960
Uzunköprü,1967,7,1.187,0.827,0.8390979445630632,1960
Uzunköprü,1967,8,1.17,0.822,0.8304914131872402,1960
Uzunköprü,1967,9,0.96,0.668,0.6992266535161865,1960
Uzunköprü,1967,10,0.897,0.674,0.6803939079591093,1960
Uzunköprü,1967,11,-0.181,-0.007,-0.0053461290016687335,1960
Uzunköprü,1967,12,-0.861,-0.765,-0.7599684104513026,1960
Uzunköprü,1968,1,-0.705,-0.655,-0.6517628530972607,1960
Uzunköprü,1968,2,-0.606,-0.568,-0.5652855508599159,1960
Uzunköprü,1968,3,-0.53,-0.482,-0.48663184907208895,1960
Uzunköprü,1968,4,-0.801,-0.806,-0.808605014015127,1960
Uzunköprü,1968,5,-0.931,-1.056,-1.019946002083855,1960
Uzunköprü,1968,6,-1.106,-1.262,-1.207735546721403,1960
Uzunköprü,1968,7,-1.232,-1.252,-1.1967537135356863,1960
Uzunköprü,1968,8,-1.008,-0.959,-0.9372470077227706,1960
Uzunköprü,1968,9,-0.115,-0.166,-0.1373083985426152,1960
Uzunköprü,1968,10,-0.392,-0.341,-0.34302826378283285,1960
Uzunköprü,1968,11,-0.134,-0.116,-0.1208317143947651,1960
Uzunköprü,1968,12,0.071,0.01,-0.015060551253984441,1960
Uzunköprü,1969,1,-0.407,-0.497,-0.49658419312018476,1960
Uzunköprü,1969,2,0.097,0.101,0.11004727397018356,1960
Uzunköprü,1969,3,0.069,0.1,0.10718223440665349,1960
Uzunköprü,1969,4,0.421,0.544,0.5367907145070169,1960
Uzunköprü,1969,5,0.488,0.663,0.6384118942340643,1960
Uzunköprü,1969,6,0.58,0.719,0.7076394770125263,1960
Uzunköprü,1969,7,0.589,0.601,0.5723213124631947,1960
Uzunköprü,1969,8,0.772,0.682,0.6648678665630448,1960
Uzunköprü,1969,9,-0.007,0.165,0.1513862611289996,1960
Uzunköprü,1969,10,0.173,0.252,0.2523257996059366,1960
Uzunköprü,1969,11,0.006,0.145,0.14641271111912704,1960
Uzunköprü,1969,12,0.174,0.239,0.26346811109787516,1960
Uzunköprü,1970,1,0.295,0.305,0.3208699142365622,1970
Uzunköprü,1970,2,0.364,0.407,0.4247460935755092,1970
Uzunköprü,1970,3,0.454,0.427,0.4506327909292944,1970
Uzunköprü,1970,4,0.399,0.223,0.2781590243546343,1970
Uzunköprü,1970,5,0.842,0.816,0.8291844584991777,1970
Uzunköprü,1970,6,0.737,0.764,0.7476774132677312,1970
Uzunköprü,1970,7,0.761,0.479,0.5103260782238412,1970
Uzunköprü,1970,8,0.339,0.162,0.20334971969666782,1970
Uzunköprü,1970,9,0.282,0.159,0.1832717019003088,1970
Uzunköprü,1970,10,0.437,0.31,0.311143988975897,1970
Uzunköprü,1970,11,0.747,0.564,0.5490613767859729,1970
Uzunköprü,1970,12,0.323,0.351,0.3048734688598995,1970
Uzunköprü,1971,1,0.25,0.259,0.2224903522373636,1970
Uzunköprü,1971,2,0.085,0.168,0.12989645456441337,1970
Uzunköprü,1971,3,0.599,0.705,0.6863278278260335,1970
Uzunköprü,1971,4,0.461,0.636,0.6048291110401771,1970
Uzunköprü,1971,5,-0.019,0.024,0.027532436191377657,1970
Uzunköprü,1971,6,0.281,0.309,0.32749853600233975,1970
Uzunköprü,1971,7,0.434,0.451,0.44386633278028975,1970
Uzunköprü,1971,8,0.451,0.46,0.4536622353907279,1970
Uzunköprü,1971,9,0.692,0.626,0.6186885371793759,1970
Uzunköprü,1971,10,0.47,0.485,0.47639536309479313,1970
Uzunköprü,1971,11,0.712,0.656,0.6462128652866631,1970
Uzunköprü,1971,12,0.868,1.09,1.0887177881991015,1970
Uzunköprü,1972,1,0.545,0.857,0.8304368931638313,1970
Uzunköprü,1972,2,0.203,0.534,0.4989673775751862,1970
Uzunköprü,1972,3,-0.468,-0.172,-0.2243637975370984,1970
Uzunköprü,1972,4,-0.345,-0.178,-0.20847910067719694,1970
Uzunköprü,1972,5,-0.134,0.076,0.024780278134330327,1970
Uzunköprü,1972,6,-0.208,-0.078,-0.11681179535884408,1970
Uzunköprü,1972,7,-0.093,0.011,0.021474127231399805,1970
Uzunköprü,1972,8,0.021,0.084,0.09699104291932201,1970
Uzunköprü,1972,9,0.123,0.168,0.1768045201643876,1970
Uzunköprü,1972,10,0.818,0.613,0.6167877163467076,1970
Uzunköprü,1972,11,0.134,0.185,0.1831460365357562,1970
Uzunköprü,1972,12,-0.325,-0.29,-0.3093453263287056,1970
Uzunköprü,1973,1,0.098,0.167,0.15677441856817897,1970
Uzunköprü,1973,2,0.495,0.569,0.578610416275351,1970
Uzunköprü,1973,3,0.898,0.973,0.9870355345905832,1970
Uzunköprü,1973,4,1.27,1.362,1.3742575560298476,1970
Uzunköprü,1973,5,1.161,1.247,1.2713943650938613,1970
Uzunköprü,1973,6,1.265,1.471,1.4607877623121663,1970
Uzunköprü,1973,7,1.015,0.826,0.8178707859614252,1970
Uzunköprü,1973,8,0.908,0.806,0.7777395719276995,1970
Uzunköprü,1973,9,1.03,0.839,0.8261389805725287,1970
Uzunköprü,1973,10,0.585,0.533,0.5366518923150838,1970
Uzunköprü,1973,11,0.643,0.62,0.6078712100797139,1970
Uzunköprü,1973,12,1.182,1.376,1.382589651628431,1970
Uzunköprü,1974,1,0.789,1.031,1.033234935203832,1970
Uzunköprü,1974,2,0.535,0.779,0.774185211950205,1970
Uzunköprü,1974,3,0.215,0.419,0.40966981524017126,1970
Uzunköprü,1974,4,-0.074,0.16,0.13066818653346512,1970
Uzunköprü,1974,5,0.194,0.501,0.4514791822333717,1970
Uzunköprü,1974,6,-0.103,0.132,0.08710952854206096,1970
Uzunköprü,1974,7,-0.061,0.205,0.1753063187692829,1970
Uzunköprü,1974,8,0.123,0.299,0.28186510099955786,1970
Uzunköprü,1974,9,-0.308,0.018,-0.012180277051810282,1970
Uzunköprü,1974,10,-0.469,-0.184,-0.1841468824443134,1970
Uzunköprü,1974,11,0.155,0.276,0.27871892180261976,1970
Uzunköprü,1974,12,-0.148,0.004,-0.0006885836833644508,1970
Uzunköprü,1975,1,0.526,0.718,0.7255626636404786,1970
Uzunköprü,1975,2,0.329,0.568,0.5654340377516538,1970
Uzunköprü,1975,3,0.355,0.491,0.5040811837515714,1970
Uzunköprü,1975,4,0.151,0.156,0.18889834293260915,1970
Uzunköprü,1975,5,0.161,0.094,0.1413373125172071,1970
Uzunköprü,1975,6,0.587,0.521,0.5739790714577817,1970
Uzunköprü,1975,7,0.562,0.345,0.4016890393281968,1970
Uzunköprü,1975,8,0.941,0.627,0.660808877062165,1970
Uzunköprü,1975,9,0.909,0.58,0.6249664176251174,1970
Uzunköprü,1975,10,1.198,0.805,0.8089071146822369,1970
Uzunköprü,1975,11,0.996,0.734,0.7276675623169021,1970
Uzunköprü,1975,12,1.089,1.183,1.1746028457206106,1970
Uzunköprü,1976,1,0.612,0.683,0.6784839628700552,1970
Uzunköprü,1976,2,0.479,0.574,0.5746266405196802,1970
Uzunköprü,1976,3,0.24,0.419,0.4068388793725211,1970
Uzunköprü,1976,4,0.222,0.39,0.3918281421771985,1970
Uzunköprü,1976,5,0.182,0.372,0.38006984488627377,1970
Uzunköprü,1976,6,-0.179,0.035,0.028719598913272155,1970
Uzunköprü,1976,7,-0.031,0.229,0.22500885825881003,1970
Uzunköprü,1976,8,-0.376,0.033,0.01288515165471135,1970
Uzunköprü,1976,9,-0.274,0.188,0.14567694423511157,1970
Uzunköprü,1976,10,-0.567,-0.05,-0.08340740945313414,1970
Uzunköprü,1976,11,-0.659,-0.173,-0.1761073624414406,1970
Uzunköprü,1976,12,-0.291,0.041,0.04772750362370082,1970
Uzunköprü,1977,1,-0.102,0.291,0.29158070700331473,1970
Uzunköprü,1977,2,0.294,0.573,0.6020289589168166,1970
Uzunköprü,1977,3,0.339,0.553,0.5739534054768148,1970
Uzunköprü,1977,4,0.344,0.588,0.5815559763720296,1970
Uzunköprü,1977,5,0.214,0.431,0.4103922352255647,1970
Uzunköprü,1977,6,0.71,0.895,0.8829570203876237,1970
Uzunköprü,1977,7,0.586,0.527,0.530301527991359,1970
Uzunköprü,1977,8,0.412,0.306,0.345287232937379,1970
Uzunköprü,1977,9,0.923,0.645,0.6701193370938283,1970
Uzunköprü,1977,10,0.624,0.505,0.49762396987089513,1970
Uzunköprü,1977,11,0.661,0.548,0.534581723967241,1970
Uzunköprü,1977,12,0.899,1.01,0.987463198761092,1970
Uzunköprü,1978,1,0.856,0.988,0.9660636121192235,1970
Uzunköprü,1978,2,0.99,1.144,1.1173215275469404,1970
Uzunköprü,1978,3,1.222,1.306,1.296245706950908,1970
Uzunköprü,1978,4,1.399,1.46,1.4657281811298495,1970
Uzunköprü,1978,5,1.503,1.567,1.582552547402368,1970
Uzunköprü,1978,6,1.108,1.247,1.251412260035123,1970
Uzunköprü,1978,7,1.134,0.848,0.8520600153011956,1970
Uzunköprü,1978,8,1.049,0.834,0.8215807080225627,1970
Uzunköprü,1978,9,0.992,0.813,0.7978467021382714,1970
Uzunköprü,1978,10,1.593,1.069,1.06524298099944,1970
Uzunköprü,1978,11,1.289,0.98,0.9616566199570497,1970
Uzunköprü,1978,12,0.711,0.929,0.9147323741016511,1970
Uzunköprü,1979,1,1.105,1.344,1.3360629338380563,1970
Uzunköprü,1979,2,0.935,1.141,1.1281645962783828,1970
Uzunköprü,1979,3,0.391,0.586,0.5621521703883496,1970
Uzunköprü,1979,4,0.513,0.708,0.6750271500445293,1970
Uzunköprü,1979,5,0.326,0.486,0.4461935581254829,1970
Uzunköprü,1979,6,0.442,0.532,0.5080284430724418,1970
Uzunköprü,1979,7,1.015,0.804,0.78218456118043,1970
Uzunköprü,1979,8,1.001,0.783,0.7608018462517698,1970
Uzunköprü,1979,9,0.598,0.515,0.4983590819538415,1970
Uzunköprü,1979,10,0.386,0.402,0.3636919095514998,1970
Uzunköprü,1979,11,1.106,0.825,0.8027672818128785,1970
Uzunköprü,1979,12,1.175,1.286,1.2613813175590813,1970
Uzunköprü,1980,1,1.238,1.401,1.3734427839850831,1980
Uzunköprü,1980,2,0.957,1.122,1.0953272152066515,1980
Uzunköprü,1980,3,1.163,1.345,1.3173107090038876,1980
Uzunköprü,1980,4,0.982,1.186,1.1646573550382056,1980
Uzunköprü,1980,5,1.529,1.698,1.6910042901908011,1980
Uzunköprü,1980,6,1.598,1.886,1.8524636933612477,1980
Uzunköprü,1980,7,1.177,0.95,0.936670170095819,1980
Uzunköprü,1980,8,1.287,1.012,0.9930830974933692,1980
Uzunköprü,1980,9,1.371,1.071,1.0434015983892375,1980
Uzunköprü,1980,10,0.625,0.596,0.5993202027528339,1980
Uzunköprü,1980,11,0.252,0.385,0.38897427823111014,1980
Uzunköprü,1980,12,1.005,1.244,1.2655562210919578,1980
Uzunköprü,1981,1,1.262,1.528,1.5523789857246673,1980
Uzunköprü,1981,2,1.439,1.573,1.5943453555501548,1980
Uzunköprü,1981,3,1.288,1.389,1.4151167148575563,1980
Uzunköprü,1981,4,1.081,1.207,1.2311697356038387,1980
Uzunköprü,1981,5,0.59,0.781,0.7793959338539485,1980
Uzunköprü,1981,6,0.27,0.311,0.34440406511160887,1980
Uzunköprü,1981,7,0.235,0.262,0.2835617439376349,1980
Uzunköprü,1981,8,0.073,0.119,0.14722374389010448,1980
Uzunköprü,1981,9,-0.005,0.022,0.06691583973404149,1980
Uzunköprü,1981,10,0.562,0.429,0.45478146860146246,1980
Uzunköprü,1981,11,0.957,0.74,0.7359440942282034,1980
Uzunköprü,1981,12,1.046,1.153,1.1625625362927579,1980
Uzunköprü,1982,1,0.513,0.609,0.6137715696260235,1980
Uzunköprü,1982,2,0.32,0.443,0.4470287329612383,1980
Uzunköprü,1982,3,0.566,0.74,0.7374287768866514,1980
Uzunköprü,1982,4,0.912,1.087,1.0902905407702497,1980
Uzunköprü,1982,5,1.074,1.176,1.206386376650805,1980
Uzunköprü,1982,6,1.095,1.28,1.2856652644665734,1980
Uzunköprü,1982,7,1.109,0.865,0.8668604026953232,1980
Uzunköprü,1982,8,1.087,0.847,0.8476786396843138,1980
Uzunköprü,1982,9,1.096,0.825,0.8382288902096855,1980
Uzunköprü,1982,10,0.636,0.569,0.5717936785936351,1980
Uzunköprü,1982,11,-0.013,0.152,0.1575319386050664,1980
Uzunköprü,1982,12,-0.742,-0.603,-0.6003368319422988,1980
Uzunköprü,1983,1,-1.15,-1.01,-1.001626710681154,1980
Uzunköprü,1983,2,-0.795,-0.666,-0.6522427322518817,1980
Uzunköprü,1983,3,-1.232,-1.108,-1.0875423112904492,1980
Uzunköprü,1983,4,-1.853,-1.654,-1.615476654673563,1980
Uzunköprü,1983,5,-1.94,-1.774,-1.704657935977082,1980
Uzunköprü,1983,6,-1.216,-1.177,-1.1289918724942858,1980
Uzunköprü,1983,7,-0.576,-0.489,-0.41549963293792147,1980
Uzunköprü,1983,8,-0.551,-0.412,-0.35931877552733443,1980
Uzunköprü,1983,9,-0.253,-0.108,-0.07646955018813383,1980
Uzunköprü,1983,10,-0.296,-0.08,-0.0793654386444969,1980
Uzunköprü,1983,11,-0.436,-0.16,-0.17038629410334127,1980
Uzunköprü,1983,12,-0.564,-0.377,-0.4144855577592137,1980
Uzunköprü,1984,1,-0.304,-0.15,-0.1738806662428179,1980
Uzunköprü,1984,2,-0.307,-0.103,-0.13002627889853385,1980
Uzunköprü,1984,3,0.693,0.921,0.9020961541511907,1980
Uzunköprü,1984,4,0.963,1.26,1.2202780644878528,1980
Uzunköprü,1984,5,0.873,1.218,1.1607803877775675,1980
Uzunköprü,1984,6,0.456,0.781,0.7103122659043514,1980
Uzunköprü,1984,7,0.03,0.328,0.26719693261917593,1980
Uzunköprü,1984,8,0.101,0.376,0.31149303776756293,1980
Uzunköprü,1984,9,-0.262,0.093,0.03513714258793844,1980
Uzunköprü,1984,10,-0.328,-0.08,-0.08943705554925462,1980
Uzunköprü,1984,11,0.145,0.249,0.24970852352937062,1980
Uzunköprü,1984,12,-0.231,-0.103,-0.11917628383811535,1980
Uzunköprü,1985,1,-0.085,0.094,0.06997497346299218,1980
Uzunköprü,1985,2,-0.201,0.071,0.08200511108087734,1980
Uzunköprü,1985,3,-1.272,-0.954,-0.9588326894033888,1980
Uzunköprü,1985,4,-1.461,-1.201,-1.1880143011014017,1980
Uzunköprü,1985,5,-1.666,-1.391,-1.362978889614768,1980
Uzunköprü,1985,6,-1.491,-1.275,-1.2399700680174317,1980
Uzunköprü,1985,7,-1.685,-1.277,-1.2616572000929611,1980
Uzunköprü,1985,8,-1.768,-1.544,-1.460943249038522,1980
Uzunköprü,1985,9,-1.747,-1.464,-1.414595590626637,1980
Uzunköprü,1985,10,-1.343,-0.909,-0.9287677374755124,1980
Uzunköprü,1985,11,-0.95,-0.61,-0.6020177279981725,1980
Uzunköprü,1985,12,-0.929,-0.816,-0.7946082364356949,1980
Uzunköprü,1986,1,-0.998,-0.951,-0.9058202363716109,1980
Uzunköprü,1986,2,-0.555,-0.522,-0.5090084215153827,1980
Uzunköprü,1986,3,-0.54,-0.512,-0.496220191135342,1980
Uzunköprü,1986,4,-0.68,-0.702,-0.6754619613465043,1980
Uzunköprü,1986,5,-0.559,-0.473,-0.4806284824162112,1980
Uzunköprü,1986,6,-0.1,-0.095,-0.07417939532344502,1980
Uzunköprü,1986,7,-0.067,0.008,0.03719591062411322,1980
Uzunköprü,1986,8,0.306,0.272,0.30348415396786677,1980
Uzunköprü,1986,9,0.266,0.232,0.273153526381789,1980
Uzunköprü,1986,10,0.369,0.27,0.3199538806913825,1980
Uzunköprü,1986,11,-0.306,-0.138,-0.12277806382488302,1980
Uzunköprü,1986,12,0.015,0.149,0.1379789109388431,1980
Uzunköprü,1987,1,-0.369,-0.168,-0.20470865572171207,1980
Uzunköprü,1987,2,-0.851,-0.628,-0.6609592568406513,1980
Uzunköprü,1987,3,-0.54,-0.27,-0.29146298762420164,1980
Uzunköprü,1987,4,-0.222,0.159,0.11651949614438116,1980
Uzunköprü,1987,5,-0.248,0.174,0.1255213130436208,1980
Uzunköprü,1987,6,-0.688,-0.261,-0.31651671060994907,1980
Uzunköprü,1987,7,-0.742,-0.253,-0.25483832159845876,1980
Uzunköprü,1987,8,-1.02,-0.375,-0.4166784738320566,1980
Uzunköprü,1987,9,-1.025,-0.396,-0.42138101650372484,1980
Uzunköprü,1987,10,-0.803,-0.23,-0.25260068842710875,1980
Uzunköprü,1987,11,-0.134,0.19,0.2034100701550918,1980
Uzunköprü,1987,12,0.333,0.641,0.6757332967834311,1980
Uzunköprü,1988,1,-0.035,0.237,0.28956243068767484,1980
Uzunköprü,1988,2,0.122,0.444,0.4844115120796938,1980
Uzunköprü,1988,3,0.134,0.324,0.3665784965380535,1980
Uzunköprü,1988,4,0.017,0.181,0.21629909763053684,1980
Uzunköprü,1988,5,-0.054,0.065,0.10091656571221246,1980
Uzunköprü,1988,6,-0.234,-0.151,-0.11948155657951469,1980
Uzunköprü,1988,7,-0.133,-0.023,0.029282652396329614,1980
Uzunköprü,1988,8,-0.04,-0.028,0.05134500859769913,1980
Uzunköprü,1988,9,0.107,0.111,0.1770037354557326,1980
Uzunköprü,1988,10,-0.294,-0.199,-0.1361208324735506,1980
Uzunköprü,1988,11,0.111,0.229,0.233994184950897,1980
Uzunköprü,1988,12,-0.209,-0.084,-0.08673987115981313,1980
Uzunköprü,1989,1,-0.368,-0.183,-0.19996991556161356,1980
Uzunköprü,1989,2,-0.612,-0.393,-0.4089818263236315,1980
Uzunköprü,1989,3,-0.557,-0.406,-0.4042853087286993,1980
Uzunköprü,1989,4,-0.811,-0.827,-0.7850436858417822,1980
Uzunköprü,1989,5,-0.574,-0.585,-0.5454480418558542,1980
Uzunköprü,1989,6,0.03,0.088,0.10657338634651153,1980
Uzunköprü,1989,7,0.186,0.351,0.3275801481563496,1980
Uzunköprü,1989,8,0.27,0.412,0.38581248011058844,1980
Uzunköprü,1989,9,0.166,0.365,0.33206951699703846,1980
Uzunköprü,1989,10,0.418,0.504,0.4752260708006297,1980
Uzunköprü,1989,11,-0.282,0.017,-0.01166375014080616,1980
Uzunköprü,1989,12,-0.466,-0.26,-0.29954807186973453,1980
Uzunköprü,1990,1,-0.546,-0.333,-0.3767089442336678,1990
Uzunköprü,1990,2,-0.415,-0.15,-0.19798662510785736,1990
Uzunköprü,1990,3,-0.693,-0.416,-0.4833271498427023,1990
Uzunköprü,1990,4,-0.261,0.091,-0.010486887774580374,1990
Uzunköprü,1990,5,-0.279,0.082,-0.04025151079829494,1990
Uzunköprü,1990,6,-0.945,-0.624,-0.7420458389473127,1990
Uzunköprü,1990,7,-1.325,-0.827,-0.9276569933567156,1990
Uzunköprü,1990,8,-1.696,-1.13,-1.2678116513609163,1990
Uzunköprü,1990,9,-1.498,-0.955,-1.0975911394886249,1990
Uzunköprü,1990,10,-1.212,-0.764,-0.8721451719794491,1990
Uzunköprü,1990,11,-1.265,-0.946,-1.007526898887686,1990
Uzunköprü,1990,12,-0.759,-0.7,-0.7442366671216568,1990
Uzunköprü,1991,1,-0.824,-0.798,-0.8400661589549838,1990
Uzunköprü,1991,2,-0.605,-0.489,-0.5294881645723255,1990
Uzunköprü,1991,3,-0.512,-0.33,-0.36820869754706564,1990
Uzunköprü,1991,4,-0.739,-0.518,-0.5553249491407197,1990
Uzunköprü,1991,5,-0.706,-0.48,-0.5043113934545828,1990
Uzunköprü,1991,6,-0.787,-0.632,-0.6253552926493694,1990
Uzunköprü,1991,7,-0.7,-0.341,-0.3352951023043116,1990
Uzunköprü,1991,8,-0.192,0.039,0.05654694092616668,1990
Uzunköprü,1991,9,-0.386,-0.129,-0.08982020311924344,1990
Uzunköprü,1991,10,0.066,0.172,0.2206529178477759,1990
Uzunköprü,1991,11,0.554,0.552,0.5731870890660302,1990
Uzunköprü,1991,12,-0.121,0.137,0.15543044880308324,1990
Uzunköprü,1992,1,-0.234,0.038,0.060868979425835495,1990
Uzunköprü,1992,2,-0.32,0.005,0.022184891106925238,1990
Uzunköprü,1992,3,-0.212,0.077,0.09358322865224505,1990
Uzunköprü,1992,4,-0.236,-0.025,0.0010402722823224428,1990
Uzunköprü,1992,5,-0.44,-0.21,-0.19763162754981414,1990
Uzunköprü,1992,6,-0.074,0.19,0.18568691334539836,1990
Uzunköprü,1992,7,-0.041,0.273,0.2573754409150728,1990
Uzunköprü,1992,8,-0.544,-0.137,-0.13994357421521825,1990
Uzunköprü,1992,9,-0.654,-0.174,-0.19366848861620306,1990
Uzunköprü,1992,10,-1.137,-0.643,-0.6393467549088819,1990
Uzunköprü,1992,11,-1.526,-0.995,-0.999492010806385,1990
Uzunköprü,1992,12,-1.621,-1.215,-1.222213991142635,1990
Uzunköprü,1993,1,-1.665,-1.263,-1.2717535187981803,1990
Uzunköprü,1993,2,-1.34,-0.955,-0.9599772759131242,1990
Uzunköprü,1993,3,-1.009,-0.641,-0.6464455998461467,1990
Uzunköprü,1993,4,-1.241,-0.822,-0.8412524864620625,1990
Uzunköprü,1993,5,-0.928,-0.607,-0.61034151870854,1990
Uzunköprü,1993,6,-1.421,-1.054,-1.04899034363225,1990
Uzunköprü,1993,7,-1.677,-1.124,-1.1154698488014803,1990
Uzunköprü,1993,8,-1.65,-1.082,-1.0849635949185097,1990
Uzunköprü,1993,9,-1.652,-1.144,-1.1258559904548506,1990
Uzunköprü,1993,10,-1.918,-1.381,-1.3810419089236774,1990
Uzunköprü,1993,11,-1.879,-1.31,-1.3310387198712963,1990
Uzunköprü,1993,12,-1.671,-1.286,-1.2738700638738325,1990
Uzunköprü,1994,1,-1.739,-1.425,-1.4085829564153922,1990
Uzunköprü,1994,2,-1.832,-1.537,-1.5390094822710654,1990
Uzunköprü,1994,3,-1.915,-1.604,-1.6193308093381953,1990
Uzunköprü,1994,4,-1.726,-1.479,-1.5102200284444978,1990
Uzunköprü,1994,5,-2.092,-1.738,-1.7755153757600448,1990
Uzunköprü,1994,6,-1.88,-1.577,-1.6269957694136599,1990
Uzunköprü,1994,7,-1.852,-1.578,-1.687467520737603,1990
Uzunköprü,1994,8,-1.8,-1.665,-1.734177076066458,1990
Uzunköprü,1994,9,-1.834,-2.0,-1.9908080370398447,1990
Uzunköprü,1994,10,-0.891,-0.972,-0.9419668202982927,1990
Uzunköprü,1994,11,-1.011,-1.124,-1.096100868125255,1990
Uzunköprü,1994,12,-0.605,-0.831,-0.8435145872518467,1990
Uzunköprü,1995,1,0.312,0.14,0.13588889907568,1990
Uzunköprü,1995,2,0.502,0.343,0.3666934102174798,1990
Uzunköprü,1995,3,0.915,0.769,0.8085251687091002,1990
Uzunköprü,1995,4,0.91,0.788,0.8382184343651873,1990
Uzunköprü,1995,5,0.827,0.706,0.7681086827050434,1990
Uzunköprü,1995,6,0.969,0.732,0.8536736982565819,1990
Uzunköprü,1995,7,1.134,0.664,0.728723726934529,1990
Uzunköprü,1995,8,1.331,0.844,0.8732618788760624,1990
Uzunköprü,1995,9,1.725,1.117,1.1071570388352474,1990
Uzunköprü,1995,10,1.067,0.798,0.7774220493189601,1990
Uzunköprü,1995,11,1.429,1.011,0.9935705080010415,1990
Uzunköprü,1995,12,1.224,1.354,1.349173291863645,1990
Uzunköprü,1996,1,0.334,0.478,0.45480618291821884,1990
Uzunköprü,1996,2,0.899,1.111,1.0913290488934606,1990
Uzunköprü,1996,3,0.475,0.787,0.7531548781224146,1990
Uzunköprü,1996,4,0.668,0.978,0.9468941136443945,1990
Uzunköprü,1996,5,0.718,0.93,0.9319447197753838,1990
Uzunköprü,1996,6,0.392,0.654,0.6250622735733109,1990
Uzunköprü,1996,7,0.365,0.437,0.43927117521594444,1990
Uzunköprü,1996,8,0.395,0.431,0.44153009072345906,1990
Uzunköprü,1996,9,0.385,0.462,0.45881270960505127,1990
Uzunköprü,1996,10,0.343,0.411,0.40933509218799863,1990
Uzunköprü,1996,11,0.051,0.182,0.20064531146233094,1990
Uzunköprü,1996,12,0.309,0.422,0.4623235033059894,1990
Uzunköprü,1997,1,0.459,0.571,0.6270771328460631,1990
Uzunköprü,1997,2,-0.196,-0.119,-0.06471614528278395,1990
Uzunköprü,1997,3,0.273,0.3,0.3616801278370625,1990
Uzunköprü,1997,4,0.435,0.49,0.5560120592836693,1990
Uzunköprü,1997,5,0.433,0.531,0.589577321823478,1990
Uzunköprü,1997,6,0.523,0.61,0.6758662892755677,1990
Uzunköprü,1997,7,0.5,0.448,0.49660172885838266,1990
Uzunköprü,1997,8,0.608,0.571,0.5944646483587634,1990
Uzunköprü,1997,9,0.172,0.321,0.34233600288008376,1990
Uzunköprü,1997,10,0.661,0.617,0.6312285123017547,1990
Uzunköprü,1997,11,0.486,0.541,0.5527960668526899,1990
Uzunköprü,1997,12,0.757,1.039,1.0599733122331547,1990
Uzunköprü,1998,1,0.664,0.984,1.0034591084459072,1990
Uzunköprü,1998,2,1.028,1.266,1.2826765132278388,1990
Uzunköprü,1998,3,1.241,1.437,1.4466094769128999,1990
Uzunköprü,1998,4,0.867,1.004,1.0272622875084774,1990
Uzunköprü,1998,5,1.423,1.561,1.568802749968586,1990
Uzunköprü,1998,6,1.448,1.64,1.6336488429993472,1990
Uzunköprü,1998,7,1.491,1.067,1.0597383123557464,1990
Uzunköprü,1998,8,1.312,0.897,0.9164525143190013,1990
Uzunköprü,1998,9,1.722,1.081,1.098762851533288,1990
Uzunköprü,1998,10,1.876,1.122,1.137813493580227,1990
Uzunköprü,1998,11,2.155,1.282,1.2883664818188028,1990
Uzunköprü,1998,12,1.984,1.971,1.999172893134173,1990
Uzunköprü,1999,1,2.532,2.442,2.4655921125271583,1990
Uzunköprü,1999,2,2.327,2.106,2.1240513324101973,1990
Uzunköprü,1999,3,1.905,1.776,1.7890826690067645,1990
Uzunköprü,1999,4,1.862,1.781,1.7876756063536992,1990
Uzunköprü,1999,5,1.386,1.351,1.3517424267528273,1990
Uzunköprü,1999,6,1.473,1.438,1.4412389219323087,1990
Uzunköprü,1999,7,1.399,0.875,0.8831323647473136,1990
Uzunköprü,1999,8,1.218,0.774,0.7764923486540625,1990
Uzunköprü,1999,9,0.927,0.57,0.5788485715501741,1990
Uzunköprü,1999,10,0.177,0.048,0.04768910460457658,1990
Uzunköprü,1999,11,0.105,0.017,0.003575124237599932,1990
Uzunköprü,1999,12,0.232,-0.017,-0.018370877558230917,1990
Uzunköprü,2000,1,-0.293,-0.578,-0.5745178967087503,2000
Uzunköprü,2000,2,-0.469,-0.721,-0.7158862503632004,2000
Uzunköprü,2000,3,-0.744,-0.949,-0.9448026549076256,2000
Uzunköprü,2000,4,-0.507,-0.761,-0.7404388558328006,2000
Uzunköprü,2000,5,-0.306,-0.545,-0.5257321011484449,2000
Uzunköprü,2000,6,-0.372,-0.533,-0.5522375189017734,2000
Uzunköprü,2000,7,-0.434,-0.439,-0.4385723741401987,2000
Uzunköprü,2000,8,-0.333,-0.32,-0.33094736922214846,2000
Uzunköprü,2000,9,-0.196,-0.183,-0.19730800713102986,2000
Uzunköprü,2000,10,-0.104,-0.062,-0.09214341527285243,2000
Uzunköprü,2000,11,-0.579,-0.509,-0.5204920493486159,2000
Uzunköprü,2000,12,-1.27,-1.277,-1.2964244401950475,2000
Uzunköprü,2001,1,-1.171,-1.314,-1.3354984438108952,2000
Uzunköprü,2001,2,-1.35,-1.452,-1.482119551065204,2000
Uzunköprü,2001,3,-1.461,-1.612,-1.6204783813572379,2000
Uzunköprü,2001,4,-1.373,-1.416,-1.463064469397787,2000
Uzunköprü,2001,5,-1.56,-1.519,-1.578688949177759,2000
Uzunköprü,2001,6,-1.654,-1.595,-1.6393449518923702,2000
Uzunköprü,2001,7,-1.693,-1.597,-1.7218890083191685,2000
Uzunköprü,2001,8,-1.821,-1.882,-1.9715485675290558,2000
Uzunköprü,2001,9,-1.779,-2.009,-2.0685260073500404,2000
Uzunköprü,2001,10,-1.969,-2.417,-2.4451829121382387,2000
Uzunköprü,2001,11,-1.752,-2.139,-2.1396596674900263,2000
Uzunköprü,2001,12,-0.801,-1.055,-1.0391490529264467,2000
Uzunköprü,2002,1,-1.208,-1.395,-1.3860663600783634,2000
Uzunköprü,2002,2,-0.978,-1.217,-1.1897934104844672,2000
Uzunköprü,2002,3,-0.614,-0.787,-0.7647916970412318,2000
Uzunköprü,2002,4,-0.945,-1.061,-1.0447879860676488,2000
Uzunköprü,2002,5,-1.077,-1.195,-1.1633171979661212,2000
Uzunköprü,2002,6,-0.974,-1.16,-1.104004403840178,2000
Uzunköprü,2002,7,-0.184,-0.255,-0.20636795369004246,2000
Uzunköprü,2002,8,-0.105,-0.099,-0.09152047602696955,2000
Uzunköprü,2002,9,0.039,0.06,0.05272834588761645,2000
Uzunköprü,2002,10,0.295,0.254,0.24621335266794067,2000
Uzunköprü,2002,11,0.887,0.639,0.6420748187630587,2000
Uzunköprü,2002,12,0.184,0.112,0.09028606559566774,2000
Uzunköprü,2003,1,0.594,0.507,0.5066323720258062,2000
Uzunköprü,2003,2,0.662,0.721,0.7251173652771385,2000
Uzunköprü,2003,3,0.252,0.401,0.3923260908464008,2000
Uzunköprü,2003,4,0.577,0.744,0.7426235179576751,2000
Uzunköprü,2003,5,0.843,0.943,0.9729576298774978,2000
Uzunköprü,2003,6,0.916,0.971,1.0247486402838522,2000
Uzunköprü,2003,7,0.307,0.3,0.33137675638259445,2000
Uzunköprü,2003,8,0.257,0.189,0.2549570320464498,2000
Uzunköprü,2003,9,-0.028,0.006,0.07030841253483076,2000
Uzunköprü,2003,10,0.277,0.238,0.2883335229196164,2000
Uzunköprü,2003,11,-0.632,-0.444,-0.39016647721039843,2000
Uzunköprü,2003,12,-0.597,-0.607,-0.5458704420219155,2000
Uzunköprü,2004,1,-0.652,-0.637,-0.578668242178964,2000
Uzunköprü,2004,2,-0.948,-0.927,-0.8949650830888828,2000
Uzunköprü,2004,3,-0.514,-0.598,-0.5567790722140336,2000
Uzunköprü,2004,4,-0.955,-1.085,-1.0447336227380786,2000
Uzunköprü,2004,5,-1.158,-1.136,-1.1382951733092868,2000
Uzunköprü,2004,6,-1.122,-1.011,-1.0539107798683798,2000
Uzunköprü,2004,7,-1.144,-0.748,-0.8368374519978923,2000
Uzunköprü,2004,8,-1.129,-0.658,-0.7811929257528076,2000
Uzunköprü,2004,9,-1.375,-0.941,-1.0574105885136516,2000
Uzunköprü,2004,10,-1.969,-1.605,-1.728707344824103,2000
Uzunköprü,2004,11,-1.676,-1.407,-1.4747415324913729,2000
Uzunköprü,2004,12,-1.481,-1.316,-1.3510266964571203,2000
Uzunköprü,2005,1,-2.007,-1.741,-1.7750667343398951,2000
Uzunköprü,2005,2,-0.831,-0.766,-0.7981098749135008,2000
Uzunköprü,2005,3,-1.14,-1.019,-1.0523311232035528,2000
Uzunköprü,2005,4,-0.973,-0.904,-0.9259096361020822,2000
Uzunköprü,2005,5,-0.779,-0.818,-0.8086586333842825,2000
Uzunköprü,2005,6,-0.825,-0.836,-0.8367721175803401,2000
Uzunköprü,2005,7,-0.934,-0.757,-0.7477681535367275,2000
Uzunköprü,2005,8,-0.956,-0.837,-0.8031860429590107,2000
Uzunköprü,2005,9,-0.885,-0.787,-0.7429986847562898,2000
Uzunköprü,2005,10,-0.675,-0.508,-0.5016346945128809,2000
Uzunköprü,2005,11,-0.121,-0.008,-0.015191099534027615,2000
Uzunköprü,2005,12,-0.073,-0.041,-0.056403105938198715,2000
Uzunköprü,2006,1,-0.26,-0.192,-0.21053264635246985,2000
Uzunköprü,2006,2,-0.681,-0.562,-0.5881312596701737,2000
Uzunköprü,2006,3,0.297,0.401,0.3957086174554595,2000
Uzunköprü,2006,4,0.224,0.293,0.2891884994326378,2000
Uzunköprü,2006,5,0.056,0.136,0.11787367351796846,2000
Uzunköprü,2006,6,0.32,0.327,0.3360817929588657,2000
Uzunköprü,2006,7,0.437,0.383,0.38835108991983314,2000
Uzunköprü,2006,8,0.533,0.408,0.42947088390656507,2000
Uzunköprü,2006,9,0.993,0.717,0.7257574094482467,2000
Uzunköprü,2006,10,1.269,0.848,0.8564825650094167,2000
Uzunköprü,2006,11,0.725,0.563,0.5694439958835191,2000
Uzunköprü,2006,12,0.519,0.567,0.5766153432534938,2000
Uzunköprü,2007,1,0.421,0.38,0.400565440251073,2000
Uzunköprü,2007,2,0.256,0.198,0.21157445134191516,2000
Uzunköprü,2007,3,-0.734,-0.814,-0.8346448607366325,2000
Uzunköprü,2007,4,-0.784,-0.784,-0.8477638310354215,2000
Uzunköprü,2007,5,-0.565,-0.627,-0.6938321362838361,2000
Uzunköprü,2007,6,-1.114,-1.246,-1.2611432655851857,2000
Uzunköprü,2007,7,-1.304,-1.433,-1.4161736283316768,2000
Uzunköprü,2007,8,-1.371,-1.517,-1.5041562124654808,2000
Uzunköprü,2007,9,-1.707,-1.909,-1.9508305522734601,2000
Uzunköprü,2007,10,-2.007,-2.325,-2.415165312721335,2000
Uzunköprü,2007,11,-0.632,-0.809,-0.7921455687347156,2000
Uzunköprü,2007,12,-0.491,-0.842,-0.8409122955472536,2000
Uzunköprü,2008,1,-0.648,-0.963,-0.9758122536728213,2000
Uzunköprü,2008,2,-0.784,-0.999,-1.0193044839574363,2000
Uzunköprü,2008,3,-0.375,-0.648,-0.6407161628069428,2000
Uzunköprü,2008,4,-0.249,-0.617,-0.5854795609470231,2000
Uzunköprü,2008,5,-0.59,-0.894,-0.8870524032363996,2000
Uzunköprü,2008,6,-0.53,-0.778,-0.8028957217294097,2000
Uzunköprü,2008,7,-0.349,-0.329,-0.388912469005527,2000
Uzunköprü,2008,8,-0.255,-0.244,-0.30326398133408716,2000
Uzunköprü,2008,9,-0.478,-0.421,-0.4930493454806914,2000
Uzunköprü,2008,10,-0.638,-0.564,-0.633428633676922,2000
Uzunköprü,2008,11,-1.808,-1.866,-1.9771482723450866,2000
Uzunköprü,2008,12,-2.142,-1.929,-1.9595841410011234,2000
Uzunköprü,2009,1,-1.765,-1.802,-1.8402267703504342,2000
Uzunköprü,2009,2,-1.19,-1.398,-1.4376280823229646,2000
Uzunköprü,2009,3,-0.881,-1.01,-1.063534956440351,2000
Uzunköprü,2009,4,-0.897,-0.953,-1.0249868621338605,2000
Uzunköprü,2009,5,-0.932,-1.019,-1.0783358138325505,2000
Uzunköprü,2009,6,-1.054,-1.147,-1.1925922648367893,2000
Uzunköprü,2009,7,-1.101,-1.071,-1.1151917339093333,2000
Uzunköprü,2009,8,-1.129,-1.044,-1.1167869036666325,2000
Uzunköprü,2009,9,-0.582,-0.583,-0.616697730817819,2000
Uzunköprü,2009,10,0.106,-0.01,-0.019489494116223867,2000
Uzunköprü,2009,11,0.184,0.083,0.06461437664276352,2000
Uzunköprü,2009,12,0.876,0.755,0.7495119211522436,2000
Uzunköprü,2010,1,0.863,0.746,0.7380652544468033,2010
Uzunköprü,2010,2,1.53,1.379,1.3800928955950775,2010
Uzunköprü,2010,3,1.364,1.24,1.2320750167731962,2010
Uzunköprü,2010,4,1.411,1.262,1.2555882483486538,2010
Uzunköprü,2010,5,1.432,1.249,1.2483539286275867,2010
Uzunköprü,2010,6,1.54,1.397,1.3821909020070953,2010
Uzunköprü,2010,7,1.796,1.063,1.04727705421746,2010
Uzunköprü,2010,8,1.708,0.935,0.9570149731628463,2010
Uzunköprü,2010,9,1.53,0.806,0.8359415545204208,2010
Uzunköprü,2010,10,1.64,0.909,0.909484190872893,2010
Uzunköprü,2010,11,1.732,0.954,0.9692358649198163,2010
Uzunköprü,2010,12,1.374,1.103,1.1350874619663376,2010
Uzunköprü,2011,1,1.365,1.072,1.1150406650775482,2010
Uzunköprü,2011,2,0.327,0.006,0.04695264779261605,2010
Uzunköprü,2011,3,-0.097,-0.465,-0.40858088208172877,2010
Uzunköprü,2011,4,0.064,-0.246,-0.17947870100006044,2010
Uzunköprü,2011,5,0.258,0.013,0.07963044177626498,2010
Uzunköprü,2011,6,0.368,0.125,0.19841423689416332,2010
Uzunköprü,2011,7,-0.01,-0.205,-0.11724197045878264,2010
Uzunköprü,2011,8,0.053,-0.013,0.005266491343200942,2010
Uzunköprü,2011,9,0.001,-0.12,-0.05888292268753882,2010
Uzunköprü,2011,10,0.18,0.029,0.09420375335481097,2010
Uzunköprü,2011,11,-0.24,-0.155,-0.1480096302031829,2010
Uzunköprü,2011,12,0.118,0.084,0.10168966272728075,2010
Uzunköprü,2012,1,-0.039,-0.077,-0.06262498063406088,2010
Uzunköprü,2012,2,0.103,0.163,0.1791400375972132,2010
Uzunköprü,2012,3,0.15,0.216,0.20536849490965037,2010
Uzunköprü,2012,4,0.273,0.203,0.19865929840754631,2010
Uzunköprü,2012,5,1.25,1.178,1.178780808953434,2010
Uzunköprü,2012,6,1.052,0.894,0.9168755213642747,2010
Uzunköprü,2012,7,1.024,0.537,0.5899877614174585,2010
Uzunköprü,2012,8,0.991,0.468,0.54085056339713,2010
Uzunköprü,2012,9,0.726,0.289,0.35571252695282746,2010
Uzunköprü,2012,10,-0.117,-0.493,-0.37423492369525974,2010
Uzunköprü,2012,11,0.18,-0.283,-0.14893522121531907,2010
Uzunköprü,2012,12,0.959,0.478,0.613560101422266,2010
Uzunköprü,2013,1,1.463,0.983,1.1285044012934953,2010
Uzunköprü,2013,2,1.89,1.35,1.4571459713572767,2010
Uzunköprü,2013,3,1.938,1.384,1.494247331889794,2010
Uzunköprü,2013,4,1.665,1.131,1.2610546239271607,2010
Uzunköprü,2013,5,0.569,-0.266,-0.054087769071597305,2010
Uzunköprü,2013,6,1.172,0.541,0.6992370573619504,2010
Uzunköprü,2013,7,1.237,0.548,0.600076787742044,2010
Uzunköprü,2013,8,1.229,0.542,0.5931619450701965,2010
Uzunköprü,2013,9,1.31,0.611,0.6499694762493594,2010
Uzunköprü,2013,10,1.44,0.772,0.7689469607028614,2010
Uzunköprü,2013,11,1.647,0.92,0.9158833343628857,2010
Uzunköprü,2013,12,0.354,-0.029,-0.0427629155607467,2010
Uzunköprü,2014,1,0.215,-0.27,-0.2676732129635052,2010
Uzunköprü,2014,2,-0.667,-1.151,-1.1468756414466932,2010
Uzunköprü,2014,3,-0.356,-0.833,-0.811758039663192,2010
Uzunköprü,2014,4,-0.237,-0.692,-0.6719348288412907,2010
Uzunköprü,2014,5,0.033,-0.328,-0.3374415714188729,2010
Uzunköprü,2014,6,-0.113,-0.467,-0.49048932797877925,2010
Uzunköprü,2014,7,1.219,0.709,0.7014336855406401,2010
Uzunköprü,2014,8,1.202,0.737,0.7088588663571509,2010
Uzunköprü,2014,9,1.814,1.097,1.0580302861918458,2010
Uzunköprü,2014,10,2.026,1.175,1.1430202499342081,2010
Uzunköprü,2014,11,1.945,1.173,1.139488217200286,2010
Uzunköprü,2014,12,2.563,2.342,2.328889733106922,2010
Uzunköprü,2015,1,2.565,2.386,2.3553324924269994,2010
Uzunköprü,2015,2,2.802,2.353,2.332232580321459,2010
Uzunköprü,2015,3,2.772,2.365,2.342164267404325,2010
Uzunköprü,2015,4,2.793,2.477,2.4509845742254237,2010
Uzunköprü,2015,5,2.675,2.391,2.3831502964558418,2010
Uzunköprü,2015,6,2.354,2.261,2.2310253913144855,2010
Uzunköprü,2015,7,1.26,0.825,0.7916556380036323,2010
Uzunköprü,2015,8,1.216,0.776,0.7506356531277497,2010
Uzunköprü,2015,9,0.56,0.281,0.28188851734657006,2010
Uzunköprü,2015,10,0.201,0.016,0.01304584983574463,2010
Uzunköprü,2015,11,-0.062,-0.23,-0.21575729139705788,2010
Uzunköprü,2015,12,-0.973,-1.193,-1.207090246776927,2010
Uzunköprü,2016,1,-1.014,-1.269,-1.2875531329605545,2010
Uzunköprü,2016,2,-0.691,-1.024,-1.0192515068567807,2010
Uzunköprü,2016,3,-1.169,-1.467,-1.461375362144352,2010
Uzunköprü,2016,4,-1.552,-1.828,-1.8020624208572769,2010
Uzunköprü,2016,5,-1.18,-1.438,-1.453953399522627,2010
Uzunköprü,2016,6,-0.957,-1.393,-1.3517578852040697,2010
Uzunköprü,2016,7,-0.986,-1.324,-1.289089393793196,2010
Uzunköprü,2016,8,-0.819,-1.163,-1.1215867619236777,2010
Uzunköprü,2016,9,-0.822,-1.111,-1.1088155106563262,2010
Uzunköprü,2016,10,-1.306,-1.626,-1.647358739440289,2010
Uzunköprü,2016,11,-1.201,-1.472,-1.5106517358143163,2010
Uzunköprü,2016,12,-1.198,-1.45,-1.4744779851300605,2010
Uzunköprü,2017,1,-1.151,-1.465,-1.4532057959061768,2010
Uzunköprü,2017,2,-1.581,-1.718,-1.7317997581407338,2010
Uzunköprü,2017,3,-1.468,-1.586,-1.589568960238122,2010
Uzunköprü,2017,4,-0.681,-0.787,-0.8154105574211417,2010
Uzunköprü,2017,5,-0.728,-0.848,-0.8646115091990803,2010
Uzunköprü,2017,6,-0.618,-0.736,-0.7605691480219346,2010
Uzunköprü,2017,7,-0.287,-0.225,-0.2527711821060028,2010
Uzunköprü,2017,8,-0.304,-0.221,-0.256620366330861,2010
Uzunköprü,2017,9,-0.067,-0.066,-0.0747502919092987,2010
Uzunköprü,2017,10,0.279,0.205,0.19737725871837583,2010
Uzunköprü,2017,11,0.077,0.073,0.06385346234815635,2010
Uzunköprü,2017,12,0.759,0.648,0.6740121874582043,2010
Uzunköprü,2018,1,0.557,0.372,0.3587705559052321,2010
Uzunköprü,2018,2,0.912,0.8,0.7903594099541326,2010
Uzunköprü,2018,3,1.693,1.516,1.5133934180633664,2010
Uzunköprü,2018,4,1.145,0.915,0.930557220643032,2010
Uzunköprü,2018,5,0.92,0.569,0.6086385211700583,2010
Uzunköprü,2018,6,0.702,0.328,0.3492738826098736,2010
Uzunköprü,2018,7,1.145,0.57,0.5968030797708641,2010
Uzunköprü,2018,8,1.072,0.515,0.5425968171964387,2010
Uzunköprü,2018,9,0.856,0.382,0.39705608493725125,2010
Uzunköprü,2018,10,0.37,-0.005,0.020724921572142896,2010
Uzunköprü,2018,11,0.723,0.307,0.3180132492812792,2010
Uzunköprü,2018,12,0.314,-0.048,-0.07098204771567408,2010
Uzunköprü,2019,1,0.774,0.452,0.4368016003428395,2010
Uzunköprü,2019,2,0.266,-0.049,-0.07266704617497723,2010
Uzunköprü,2019,3,-1.015,-1.326,-1.3637962546600362,2010
Uzunköprü,2019,4,-0.584,-0.779,-0.8626801415543666,2010
Uzunköprü,2019,5,-0.323,-0.451,-0.5674922845044685,2010
Uzunköprü,2019,6,-0.15,-0.381,-0.4609528745639238,2010
Uzunköprü,2019,7,-0.955,-0.879,-1.0054532102317755,2010
Uzunköprü,2019,8,-0.419,-0.428,-0.5140165481114707,2010
Uzunköprü,2019,9,-0.262,-0.305,-0.3811026879214577,2010
Uzunköprü,2019,10,0.256,0.108,0.057693289655283,2010
Uzunköprü,2019,11,-0.027,-0.171,-0.1948168776019515,2010
Uzunköprü,2019,12,-0.25,-0.592,-0.6176223174391798,2010
Uzunköprü,2020,1,-1.218,-1.487,-1.520870196364155,2020
Uzunköprü,2020,2,-1.126,-1.421,-1.4555083596714942,2020
Uzunköprü,2020,3,-0.986,-1.256,-1.287935630555718,2020
Uzunköprü,2020,4,-0.77,-1.028,-1.0667913061467653,2020
Uzunköprü,2020,5,-0.591,-0.836,-0.8868516753508882,2020
Uzunköprü,2020,6,-0.611,-0.771,-0.8648592719355693,2020
Uzunköprü,2020,7,-0.553,-0.581,-0.6460571898578475,2020
Uzunköprü,2020,8,-0.984,-0.993,-1.0718709095205567,2020
Uzunköprü,2020,9,-1.044,-1.179,-1.2133148368252604,2020
Uzunköprü,2020,10,-1.224,-1.44,-1.4385471273148158,2020
Uzunköprü,2020,11,-1.357,-1.502,-1.5593488626104863,2020
Uzunköprü,2020,12,-0.887,-1.171,-1.1882664873989506,2020
Uzunköprü,2021,1,0.122,-0.308,-0.2932445780470057,2020
Uzunköprü,2021,2,0.25,-0.086,-0.06518422660811059,2020
Uzunköprü,2021,3,0.485,0.262,0.27777477854216237,2020
Uzunköprü,2021,4,0.315,0.054,0.0754120634212844,2020
Uzunköprü,2021,5,0.208,-0.123,-0.08284281394268538,2020
Uzunköprü,2021,6,0.355,0.035,0.07089194490122812,2020
Uzunköprü,2021,7,0.201,-0.105,-0.041314076693916804,2020
Uzunköprü,2021,8,0.095,-0.222,-0.14234539133639085,2020
Uzunköprü,2021,9,0.103,-0.115,-0.08186621316427471,2020
Uzunköprü,2021,10,0.121,0.012,-0.004541317610903965,2020
Uzunköprü,2021,11,0.715,0.443,0.4411036340398731,2020
Uzunköprü,2021,12,1.453,1.351,1.3597027651199673,2020
Uzunköprü,2022,1,0.604,0.495,0.475611261909571,2020
Uzunköprü,2022,2,1.117,1.054,1.045286908223883,2020
Uzunköprü,2022,3,0.826,0.792,0.7781918392354454,2020
Uzunköprü,2022,4,0.845,0.729,0.733930750206523,2020
Uzunköprü,2022,5,0.763,0.649,0.6455659634493851,2020
Uzunköprü,2022,6,0.704,0.515,0.530731997042897,2020
Uzunköprü,2022,7,0.746,0.471,0.46612668588252826,2020
Uzunköprü,2022,8,0.785,0.503,0.4934409510709976,2020
Uzunköprü,2022,9,0.805,0.499,0.49625760635595223,2020
Uzunköprü,2022,10,0.557,0.299,0.3093754878562195,2020
Uzunköprü,2022,11,0.226,0.065,0.0771330095703559,2020
Uzunköprü,2022,12,-0.915,-1.111,-1.1164557956208596,2020
Uzunköprü,2023,1,-0.966,-1.248,-1.2530555879562217,2020
Uzunköprü,2023,2,-2.101,-2.081,-2.1151071828849766,2020
Uzunköprü,2023,3,-1.785,-1.878,-1.9188527853031336,2020
Uzunköprü,2023,4,-1.588,-1.62,-1.7021241515119034,2020
Uzunköprü,2023,5,-1.411,-1.386,-1.5216445707366513,2020
Uzunköprü,2023,6,-1.59,-1.47,-1.6166587871673284,2020
Uzunköprü,2023,7,-1.609,-1.521,-1.7355037306349383,2020
Uzunköprü,2023,8,-1.675,-1.682,-1.8777190460038236,2020
Uzunköprü,2023,9,-1.906,-2.127,-2.3605662642875402,2020
Uzunköprü,2023,10,-1.749,-2.134,-2.2689011071697722,2020
Uzunköprü,2023,11,-1.861,-2.789,-2.7407256258708292,2020
Uzunköprü,2023,12,-1.782,-1.995,-1.9746837418631464,2020
Uzunköprü,2024,1,-1.861,-2.114,-2.103202310591088,2020
Uzunköprü,2024,2,-1.523,-2.017,-1.9893271116989526,2020
Uzunköprü,2024,3,-1.387,-1.862,-1.8301752442213783,2020
Uzunköprü,2024,4,-1.709,-2.135,-2.07962010121065,2020
Uzunköprü,2024,5,-1.973,-2.266,-2.2081879651378777,2020
Uzunköprü,2024,6,-2.307,-2.526,-2.390516975062321,2020
Uzunköprü,2024,7,-2.433,-4.753,-4.75,2020
Uzunköprü,2024,8,-2.321,-4.753,-4.75,2020
Uzunköprü,2024,9,-2.125,-4.753,-4.75,2020
Uzunköprü,2024,10,-2.087,-4.753,-4.75,2020
Uzunköprü,2024,11,-2.092,-4.753,-4.75,2020
Uzunköprü,2024,12,-1.911,-2.161,-2.140234495200554,2020
Çorlu,1965,12,0.939,1.198,0.7926754428645781,1960
Çorlu,1966,1,1.797,1.936,1.9795180738428357,1960
Çorlu,1966,2,1.545,1.686,1.7281324304618935,1960
Çorlu,1966,3,1.86,2.043,2.0850258900714698,1960
Çorlu,1966,4,1.773,1.889,1.936186831668035,1960
Çorlu,1966,5,1.743,1.828,1.8466125145326067,1960
Çorlu,1966,6,2.236,2.216,2.2168205278917434,1960
Çorlu,1966,7,2.156,1.259,1.2826902293090465,1960
Çorlu,1966,8,1.995,1.219,1.222758360385031,1960
Çorlu,1966,9,2.081,2.137,2.112041703741955,1960
Çorlu,1966,10,1.963,1.177,1.175756167728181,1960
Çorlu,1966,11,1.82,1.706,1.0941706416910357,1960
Çorlu,1966,12,1.698,1.641,0.9651466546938815,1960
Çorlu,1967,1,1.489,1.454,1.427379310295791,1960
Çorlu,1967,2,1.178,1.32,1.2719228915489564,1960
Çorlu,1967,3,0.758,0.884,0.8399462940731093,1960
Çorlu,1967,4,0.7,0.837,0.816081183713292,1960
Çorlu,1967,5,0.502,0.553,0.5654032238677004,1960
Çorlu,1967,6,-0.055,-0.043,-0.00914922469216811,1960
Çorlu,1967,7,0.032,0.136,0.15461939675422895,1960
Çorlu,1967,8,0.047,0.12,0.1494219106672445,1960
Çorlu,1967,9,0.101,0.072,0.1639911229526121,1960
Çorlu,1967,10,0.308,0.338,0.3694455684200681,1960
Çorlu,1967,11,-0.562,-0.389,-0.17290480687803636,1960
Çorlu,1967,12,-0.906,-0.706,-0.4271271586110053,1960
Çorlu,1968,1,-0.514,-0.303,-0.27925197181694117,1960
Çorlu,1968,2,-0.441,-0.344,-0.3119796540380291,1960
Çorlu,1968,3,-0.122,-0.032,-0.004235686956774428,1960
Çorlu,1968,4,-0.359,-0.353,-0.32146928015221027,1960
Çorlu,1968,5,-0.396,-0.532,-0.45306482710191764,1960
Çorlu,1968,6,-0.286,-0.423,-0.3303216012391814,1960
Çorlu,1968,7,-0.35,-0.305,-0.2385892085659191,1960
Çorlu,1968,8,-0.157,-0.089,-0.05401751690311489,1960
Çorlu,1968,9,0.286,0.301,0.34270161558163914,1960
Çorlu,1968,10,0.209,0.255,0.26095360327880984,1960
Çorlu,1968,11,0.427,0.515,0.4563654777140162,1960
Çorlu,1968,12,0.656,0.794,0.5673656302457581,1960
Çorlu,1969,1,0.058,0.256,0.2511575206387366,1960
Çorlu,1969,2,0.508,0.735,0.7337039749698717,1960
Çorlu,1969,3,0.274,0.491,0.48583206280112134,1960
Çorlu,1969,4,0.539,0.899,0.877512561035685,1960
Çorlu,1969,5,0.469,0.868,0.8272035666872604,1960
Çorlu,1969,6,0.536,0.879,0.86584117329043,1960
Çorlu,1969,7,0.524,0.641,0.6296500160936929,1960
Çorlu,1969,8,0.499,0.603,0.5908308426926336,1960
Çorlu,1969,9,-0.151,0.148,0.12504278978026523,1960
Çorlu,1969,10,-0.324,0.012,0.011341513478863132,1960
Çorlu,1969,11,-0.308,-0.061,0.08173217946344126,1960
Çorlu,1969,12,-0.245,-0.073,0.09681780795646569,1960
Çorlu,1970,1,-0.585,-0.466,-0.4095325861004157,1970
Çorlu,1970,2,-0.291,-0.197,-0.13948366401376858,1970
Çorlu,1970,3,0.032,-0.008,0.06410840131669907,1970
Çorlu,1970,4,0.179,-0.032,0.07630976016341151,1970
Çorlu,1970,5,0.558,0.553,0.6159001192861554,1970
Çorlu,1970,6,0.467,0.575,0.6002819507844164,1970
Çorlu,1970,7,0.476,0.333,0.3889793031213195,1970
Çorlu,1970,8,0.249,0.147,0.2065975401322178,1970
Çorlu,1970,9,0.205,0.171,0.2209123501097573,1970
Çorlu,1970,10,0.723,0.554,0.5748055587187139,1970
Çorlu,1970,11,1.198,1.285,0.8887194579695388,1970
Çorlu,1970,12,0.765,0.905,0.6186519830542235,1970
Çorlu,1971,1,0.97,1.106,1.1203377780138624,1970
Çorlu,1971,2,0.282,0.444,0.4402251562287189,1970
Çorlu,1971,3,0.618,0.813,0.8206047176829372,1970
Çorlu,1971,4,0.284,0.552,0.5371926726718541,1970
Çorlu,1971,5,0.253,0.412,0.436161899734019,1970
Çorlu,1971,6,0.308,0.466,0.5109194775483336,1970
Çorlu,1971,7,0.452,0.521,0.5365431173164875,1970
Çorlu,1971,8,0.47,0.526,0.5392436031927973,1970
Çorlu,1971,9,0.545,0.8,0.8352611542229771,1970
Çorlu,1971,10,0.216,0.368,0.38667983959690805,1970
Çorlu,1971,11,0.089,0.355,0.37187455873745,1970
Çorlu,1971,12,-0.077,0.187,0.250166650139835,1970
Çorlu,1972,1,-0.667,-0.231,-0.2571999014572263,1970
Çorlu,1972,2,-0.782,-0.377,-0.41079808033973503,1970
Çorlu,1972,3,-1.86,-1.328,-1.3643140523997044,1970
Çorlu,1972,4,-1.853,-1.427,-1.4528500791847527,1970
Çorlu,1972,5,-2.007,-1.447,-1.4892250396869635,1970
Çorlu,1972,6,-2.175,-1.635,-1.6663855111952754,1970
Çorlu,1972,7,-2.09,-1.825,-1.8113391709931694,1970
Çorlu,1972,8,-1.824,-1.536,-1.5120483791165562,1970
Çorlu,1972,9,-1.039,-0.992,-0.9906245587783317,1970
Çorlu,1972,10,-0.52,-0.373,-0.35565485229061355,1970
Çorlu,1972,11,-0.664,-0.669,-0.4368472856337852,1970
Çorlu,1972,12,-1.001,-0.958,-0.7226250050040189,1970
Çorlu,1973,1,-0.893,-0.901,-0.903273360480725,1970
Çorlu,1973,2,-0.078,-0.147,-0.12080233624024098,1970
Çorlu,1973,3,0.299,0.263,0.29932965947886614,1970
Çorlu,1973,4,0.489,0.568,0.5972853309389657,1970
Çorlu,1973,5,0.329,0.342,0.39220201512947134,1970
Çorlu,1973,6,0.312,0.497,0.5085317832280106,1970
Çorlu,1973,7,0.263,0.363,0.37318168614234415,1970
Çorlu,1973,8,0.464,0.569,0.5498260374202054,1970
Çorlu,1973,9,-0.069,0.211,0.1841668828642581,1970
Çorlu,1973,10,-0.221,0.041,0.05625164396532244,1970
Çorlu,1973,11,-0.574,-0.302,-0.11547028221464278,1970
Çorlu,1973,12,-0.323,-0.096,0.06177832028836808,1970
Çorlu,1974,1,-0.55,-0.25,-0.23315595443342163,1970
Çorlu,1974,2,-1.086,-0.81,-0.8040943430042228,1970
Çorlu,1974,3,-1.17,-0.926,-0.9233067678533999,1970
Çorlu,1974,4,-1.215,-0.89,-0.9131448638680183,1970
Çorlu,1974,5,-0.233,0.172,0.1240008689882701,1970
Çorlu,1974,6,-0.218,0.18,0.14483625508371312,1970
Çorlu,1974,7,-0.375,0.118,0.0765785017037216,1970
Çorlu,1974,8,-0.752,-0.229,-0.26513356540349375,1970
Çorlu,1974,9,-0.726,-0.375,-0.4189067140516973,1970
Çorlu,1974,10,-1.028,-0.565,-0.5456786830321918,1970
Çorlu,1974,11,-0.564,-0.359,-0.12468435037032156,1970
Çorlu,1974,12,-0.537,-0.322,-0.09003583114019097,1970
Çorlu,1975,1,-0.254,-0.024,0.017759127407895373,1970
Çorlu,1975,2,-0.353,-0.097,-0.07201054730350484,1970
Çorlu,1975,3,0.024,0.116,0.16902301765435415,1970
Çorlu,1975,4,0.176,0.104,0.18808567259050046,1970
Çorlu,1975,5,-0.182,-0.339,-0.2516406549182195,1970
Çorlu,1975,6,0.061,-0.064,0.029420597223304052,1970
Çorlu,1975,7,0.279,0.148,0.22002041595708918,1970
Çorlu,1975,8,0.4,0.224,0.2910986057635446,1970
Çorlu,1975,9,0.21,0.016,0.12103418042956486,1970
Çorlu,1975,10,0.809,0.587,0.6049959099993901,1970
Çorlu,1975,11,1.052,1.106,0.7896138908645942,1970
Çorlu,1975,12,1.254,1.35,0.8415396351253783,1970
Çorlu,1976,1,1.073,1.185,1.190796170541534,1970
Çorlu,1976,2,1.053,1.2,1.2073371576725014,1970
Çorlu,1976,3,0.589,0.844,0.8356356559174388,1970
Çorlu,1976,4,0.417,0.684,0.6862565793653479,1970
Çorlu,1976,5,0.314,0.622,0.6314145124995241,1970
Çorlu,1976,6,0.539,0.966,0.9678227375055759,1970
Çorlu,1976,7,0.466,0.616,0.6312608932654379,1970
Çorlu,1976,8,0.867,0.883,0.8858654351632875,1970
Çorlu,1976,9,1.106,1.622,1.6254780766974104,1970
Çorlu,1976,10,0.77,0.848,0.8502256397184733,1970
Çorlu,1976,11,0.439,0.91,0.7099820490369005,1970
Çorlu,1976,12,0.489,0.929,0.6793005053098122,1970
Çorlu,1977,1,0.773,1.251,1.322708866628077,1970
Çorlu,1977,2,1.019,1.33,1.41724108033451,1970
Çorlu,1977,3,1.065,1.34,1.4349162210288864,1970
Çorlu,1977,4,1.313,1.602,1.6770025341147894,1970
Çorlu,1977,5,1.167,1.396,1.4531497375730802,1970
Çorlu,1977,6,0.945,1.112,1.1600348422300426,1970
Çorlu,1977,7,0.947,0.699,0.7429355905739595,1970
Çorlu,1977,8,0.391,0.247,0.3144013029467342,1970
Çorlu,1977,9,0.234,0.143,0.21459944020963276,1970
Çorlu,1977,10,-0.064,0.014,0.01768856861935324,1970
Çorlu,1977,11,-0.079,-0.088,0.04617906248530743,1970
Çorlu,1977,12,-0.233,-0.206,-0.05774247081610367,1970
Çorlu,1978,1,0.113,0.234,0.19300863357919548,1970
Çorlu,1978,2,0.193,0.397,0.3376645540253917,1970
Çorlu,1978,3,0.327,0.47,0.4304908536474044,1970
Çorlu,1978,4,0.345,0.475,0.4517357412324621,1970
Çorlu,1978,5,0.515,0.668,0.65650943371811,1970
Çorlu,1978,6,0.238,0.373,0.3717990283711114,1970
Çorlu,1978,7,0.108,0.224,0.2258229195584896,1970
Çorlu,1978,8,0.114,0.292,0.26625911331481517,1970
Çorlu,1978,9,0.647,0.913,0.8954912125391532,1970
Çorlu,1978,10,1.155,0.877,0.8892556730626731,1970
Çorlu,1978,11,1.054,1.324,0.8911547774161253,1970
Çorlu,1978,12,0.86,1.081,0.7192671649287797,1970
Çorlu,1979,1,0.904,1.162,1.1720834087458996,1970
Çorlu,1979,2,0.52,0.816,0.801882404947411,1970
Çorlu,1979,3,0.202,0.372,0.35481360955209423,1970
Çorlu,1979,4,-0.049,0.086,0.04661877390638617,1970
Çorlu,1979,5,-0.112,0.003,-0.04687845110467491,1970
Çorlu,1979,6,-0.178,-0.103,-0.13759198626429692,1970
Çorlu,1979,7,0.21,0.305,0.2736857062857759,1970
Çorlu,1979,8,0.475,0.425,0.40804992586571204,1970
Çorlu,1979,9,-0.225,-0.232,-0.26766624171660663,1970
Çorlu,1979,10,-0.213,-0.073,-0.11225794682696062,1970
Çorlu,1979,11,0.163,0.154,0.19945397677098062,1970
Çorlu,1979,12,0.201,0.196,0.21057800412376762,1970
Çorlu,1980,1,0.24,0.345,0.2937482698519735,1980
Çorlu,1980,2,0.349,0.514,0.4659465312439077,1980
Çorlu,1980,3,0.763,1.049,1.004315777529534,1980
Çorlu,1980,4,0.768,1.048,1.022893611040618,1980
Çorlu,1980,5,0.777,1.069,1.047470730116452,1980
Çorlu,1980,6,1.356,1.683,1.6621414936575265,1980
Çorlu,1980,7,1.382,1.016,1.037386970596762,1980
Çorlu,1980,8,1.13,0.948,0.9428919403209629,1980
Çorlu,1980,9,1.133,1.536,1.5135428614661952,1980
Çorlu,1980,10,0.516,0.58,0.5877832491265959,1980
Çorlu,1980,11,0.65,0.923,0.7083938666984385,1980
Çorlu,1980,12,1.251,1.509,0.9426073914450964,1980
Çorlu,1981,1,1.102,1.379,1.4325421041631496,1980
Çorlu,1981,2,0.925,1.218,1.2609111568249096,1980
Çorlu,1981,3,0.811,1.014,1.0752185072251381,1980
Çorlu,1981,4,0.537,0.651,0.7128885182861767,1980
Çorlu,1981,5,0.652,0.862,0.8886567757945135,1980
Çorlu,1981,6,0.003,0.052,0.11003588953338181,1980
Çorlu,1981,7,0.043,0.148,0.17626242708595635,1980
Çorlu,1981,8,0.064,0.139,0.1660032851475906,1980
Çorlu,1981,9,0.182,0.177,0.2395888901990598,1980
Çorlu,1981,10,0.702,0.544,0.5759325863387583,1980
Çorlu,1981,11,0.971,1.13,0.7973992245747734,1980
Çorlu,1981,12,1.384,1.514,0.9278801448783086,1980
Çorlu,1982,1,1.023,1.174,1.1929584593028644,1980
Çorlu,1982,2,0.813,1.007,1.018405576550981,1980
Çorlu,1982,3,0.482,0.711,0.7109344496664487,1980
Çorlu,1982,4,0.988,1.285,1.3000468992534926,1980
Çorlu,1982,5,1.054,1.288,1.3178074125499872,1980
Çorlu,1982,6,1.207,1.472,1.485297680153788,1980
Çorlu,1982,7,0.991,0.812,0.8352596551518562,1980
Çorlu,1982,8,1.066,0.869,0.8822168519808538,1980
Çorlu,1982,9,0.864,1.082,1.128103727899477,1980
Çorlu,1982,10,0.441,0.493,0.5077483470792902,1980
Çorlu,1982,11,-0.148,0.019,0.1598857052238807,1980
Çorlu,1982,12,-0.928,-0.711,-0.4241906368221356,1980
Çorlu,1983,1,-1.098,-0.892,-0.852829658894652,1980
Çorlu,1983,2,-0.552,-0.406,-0.3645768398252653,1980
Çorlu,1983,3,-0.608,-0.589,-0.5341149260448137,1980
Çorlu,1983,4,-1.184,-1.234,-1.159704016079592,1980
Çorlu,1983,5,-1.587,-1.629,-1.5084579660575046,1980
Çorlu,1983,6,-1.524,-1.524,-1.420417522138958,1980
Çorlu,1983,7,-0.979,-0.937,-0.8148270063730793,1980
Çorlu,1983,8,-0.801,-0.714,-0.6205938451216633,1980
Çorlu,1983,9,-0.661,-0.699,-0.6441247723230236,1980
Çorlu,1983,10,-0.581,-0.343,-0.32464990130351085,1980
Çorlu,1983,11,-0.634,-0.511,-0.2918091280481895,1980
Çorlu,1983,12,-1.197,-0.974,-0.75263009425831,1980
Çorlu,1984,1,-0.909,-0.795,-0.7957159062931644,1980
Çorlu,1984,2,-0.947,-0.886,-0.8834922629673703,1980
Çorlu,1984,3,-0.104,0.045,0.026312896542077746,1980
Çorlu,1984,4,0.269,0.641,0.5826852635268303,1980
Çorlu,1984,5,0.338,0.747,0.6726936496261744,1980
Çorlu,1984,6,0.198,0.579,0.5119444378701572,1980
Çorlu,1984,7,-0.3,0.16,0.08586791781685392,1980
Çorlu,1984,8,-0.325,0.125,0.04440599868883782,1980
Çorlu,1984,9,-0.442,-0.126,-0.20687295985569584,1980
Çorlu,1984,10,-0.514,-0.208,-0.20870463309672665,1980
Çorlu,1984,11,-0.27,-0.173,0.01231884416971644,1980
Çorlu,1984,12,-0.462,-0.334,-0.11672214182798807,1980
Çorlu,1985,1,-0.22,0.005,0.0038586992252200715,1980
Çorlu,1985,2,-0.23,0.037,0.07775632647448073,1980
Çorlu,1985,3,-0.887,-0.673,-0.6358157013726237,1980
Çorlu,1985,4,-0.992,-0.935,-0.868171278416096,1980
Çorlu,1985,5,-1.275,-1.177,-1.0909747627921167,1980
Çorlu,1985,6,-1.162,-1.084,-0.9872043024612256,1980
Çorlu,1985,7,-1.283,-0.981,-0.8907763805443154,1980
Çorlu,1985,8,-1.508,-1.376,-1.1985906758835125,1980
Çorlu,1985,9,-1.348,-1.239,-1.1570036072729164,1980
Çorlu,1985,10,-1.247,-0.794,-0.7738817974138053,1980
Çorlu,1985,11,-0.792,-0.579,-0.32983915455268925,1980
Çorlu,1985,12,-0.672,-0.542,-0.24404240385584464,1980
Çorlu,1986,1,-0.449,-0.336,-0.24581841883755626,1980
Çorlu,1986,2,-0.197,-0.172,-0.12456280080866806,1980
Çorlu,1986,3,-0.131,-0.181,-0.12894665617680826,1980
Çorlu,1986,4,-0.323,-0.43,-0.37301284692224435,1980
Çorlu,1986,5,-0.278,-0.168,-0.1640587462431168,1980
Çorlu,1986,6,-0.03,0.095,0.11598618101847294,1980
Çorlu,1986,7,0.013,0.121,0.15031498731809453,1980
Çorlu,1986,8,-0.007,0.062,0.1022723334123927,1980
Çorlu,1986,9,0.08,0.056,0.13262395557231652,1980
Çorlu,1986,10,0.203,0.162,0.22957610503215872,1980
Çorlu,1986,11,-0.467,-0.424,-0.1805623074030244,1980
Çorlu,1986,12,-0.465,-0.331,-0.1262321905724049,1980
Çorlu,1987,1,-1.22,-0.957,-0.9932068496205116,1980
Çorlu,1987,2,-1.531,-1.313,-1.3253669293313415,1980
Çorlu,1987,3,-1.645,-1.282,-1.2935900839534675,1980
Çorlu,1987,4,-1.396,-0.918,-0.9725672414355052,1980
Çorlu,1987,5,-1.348,-0.873,-0.9053331596644353,1980
Çorlu,1987,6,-1.72,-1.169,-1.1861085425079478,1980
Çorlu,1987,7,-1.641,-0.994,-0.9976397181350795,1980
Çorlu,1987,8,-1.504,-0.762,-0.7998783342076995,1980
Çorlu,1987,9,-1.741,-1.162,-1.1863019973392348,1980
Çorlu,1987,10,-1.922,-1.13,-1.1457801962459144,1980
Çorlu,1987,11,-1.543,-1.054,-0.8253513625302715,1980
Çorlu,1987,12,-0.798,-0.48,-0.19227589872646078,1980
Çorlu,1988,1,-1.414,-1.122,-1.0249105848931164,1980
Çorlu,1988,2,-0.893,-0.641,-0.5594370331706077,1980
Çorlu,1988,3,-0.714,-0.671,-0.585483451240737,1980
Çorlu,1988,4,-0.491,-0.479,-0.40181454041840464,1980
Çorlu,1988,5,-0.511,-0.521,-0.43638451735411327,1980
Çorlu,1988,6,-0.228,-0.174,-0.09647908114267863,1980
Çorlu,1988,7,-0.275,-0.106,-0.051702279246873234,1980
Çorlu,1988,8,-0.345,-0.269,-0.18153645878214722,1980
Çorlu,1988,9,-0.181,-0.224,-0.13454377451972857,1980
Çorlu,1988,10,-0.239,-0.148,-0.0775791930783521,1980
Çorlu,1988,11,0.238,0.386,0.38253466229442057,1980
Çorlu,1988,12,-0.054,0.087,0.17312621495532174,1980
Çorlu,1989,1,-0.16,0.132,0.10357219348217729,1980
Çorlu,1989,2,-0.527,-0.335,-0.35632304959992717,1980
Çorlu,1989,3,-0.429,-0.334,-0.34271057522959364,1980
Çorlu,1989,4,-0.831,-0.943,-0.9036143647813842,1980
Çorlu,1989,5,-0.527,-0.595,-0.5631450671122283,1980
Çorlu,1989,6,-0.403,-0.344,-0.34368303269954475,1980
Çorlu,1989,7,-0.489,-0.129,-0.1804732221521933,1980
Çorlu,1989,8,-0.325,-0.015,-0.064702034483089,1980
Çorlu,1989,9,-0.34,-0.12,-0.1899862513175737,1980
Çorlu,1989,10,-0.25,0.028,-0.010794772415811133,1980
Çorlu,1989,11,-1.253,-0.998,-0.8452097669928187,1980
Çorlu,1989,12,-1.396,-1.128,-0.9666114814180482,1980
Çorlu,1990,1,-1.483,-1.281,-1.3121983118523528,1990
Çorlu,1990,2,-1.311,-1.172,-1.2029745478797642,1990
Çorlu,1990,3,-1.676,-1.425,-1.4592481725354023,1990
Çorlu,1990,4,-1.207,-0.923,-1.015260530858308,1990
Çorlu,1990,5,-1.427,-1.034,-1.1354124102638512,1990
Çorlu,1990,6,-1.289,-0.937,-1.0448674759922374,1990
Çorlu,1990,7,-1.26,-0.727,-0.8510940887401067,1990
Çorlu,1990,8,-1.403,-0.843,-0.9707971747838116,1990
Çorlu,1990,9,-1.048,-0.701,-0.843469853403076,1990
Çorlu,1990,10,-0.869,-0.409,-0.5111053986779227,1990
Çorlu,1990,11,-0.858,-0.686,-0.5145678342349,1990
Çorlu,1990,12,-0.373,-0.299,-0.1223784079521222,1990
Çorlu,1991,1,-0.273,-0.167,-0.1938232676919382,1990
Çorlu,1991,2,-0.102,0.052,0.025455531980139102,1990
Çorlu,1991,3,-0.031,0.178,0.14722687160882741,1990
Çorlu,1991,4,0.388,0.687,0.6719553453693424,1990
Çorlu,1991,5,1.028,1.318,1.3430135269321037,1990
Çorlu,1991,6,0.557,0.827,0.8569164816148046,1990
Çorlu,1991,7,0.859,0.723,0.7640668952177637,1990
Çorlu,1991,8,0.905,0.752,0.7905882793088195,1990
Çorlu,1991,9,0.614,0.775,0.8722788257457368,1990
Çorlu,1991,10,1.068,0.806,0.8645484368557327,1990
Çorlu,1991,11,1.033,1.236,0.8986844350316047,1990
Çorlu,1991,12,0.273,0.584,0.48412914255061174,1990
Çorlu,1992,1,0.088,0.487,0.5262492733725219,1990
Çorlu,1992,2,0.193,0.6,0.6302440143393913,1990
Çorlu,1992,3,0.483,0.841,0.8786926710880214,1990
Çorlu,1992,4,-0.003,0.215,0.2550781152809466,1990
Çorlu,1992,5,-1.038,-0.753,-0.7401662600981228,1990
Çorlu,1992,6,-0.796,-0.517,-0.5023452236000309,1990
Çorlu,1992,7,-0.746,-0.203,-0.2314207825421463,1990
Çorlu,1992,8,-0.806,-0.363,-0.35813259110713186,1990
Çorlu,1992,9,-0.929,-0.619,-0.6378934471895462,1990
Çorlu,1992,10,-1.585,-1.084,-1.0464672873216223,1990
Çorlu,1992,11,-1.482,-1.093,-0.9064413867439441,1990
Çorlu,1992,12,-1.288,-0.99,-0.7251973480798825,1990
Çorlu,1993,1,-1.06,-0.821,-0.7918544775205745,1990
Çorlu,1993,2,-0.488,-0.261,-0.23128085773253496,1990
Çorlu,1993,3,-0.727,-0.54,-0.5173056734079884,1990
Çorlu,1993,4,-0.797,-0.569,-0.5657161077015048,1990
Çorlu,1993,5,-0.332,-0.147,-0.12399680044391714,1990
Çorlu,1993,6,-0.626,-0.347,-0.3464151322140356,1990
Çorlu,1993,7,-1.068,-0.601,-0.5965149171680522,1990
Çorlu,1993,8,-0.956,-0.468,-0.48171138210476727,1990
Çorlu,1993,9,-0.8,-0.598,-0.5855044912022213,1990
Çorlu,1993,10,-1.195,-0.745,-0.7223100521068576,1990
Çorlu,1993,11,-1.084,-0.747,-0.534225926960536,1990
Çorlu,1993,12,-0.863,-0.666,-0.37900240824499204,1990
Çorlu,1994,1,-0.991,-0.864,-0.8159376636802227,1990
Çorlu,1994,2,-1.221,-1.182,-1.1444560233631451,1990
Çorlu,1994,3,-1.305,-1.26,-1.2492680108828413,1990
Çorlu,1994,4,-1.207,-1.213,-1.2263852709973255,1990
Çorlu,1994,5,-1.693,-1.605,-1.6068166413101181,1990
Çorlu,1994,6,-1.667,-1.626,-1.6467324561945282,1990
Çorlu,1994,7,-1.478,-1.528,-1.5598514204440819,1990
Çorlu,1994,8,-1.444,-1.577,-1.5573531042785405,1990
Çorlu,1994,9,-1.567,-1.77,-1.7278663933773069,1990
Çorlu,1994,10,-1.058,-1.253,-1.230943981412346,1990
Çorlu,1994,11,-1.09,-1.369,-1.3313246376681427,1990
Çorlu,1994,12,-0.999,-1.258,-1.172785979046549,1990
Çorlu,1995,1,0.253,-0.007,-0.05812168057328192,1990
Çorlu,1995,2,0.208,-0.108,-0.12545625336227223,1990
Çorlu,1995,3,0.485,0.144,0.15875309798189133,1990
Çorlu,1995,4,0.534,0.276,0.30204047048256283,1990
Çorlu,1995,5,0.44,0.189,0.22620583131816865,1990
Çorlu,1995,6,0.575,0.228,0.3371846040915539,1990
Çorlu,1995,7,0.81,0.392,0.46529810981696823,1990
Çorlu,1995,8,0.848,0.488,0.532746273846713,1990
Çorlu,1995,9,1.18,1.199,1.2164426087713744,1990
Çorlu,1995,10,0.912,0.695,0.6775141950055287,1990
Çorlu,1995,11,1.01,1.121,0.7765249414464814,1990
Çorlu,1995,12,0.903,0.99,0.6620881177514966,1990
Çorlu,1996,1,-0.432,-0.334,-0.3820733363435608,1990
Çorlu,1996,2,-0.162,0.033,-0.02624053882563814,1990
Çorlu,1996,3,-0.162,0.136,0.07211109321397799,1990
Çorlu,1996,4,-0.065,0.289,0.2263264480619141,1990
Çorlu,1996,5,-0.165,0.056,0.04156667917059853,1990
Çorlu,1996,6,-0.42,-0.039,-0.09543164199388686,1990
Çorlu,1996,7,-0.431,0.048,0.003255492959321907,1990
Çorlu,1996,8,-0.304,0.085,0.05809521576209079,1990
Çorlu,1996,9,-0.219,0.154,0.10877623266635615,1990
Çorlu,1996,10,-0.266,0.121,0.10276847743518006,1990
Çorlu,1996,11,-0.617,-0.349,-0.12750900111333122,1990
Çorlu,1996,12,-0.207,-0.002,0.15216589145780307,1990
Çorlu,1997,1,-0.093,0.126,0.21358946643305968,1990
Çorlu,1997,2,-0.436,-0.315,-0.22189264087884658,1990
Çorlu,1997,3,-0.51,-0.508,-0.41460379380263646,1990
Çorlu,1997,4,-0.206,-0.138,-0.04901425770924725,1990
Çorlu,1997,5,-0.171,0.021,0.08725241505507658,1990
Çorlu,1997,6,-0.088,0.143,0.21697673230739575,1990
Çorlu,1997,7,-0.129,0.078,0.14824658840391294,1990
Çorlu,1997,8,-0.185,0.057,0.11580163849167159,1990
Çorlu,1997,9,-0.7,-0.442,-0.39304139964850004,1990
Çorlu,1997,10,0.56,0.585,0.630470877171993,1990
Çorlu,1997,11,0.581,0.871,0.6998863108920458,1990
Çorlu,1997,12,0.698,1.026,0.7188908866551245,1990
Çorlu,1998,1,0.705,1.08,1.1398657062082584,1990
Çorlu,1998,2,0.7,1.06,1.1049109782796096,1990
Çorlu,1998,3,0.905,1.271,1.3131990381994076,1990
Çorlu,1998,4,0.483,0.606,0.664397247078317,1990
Çorlu,1998,5,1.138,1.357,1.3860402304436503,1990
Çorlu,1998,6,1.325,1.497,1.519533964415809,1990
Çorlu,1998,7,1.217,0.882,0.905403934388443,1990
Çorlu,1998,8,1.173,0.832,0.8558715345645871,1990
Çorlu,1998,9,1.547,1.576,1.638044812853094,1990
Çorlu,1998,10,1.13,0.745,0.7784509415925326,1990
Çorlu,1998,11,1.595,1.565,1.0435703855237553,1990
Çorlu,1998,12,1.301,1.346,0.8465214455765714,1990
Çorlu,1999,1,1.28,1.348,1.3528207119689521,1990
Çorlu,1999,2,1.52,1.611,1.6102392688856058,1990
Çorlu,1999,3,1.285,1.352,1.3475373458816542,1990
Çorlu,1999,4,1.307,1.371,1.3641840830195466,1990
Çorlu,1999,5,1.1,1.101,1.071707998736098,1990
Çorlu,1999,6,1.205,1.192,1.163152508883507,1990
Çorlu,1999,7,1.238,0.765,0.77139124991198,1990
Çorlu,1999,8,1.195,0.77,0.756293697107647,1990
Çorlu,1999,9,1.307,1.267,1.2471716779374609,1990
Çorlu,1999,10,0.711,0.474,0.43815565326644723,1990
Çorlu,1999,11,0.778,0.709,0.5156277096929146,1990
Çorlu,1999,12,0.844,0.667,0.48111357355360124,1990
Çorlu,2000,1,0.781,0.704,0.6543437912968153,2000
Çorlu,2000,2,0.59,0.496,0.4520408414939488,2000
Çorlu,2000,3,0.492,0.37,0.3318696733376849,2000
Çorlu,2000,4,0.687,0.566,0.5590577360463677,2000
Çorlu,2000,5,0.854,0.801,0.7916583945965489,2000
Çorlu,2000,6,0.549,0.597,0.5491354229958828,2000
Çorlu,2000,7,0.449,0.344,0.3342210342013563,2000
Çorlu,2000,8,0.39,0.327,0.30280564275916166,2000
Çorlu,2000,9,-0.051,-0.051,-0.09974190470007442,2000
Çorlu,2000,10,0.194,0.25,0.20954057705971332,2000
Çorlu,2000,11,-0.336,-0.383,-0.18823785372244886,2000
Çorlu,2000,12,-1.096,-1.04,-0.8388528088947927,2000
Çorlu,2001,1,-1.053,-1.162,-1.1635781313742353,2000
Çorlu,2001,2,-0.802,-0.974,-0.9722828917516784,2000
Çorlu,2001,3,-0.992,-1.305,-1.2736292678808245,2000
Çorlu,2001,4,-0.928,-1.15,-1.1614409008612165,2000
Çorlu,2001,5,-1.44,-1.551,-1.5504923814785037,2000
Çorlu,2001,6,-1.298,-1.531,-1.5205170160683217,2000
Çorlu,2001,7,-1.411,-1.629,-1.625108814339258,2000
Çorlu,2001,8,-1.346,-1.585,-1.546328395551198,2000
Çorlu,2001,9,-1.12,-1.459,-1.433604986467116,2000
Çorlu,2001,10,-1.546,-1.939,-1.8506337936839599,2000
Çorlu,2001,11,-0.924,-1.231,-1.1348534885901873,2000
Çorlu,2001,12,0.422,0.175,0.19327311224888735,2000
Çorlu,2002,1,0.361,0.236,0.15644181066343774,2000
Çorlu,2002,2,0.051,-0.164,-0.22718927377589887,2000
Çorlu,2002,3,0.38,0.289,0.19730637232121997,2000
Çorlu,2002,4,0.173,0.136,0.022553005475237514,2000
Çorlu,2002,5,0.124,0.064,-0.04930247378495087,2000
Çorlu,2002,6,0.384,0.334,0.24573759429786082,2000
Çorlu,2002,7,0.604,0.382,0.3592409831294632,2000
Çorlu,2002,8,0.948,0.619,0.5930875244091112,2000
Çorlu,2002,9,1.324,1.326,1.2843917968407164,2000
Çorlu,2002,10,1.559,0.982,0.9605440250069497,2000
Çorlu,2002,11,1.75,1.617,1.044914559258466,2000
Çorlu,2002,12,0.776,0.564,0.43378874589459215,2000
Çorlu,2003,1,1.269,1.067,1.0743115558777818,2000
Çorlu,2003,2,1.604,1.555,1.5799877863960172,2000
Çorlu,2003,3,1.353,1.471,1.4990239131367953,2000
Çorlu,2003,4,1.404,1.554,1.6030105280719096,2000
Çorlu,2003,5,1.405,1.449,1.5318283043027527,2000
Çorlu,2003,6,1.026,1.011,1.1098942134528316,2000
Çorlu,2003,7,0.845,0.627,0.6721138523609914,2000
Çorlu,2003,8,0.418,0.319,0.37824265609793023,2000
Çorlu,2003,9,-0.391,-0.407,-0.34103380023498225,2000
Çorlu,2003,10,0.162,0.184,0.24194032754348296,2000
Çorlu,2003,11,-0.452,-0.408,-0.1402221862434432,2000
Çorlu,2003,12,-0.324,-0.335,-0.051878037380613376,2000
Çorlu,2004,1,-0.38,-0.288,-0.20378804109349402,2000
Çorlu,2004,2,-0.985,-1.029,-0.9832852750626556,2000
Çorlu,2004,3,-0.677,-0.878,-0.8289370483397708,2000
Çorlu,2004,4,-0.943,-1.213,-1.1566575963031374,2000
Çorlu,2004,5,-0.809,-0.972,-0.9457487848348288,2000
Çorlu,2004,6,-0.285,-0.315,-0.33704880844833174,2000
Çorlu,2004,7,-0.294,-0.087,-0.14161693556572144,2000
Çorlu,2004,8,0.662,0.598,0.5575597036865566,2000
Çorlu,2004,9,0.549,0.682,0.6288491206749772,2000
Çorlu,2004,10,-0.147,-0.043,-0.06641655231454184,2000
Çorlu,2004,11,-0.234,-0.235,-0.08905449013304505,2000
Çorlu,2004,12,-0.253,-0.284,-0.10889915544152845,2000
Çorlu,2005,1,-0.708,-0.788,-0.8030352053469022,2000
Çorlu,2005,2,-0.414,-0.474,-0.4879745558927691,2000
Çorlu,2005,3,-0.633,-0.711,-0.7248086456682986,2000
Çorlu,2005,4,-0.648,-0.759,-0.762744050225614,2000
Çorlu,2005,5,-0.265,-0.418,-0.39578882572205226,2000
Çorlu,2005,6,-0.532,-0.564,-0.5701778491274898,2000
Çorlu,2005,7,-0.412,-0.319,-0.3088493408233448,2000
Çorlu,2005,8,-0.978,-0.917,-0.8686357062575851,2000
Çorlu,2005,9,-0.911,-1.049,-1.0046439254734372,2000
Çorlu,2005,10,-0.658,-0.518,-0.508937513708901,2000
Çorlu,2005,11,-0.137,-0.139,0.001771237188889301,2000
Çorlu,2005,12,0.107,0.124,0.18072917623442653,2000
Çorlu,2006,1,-0.176,-0.044,-0.09035098280419245,2000
Çorlu,2006,2,-0.339,-0.244,-0.28951832336649247,2000
Çorlu,2006,3,0.08,0.152,0.11253758728974343,2000
Çorlu,2006,4,0.047,0.098,0.057130014759196254,2000
Çorlu,2006,5,-0.373,-0.35,-0.3954498982226855,2000
Çorlu,2006,6,-0.103,-0.13,-0.14222059034177004,2000
Çorlu,2006,7,0.512,0.446,0.4359966582260037,2000
Çorlu,2006,8,0.231,0.201,0.1983492016183376,2000
Çorlu,2006,9,0.453,0.502,0.48345748816186856,2000
Çorlu,2006,10,0.394,0.319,0.31973680770302787,2000
Çorlu,2006,11,0.043,-0.014,0.1048954827734882,2000
Çorlu,2006,12,-0.447,-0.496,-0.26999465394512834,2000
Çorlu,2007,1,-0.514,-0.672,-0.6672419360583932,2000
Çorlu,2007,2,-0.486,-0.704,-0.7010902700330017,2000
Çorlu,2007,3,-0.969,-1.166,-1.1836830410514247,2000
Çorlu,2007,4,-0.866,-0.959,-1.0309150486700414,2000
Çorlu,2007,5,-0.391,-0.568,-0.6393546777338603,2000
Çorlu,2007,6,-0.931,-1.228,-1.236039211571773,2000
Çorlu,2007,7,-1.967,-2.998,-2.6845527055998084,2000
Çorlu,2007,8,-2.131,-2.787,-2.628105652381465,2000
Çorlu,2007,9,-2.068,-2.066,-2.0560659300564197,2000
Çorlu,2007,10,-2.057,-2.595,-2.5570990166083654,2000
Çorlu,2007,11,-0.608,-1.061,-0.8903291529344753,2000
Çorlu,2007,12,-0.402,-0.861,-0.6335576282979991,2000
Çorlu,2008,1,-0.463,-0.866,-0.9230868011794865,2000
Çorlu,2008,2,-0.429,-0.795,-0.8459202263089146,2000
Çorlu,2008,3,-0.151,-0.614,-0.6352840492638766,2000
Çorlu,2008,4,-0.101,-0.671,-0.6556910191195644,2000
Çorlu,2008,5,-0.295,-0.77,-0.7761815974419709,2000
Çorlu,2008,6,0.134,-0.127,-0.19622509832588933,2000
Çorlu,2008,7,0.209,0.112,0.035602985044989335,2000
Çorlu,2008,8,0.197,0.113,0.02622944219868291,2000
Çorlu,2008,9,0.158,0.041,-0.07817117221577786,2000
Çorlu,2008,10,0.09,0.044,-0.03750089840959742,2000
Çorlu,2008,11,-1.317,-1.35,-1.4247031916918813,2000
Çorlu,2008,12,-1.604,-1.616,-1.8990292692626127,2000
Çorlu,2009,1,-1.132,-1.486,-1.52493282181679,2000
Çorlu,2009,2,-0.469,-0.853,-0.8928462139188754,2000
Çorlu,2009,3,-0.243,-0.52,-0.5850219355379767,2000
Çorlu,2009,4,-0.048,-0.163,-0.2610939802293668,2000
Çorlu,2009,5,-0.099,-0.254,-0.33758545771132475,2000
Çorlu,2009,6,-0.346,-0.502,-0.5768618066167083,2000
Çorlu,2009,7,0.066,-0.02,-0.05586355060995179,2000
Çorlu,2009,8,0.049,0.028,-0.03986453492971784,2000
Çorlu,2009,9,0.341,0.272,0.19245197074439513,2000
Çorlu,2009,10,0.919,0.601,0.579829855277835,2000
Çorlu,2009,11,1.116,1.036,0.7254228325856331,2000
Çorlu,2009,12,1.783,1.676,0.9914392687591219,2000
Çorlu,2010,1,1.884,1.749,1.741907795508203,2010
Çorlu,2010,2,2.028,1.901,1.8947617156199612,2010
Çorlu,2010,3,1.845,1.845,1.8256413015078055,2010
Çorlu,2010,4,1.8,1.766,1.753432337833254,2010
Çorlu,2010,5,1.671,1.56,1.5333086658500295,2010
Çorlu,2010,6,1.941,1.785,1.7552797150926067,2010
Çorlu,2010,7,1.706,0.984,0.9764455561499347,2010
Çorlu,2010,8,1.681,0.909,0.9257310479528628,2010
Çorlu,2010,9,1.445,1.145,1.1781862622068369,2010
Çorlu,2010,10,1.67,0.955,0.9358536451422897,2010
Çorlu,2010,11,1.874,1.547,1.0170310234688948,2010
Çorlu,2010,12,1.917,1.609,0.9624590712873163,2010
Çorlu,2011,1,1.727,1.374,1.3872412224886381,2010
Çorlu,2011,2,0.956,0.686,0.6876971817258205,2010
Çorlu,2011,3,0.721,0.353,0.38445017829713546,2010
Çorlu,2011,4,0.988,0.769,0.8222034852150921,2010
Çorlu,2011,5,1.424,1.301,1.361174580720108,2010
Çorlu,2011,6,1.385,1.257,1.323186559959882,2010
Çorlu,2011,7,1.302,0.714,0.7889396819198263,2010
Çorlu,2011,8,1.297,0.833,0.8555918405121442,2010
Çorlu,2011,9,1.21,1.134,1.2130120173710226,2010
Çorlu,2011,10,1.073,0.664,0.7197783198730437,2010
Çorlu,2011,11,0.912,0.958,0.7125993606816676,2010
Çorlu,2011,12,0.539,0.576,0.4640567282089669,2010
Çorlu,2012,1,0.513,0.672,0.666204496935114,2010
Çorlu,2012,2,0.494,0.695,0.6791407055977289,2010
Çorlu,2012,3,0.498,0.68,0.6351377997480945,2010
Çorlu,2012,4,0.294,0.266,0.21696832016097942,2010
Çorlu,2012,5,0.267,0.196,0.11531523336139037,2010
Çorlu,2012,6,-0.174,-0.402,-0.4493299223843602,2010
Çorlu,2012,7,-0.281,-0.383,-0.41061805717445726,2010
Çorlu,2012,8,-0.164,-0.411,-0.39176104021342767,2010
Çorlu,2012,9,-0.269,-0.649,-0.6690979439624982,2010
Çorlu,2012,10,-0.58,-0.937,-0.874661012933053,2010
Çorlu,2012,11,-0.438,-1.118,-0.8389156451538157,2010
Çorlu,2012,12,0.597,-0.025,0.14304793543764963,2010
Çorlu,2013,1,1.053,0.484,0.5684789624838944,2010
Çorlu,2013,2,1.283,0.749,0.8270416732165952,2010
Çorlu,2013,3,1.492,0.916,1.0186960406079892,2010
Çorlu,2013,4,1.211,0.595,0.7053370622634813,2010
Çorlu,2013,5,0.861,-0.061,0.11611469146180826,2010
Çorlu,2013,6,1.226,0.545,0.6649340727199825,2010
Çorlu,2013,7,1.221,0.508,0.542397966314068,2010
Çorlu,2013,8,1.15,0.485,0.5050351405877223,2010
Çorlu,2013,9,1.072,0.604,0.6346674283136247,2010
Çorlu,2013,10,1.368,0.744,0.7176541857207309,2010
Çorlu,2013,11,1.705,1.398,0.916190046943821,2010
Çorlu,2013,12,0.311,-0.137,-0.03453152032339117,2010
Çorlu,2014,1,-0.178,-0.738,-0.798265772534915,2010
Çorlu,2014,2,-0.803,-1.407,-1.4349426769239695,2010
Çorlu,2014,3,-0.635,-1.253,-1.2695587226867473,2010
Çorlu,2014,4,-0.524,-1.109,-1.1311127468364872,2010
Çorlu,2014,5,-0.252,-0.696,-0.7667555597159186,2010
Çorlu,2014,6,0.289,-0.01,-0.1085025625819875,2010
Çorlu,2014,7,0.888,0.474,0.44044992617715556,2010
Çorlu,2014,8,1.178,0.678,0.6415442807275186,2010
Çorlu,2014,9,1.776,1.679,1.6235996753143414,2010
Çorlu,2014,10,1.304,0.78,0.7399849898335771,2010
Çorlu,2014,11,1.27,1.144,0.7464904043280792,2010
Çorlu,2014,12,1.745,1.573,0.9174211790192611,2010
Çorlu,2015,1,1.92,1.736,1.67605657824762,2010
Çorlu,2015,2,2.283,2.102,2.059556909743377,2010
Çorlu,2015,3,1.964,2.008,1.9402190854482702,2010
Çorlu,2015,4,2.114,2.211,2.1593386610975775,2010
Çorlu,2015,5,1.948,1.99,1.9312164796357145,2010
Çorlu,2015,6,1.616,1.643,1.5657316359238926,2010
Çorlu,2015,7,1.054,0.72,0.6768386396104261,2010
Çorlu,2015,8,0.701,0.498,0.43658337115307144,2010
Çorlu,2015,9,0.282,0.099,0.04174846894438118,2010
Çorlu,2015,10,0.5,0.278,0.25433771104101166,2010
Çorlu,2015,11,0.575,0.293,0.3141371430147511,2010
Çorlu,2015,12,-0.034,-0.31,-0.13124794678397678,2010
Çorlu,2016,1,-0.117,-0.366,-0.4111837115775778,2010
Çorlu,2016,2,-0.404,-0.794,-0.8035692514359055,2010
Çorlu,2016,3,-0.51,-0.972,-0.9755104937814252,2010
Çorlu,2016,4,-0.84,-1.407,-1.3746336027836794,2010
Çorlu,2016,5,-0.491,-1.021,-1.0147031330122271,2010
Çorlu,2016,6,-0.625,-1.302,-1.2327042804511072,2010
Çorlu,2016,7,-0.603,-1.092,-1.035821184176194,2010
Çorlu,2016,8,-0.555,-0.988,-0.9500834902485992,2010
Çorlu,2016,9,-0.986,-1.416,-1.432112104186494,2010
Çorlu,2016,10,-1.502,-1.898,-1.9185853688380268,2010
Çorlu,2016,11,-1.315,-1.557,-1.7733628719029764,2010
Çorlu,2016,12,-1.082,-1.373,-1.4147273287360647,2010
Çorlu,2017,1,-0.673,-1.082,-1.1587186085649241,2010
Çorlu,2017,2,-0.847,-1.169,-1.2536363047175858,2010
Çorlu,2017,3,-0.683,-0.992,-1.0668948531312397,2010
Çorlu,2017,4,-0.536,-0.664,-0.7818919905345332,2010
Çorlu,2017,5,-0.73,-0.81,-0.9154384246206264,2010
Çorlu,2017,6,-0.426,-0.407,-0.5495586811019635,2010
Çorlu,2017,7,0.091,0.177,0.08341343202031765,2010
Çorlu,2017,8,0.089,0.177,0.07690208275360222,2010
Çorlu,2017,9,0.1,0.11,0.005790982693640213,2010
Çorlu,2017,10,0.733,0.567,0.5225577285989563,2010
Çorlu,2017,11,0.766,0.794,0.5747469627718702,2010
Çorlu,2017,12,1.077,0.998,0.6677682351673739,2010
Çorlu,2018,1,0.941,0.821,0.8092537788010176,2010
Çorlu,2018,2,1.273,1.203,1.191375031662594,2010
Çorlu,2018,3,1.627,1.584,1.5777117694611809,2010
Çorlu,2018,4,1.39,1.234,1.2431693089990203,2010
Çorlu,2018,5,1.501,1.232,1.2529402603088151,2010
Çorlu,2018,6,1.761,1.477,1.4924834464332672,2010
Çorlu,2018,7,1.855,0.949,0.9845601735333095,2010
Çorlu,2018,8,1.786,0.938,0.9606122872462505,2010
Çorlu,2018,9,1.986,1.734,1.7509687287480238,2010
Çorlu,2018,10,1.633,0.877,0.8790529758782105,2010
Çorlu,2018,11,1.81,1.465,0.9702955987379187,2010
Çorlu,2018,12,1.845,1.581,0.9331175031904284,2010
Çorlu,2019,1,1.714,1.449,1.4046492067597227,2010
Çorlu,2019,2,1.171,0.973,0.9037714191783905,2010
Çorlu,2019,3,0.626,0.352,0.24547213285839378,2010
Çorlu,2019,4,0.923,0.841,0.7147137649698697,2010
Çorlu,2019,5,1.079,1.004,0.8666684811984754,2010
Çorlu,2019,6,0.331,0.085,-0.04929326286568762,2010
Çorlu,2019,7,-0.069,-0.146,-0.28522572583181927,2010
Çorlu,2019,8,-0.057,-0.154,-0.28980180289250895,2010
Çorlu,2019,9,-0.45,-0.685,-0.852599866636755,2010
Çorlu,2019,10,-0.483,-0.548,-0.6923019974944534,2010
Çorlu,2019,11,-1.18,-1.428,-1.567053618938329,2010
Çorlu,2019,12,-1.852,-1.928,-3.1943314231476276,2010
Çorlu,2020,1,-2.336,-2.536,-2.5619654478942753,2020
Çorlu,2020,2,-2.277,-2.478,-2.501856450423238,2020
Çorlu,2020,3,-2.256,-2.241,-2.277200297165634,2020
Çorlu,2020,4,-2.489,-2.26,-2.3118412666139676,2020
Çorlu,2020,5,-1.952,-1.888,-1.9742755510024708,2020
Çorlu,2020,6,-0.965,-1.119,-1.3054246898117747,2020
Çorlu,2020,7,-1.239,-1.266,-1.5178016059432937,2020
Çorlu,2020,8,-1.08,-1.162,-1.3357510308781109,2020
Çorlu,2020,9,-0.997,-1.363,-1.4284749326742505,2020
Çorlu,2020,10,-0.892,-1.317,-1.2992935098398775,2020
Çorlu,2020,11,-0.885,-1.318,-1.3138259309688372,2020
Çorlu,2020,12,-0.718,-1.273,-1.1516634861706248,2020
Çorlu,2021,1,0.269,-0.465,-0.42529943890482297,2020
Çorlu,2021,2,0.771,0.083,0.1678153190277882,2020
Çorlu,2021,3,0.84,0.205,0.29614460260517184,2020
Çorlu,2021,4,0.679,0.005,0.11084860033087775,2020
Çorlu,2021,5,0.321,-0.525,-0.38085704720493074,2020
Çorlu,2021,6,0.329,-0.41,-0.28312652854483095,2020
Çorlu,2021,7,0.363,-0.266,-0.14008008523199397,2020
Çorlu,2021,8,0.456,-0.217,-0.07821867131962382,2020
Çorlu,2021,9,0.409,-0.201,-0.11737607502825896,2020
Çorlu,2021,10,0.124,-0.159,-0.1754017237038236,2020
Çorlu,2021,11,0.449,0.033,0.12421634921405433,2020
Çorlu,2021,12,0.78,0.478,0.37251088016149675,2020
Çorlu,2022,1,-0.344,-0.642,-0.7537619937802285,2020
Çorlu,2022,2,-0.204,-0.373,-0.5100951767307351,2020
Çorlu,2022,3,-0.36,-0.544,-0.6691858196068574,2020
Çorlu,2022,4,0.072,-0.16,-0.26162946976998397,2020
Çorlu,2022,5,-0.239,-0.47,-0.577188792796072,2020
Çorlu,2022,6,-0.969,-1.222,-1.286115654712953,2020
Çorlu,2022,7,-1.0,-0.938,-1.0950297634628163,2020
Çorlu,2022,8,-0.882,-0.835,-0.9643092739390293,2020
Çorlu,2022,9,-0.933,-1.115,-1.20477510672649,2020
Çorlu,2022,10,-1.108,-1.174,-1.2405635657639675,2020
Çorlu,2022,11,-1.489,-1.573,-1.773646599507409,2020
Çorlu,2022,12,-2.079,-1.968,-3.2877974460536543,2020
Çorlu,2023,1,-2.211,-2.422,-2.3971196391280123,2020
Çorlu,2023,2,-3.043,-2.912,-2.866473163035612,2020
Çorlu,2023,3,-2.859,-2.578,-2.566427515362779,2020
Çorlu,2023,4,-2.813,-2.448,-2.467926439152013,2020
Çorlu,2023,5,-2.498,-2.214,-2.2626922850466444,2020
Çorlu,2023,6,-2.49,-2.277,-2.359988734312211,2020
Çorlu,2023,7,-2.363,-4.753,-4.75,2020
Çorlu,2023,8,-2.777,-4.753,-4.75,2020
Çorlu,2023,9,-2.732,-2.415,-2.448376031634409,2020
Çorlu,2023,10,-2.614,-4.753,-4.75,2020
Çorlu,2023,11,-1.254,-1.667,-1.943180335219842,2020
Çorlu,2023,12,-0.953,-1.471,-1.5379057154776141,2020
Çorlu,2024,1,-0.756,-1.427,-1.4768479647438348,2020
Çorlu,2024,2,-0.365,-1.089,-1.1236392157587916,2020
Çorlu,2024,3,-0.102,-0.83,-0.8678686868807731,2020
Çorlu,2024,4,-0.323,-1.158,-1.1614948458408079,2020
Çorlu,2024,5,-0.691,-1.475,-1.4704309225632728,2020
Çorlu,2024,6,-1.023,-2.028,-1.901990588901434,2020
Çorlu,2024,7,-1.082,-2.902,-2.363480492246769,2020
Çorlu,2024,8,-0.931,-2.103,-1.8946735731687574,2020
Çorlu,2024,9,-0.322,-1.331,-1.2575499574217321,2020
Çorlu,2024,10,-0.409,-1.195,-1.1457888603346722,2020
Çorlu,2024,11,-1.83,-2.156,-4.75,2020
Çorlu,2024,12,-1.556,-2.025,-4.75,2020
İpsala,1965,12,0.349,0.473,0.47676453265405544,1960
İpsala,1966,1,0.978,1.269,1.277542772322024,1960
İpsala,1966,2,0.582,0.754,0.7720080696750802,1960
İpsala,1966,3,0.651,0.825,0.8215056772250577,1960
İpsala,1966,4,0.616,0.711,0.7009860986795627,1960
İpsala,1966,5,0.456,0.512,0.471105547641676,1960
İpsala,1966,6,0.489,0.601,0.524404828281569,1960
İpsala,1966,7,0.607,0.666,0.6084143442506685,1960
İpsala,1966,8,0.585,0.508,0.4994156894858862,1960
İpsala,1966,9,0.846,0.864,0.8108328854383929,1960
İpsala,1966,10,0.927,0.59,0.5983292186187786,1960
İpsala,1966,11,1.038,0.924,0.9280003266676295,1960
İpsala,1966,12,1.311,0.796,0.7593970284212561,1960
İpsala,1967,1,1.182,1.108,1.0717077404177016,1960
İpsala,1967,2,0.927,1.0,0.9541576965718245,1960
İpsala,1967,3,0.873,0.951,0.9216278797076283,1960
İpsala,1967,4,0.981,1.057,1.0446249631432414,1960
İpsala,1967,5,1.01,1.007,1.0346447580050018,1960
İpsala,1967,6,1.221,1.208,1.2486208934103677,1960
İpsala,1967,7,1.186,1.193,1.234299445597153,1960
İpsala,1967,8,1.162,1.228,1.2482222594490127,1960
İpsala,1967,9,1.128,1.156,1.2137784114695083,1960
İpsala,1967,10,1.149,0.851,0.8605599958352961,1960
İpsala,1967,11,0.408,0.52,0.5146419340803475,1960
İpsala,1967,12,-0.339,-0.077,-0.06143636141336943,1960
İpsala,1968,1,-0.201,-0.12,-0.11258537602166681,1960
İpsala,1968,2,-0.066,-0.044,-0.03353452817833248,1960
İpsala,1968,3,0.101,0.186,0.1908578080865343,1960
İpsala,1968,4,-0.137,-0.112,-0.100966134979978,1960
İpsala,1968,5,-0.175,-0.333,-0.273468020583446,1960
İpsala,1968,6,-0.378,-0.579,-0.5062596068141241,1960
İpsala,1968,7,-0.498,-0.717,-0.6445961678176289,1960
İpsala,1968,8,-0.179,-0.326,-0.28434804017494947,1960
İpsala,1968,9,0.024,-0.103,-0.0718156329281587,1960
İpsala,1968,10,-0.085,-0.021,-0.020664267045336526,1960
İpsala,1968,11,0.043,-0.024,-0.028046926055417934,1960
İpsala,1968,12,0.257,0.275,0.26407685417294446,1960
İpsala,1969,1,-0.131,-0.131,-0.1281065063957059,1960
İpsala,1969,2,0.317,0.36,0.36767531617698446,1960
İpsala,1969,3,0.294,0.407,0.4098433042074572,1960
İpsala,1969,4,0.433,0.647,0.6282277408725253,1960
İpsala,1969,5,0.405,0.664,0.6197437527367938,1960
İpsala,1969,6,0.556,0.78,0.7530574399601108,1960
İpsala,1969,7,0.549,0.874,0.8065394092618748,1960
İpsala,1969,8,0.354,0.625,0.5714625077591289,1960
İpsala,1969,9,-0.033,0.17,0.12941696390679006,1960
İpsala,1969,10,0.234,0.356,0.3485208994054958,1960
İpsala,1969,11,0.174,0.3,0.2979229472299951,1960
İpsala,1969,12,0.187,0.28,0.2961895537793819,1960
İpsala,1970,1,0.372,0.389,0.4123344444911338,1970
İpsala,1970,2,0.249,0.269,0.28845898270318904,1970
İpsala,1970,3,0.118,0.089,0.11142855499103835,1970
İpsala,1970,4,0.016,-0.157,-0.1044875301680954,1970
İpsala,1970,5,0.25,0.22,0.21458291399331167,1970
İpsala,1970,6,0.119,0.12,0.09692788364075226,1970
İpsala,1970,7,0.122,-0.048,-0.004386722572863589,1970
İpsala,1970,8,0.084,-0.125,-0.06933654371438579,1970
İpsala,1970,9,0.06,-0.1,-0.07864721232324355,1970
İpsala,1970,10,0.318,0.261,0.25731986843204857,1970
İpsala,1970,11,0.488,0.476,0.4491727616867195,1970
İpsala,1970,12,0.206,0.238,0.20945025861657193,1970
İpsala,1971,1,-0.211,-0.269,-0.3066524662460735,1970
İpsala,1971,2,-0.155,-0.167,-0.20526165131162974,1970
İpsala,1971,3,0.259,0.359,0.33355678005792094,1970
İpsala,1971,4,0.268,0.466,0.42911125050548127,1970
İpsala,1971,5,0.061,0.092,0.10418675559499273,1970
İpsala,1971,6,0.175,0.209,0.234361352915365,1970
İpsala,1971,7,0.379,0.527,0.5166071963359541,1970
İpsala,1971,8,0.361,0.507,0.4979605641605026,1970
İpsala,1971,9,0.618,0.808,0.7990990433077193,1970
İpsala,1971,10,0.117,0.289,0.2774160254265305,1970
İpsala,1971,11,0.131,0.311,0.2899552402315406,1970
İpsala,1971,12,0.101,0.301,0.29240417768966365,1970
İpsala,1972,1,-0.121,0.172,0.12688082734122236,1970
İpsala,1972,2,-0.511,-0.219,-0.2773371827199781,1970
İpsala,1972,3,-0.927,-0.612,-0.6799406005823312,1970
İpsala,1972,4,-0.672,-0.455,-0.5014763251339454,1970
İpsala,1972,5,-0.49,-0.246,-0.31768734269562215,1970
İpsala,1972,6,-0.561,-0.393,-0.4373628850487616,1970
İpsala,1972,7,-0.736,-0.663,-0.6752638811476104,1970
İpsala,1972,8,-0.643,-0.605,-0.609842842782071,1970
İpsala,1972,9,-0.228,-0.23,-0.2289476042518541,1970
İpsala,1972,10,0.62,0.516,0.524261731286569,1970
İpsala,1972,11,0.416,0.437,0.44248112378169435,1970
İpsala,1972,12,0.108,0.192,0.19184015984006048,1970
İpsala,1973,1,0.415,0.468,0.4677876009124013,1970
İpsala,1973,2,0.751,0.798,0.8164390112540544,1970
İpsala,1973,3,1.014,1.092,1.1105756595461211,1970
İpsala,1973,4,1.087,1.182,1.1968703558468172,1970
İpsala,1973,5,0.969,1.052,1.0777792453103316,1970
İpsala,1973,6,1.245,1.41,1.4013528304241383,1970
İpsala,1973,7,1.257,1.426,1.4208859340702507,1970
İpsala,1973,8,1.194,1.474,1.4252162671815576,1970
İpsala,1973,9,0.743,1.003,0.9699633019529528,1970
İpsala,1973,10,0.04,0.212,0.2078885220360939,1970
İpsala,1973,11,0.017,0.194,0.16130752276728053,1970
İpsala,1973,12,0.271,0.386,0.37653799981508074,1970
İpsala,1974,1,-0.144,0.037,0.023865616633837104,1970
İpsala,1974,2,-0.478,-0.293,-0.31957003421393676,1970
İpsala,1974,3,-0.727,-0.541,-0.5687055135087268,1970
İpsala,1974,4,-0.632,-0.332,-0.3860549461219648,1970
İpsala,1974,5,-0.438,-0.082,-0.16290100667675317,1970
İpsala,1974,6,-0.73,-0.427,-0.48735637137113386,1970
İpsala,1974,7,-0.764,-0.431,-0.507438844520741,1970
İpsala,1974,8,-0.738,-0.491,-0.5372983815760695,1970
İpsala,1974,9,-0.604,-0.378,-0.42467808094796605,1970
İpsala,1974,10,-0.459,-0.164,-0.16075750736527236,1970
İpsala,1974,11,0.001,0.1,0.11252651222287362,1970
İpsala,1974,12,0.025,0.219,0.22604722269141744,1970
İpsala,1975,1,0.54,0.695,0.7089298779068,1970
İpsala,1975,2,0.378,0.586,0.5906882270769006,1970
İpsala,1975,3,0.333,0.471,0.4886240914608744,1970
İpsala,1975,4,0.007,0.018,0.056193204646308045,1970
İpsala,1975,5,0.139,0.053,0.1097569904528346,1970
İpsala,1975,6,0.492,0.416,0.479762759175206,1970
İpsala,1975,7,0.595,0.465,0.5528224682038992,1970
İpsala,1975,8,0.934,0.893,0.9504533031387047,1970
İpsala,1975,9,0.698,0.582,0.6658853588406307,1970
İpsala,1975,10,0.747,0.571,0.582119529481954,1970
İpsala,1975,11,0.633,0.672,0.6679337022793945,1970
İpsala,1975,12,0.884,0.656,0.6361956023720556,1970
İpsala,1976,1,0.659,0.685,0.6898898832982424,1970
İpsala,1976,2,0.665,0.731,0.745679267204816,1970
İpsala,1976,3,0.57,0.807,0.8105017243946069,1970
İpsala,1976,4,0.574,0.815,0.8359030770744257,1970
İpsala,1976,5,0.54,0.81,0.8388396616706599,1970
İpsala,1976,6,0.326,0.654,0.6709813769006735,1970
İpsala,1976,7,0.263,0.619,0.6304851363482769,1970
İpsala,1976,8,0.035,0.466,0.45135149153959453,1970
İpsala,1976,9,0.243,0.788,0.7434528321612056,1970
İpsala,1976,10,0.078,0.461,0.4493212707613533,1970
İpsala,1976,11,0.042,0.442,0.4635482652934524,1970
İpsala,1976,12,0.206,0.486,0.5021606093664979,1970
İpsala,1977,1,0.171,0.653,0.6865713861054443,1970
İpsala,1977,2,0.37,0.694,0.756638458798715,1970
İpsala,1977,3,0.307,0.531,0.5828442991303123,1970
İpsala,1977,4,0.309,0.567,0.5893689541539837,1970
İpsala,1977,5,0.214,0.416,0.42714878033233045,1970
İpsala,1977,6,-0.021,0.142,0.14693508079922799,1970
İpsala,1977,7,-0.1,-0.0,0.015484232000394591,1970
İpsala,1977,8,-0.338,-0.414,-0.3468728208164726,1970
İpsala,1977,9,-0.127,-0.198,-0.14727748587893225,1970
İpsala,1977,10,-0.288,-0.089,-0.10211806046151224,1970
İpsala,1977,11,-0.197,-0.172,-0.19561298409665992,1970
İpsala,1977,12,-0.601,-0.274,-0.2954120484708911,1970
İpsala,1978,1,-0.774,-0.662,-0.7045264682151433,1970
İpsala,1978,2,-0.687,-0.527,-0.5893235375943967,1970
İpsala,1978,3,-0.392,-0.239,-0.2731792115508871,1970
İpsala,1978,4,-0.074,0.095,0.08325129984167332,1970
İpsala,1978,5,-0.203,-0.054,-0.05727860564861749,1970
İpsala,1978,6,-0.214,-0.092,-0.0736181324181806,1970
İpsala,1978,7,-0.233,-0.097,-0.0830092104355963,1970
İpsala,1978,8,-0.224,0.16,0.0821046732314143,1970
İpsala,1978,9,-0.378,0.008,-0.06726451776200304,1970
İpsala,1978,10,0.091,0.339,0.3336001892759782,1970
İpsala,1978,11,0.465,0.826,0.7905501002749332,1970
İpsala,1978,12,0.467,0.579,0.5620146492474567,1970
İpsala,1979,1,0.804,1.142,1.131286650196774,1970
İpsala,1979,2,0.666,1.03,1.0081314616739436,1970
İpsala,1979,3,0.353,0.695,0.6601115474209794,1970
İpsala,1979,4,0.758,1.089,1.046184838495182,1970
İpsala,1979,5,0.81,1.123,1.0694013263989623,1970
İpsala,1979,6,0.801,1.062,1.0156941646926307,1970
İpsala,1979,7,0.803,1.094,1.0303954627352094,1970
İpsala,1979,8,0.795,0.917,0.9077393563658315,1970
İpsala,1979,9,0.649,0.719,0.7182789633553839,1970
İpsala,1979,10,1.007,0.789,0.7730985831005172,1970
İpsala,1979,11,1.257,1.383,1.3635959051662285,1970
İpsala,1979,12,1.391,0.918,0.8799104980667469,1970
İpsala,1980,1,1.553,1.66,1.6284653358600152,1980
İpsala,1980,2,1.324,1.509,1.4828430374102082,1980
İpsala,1980,3,1.523,1.684,1.6595970569371752,1980
İpsala,1980,4,1.111,1.316,1.2960375743845562,1980
İpsala,1980,5,1.341,1.566,1.5490874866911142,1980
İpsala,1980,6,1.373,1.647,1.6087131526249012,1980
İpsala,1980,7,1.432,1.651,1.6395271939617924,1980
İpsala,1980,8,1.435,1.718,1.6837644019656473,1980
İpsala,1980,9,1.402,1.765,1.7198602208413523,1980
İpsala,1980,10,0.54,0.587,0.5895114332739554,1980
İpsala,1980,11,-0.167,0.021,0.022045717692070185,1980
İpsala,1980,12,0.71,0.656,0.6513141260604689,1980
İpsala,1981,1,0.808,1.059,1.0796050543395759,1980
İpsala,1981,2,1.069,1.316,1.3370595189170673,1980
İpsala,1981,3,0.801,0.977,1.0026804927951933,1980
İpsala,1981,4,0.539,0.694,0.7179099784736808,1980
İpsala,1981,5,0.422,0.589,0.5946458381920735,1980
İpsala,1981,6,0.431,0.494,0.5361534494224746,1980
İpsala,1981,7,0.438,0.531,0.5566023038980153,1980
İpsala,1981,8,0.399,0.457,0.49069689200378114,1980
İpsala,1981,9,0.463,0.471,0.5251081846687319,1980
İpsala,1981,10,0.997,0.74,0.7638957846636919,1980
İpsala,1981,11,1.334,1.488,1.4918113956334844,1980
İpsala,1981,12,1.097,0.791,0.7717336613967906,1980
İpsala,1982,1,0.59,0.695,0.6945223463560527,1980
İpsala,1982,2,0.349,0.475,0.47441952046507324,1980
İpsala,1982,3,0.599,0.831,0.8196316896871932,1980
İpsala,1982,4,1.138,1.332,1.3295893119654683,1980
İpsala,1982,5,1.096,1.244,1.2628253532323634,1980
İpsala,1982,6,0.919,1.151,1.1368674261502012,1980
İpsala,1982,7,0.833,1.067,1.0546788542595846,1980
İpsala,1982,8,0.833,1.068,1.0551612213549093,1980
İpsala,1982,9,0.786,0.963,0.9843424513638801,1980
İpsala,1982,10,0.502,0.526,0.5295840015260502,1980
İpsala,1982,11,0.044,0.156,0.16476208571507697,1980
İpsala,1982,12,-0.193,0.063,0.08024082667033318,1980
İpsala,1983,1,-0.3,-0.193,-0.16767171802375616,1980
İpsala,1983,2,-0.223,-0.152,-0.12454908015601296,1980
İpsala,1983,3,-0.575,-0.539,-0.5014950375646171,1980
İpsala,1983,4,-1.193,-1.217,-1.1494593436772114,1980
İpsala,1983,5,-1.181,-1.264,-1.1678174555472836,1980
İpsala,1983,6,-0.702,-0.748,-0.6787380340331389,1980
İpsala,1983,7,-0.066,-0.177,-0.07965750834280794,1980
İpsala,1983,8,-0.081,-0.139,-0.06411317081461292,1980
İpsala,1983,9,0.178,0.219,0.259081726783049,1980
İpsala,1983,10,0.147,0.272,0.27450882339758365,1980
İpsala,1983,11,0.194,0.332,0.3255593847987687,1980
İpsala,1983,12,0.028,0.254,0.2396147019009662,1980
İpsala,1984,1,0.254,0.438,0.42400592089077854,1980
İpsala,1984,2,0.301,0.497,0.48056610873847894,1980
İpsala,1984,3,1.177,1.387,1.3736932747918287,1980
İpsala,1984,4,1.353,1.578,1.5503363044154101,1980
İpsala,1984,5,1.31,1.59,1.550572078468484,1980
İpsala,1984,6,1.001,1.279,1.2343239404415116,1980
İpsala,1984,7,0.585,0.925,0.8499272172527169,1980
İpsala,1984,8,0.681,1.054,0.961053267295037,1980
İpsala,1984,9,0.396,0.703,0.6258654185963651,1980
İpsala,1984,10,0.101,0.257,0.2434724419944169,1980
İpsala,1984,11,0.199,0.289,0.2862039043525456,1980
İpsala,1984,12,-0.102,0.116,0.11172267365781459,1980
İpsala,1985,1,-0.024,0.136,0.10883300976946794,1980
İpsala,1985,2,-0.074,0.143,0.13473706846666725,1980
İpsala,1985,3,-1.114,-0.858,-0.8792556774427583,1980
İpsala,1985,4,-1.543,-1.299,-1.2991565571673216,1980
İpsala,1985,5,-1.695,-1.412,-1.3990892311748713,1980
İpsala,1985,6,-1.441,-1.26,-1.2356296914513196,1980
İpsala,1985,7,-1.57,-1.34,-1.3276821893902202,1980
İpsala,1985,8,-1.711,-1.593,-1.5164927857978527,1980
İpsala,1985,9,-1.718,-1.527,-1.4834132770818822,1980
İpsala,1985,10,-1.472,-1.068,-1.0960990925359504,1980
İpsala,1985,11,-1.182,-1.039,-1.0464577342983432,1980
İpsala,1985,12,-1.426,-1.107,-1.058954895309769,1980
İpsala,1986,1,-1.138,-1.088,-1.0490081059248875,1980
İpsala,1986,2,-0.459,-0.554,-0.5315197211533723,1980
İpsala,1986,3,-0.492,-0.564,-0.5413804768537903,1980
İpsala,1986,4,-0.544,-0.641,-0.6078214100587837,1980
İpsala,1986,5,-0.343,-0.352,-0.3562524872505219,1980
İpsala,1986,6,-0.416,-0.438,-0.4346676630158126,1980
İpsala,1986,7,-0.446,-0.525,-0.5027549772801571,1980
İpsala,1986,8,-0.39,-0.498,-0.4653659225344905,1980
İpsala,1986,9,-0.418,-0.587,-0.5350854223953208,1980
İpsala,1986,10,-0.28,-0.298,-0.23070928601280521,1980
İpsala,1986,11,-0.747,-0.833,-0.8146387802553969,1980
İpsala,1986,12,-0.569,-0.327,-0.3167859931465657,1980
İpsala,1987,1,-1.101,-0.975,-1.0042977627714094,1980
İpsala,1987,2,-1.73,-1.528,-1.552508681982043,1980
İpsala,1987,3,-1.467,-1.282,-1.295973962746596,1980
İpsala,1987,4,-1.131,-0.809,-0.8580582737012294,1980
İpsala,1987,5,-1.224,-0.839,-0.8905207757282617,1980
İpsala,1987,6,-1.062,-0.706,-0.7491744209403483,1980
İpsala,1987,7,-1.0,-0.718,-0.735594541341481,1980
İpsala,1987,8,-0.87,-0.502,-0.5637356118078292,1980
İpsala,1987,9,-0.939,-0.592,-0.6408876363154755,1980
İpsala,1987,10,-0.751,-0.215,-0.2580136853080688,1980
İpsala,1987,11,-0.086,0.119,0.12938071149803917,1980
İpsala,1987,12,0.714,0.654,0.6554161899346542,1980
İpsala,1988,1,0.31,0.489,0.542964370447538,1980
İpsala,1988,2,0.53,0.744,0.7885440630162358,1980
İpsala,1988,3,0.653,0.77,0.8154283000375874,1980
İpsala,1988,4,0.515,0.629,0.6685503269788756,1980
İpsala,1988,5,0.418,0.468,0.5131247926301897,1980
İpsala,1988,6,0.216,0.246,0.2906240235953307,1980
İpsala,1988,7,0.277,0.235,0.30891282128757414,1980
İpsala,1988,8,0.47,0.361,0.46717755711352177,1980
İpsala,1988,9,0.614,0.558,0.6450791022967625,1980
İpsala,1988,10,0.402,0.309,0.35914905410007103,1980
İpsala,1988,11,0.641,0.732,0.7424178172847091,1980
İpsala,1988,12,-0.136,0.053,0.06105047229871821,1980
İpsala,1989,1,-0.287,-0.158,-0.1793023458799132,1980
İpsala,1989,2,-0.598,-0.486,-0.5110449230883457,1980
İpsala,1989,3,-0.451,-0.355,-0.3643560693201546,1980
İpsala,1989,4,-0.521,-0.586,-0.5471584128258764,1980
İpsala,1989,5,-0.366,-0.43,-0.39685558212537736,1980
İpsala,1989,6,-0.192,-0.165,-0.1594389776298602,1980
İpsala,1989,7,-0.233,-0.071,-0.12607189232983612,1980
İpsala,1989,8,-0.059,0.114,0.05493414617407185,1980
İpsala,1989,9,-0.041,0.155,0.08177975901160892,1980
İpsala,1989,10,0.384,0.476,0.4413834917610268,1980
İpsala,1989,11,-0.435,-0.327,-0.37879876361734827,1980
İpsala,1989,12,-0.315,-0.029,-0.048527797713795076,1980
İpsala,1990,1,-0.361,-0.238,-0.28539260842238945,1990
İpsala,1990,2,-0.19,-0.079,-0.13018411894982487,1990
İpsala,1990,3,-0.578,-0.434,-0.5057216715840518,1990
İpsala,1990,4,-0.375,-0.106,-0.22139605045463262,1990
İpsala,1990,5,-0.408,-0.183,-0.3094585198844955,1990
İpsala,1990,6,-0.469,-0.272,-0.39478332119957665,1990
İpsala,1990,7,-0.517,-0.433,-0.5132625453724833,1990
İpsala,1990,8,-1.084,-0.943,-1.0293397452120754,1990
İpsala,1990,9,-1.052,-0.901,-1.0078984302875702,1990
İpsala,1990,10,-1.242,-0.894,-1.0131685453147528,1990
İpsala,1990,11,-1.22,-1.161,-1.2143789775851954,1990
İpsala,1990,12,-0.564,-0.378,-0.402121729946626,1990
İpsala,1991,1,-0.575,-0.656,-0.6998579342319173,1990
İpsala,1991,2,-0.419,-0.473,-0.5192546086438458,1990
İpsala,1991,3,-0.335,-0.281,-0.3302115624523508,1990
İpsala,1991,4,-0.186,-0.065,-0.11303259094982875,1990
İpsala,1991,5,-0.032,0.077,0.03648934642786482,1990
İpsala,1991,6,-0.122,-0.175,-0.1448114080563339,1990
İpsala,1991,7,-0.016,-0.046,-0.023782756227325487,1990
İpsala,1991,8,0.064,0.051,0.06946720975896314,1990
İpsala,1991,9,-0.17,-0.259,-0.2153006225535632,1990
İpsala,1991,10,-0.017,0.008,0.05388193116826125,1990
İpsala,1991,11,0.61,0.626,0.6654634215514537,1990
İpsala,1991,12,-0.289,-0.06,-0.034999265992382934,1990
İpsala,1992,1,-0.43,-0.383,-0.3621756728948183,1990
İpsala,1992,2,-0.58,-0.517,-0.5057559002219265,1990
İpsala,1992,3,-0.367,-0.25,-0.2440497613528522,1990
İpsala,1992,4,-0.476,-0.371,-0.36752095880061214,1990
İpsala,1992,5,-0.781,-0.623,-0.6467896077104085,1990
İpsala,1992,6,-0.52,-0.247,-0.3212123584947995,1990
İpsala,1992,7,-0.57,-0.241,-0.343690139178965,1990
İpsala,1992,8,-0.576,-0.38,-0.4292185413840927,1990
İpsala,1992,9,-0.602,-0.414,-0.46795607032342235,1990
İpsala,1992,10,-0.756,-0.414,-0.4335026794745399,1990
İpsala,1992,11,-1.096,-0.954,-0.9676872783993201,1990
İpsala,1992,12,-1.299,-0.965,-0.9415041278005423,1990
İpsala,1993,1,-1.349,-1.203,-1.2018788986506546,1990
İpsala,1993,2,-0.98,-0.946,-0.9462229943939241,1990
İpsala,1993,3,-0.991,-0.929,-0.9318666225547945,1990
İpsala,1993,4,-1.396,-1.185,-1.213286404758485,1990
İpsala,1993,5,-1.234,-1.064,-1.084639848886161,1990
İpsala,1993,6,-0.866,-0.799,-0.7999812572718024,1990
İpsala,1993,7,-0.876,-0.835,-0.8297986622207091,1990
İpsala,1993,8,-0.877,-0.815,-0.823167360827412,1990
İpsala,1993,9,-0.911,-0.94,-0.9113942722975705,1990
İpsala,1993,10,-1.094,-0.908,-0.8706630369896566,1990
İpsala,1993,11,-0.965,-0.925,-0.929736180537207,1990
İpsala,1993,12,-0.889,-0.637,-0.5951590746203299,1990
İpsala,1994,1,-0.73,-0.784,-0.7582894966202753,1990
İpsala,1994,2,-0.766,-0.856,-0.8412726919554966,1990
İpsala,1994,3,-0.865,-0.977,-0.9649793212836161,1990
İpsala,1994,4,-0.634,-0.816,-0.7953618654241446,1990
İpsala,1994,5,-0.922,-1.174,-1.1361899183917186,1990
İpsala,1994,6,-1.436,-1.505,-1.5019559428601892,1990
İpsala,1994,7,-1.148,-1.298,-1.2948592080299641,1990
İpsala,1994,8,-1.105,-1.301,-1.2824748850594507,1990
İpsala,1994,9,-1.203,-1.458,-1.4074454809013806,1990
İpsala,1994,10,-0.494,-0.61,-0.5729466857198792,1990
İpsala,1994,11,-0.601,-0.909,-0.8890475737513417,1990
İpsala,1994,12,-0.029,-0.109,-0.0925335844483103,1990
İpsala,1995,1,0.722,0.537,0.545777703310057,1990
İpsala,1995,2,0.925,0.735,0.7711754564221043,1990
İpsala,1995,3,1.248,1.084,1.1276901201501364,1990
İpsala,1995,4,1.202,1.064,1.10827054879316,1990
İpsala,1995,5,1.244,1.114,1.1663088762685252,1990
İpsala,1995,6,1.265,1.033,1.1334666262858915,1990
İpsala,1995,7,1.26,1.058,1.1525752321179097,1990
İpsala,1995,8,1.231,1.118,1.176610973968931,1990
İpsala,1995,9,1.685,1.726,1.7228602641110944,1990
İpsala,1995,10,1.075,0.799,0.7839011487720915,1990
İpsala,1995,11,1.567,1.673,1.657720357426715,1990
İpsala,1995,12,1.332,0.872,0.8418512839457257,1990
İpsala,1996,1,0.551,0.601,0.5750939464024878,1990
İpsala,1996,2,1.176,1.354,1.3290711646876356,1990
İpsala,1996,3,0.955,1.217,1.1874269227143053,1990
İpsala,1996,4,1.126,1.356,1.3358124891625192,1990
İpsala,1996,5,1.191,1.319,1.341527311828628,1990
İpsala,1996,6,1.041,1.231,1.229008444048234,1990
İpsala,1996,7,0.966,1.132,1.1441615085535584,1990
İpsala,1996,8,0.948,1.128,1.1351084848595323,1990
İpsala,1996,9,0.787,1.021,1.0117886543607761,1990
İpsala,1996,10,0.807,0.713,0.7150176477853529,1990
İpsala,1996,11,0.34,0.434,0.4661461335291502,1990
İpsala,1996,12,0.584,0.512,0.5302275804899474,1990
İpsala,1997,1,0.698,0.766,0.8337087017959163,1990
İpsala,1997,2,-0.292,-0.34,-0.263718659810277,1990
İpsala,1997,3,-0.023,-0.095,-0.008078945018724635,1990
İpsala,1997,4,0.171,0.16,0.2502702211564767,1990
İpsala,1997,5,0.164,0.189,0.2655467851595021,1990
İpsala,1997,6,0.431,0.471,0.5539141008394184,1990
İpsala,1997,7,0.359,0.387,0.47504207205324206,1990
İpsala,1997,8,0.515,0.667,0.7087365602364049,1990
İpsala,1997,9,0.2,0.38,0.41000188992275727,1990
İpsala,1997,10,0.62,0.618,0.634727427808291,1990
İpsala,1997,11,0.5,0.73,0.7498541868578685,1990
İpsala,1997,12,1.098,0.865,0.8475352865755839,1990
İpsala,1998,1,1.283,1.565,1.570154704314408,1990
İpsala,1998,2,1.549,1.82,1.8230316711849737,1990
İpsala,1998,3,1.401,1.673,1.6681881423510132,1990
İpsala,1998,4,1.03,1.275,1.275627333731972,1990
İpsala,1998,5,1.962,2.085,2.0881847071218846,1990
İpsala,1998,6,1.724,1.892,1.8813425998646978,1990
İpsala,1998,7,1.778,1.931,1.927173144923899,1990
İpsala,1998,8,1.685,1.77,1.8030319872623253,1990
İpsala,1998,9,2.031,2.076,2.1244037778409055,1990
İpsala,1998,10,2.115,1.266,1.3032143757952839,1990
İpsala,1998,11,2.33,2.293,2.3540024603938763,1990
İpsala,1998,12,2.079,1.182,1.1644940380708682,1990
İpsala,1999,1,2.493,2.363,2.3990786479818524,1990
İpsala,1999,2,2.164,2.119,2.1590288723776103,1990
İpsala,1999,3,2.272,2.049,2.0824640271589363,1990
İpsala,1999,4,2.414,2.096,2.134034961307401,1990
İpsala,1999,5,1.668,1.543,1.5780782682455392,1990
İpsala,1999,6,1.768,1.658,1.6743199264304793,1990
İpsala,1999,7,1.662,1.561,1.5839033099627349,1990
İpsala,1999,8,1.57,1.545,1.537986260324172,1990
İpsala,1999,9,1.364,1.339,1.3349754942265006,1990
İpsala,1999,10,0.856,0.593,0.582589455406613,1990
İpsala,1999,11,0.799,0.737,0.7101944166456099,1990
İpsala,1999,12,1.041,0.619,0.606217051484609,1990
İpsala,2000,1,0.49,0.303,0.2996729397032813,2000
İpsala,2000,2,0.286,0.066,0.06820057298377681,2000
İpsala,2000,3,-0.032,-0.241,-0.23965508418050327,2000
İpsala,2000,4,-0.15,-0.384,-0.37316007360450837,2000
İpsala,2000,5,0.117,-0.136,-0.11735600662347487,2000
İpsala,2000,6,0.026,-0.153,-0.1623504082295976,2000
İpsala,2000,7,0.009,-0.176,-0.1858095820417358,2000
İpsala,2000,8,0.018,-0.142,-0.16397587687857162,2000
İpsala,2000,9,0.034,-0.117,-0.1498748445712611,2000
İpsala,2000,10,0.656,0.494,0.46965248086025446,2000
İpsala,2000,11,0.03,-0.135,-0.15254842384450643,2000
İpsala,2000,12,-0.366,-0.291,-0.29358941466958427,2000
İpsala,2001,1,0.021,-0.226,-0.23775534302855322,2000
İpsala,2001,2,-0.09,-0.34,-0.35580462259780843,2000
İpsala,2001,3,-0.408,-0.764,-0.7549136263542847,2000
İpsala,2001,4,0.085,-0.109,-0.13410709578746022,2000
İpsala,2001,5,-0.053,-0.27,-0.31429956237816276,2000
İpsala,2001,6,-0.15,-0.361,-0.40931665466863204,2000
İpsala,2001,7,0.046,-0.195,-0.22406600944677926,2000
İpsala,2001,8,0.003,-0.353,-0.33065633643098147,2000
İpsala,2001,9,0.063,-0.385,-0.33200761383425653,2000
İpsala,2001,10,-0.843,-1.125,-1.0526872587774747,2000
İpsala,2001,11,-0.32,-0.715,-0.6989345586731907,2000
İpsala,2001,12,0.275,0.101,0.11771650272900044,2000
İpsala,2002,1,-0.165,-0.452,-0.44788808936701224,2000
İpsala,2002,2,-0.133,-0.453,-0.4320969270660082,2000
İpsala,2002,3,0.164,0.014,0.016832579543461,2000
İpsala,2002,4,-0.367,-0.532,-0.5361577929474077,2000
İpsala,2002,5,-0.545,-0.764,-0.7532459615528785,2000
İpsala,2002,6,-0.469,-0.748,-0.7058543281937331,2000
İpsala,2002,7,-0.512,-0.78,-0.7460160085048423,2000
İpsala,2002,8,-0.45,-0.628,-0.6387078775272307,2000
İpsala,2002,9,-0.112,-0.267,-0.2918256111298682,2000
İpsala,2002,10,0.165,0.146,0.12138842893393467,2000
İpsala,2002,11,0.627,0.545,0.5400259735692734,2000
İpsala,2002,12,-0.079,-0.085,-0.0908401245932996,2000
İpsala,2003,1,0.464,0.245,0.2437894510761632,2000
İpsala,2003,2,0.842,0.852,0.8509556721335749,2000
İpsala,2003,3,0.436,0.539,0.5240535141349959,2000
İpsala,2003,4,0.701,0.839,0.828892808903977,2000
İpsala,2003,5,0.938,0.952,0.9887750095108888,2000
İpsala,2003,6,0.917,0.861,0.9295946512646936,2000
İpsala,2003,7,0.794,0.779,0.8291213198793485,2000
İpsala,2003,8,0.763,0.673,0.7602254200580733,2000
İpsala,2003,9,0.383,0.278,0.35727075560569915,2000
İpsala,2003,10,0.803,0.562,0.6095713350216105,2000
İpsala,2003,11,-0.089,-0.21,-0.14779038506709544,2000
İpsala,2003,12,-0.273,-0.199,-0.12070901396550832,2000
İpsala,2004,1,-0.389,-0.497,-0.42206943923125784,2000
İpsala,2004,2,-0.928,-1.089,-1.0398137441759898,2000
İpsala,2004,3,-0.305,-0.553,-0.4783524709780354,2000
İpsala,2004,4,-0.489,-0.817,-0.7233486406119213,2000
İpsala,2004,5,-0.648,-0.802,-0.7726312063955848,2000
İpsala,2004,6,-0.614,-0.616,-0.6455298307196566,2000
İpsala,2004,7,-0.433,-0.376,-0.4349654480895246,2000
İpsala,2004,8,-0.444,-0.258,-0.37867288327770887,2000
İpsala,2004,9,-0.597,-0.464,-0.5649859962302414,2000
İpsala,2004,10,-1.396,-1.013,-1.1063077536478088,2000
İpsala,2004,11,-1.185,-1.046,-1.1047837644372294,2000
İpsala,2004,12,-0.938,-0.616,-0.6403399536558564,2000
İpsala,2005,1,-0.933,-0.892,-0.9281950032789065,2000
İpsala,2005,2,0.239,0.314,0.2868170112921285,2000
İpsala,2005,3,-0.201,-0.092,-0.12898720509357947,2000
İpsala,2005,4,-0.372,-0.285,-0.31312315528768625,2000
İpsala,2005,5,-0.02,-0.038,-0.02889924015308601,2000
İpsala,2005,6,0.264,0.306,0.3076278896474699,2000
İpsala,2005,7,0.338,0.334,0.357542823278885,2000
İpsala,2005,8,0.394,0.317,0.3753672116206686,2000
İpsala,2005,9,0.462,0.376,0.44232388536919215,2000
İpsala,2005,10,0.545,0.463,0.4735788855961177,2000
İpsala,2005,11,1.323,1.448,1.4508302999230263,2000
İpsala,2005,12,1.484,0.963,0.9350870520466629,2000
İpsala,2006,1,1.348,1.492,1.4821353052504005,2000
İpsala,2006,2,0.707,0.883,0.8716860565397364,2000
İpsala,2006,3,1.267,1.383,1.3843738931762066,2000
İpsala,2006,4,1.29,1.368,1.3785859064691501,2000
İpsala,2006,5,1.147,1.272,1.2765430416710806,2000
İpsala,2006,6,1.025,1.102,1.1223936019479808,2000
İpsala,2006,7,0.939,1.022,1.04252995431347,2000
İpsala,2006,8,0.91,0.969,1.0013228438243555,2000
İpsala,2006,9,1.108,1.215,1.2377236604324344,2000
İpsala,2006,10,1.317,0.916,0.936645113635281,2000
İpsala,2006,11,0.452,0.478,0.5068955994023552,2000
İpsala,2006,12,0.216,0.284,0.2919529876256339,2000
İpsala,2007,1,-0.249,-0.328,-0.2944402835843717,2000
İpsala,2007,2,-0.436,-0.571,-0.54817648073531,2000
İpsala,2007,3,-0.907,-1.002,-1.0030046428656978,2000
İpsala,2007,4,-0.889,-0.876,-0.9262899964157122,2000
İpsala,2007,5,-0.69,-0.775,-0.8154338498991586,2000
İpsala,2007,6,-0.743,-0.95,-0.9418319619807639,2000
İpsala,2007,7,-1.004,-1.275,-1.2313036106134858,2000
İpsala,2007,8,-0.983,-1.27,-1.2235174091694025,2000
İpsala,2007,9,-1.28,-1.453,-1.4422886345361223,2000
İpsala,2007,10,-1.142,-1.265,-1.2525972362611661,2000
İpsala,2007,11,-0.375,-0.699,-0.698038266926957,2000
İpsala,2007,12,-0.283,-0.38,-0.3591394214307657,2000
İpsala,2008,1,-0.295,-0.558,-0.5826083594601941,2000
İpsala,2008,2,-0.376,-0.598,-0.6316746481542327,2000
İpsala,2008,3,-0.404,-0.665,-0.6786509871203744,2000
İpsala,2008,4,-0.235,-0.54,-0.5346002740440408,2000
İpsala,2008,5,-0.539,-0.798,-0.8216771262641724,2000
İpsala,2008,6,-0.418,-0.607,-0.6592971400412577,2000
İpsala,2008,7,-0.337,-0.425,-0.5264511148960594,2000
İpsala,2008,8,-0.349,-0.462,-0.5534442295411929,2000
İpsala,2008,9,-0.369,-0.532,-0.6107313552420063,2000
İpsala,2008,10,-0.804,-0.709,-0.7948963395102299,2000
İpsala,2008,11,-1.434,-1.464,-1.5055554663595814,2000
İpsala,2008,12,-2.016,-2.657,-2.9939521985724333,2000
İpsala,2009,1,-1.427,-1.577,-1.6001695089124235,2000
İpsala,2009,2,-0.852,-1.193,-1.21039771734654,2000
İpsala,2009,3,-0.457,-0.689,-0.7239233556086611,2000
İpsala,2009,4,-0.536,-0.675,-0.7297255070310236,2000
İpsala,2009,5,-0.617,-0.801,-0.8400746529845312,2000
İpsala,2009,6,-0.753,-0.895,-0.9413956256229261,2000
İpsala,2009,7,-0.813,-0.99,-1.0169136462382526,2000
İpsala,2009,8,-0.867,-0.968,-1.0284139017861866,2000
İpsala,2009,9,0.18,0.036,-0.010560956299681139,2000
İpsala,2009,10,0.602,0.421,0.4030105612848009,2000
İpsala,2009,11,0.696,0.623,0.5910733255341792,2000
İpsala,2009,12,1.442,0.857,0.8304804371637456,2000
İpsala,2010,1,1.238,1.148,1.130891196671059,2010
İpsala,2010,2,1.917,1.829,1.8250984200523614,2010
İpsala,2010,3,1.652,1.552,1.5408674947067393,2010
İpsala,2010,4,1.702,1.536,1.5317903283763323,2010
İpsala,2010,5,1.758,1.585,1.5842373319838248,2010
İpsala,2010,6,1.964,1.783,1.7729508495609432,2010
İpsala,2010,7,2.065,1.923,1.898039376487465,2010
İpsala,2010,8,2.019,1.821,1.8373630150191174,2010
İpsala,2010,9,1.419,1.2,1.2356788887975516,2010
İpsala,2010,10,1.698,1.008,1.00923503699726,2010
İpsala,2010,11,1.786,1.62,1.6481991229651154,2010
İpsala,2010,12,1.285,0.701,0.6906599046428821,2010
İpsala,2011,1,1.05,0.751,0.772818774260627,2010
İpsala,2011,2,-0.209,-0.567,-0.5495994084547818,2010
İpsala,2011,3,-0.559,-0.894,-0.8544571119950218,2010
İpsala,2011,4,-0.708,-0.93,-0.8872380919941285,2010
İpsala,2011,5,-0.872,-1.009,-0.9704136295709603,2010
İpsala,2011,6,-1.449,-1.456,-1.410323378440546,2010
İpsala,2011,7,-1.671,-1.61,-1.5636199926253538,2010
İpsala,2011,8,-1.576,-1.412,-1.4265582910649264,2010
İpsala,2011,9,-1.699,-1.563,-1.535310051940028,2010
İpsala,2011,10,-1.906,-1.855,-1.7577818515779018,2010
İpsala,2011,11,-2.554,-1.887,-1.892331966260676,2010
İpsala,2011,12,-1.55,-1.232,-1.1969649080853206,2010
İpsala,2012,1,-1.367,-1.191,-1.187477791362499,2010
İpsala,2012,2,-0.875,-0.789,-0.7828528817877729,2010
İpsala,2012,3,-0.71,-0.589,-0.6104742527881923,2010
İpsala,2012,4,-0.495,-0.477,-0.4977028864788019,2010
İpsala,2012,5,0.734,0.761,0.7401520386934942,2010
İpsala,2012,6,0.734,0.66,0.6730170217958741,2010
İpsala,2012,7,0.727,0.539,0.6044340344752184,2010
İpsala,2012,8,0.678,0.421,0.5136426271715779,2010
İpsala,2012,9,0.542,0.278,0.34709582670571987,2010
İpsala,2012,10,0.019,-0.252,-0.15269051068297357,2010
İpsala,2012,11,0.562,0.072,0.22482787164185633,2010
İpsala,2012,12,1.118,0.529,0.5852324725926463,2010
İpsala,2013,1,1.765,1.336,1.4608057421954772,2010
İpsala,2013,2,1.772,1.354,1.4690470628783017,2010
İpsala,2013,3,1.882,1.418,1.5260072803162625,2010
İpsala,2013,4,1.827,1.335,1.4525188088804517,2010
İpsala,2013,5,1.027,0.319,0.5318342476760816,2010
İpsala,2013,6,1.836,1.337,1.466766125256329,2010
İpsala,2013,7,1.812,1.432,1.511672453037247,2010
İpsala,2013,8,1.777,1.438,1.5086328814477712,2010
İpsala,2013,9,1.855,1.569,1.6266838070160015,2010
İpsala,2013,10,1.96,1.125,1.1277075334161903,2010
İpsala,2013,11,2.343,2.17,2.182247382130391,2010
İpsala,2013,12,1.566,0.862,0.8354310917538447,2010
İpsala,2014,1,1.448,1.188,1.190823546430076,2010
İpsala,2014,2,0.871,0.586,0.5990511717554925,2010
İpsala,2014,3,0.922,0.66,0.6798062416226882,2010
İpsala,2014,4,1.175,0.916,0.9407561971299007,2010
İpsala,2014,5,1.453,1.26,1.259610586011171,2010
İpsala,2014,6,0.936,0.765,0.7425266922563561,2010
İpsala,2014,7,1.448,1.288,1.2819207727425437,2010
İpsala,2014,8,1.654,1.579,1.5388489837111785,2010
İpsala,2014,9,1.79,1.763,1.7131878522633837,2010
İpsala,2014,10,1.662,1.028,1.0126281940262423,2010
İpsala,2014,11,1.08,1.061,0.9934848289966145,2010
İpsala,2014,12,1.706,0.977,0.9289344083143711,2010
İpsala,2015,1,1.646,1.567,1.5053770363029557,2010
İpsala,2015,2,1.767,1.757,1.7038751765384044,2010
İpsala,2015,3,1.671,1.662,1.6076505941838068,2010
İpsala,2015,4,1.544,1.579,1.5159593280546284,2010
İpsala,2015,5,1.223,1.264,1.2002583470625678,2010
İpsala,2015,6,1.091,1.185,1.0980202606734017,2010
İpsala,2015,7,0.514,0.572,0.4757428402388006,2010
İpsala,2015,8,0.362,0.351,0.27696325597281213,2010
İpsala,2015,9,0.505,0.4,0.3745493879271402,2010
İpsala,2015,10,0.76,0.529,0.5194280679538664,2010
İpsala,2015,11,0.472,0.294,0.3075501257075714,2010
İpsala,2015,12,-0.148,-0.158,-0.14248762116685423,2010
İpsala,2016,1,-0.121,-0.345,-0.3462909999295403,2010
İpsala,2016,2,0.135,-0.137,-0.1146062574875149,2010
İpsala,2016,3,-0.153,-0.467,-0.4415749862801608,2010
İpsala,2016,4,-0.384,-0.851,-0.79187553204386,2010
İpsala,2016,5,-0.032,-0.357,-0.3575567271041168,2010
İpsala,2016,6,-0.24,-0.711,-0.6514027837328359,2010
İpsala,2016,7,-0.164,-0.631,-0.575796786364638,2010
İpsala,2016,8,-0.315,-0.781,-0.7297163685000742,2010
İpsala,2016,9,-0.711,-1.1,-1.0876471007560264,2010
İpsala,2016,10,-1.582,-1.901,-1.890890277153396,2010
İpsala,2016,11,-1.306,-1.483,-1.502156636133352,2010
İpsala,2016,12,-1.478,-1.715,-1.780504159201036,2010
İpsala,2017,1,-1.904,-1.838,-1.8440517535383512,2010
İpsala,2017,2,-2.516,-2.229,-2.243289495952919,2010
İpsala,2017,3,-2.454,-2.327,-2.325516288060272,2010
İpsala,2017,4,-2.223,-2.023,-2.059766659946583,2010
İpsala,2017,5,-2.583,-2.128,-2.145641535950361,2010
İpsala,2017,6,-2.523,-2.058,-2.0953199297296843,2010
İpsala,2017,7,-2.445,-1.912,-1.9917619125014168,2010
İpsala,2017,8,-2.294,-1.836,-1.9097357234116543,2010
İpsala,2017,9,-2.325,-1.861,-1.922892013769756,2010
İpsala,2017,10,-1.289,-1.118,-1.1881446534695268,2010
İpsala,2017,11,-1.672,-1.524,-1.5631242030055366,2010
İpsala,2017,12,-1.541,-1.629,-1.6385230902655477,2010
İpsala,2018,1,-1.98,-1.876,-1.9099384792519118,2010
İpsala,2018,2,-1.403,-1.504,-1.5584666962622622,2010
İpsala,2018,3,-1.042,-1.186,-1.2541889503527701,2010
İpsala,2018,4,-1.362,-1.566,-1.6009306493319482,2010
İpsala,2018,5,-1.584,-1.783,-1.7741031318559641,2010
İpsala,2018,6,-1.326,-1.574,-1.5805224527836257,2010
İpsala,2018,7,-1.301,-1.55,-1.5587606480558243,2010
İpsala,2018,8,-1.193,-1.504,-1.4946788019459016,2010
İpsala,2018,9,-1.071,-1.41,-1.410079061390688,2010
İpsala,2018,10,-1.688,-2.164,-2.1419095595941084,2010
İpsala,2018,11,-1.224,-1.528,-1.5166933200017658,2010
İpsala,2018,12,-1.304,-1.626,-1.6567685071752352,2010
İpsala,2019,1,-1.354,-1.602,-1.6204167523839756,2010
İpsala,2019,2,-1.293,-1.594,-1.6162894747918841,2010
İpsala,2019,3,-1.622,-1.867,-1.8882296473372415,2010
İpsala,2019,4,-1.271,-1.388,-1.465236370809746,2010
İpsala,2019,5,-1.057,-1.085,-1.1975034573258312,2010
İpsala,2019,6,-1.144,-1.238,-1.3079057661483167,2010
İpsala,2019,7,-0.924,-0.97,-1.0814151133454757,2010
İpsala,2019,8,-1.027,-1.069,-1.173360680824992,2010
İpsala,2019,9,-1.181,-1.205,-1.30523088717353,2010
İpsala,2019,10,-0.96,-0.864,-0.9669278921118244,2010
İpsala,2019,11,-1.048,-1.23,-1.257252272226013,2010
İpsala,2019,12,-1.204,-1.362,-1.3623177472765011,2010
İpsala,2020,1,-1.425,-1.584,-1.594394509962373,2020
İpsala,2020,2,-1.329,-1.593,-1.5987672727805593,2020
İpsala,2020,3,-1.192,-1.51,-1.5071482008850157,2020
İpsala,2020,4,-0.804,-1.09,-1.0951736008174602,2020
İpsala,2020,5,-0.686,-0.947,-0.9600518704825902,2020
İpsala,2020,6,-0.784,-0.903,-0.9708925608180171,2020
İpsala,2020,7,-1.062,-1.177,-1.2250473949897573,2020
İpsala,2020,8,-1.001,-1.146,-1.1847023160133778,2020
İpsala,2020,9,-1.115,-1.309,-1.315695445446761,2020
İpsala,2020,10,-1.046,-1.176,-1.1443436236450926,2020
İpsala,2020,11,-1.175,-1.3,-1.3240135455788224,2020
İpsala,2020,12,-1.381,-1.502,-1.5113016739184961,2020
İpsala,2021,1,-0.538,-0.892,-0.8748124171061256,2020
İpsala,2021,2,-0.517,-0.882,-0.8626674407288192,2020
İpsala,2021,3,-0.275,-0.511,-0.4957758433515263,2020
İpsala,2021,4,-0.78,-1.019,-1.0013638817636907,2020
İpsala,2021,5,-0.978,-1.246,-1.2026382502472308,2020
İpsala,2021,6,-0.777,-1.053,-1.0111320055630821,2020
İpsala,2021,7,-0.763,-1.07,-1.017013031872168,2020
İpsala,2021,8,-0.679,-1.031,-0.9605084932108505,2020
İpsala,2021,9,-0.721,-0.97,-0.9534354179323118,2020
İpsala,2021,10,-0.707,-0.624,-0.6567591612107073,2020
İpsala,2021,11,-0.133,-0.331,-0.3377838763022486,2020
İpsala,2021,12,0.41,0.276,0.2752248887092341,2020
İpsala,2022,1,-0.705,-0.796,-0.8253602705091527,2020
İpsala,2022,2,-0.069,-0.143,-0.17365108215959668,2020
İpsala,2022,3,-0.314,-0.319,-0.3515346934460278,2020
İpsala,2022,4,-0.19,-0.255,-0.2697124195494869,2020
İpsala,2022,5,-0.421,-0.512,-0.5340422246621579,2020
İpsala,2022,6,-0.577,-0.74,-0.7271706276262122,2020
İpsala,2022,7,-0.453,-0.518,-0.5554488870924381,2020
İpsala,2022,8,-0.377,-0.424,-0.4733977277338257,2020
İpsala,2022,9,-0.421,-0.511,-0.5496899245439588,2020
İpsala,2022,10,-0.645,-0.546,-0.5600737152579658,2020
İpsala,2022,11,-1.067,-1.156,-1.1567516376959652,2020
İpsala,2022,12,-2.218,-2.838,-3.002314877495866,2020
İpsala,2023,1,-2.173,-1.975,-1.9657680442109768,2020
İpsala,2023,2,-3.057,-2.468,-2.4744024044787656,2020
İpsala,2023,3,-2.769,-2.573,-2.573698472146982,2020
İpsala,2023,4,-2.557,-2.348,-2.386885185707169,2020
İpsala,2023,5,-2.317,-1.994,-2.0725826682324864,2020
İpsala,2023,6,-2.334,-1.943,-2.0575723268755155,2020
İpsala,2023,7,-2.432,-2.024,-2.1122050753785104,2020
İpsala,2023,8,-2.668,-2.185,-2.2382416392121454,2020
İpsala,2023,9,-2.726,-2.245,-2.2739012744143063,2020
İpsala,2023,10,-2.6,-4.753,-4.75,2020
İpsala,2023,11,-0.894,-1.297,-1.272942569317847,2020
İpsala,2023,12,-0.903,-1.216,-1.1693561127797034,2020
İpsala,2024,1,-0.956,-1.367,-1.3653941055543029,2020
İpsala,2024,2,-0.498,-1.041,-1.0346310537934458,2020
İpsala,2024,3,-0.368,-0.876,-0.8806448517991056,2020
İpsala,2024,4,-0.647,-1.265,-1.252278938316881,2020
İpsala,2024,5,-0.912,-1.482,-1.4813653519680878,2020
İpsala,2024,6,-0.945,-1.707,-1.6079326850874165,2020
İpsala,2024,7,-0.939,-1.749,-1.6199400736064864,2020
İpsala,2024,8,-0.79,-1.632,-1.4983928044877353,2020
İpsala,2024,9,-0.472,-1.351,-1.237950116048328,2020
İpsala,2024,10,-0.49,-1.203,-1.0737154133491842,2020
İpsala,2024,11,-1.866,-2.15,-2.107806536944302,2020
İpsala,2024,12,-1.504,-4.753,-4.5498233053107455,2020
